  0
SECTION
  2
HEADER
  9
$ACADVER
  1
AC1018
  9
$ACADMAINTVER
 70
     0
  9
$DWGCODEPAGE
  3
ANSI_936
  9
$LASTSAVEDBY
  1
youyou
  9
$INSBASE
 10
0.0
 20
0.0
 30
0.0
  9
$EXTMIN
 10
21.33277416371252
 20
0.000000000000012
 30
0.0
  9
$EXTMAX
 10
111.4362261637125
 20
70.93127803038183
 30
0.0
  9
$LIMMIN
 10
-101545.09663
 20
-9897.915434
  9
$LIMMAX
 10
101654.90337
 20
10422.084566
  9
$ORTHOMODE
 70
     0
  9
$REGENMODE
 70
     1
  9
$FILLMODE
 70
     1
  9
$QTEXTMODE
 70
     0
  9
$MIRRTEXT
 70
     0
  9
$LTSCALE
 40
1.0
  9
$ATTMODE
 70
     0
  9
$TEXTSIZE
 40
0.2
  9
$TRACEWID
 40
0.05
  9
$TEXTSTYLE
  7
STANDARD
  9
$CLAYER
  8
0
  9
$CELTYPE
  6
CONTINUOUS
  9
$CECOLOR
 62
   256
  9
$CELTSCALE
 40
1.0
  9
$DISPSILH
 70
     0
  9
$DIMSCALE
 40
1.0
  9
$DIMASZ
 40
2.5
  9
$DIMEXO
 40
0.0625
  9
$DIMDLI
 40
0.38
  9
$DIMRND
 40
0.0
  9
$DIMDLE
 40
0.0
  9
$DIMEXE
 40
0.18
  9
$DIMTP
 40
0.0
  9
$DIMTM
 40
0.0
  9
$DIMTXT
 40
2.5
  9
$DIMCEN
 40
0.09
  9
$DIMTSZ
 40
0.0
  9
$DIMTOL
 70
     0
  9
$DIMLIM
 70
     0
  9
$DIMTIH
 70
     1
  9
$DIMTOH
 70
     1
  9
$DIMSE1
 70
     0
  9
$DIMSE2
 70
     0
  9
$DIMTAD
 70
     0
  9
$DIMZIN
 70
     0
  9
$DIMBLK
  1

  9
$DIMASO
 70
     1
  9
$DIMSHO
 70
     1
  9
$DIMPOST
  1

  9
$DIMAPOST
  1

  9
$DIMALT
 70
     0
  9
$DIMALTD
 70
     2
  9
$DIMALTF
 40
25.4
  9
$DIMLFAC
 40
1.0
  9
$DIMTOFL
 70
     0
  9
$DIMTVP
 40
0.0
  9
$DIMTIX
 70
     0
  9
$DIMSOXD
 70
     0
  9
$DIMSAH
 70
     0
  9
$DIMBLK1
  1

  9
$DIMBLK2
  1

  9
$DIMSTYLE
  2
Standard
  9
$DIMCLRD
 70
     1
  9
$DIMCLRE
 70
     1
  9
$DIMCLRT
 70
     1
  9
$DIMTFAC
 40
1.0
  9
$DIMGAP
 40
0.09
  9
$DIMJUST
 70
     0
  9
$DIMSD1
 70
     0
  9
$DIMSD2
 70
     0
  9
$DIMTOLJ
 70
     1
  9
$DIMTZIN
 70
     0
  9
$DIMALTZ
 70
     0
  9
$DIMALTTZ
 70
     0
  9
$DIMUPT
 70
     0
  9
$DIMDEC
 70
     4
  9
$DIMTDEC
 70
     4
  9
$DIMALTU
 70
     2
  9
$DIMALTTD
 70
     2
  9
$DIMTXSTY
  7
STANDARD
  9
$DIMAUNIT
 70
     0
  9
$DIMADEC
 70
     0
  9
$DIMALTRND
 40
0.0
  9
$DIMAZIN
 70
     0
  9
$DIMDSEP
 70
    46
  9
$DIMATFIT
 70
     3
  9
$DIMFRAC
 70
     0
  9
$DIMLDRBLK
  1

  9
$DIMLUNIT
 70
     2
  9
$DIMLWD
 70
    -3
  9
$DIMLWE
 70
    -3
  9
$DIMTMOVE
 70
     0
  9
$LUNITS
 70
     2
  9
$LUPREC
 70
     2
  9
$SKETCHINC
 40
0.1
  9
$FILLETRAD
 40
0.0
  9
$AUNITS
 70
     0
  9
$AUPREC
 70
     0
  9
$MENU
  1
.
  9
$ELEVATION
 40
0.0
  9
$PELEVATION
 40
0.0
  9
$THICKNESS
 40
1.079499999999999
  9
$LIMCHECK
 70
     0
  9
$CHAMFERA
 40
0.0
  9
$CHAMFERB
 40
0.0
  9
$CHAMFERC
 40
0.0
  9
$CHAMFERD
 40
0.0
  9
$SKPOLY
 70
     0
  9
$TDCREATE
 40
2461181.573108808
  9
$TDUCREATE
 40
2461181.239775475
  9
$TDUPDATE
 40
2461181.616041296
  9
$TDUUPDATE
 40
2461181.282707963
  9
$TDINDWG
 40
0.0210424769
  9
$TDUSRTIMER
 40
0.0210424074
  9
$USRTIMER
 70
     1
  9
$ANGBASE
 50
0.0
  9
$ANGDIR
 70
     0
  9
$PDMODE
 70
     0
  9
$PDSIZE
 40
0.0
  9
$PLINEWID
 40
0.0
  9
$SPLFRAME
 70
     0
  9
$SPLINETYPE
 70
     6
  9
$SPLINESEGS
 70
     8
  9
$HANDSEED
  5
6FB0
  9
$SURFTAB1
 70
     6
  9
$SURFTAB2
 70
     6
  9
$SURFTYPE
 70
     6
  9
$SURFU
 70
     6
  9
$SURFV
 70
     6
  9
$UCSBASE
  2

  9
$UCSNAME
  2

  9
$UCSORG
 10
0.0
 20
0.0
 30
0.0
  9
$UCSXDIR
 10
1.0
 20
0.0
 30
0.0
  9
$UCSYDIR
 10
0.0
 20
1.0
 30
0.0
  9
$UCSORTHOREF
  2

  9
$UCSORTHOVIEW
 70
     0
  9
$UCSORGTOP
 10
0.0
 20
0.0
 30
0.0
  9
$UCSORGBOTTOM
 10
0.0
 20
0.0
 30
0.0
  9
$UCSORGLEFT
 10
0.0
 20
0.0
 30
0.0
  9
$UCSORGRIGHT
 10
0.0
 20
0.0
 30
0.0
  9
$UCSORGFRONT
 10
0.0
 20
0.0
 30
0.0
  9
$UCSORGBACK
 10
0.0
 20
0.0
 30
0.0
  9
$PUCSBASE
  2

  9
$PUCSNAME
  2

  9
$PUCSORG
 10
0.0
 20
0.0
 30
0.0
  9
$PUCSXDIR
 10
1.0
 20
0.0
 30
0.0
  9
$PUCSYDIR
 10
0.0
 20
1.0
 30
0.0
  9
$PUCSORTHOREF
  2

  9
$PUCSORTHOVIEW
 70
     0
  9
$PUCSORGTOP
 10
0.0
 20
0.0
 30
0.0
  9
$PUCSORGBOTTOM
 10
0.0
 20
0.0
 30
0.0
  9
$PUCSORGLEFT
 10
0.0
 20
0.0
 30
0.0
  9
$PUCSORGRIGHT
 10
0.0
 20
0.0
 30
0.0
  9
$PUCSORGFRONT
 10
0.0
 20
0.0
 30
0.0
  9
$PUCSORGBACK
 10
0.0
 20
0.0
 30
0.0
  9
$USERI1
 70
     0
  9
$USERI2
 70
     0
  9
$USERI3
 70
     0
  9
$USERI4
 70
     0
  9
$USERI5
 70
     0
  9
$USERR1
 40
0.0
  9
$USERR2
 40
0.0
  9
$USERR3
 40
0.0
  9
$USERR4
 40
0.0
  9
$USERR5
 40
0.0
  9
$WORLDVIEW
 70
     1
  9
$SHADEDGE
 70
     3
  9
$SHADEDIF
 70
    70
  9
$TILEMODE
 70
     1
  9
$MAXACTVP
 70
    64
  9
$PINSBASE
 10
0.0
 20
0.0
 30
0.0
  9
$PLIMCHECK
 70
     0
  9
$PEXTMIN
 10
1.049923634975181
 20
0.7544864452080948
 30
0.0
  9
$PEXTMAX
 10
9.450076365024819
 20
7.245513554791906
 30
0.0
  9
$PLIMMIN
 10
-0.2500003937007874
 20
-0.25
  9
$PLIMMAX
 10
10.74999960629921
 20
8.25
  9
$UNITMODE
 70
     0
  9
$VISRETAIN
 70
     1
  9
$PLINEGEN
 70
     0
  9
$PSLTSCALE
 70
     1
  9
$TREEDEPTH
 70
  3020
  9
$CMLSTYLE
  2
Standard
  9
$CMLJUST
 70
     0
  9
$CMLSCALE
 40
1.0
  9
$PROXYGRAPHICS
 70
     1
  9
$MEASUREMENT
 70
     0
  9
$CELWEIGHT
370
    -1
  9
$ENDCAPS
280
     0
  9
$JOINSTYLE
280
     0
  9
$LWDISPLAY
290
     0
  9
$INSUNITS
 70
     0
  9
$HYPERLINKBASE
  1

  9
$STYLESHEET
  1

  9
$XEDIT
290
     1
  9
$CEPSNTYPE
380
     0
  9
$PSTYLEMODE
290
     1
  9
$FINGERPRINTGUID
  2
{3BFA5ECE-D375-4240-846A-E308C6A1D6F2}
  9
$VERSIONGUID
  2
{7D0B4901-D376-4B66-88A9-5D232BFE9BD7}
  9
$EXTNAMES
290
     1
  9
$PSVPSCALE
 40
0.0
  9
$OLESTARTUP
290
     0
  9
$SORTENTS
280
   127
  9
$INDEXCTL
280
     0
  9
$HIDETEXT
280
     0
  9
$XCLIPFRAME
290
     0
  9
$HALOGAP
280
     0
  9
$OBSCOLOR
 70
   257
  9
$OBSLTYPE
280
     0
  9
$INTERSECTIONDISPLAY
280
     0
  9
$INTERSECTIONCOLOR
 70
   257
  9
$DIMASSOC
280
     1
  9
$PROJECTNAME
  1

  0
ENDSEC
  0
SECTION
  2
CLASSES
  0
CLASS
  1
ACDBDICTIONARYWDFLT
  2
AcDbDictionaryWithDefault
  3
ObjectDBX Classes
 90
        0
 91
        4
280
     0
281
     0
  0
CLASS
  1
MATERIAL
  2
AcDbMaterial
  3
ObjectDBX Classes
 90
     1153
 91
        4
280
     0
281
     0
  0
CLASS
  1
VISUALSTYLE
  2
AcDbVisualStyle
  3
ObjectDBX Classes
 90
     4095
 91
        4
280
     0
281
     0
  0
CLASS
  1
SCALE
  2
AcDbScale
  3
ObjectDBX Classes
 90
     1153
 91
        4
280
     0
281
     0
  0
CLASS
  1
TABLESTYLE
  2
AcDbTableStyle
  3
ObjectDBX Classes
 90
     4095
 91
        4
280
     0
281
     0
  0
CLASS
  1
MLEADERSTYLE
  2
AcDbMLeaderStyle
  3
ACDB_MLEADERSTYLE_CLASS
 90
     4095
 91
        4
280
     0
281
     0
  0
CLASS
  1
ACDBSECTIONVIEWSTYLE
  2
AcDbSectionViewStyle
  3
ObjectDBX Classes
 90
     1025
 91
        4
280
     0
281
     0
  0
CLASS
  1
ACDBDETAILVIEWSTYLE
  2
AcDbDetailViewStyle
  3
ObjectDBX Classes
 90
     1025
 91
        4
280
     0
281
     0
  0
CLASS
  1
DICTIONARYVAR
  2
AcDbDictionaryVar
  3
ObjectDBX Classes
 90
        0
 91
        4
280
     0
281
     0
  0
CLASS
  1
CELLSTYLEMAP
  2
AcDbCellStyleMap
  3
ObjectDBX Classes
 90
     1152
 91
        4
280
     0
281
     0
  0
ENDSEC
  0
SECTION
  2
TABLES
  0
TABLE
  2
VPORT
  5
8
102
{ACAD_XDICTIONARY
360
6F70
102
}
330
0
100
AcDbSymbolTable
 70
     1
  0
VPORT
  5
79
330
8
100
AcDbSymbolTableRecord
100
AcDbViewportTableRecord
  2
*Active
 70
     0
 10
0.0
 20
0.0
 11
1.0
 21
1.0
 12
84.16505709808534
 22
38.95374352117961
 13
0.0
 23
0.0
 14
1.0
 24
1.0
 15
0.0
 25
0.0
 16
0.0
 26
0.0
 36
1.0
 17
0.0
 27
0.0
 37
0.0
 40
245.9431210109861
 41
2.336996336996337
 42
50.0
 43
0.0
 44
0.0
 50
0.0
 51
0.0
 71
     0
 72
   100
 73
     1
 74
     1
 75
     0
 76
     0
 77
     0
 78
     0
281
     0
 65
     1
110
0.0
120
0.0
130
0.0
111
1.0
121
0.0
131
0.0
112
0.0
122
1.0
132
0.0
 79
     0
146
0.0
1001
ACAD_NAV_VCDISPLAY
1070
     3
  0
ENDTAB
  0
TABLE
  2
LTYPE
  5
5
330
0
100
AcDbSymbolTable
 70
     1
  0
LTYPE
  5
5A
330
5
100
AcDbSymbolTableRecord
100
AcDbLinetypeTableRecord
  2
ByBlock
 70
     0
  3

 72
    65
 73
     0
 40
0.0
  0
LTYPE
  5
5B
330
5
100
AcDbSymbolTableRecord
100
AcDbLinetypeTableRecord
  2
ByLayer
 70
     0
  3

 72
    65
 73
     0
 40
0.0
  0
LTYPE
  5
5C
330
5
100
AcDbSymbolTableRecord
100
AcDbLinetypeTableRecord
  2
CONTINUOUS
 70
     0
  3
Solid Line
 72
    65
 73
     0
 40
0.0
  0
ENDTAB
  0
TABLE
  2
LAYER
  5
2
330
0
100
AcDbSymbolTable
 70
     6
  0
LAYER
  5
54
330
2
100
AcDbSymbolTableRecord
100
AcDbLayerTableRecord
  2
0
 70
     0
 62
     7
  6
CONTINUOUS
370
    -3
390
F
  0
LAYER
  5
73
330
2
100
AcDbSymbolTableRecord
100
AcDbLayerTableRecord
  2
BG_SILKSCREEN_BOTTOM
 70
     0
 62
   200
  6
CONTINUOUS
370
    -3
390
F
  0
LAYER
  5
74
330
2
100
AcDbSymbolTableRecord
100
AcDbLayerTableRecord
  2
BG_OUTLINE
 70
     0
 62
     7
  6
CONTINUOUS
370
    -3
390
F
  0
LAYER
  5
75
330
2
100
AcDbSymbolTableRecord
100
AcDbLayerTableRecord
  2
PG_WB-SILK-R01-BOTTOM
 70
     0
 62
   140
  6
CONTINUOUS
370
    -3
390
F
  0
LAYER
  5
76
330
2
100
AcDbSymbolTableRecord
100
AcDbLayerTableRecord
  2
PIN_BOTTOM
 70
     0
 62
    12
  6
CONTINUOUS
370
    -3
390
F
  0
LAYER
  5
77
330
2
100
AcDbSymbolTableRecord
100
AcDbLayerTableRecord
  2
RD_SILKSCREEN_BOTTOM
 70
     0
 62
   103
  6
CONTINUOUS
370
    -3
390
F
  0
ENDTAB
  0
TABLE
  2
STYLE
  5
3
330
0
100
AcDbSymbolTable
 70
     2
  0
STYLE
  5
55
330
3
100
AcDbSymbolTableRecord
100
AcDbTextStyleTableRecord
  2
STANDARD
 70
     0
 40
0.0
 41
1.0
 50
0.0
 71
     0
 42
0.2
  3
txt
  4

  0
STYLE
  5
59
330
3
100
AcDbSymbolTableRecord
100
AcDbTextStyleTableRecord
  2
Annotative
 70
     0
 40
0.0
 41
1.0
 50
0.0
 71
     0
 42
0.2
  3
txt
  4

1001
AcadAnnotative
1000
AnnotativeData
1002
{
1070
     1
1070
     1
1002
}
  0
ENDTAB
  0
TABLE
  2
VIEW
  5
6
330
0
100
AcDbSymbolTable
 70
     0
  0
ENDTAB
  0
TABLE
  2
UCS
  5
7
330
0
100
AcDbSymbolTable
 70
     0
  0
ENDTAB
  0
TABLE
  2
APPID
  5
9
330
0
100
AcDbSymbolTable
 70
     4
  0
APPID
  5
56
330
9
100
AcDbSymbolTableRecord
100
AcDbRegAppTableRecord
  2
ACAD
 70
     0
  0
APPID
  5
5D
330
9
100
AcDbSymbolTableRecord
100
AcDbRegAppTableRecord
  2
AcadAnnotative
 70
     0
  0
APPID
  5
6D16
330
9
100
AcDbSymbolTableRecord
100
AcDbRegAppTableRecord
  2
ACAD_NAV_VCDISPLAY
 70
     0
  0
APPID
  5
6D4E
330
9
100
AcDbSymbolTableRecord
100
AcDbRegAppTableRecord
  2
ACAD_MLEADERVER
 70
     0
  0
ENDTAB
  0
TABLE
  2
DIMSTYLE
  5
A
330
0
100
AcDbSymbolTable
 70
     2
100
AcDbDimStyleTable
  0
DIMSTYLE
105
57
330
A
100
AcDbSymbolTableRecord
100
AcDbDimStyleTableRecord
  2
Standard
 70
     0
178
     0
340
55
  0
DIMSTYLE
105
58
330
A
100
AcDbSymbolTableRecord
100
AcDbDimStyleTableRecord
  2
Annotative
 70
     0
178
     0
340
55
1001
AcadAnnotative
1000
AnnotativeData
1002
{
1070
     1
1070
     1
1002
}
  0
ENDTAB
  0
TABLE
  2
BLOCK_RECORD
  5
1
330
0
100
AcDbSymbolTable
 70
     8
  0
BLOCK_RECORD
  5
6F
330
1
100
AcDbSymbolTableRecord
100
AcDbBlockTableRecord
  2
*Model_Space
340
72
  0
BLOCK_RECORD
  5
6B
330
1
100
AcDbSymbolTableRecord
100
AcDbBlockTableRecord
  2
*Paper_Space
340
6E
  0
BLOCK_RECORD
  5
7A
330
1
100
AcDbSymbolTableRecord
100
AcDbBlockTableRecord
  2
FIGURE_CIRCLE
340
0
  0
BLOCK_RECORD
  5
7E
330
1
100
AcDbSymbolTableRecord
100
AcDbBlockTableRecord
  2
FIGURE_SQUARE
340
0
  0
BLOCK_RECORD
  5
87
330
1
100
AcDbSymbolTableRecord
100
AcDbBlockTableRecord
  2
FIGURE_HEX
340
0
  0
BLOCK_RECORD
  5
92
330
1
100
AcDbSymbolTableRecord
100
AcDbBlockTableRecord
  2
FIGURE_OCT
340
0
  0
BLOCK_RECORD
  5
9F
330
1
100
AcDbSymbolTableRecord
100
AcDbBlockTableRecord
  2
FIGURE_OBLONG
340
0
  0
BLOCK_RECORD
  5
B0
330
1
100
AcDbSymbolTableRecord
100
AcDbBlockTableRecord
  2
FIGURE_TRI
340
0
  0
BLOCK_RECORD
  5
B8
330
1
100
AcDbSymbolTableRecord
100
AcDbBlockTableRecord
  2
FIGURE_CROSS
340
0
  0
BLOCK_RECORD
  5
C3
330
1
100
AcDbSymbolTableRecord
100
AcDbBlockTableRecord
  2
FIGURE_DIAMOND
340
0
  0
ENDTAB
  0
ENDSEC
  0
SECTION
  2
BLOCKS
  0
BLOCK
  5
70
330
6F
100
AcDbEntity
  8
0
  6
Continuous
100
AcDbBlockBegin
  2
*Model_Space
 70
     0
 10
0.0
 20
0.0
 30
0.0
  3
*Model_Space
  1

  0
ENDBLK
  5
71
330
6F
100
AcDbEntity
  8
0
  6
Continuous
100
AcDbBlockEnd
  0
BLOCK
  5
6C
330
6B
100
AcDbEntity
 67
     1
  8
0
  6
Continuous
100
AcDbBlockBegin
  2
*Paper_Space
 70
     0
 10
0.0
 20
0.0
 30
0.0
  3
*Paper_Space
  1

  0
ENDBLK
  5
6D
330
6B
100
AcDbEntity
 67
     1
  8
0
  6
Continuous
100
AcDbBlockEnd
  0
BLOCK
  5
7B
330
7A
100
AcDbEntity
  8
0
  6
Continuous
100
AcDbBlockBegin
  2
FIGURE_CIRCLE
 70
     0
 10
0.0
 20
0.0
 30
0.0
  3
FIGURE_CIRCLE
  1

  0
CIRCLE
  5
7C
330
7A
100
AcDbEntity
  8
0
100
AcDbCircle
 10
0.0
 20
0.0
 30
0.0
 40
0.5
  0
ENDBLK
  5
7D
330
7A
100
AcDbEntity
  8
0
  6
Continuous
100
AcDbBlockEnd
  0
BLOCK
  5
7F
330
7E
100
AcDbEntity
  8
0
  6
Continuous
100
AcDbBlockBegin
  2
FIGURE_SQUARE
 70
     0
 10
0.0
 20
0.0
 30
0.0
  3
FIGURE_SQUARE
  1

  0
LWPOLYLINE
  5
80
330
7E
100
AcDbEntity
  8
0
100
AcDbPolyline
 90
        4
 70
     1
 43
0.0
 10
-0.5
 20
-0.5
 10
-0.5
 20
0.5
 10
0.5
 20
0.5
 10
0.5
 20
-0.5
  0
ENDBLK
  5
86
330
7E
100
AcDbEntity
  8
0
  6
Continuous
100
AcDbBlockEnd
  0
BLOCK
  5
88
330
87
100
AcDbEntity
  8
0
  6
Continuous
100
AcDbBlockBegin
  2
FIGURE_HEX
 70
     0
 10
0.0
 20
0.0
 30
0.0
  3
FIGURE_HEX
  1

  0
LWPOLYLINE
  5
89
330
87
100
AcDbEntity
  8
0
100
AcDbPolyline
 90
        6
 70
     1
 43
0.0
 10
-0.5
 20
0.0
 10
-0.25
 20
0.5
 10
0.25
 20
0.5
 10
0.5
 20
0.0
 10
0.25
 20
-0.5
 10
-0.25
 20
-0.5
  0
ENDBLK
  5
91
330
87
100
AcDbEntity
  8
0
  6
Continuous
100
AcDbBlockEnd
  0
BLOCK
  5
93
330
92
100
AcDbEntity
  8
0
  6
Continuous
100
AcDbBlockBegin
  2
FIGURE_OCT
 70
     0
 10
0.0
 20
0.0
 30
0.0
  3
FIGURE_OCT
  1

  0
LWPOLYLINE
  5
94
330
92
100
AcDbEntity
  8
0
100
AcDbPolyline
 90
        8
 70
     1
 43
0.0
 10
-0.5
 20
-0.2071
 10
-0.5
 20
0.2071
 10
-0.2071
 20
0.5
 10
0.2071
 20
0.5
 10
0.5
 20
0.2071
 10
0.5
 20
-0.2071
 10
0.2071
 20
-0.5
 10
-0.2071
 20
-0.5
  0
ENDBLK
  5
9E
330
92
100
AcDbEntity
  8
0
  6
Continuous
100
AcDbBlockEnd
  0
BLOCK
  5
A0
330
9F
100
AcDbEntity
  8
0
  6
Continuous
100
AcDbBlockBegin
  2
FIGURE_OBLONG
 70
     0
 10
0.0
 20
0.0
 30
0.0
  3
FIGURE_OBLONG
  1

  0
LWPOLYLINE
  5
A1
330
9F
100
AcDbEntity
  8
0
100
AcDbPolyline
 90
       12
 70
     1
 43
0.0
 10
-0.5
 20
-0.125
 10
-0.5
 20
0.125
 10
-0.4160000000000001
 20
0.375
 10
-0.25
 20
0.5
 10
0.25
 20
0.5
 10
0.4160000000000001
 20
0.375
 10
0.5
 20
0.125
 10
0.5
 20
-0.125
 10
0.4160000000000001
 20
-0.375
 10
0.25
 20
-0.5
 10
-0.25
 20
-0.5
 10
-0.4160000000000001
 20
-0.375
  0
ENDBLK
  5
AF
330
9F
100
AcDbEntity
  8
0
  6
Continuous
100
AcDbBlockEnd
  0
BLOCK
  5
B1
330
B0
100
AcDbEntity
  8
0
  6
Continuous
100
AcDbBlockBegin
  2
FIGURE_TRI
 70
     0
 10
0.0
 20
0.0
 30
0.0
  3
FIGURE_TRI
  1

  0
LWPOLYLINE
  5
B2
330
B0
100
AcDbEntity
  8
0
100
AcDbPolyline
 90
        3
 70
     1
 43
0.0
 10
-0.5
 20
-0.5
 10
0.0
 20
0.5
 10
0.5
 20
-0.5
  0
ENDBLK
  5
B7
330
B0
100
AcDbEntity
  8
0
  6
Continuous
100
AcDbBlockEnd
  0
BLOCK
  5
B9
330
B8
100
AcDbEntity
  8
0
  6
Continuous
100
AcDbBlockBegin
  2
FIGURE_CROSS
 70
     0
 10
0.0
 20
0.0
 30
0.0
  3
FIGURE_CROSS
  1

  0
LWPOLYLINE
  5
BA
330
B8
100
AcDbEntity
  8
0
100
AcDbPolyline
 90
        2
 70
     0
 43
0.0
 10
-0.5
 20
0.0
 10
0.5
 20
0.0
  0
LWPOLYLINE
  5
BE
330
B8
100
AcDbEntity
  8
0
100
AcDbPolyline
 90
        2
 70
     0
 43
0.0
 10
0.0
 20
0.5
 10
0.0
 20
-0.5
  0
ENDBLK
  5
C2
330
B8
100
AcDbEntity
  8
0
  6
Continuous
100
AcDbBlockEnd
  0
BLOCK
  5
C4
330
C3
100
AcDbEntity
  8
0
  6
Continuous
100
AcDbBlockBegin
  2
FIGURE_DIAMOND
 70
     0
 10
0.0
 20
0.0
 30
0.0
  3
FIGURE_DIAMOND
  1

  0
LWPOLYLINE
  5
C5
330
C3
100
AcDbEntity
  8
0
100
AcDbPolyline
 90
        4
 70
     1
 43
0.0
 10
-0.5
 20
0.0
 10
0.0
 20
0.5
 10
0.5
 20
0.0
 10
0.0
 20
-0.5
  0
ENDBLK
  5
CB
330
C3
100
AcDbEntity
  8
0
  6
Continuous
100
AcDbBlockEnd
  0
ENDSEC
  0
SECTION
  2
ENTITIES
  0
LWPOLYLINE
  5
5FD7
330
6F
100
AcDbEntity
  8
PIN_BOTTOM
100
AcDbPolyline
 90
        4
 70
     1
 43
0.0
 10
34.68352216371253
 20
4.349750000000012
 10
36.08052216371252
 20
4.349750000000012
 10
36.08052216371252
 20
2.495550000000012
 10
34.68352216371253
 20
2.495550000000012
  0
LWPOLYLINE
  5
5FD8
330
6F
100
AcDbEntity
  8
PIN_BOTTOM
100
AcDbPolyline
 90
        4
 70
     1
 43
0.0
 10
28.18366216371251
 20
4.349750000000012
 10
29.5806621637125
 20
4.349750000000012
 10
29.5806621637125
 20
2.495550000000012
 10
28.18366216371251
 20
2.495550000000012
  0
LWPOLYLINE
  5
5FD9
330
6F
100
AcDbEntity
  8
PIN_BOTTOM
100
AcDbPolyline
 90
        4
 70
     1
 43
0.0
 10
33.24258016371252
 20
6.551422000000012
 10
33.5214721637125
 20
6.551422000000012
 10
33.5214721637125
 20
5.662422000000012
 10
33.24258016371252
 20
5.662422000000012
  0
LWPOLYLINE
  5
5FDA
330
6F
100
AcDbEntity
  8
PIN_BOTTOM
100
AcDbPolyline
 90
        4
 70
     1
 43
0.0
 10
32.74270816371254
 20
6.551422000000012
 10
33.02160016371252
 20
6.551422000000012
 10
33.02160016371252
 20
5.662422000000012
 10
32.74270816371254
 20
5.662422000000012
  0
LWPOLYLINE
  5
5FDB
330
6F
100
AcDbEntity
  8
PIN_BOTTOM
100
AcDbPolyline
 90
        4
 70
     1
 43
0.0
 10
32.24258216371251
 20
6.551422000000012
 10
32.52147416371253
 20
6.551422000000012
 10
32.52147416371253
 20
5.662422000000012
 10
32.24258216371251
 20
5.662422000000012
  0
LWPOLYLINE
  5
5FDC
330
6F
100
AcDbEntity
  8
PIN_BOTTOM
100
AcDbPolyline
 90
        4
 70
     1
 43
0.0
 10
31.74271016371253
 20
6.551422000000012
 10
32.02160216371252
 20
6.551422000000012
 10
32.02160216371252
 20
5.662422000000012
 10
31.74271016371253
 20
5.662422000000012
  0
LWPOLYLINE
  5
5FDD
330
6F
100
AcDbEntity
  8
PIN_BOTTOM
100
AcDbPolyline
 90
        4
 70
     1
 43
0.0
 10
31.24258416371254
 20
6.551422000000012
 10
31.52147616371252
 20
6.551422000000012
 10
31.52147616371252
 20
5.662422000000012
 10
31.24258416371254
 20
5.662422000000012
  0
LWPOLYLINE
  5
5FDE
330
6F
100
AcDbEntity
  8
PIN_BOTTOM
100
AcDbPolyline
 90
        4
 70
     1
 43
0.0
 10
30.74271216371253
 20
6.551422000000012
 10
31.02160416371251
 20
6.551422000000012
 10
31.02160416371251
 20
5.662422000000012
 10
30.74271216371253
 20
5.662422000000012
  0
LWPOLYLINE
  5
5FDF
330
6F
100
AcDbEntity
  8
PG_WB-SILK-R01-BOTTOM
100
AcDbPolyline
 90
        4
 70
     0
 43
0.127
 10
28.66118216371254
 20
2.352802000000012
 10
28.66118216371254
 20
2.138680000000012
 10
35.60300216371252
 20
2.138680000000012
 10
35.60300216371252
 20
2.340102000000012
  0
LWPOLYLINE
  5
5FE0
330
6F
100
AcDbEntity
  8
PG_WB-SILK-R01-BOTTOM
100
AcDbPolyline
 90
        4
 70
     0
 43
0.127
 10
35.60300216371252
 20
4.519422000000012
 10
35.60300216371252
 20
5.440680000000012
 10
28.66118216371254
 20
5.440680000000012
 10
28.66118216371254
 20
4.519422000000012
  0
LWPOLYLINE
  5
5FE1
330
6F
100
AcDbEntity
  8
PG_WB-SILK-R01-BOTTOM
100
AcDbPolyline
 90
        2
 70
     1
 43
0.0
 10
30.11253816371251
 20
6.686296000000012
 42
-1.0
 10
30.62081816371253
 20
6.686064000000012
 42
-1.0
  0
LWPOLYLINE
  5
5FE2
330
6F
100
AcDbEntity
  8
PIN_BOTTOM
100
AcDbPolyline
 90
        4
 70
     1
 43
0.0
 10
30.69191216371252
 20
64.69888000000002
 10
32.69851216371254
 20
64.69888000000002
 10
32.69851216371254
 20
63.63208000000001
 10
30.69191216371252
 20
63.63208000000001
  0
LWPOLYLINE
  5
5FE3
330
6F
100
AcDbEntity
  8
PIN_BOTTOM
100
AcDbPolyline
 90
        4
 70
     1
 43
0.0
 10
30.69191216371252
 20
69.14896000000002
 10
32.69851216371254
 20
69.14896000000002
 10
32.69851216371254
 20
68.08216000000002
 10
30.69191216371252
 20
68.08216000000002
  0
LWPOLYLINE
  5
5FE4
330
6F
100
AcDbEntity
  8
PG_WB-SILK-R01-BOTTOM
100
AcDbPolyline
 90
        3
 70
     0
 43
0.0
 10
30.40438416371254
 20
66.39052000000001
 42
-1.0
 10
32.98604016371255
 20
66.39052000000001
 42
-1.0
 10
30.40438416371254
 20
66.39052000000001
  0
LWPOLYLINE
  5
5FE5
330
6F
100
AcDbEntity
  8
PG_WB-SILK-R01-BOTTOM
100
AcDbPolyline
 90
        2
 70
     0
 43
0.0
 10
31.69394216371254
 20
66.88150200000001
 10
31.69394216371254
 20
67.68058600000002
  0
LWPOLYLINE
  5
5FE6
330
6F
100
AcDbEntity
  8
PG_WB-SILK-R01-BOTTOM
100
AcDbPolyline
 90
        2
 70
     0
 43
0.0
 10
31.69394216371254
 20
66.88150200000001
 10
32.46203816371252
 20
66.11340600000003
  0
LWPOLYLINE
  5
5FE7
330
6F
100
AcDbEntity
  8
PG_WB-SILK-R01-BOTTOM
100
AcDbPolyline
 90
        3
 70
     0
 43
0.0
 10
31.40057216371253
 20
66.88150200000001
 42
0.9999389999999998
 10
31.98756616371253
 20
66.88150200000001
 42
1.000061
 10
31.40057216371253
 20
66.88150200000001
  0
LWPOLYLINE
  5
5FE8
330
6F
100
AcDbEntity
  8
PG_WB-SILK-R01-BOTTOM
100
AcDbPolyline
 90
        3
 70
     0
 43
0.0
 10
31.40057216371253
 20
65.964054
 42
1.000116
 10
31.98756616371253
 20
65.964054
 42
0.9998839999999999
 10
31.40057216371253
 20
65.964054
  0
LWPOLYLINE
  5
5FE9
330
6F
100
AcDbEntity
  8
PG_WB-SILK-R01-BOTTOM
100
AcDbPolyline
 90
        3
 70
     0
 43
0.0
 10
31.69394216371254
 20
65.97497600000001
 10
31.69394216371254
 20
65.09994600000002
 10
31.69419616371252
 20
65.09969200000002
  0
LWPOLYLINE
  5
5FEA
330
6F
100
AcDbEntity
  8
PIN_BOTTOM
100
AcDbPolyline
 90
        4
 70
     1
 43
0.0
 10
38.10871216371251
 20
68.08216000000002
 10
36.10211216371252
 20
68.08216000000002
 10
36.10211216371252
 20
69.14896000000002
 10
38.10871216371251
 20
69.14896000000002
  0
LWPOLYLINE
  5
5FEB
330
6F
100
AcDbEntity
  8
PIN_BOTTOM
100
AcDbPolyline
 90
        4
 70
     1
 43
0.0
 10
38.10871216371251
 20
63.63208000000001
 10
36.10211216371252
 20
63.63208000000001
 10
36.10211216371252
 20
64.69888000000002
 10
38.10871216371251
 20
64.69888000000002
  0
LWPOLYLINE
  5
5FEC
330
6F
100
AcDbEntity
  8
PG_WB-SILK-R01-BOTTOM
100
AcDbPolyline
 90
        3
 70
     0
 43
0.0
 10
35.81458416371251
 20
66.39052000000001
 42
-1.0
 10
38.39624016371252
 20
66.39052000000001
 42
-1.0
 10
35.81458416371251
 20
66.39052000000001
  0
LWPOLYLINE
  5
5FED
330
6F
100
AcDbEntity
  8
PG_WB-SILK-R01-BOTTOM
100
AcDbPolyline
 90
        2
 70
     0
 43
0.0
 10
37.10668216371252
 20
65.89953800000002
 10
37.10668216371252
 20
65.10045400000001
  0
LWPOLYLINE
  5
5FEE
330
6F
100
AcDbEntity
  8
PG_WB-SILK-R01-BOTTOM
100
AcDbPolyline
 90
        2
 70
     0
 43
0.0
 10
37.10668216371252
 20
65.89953800000002
 10
36.33858616371251
 20
66.667634
  0
LWPOLYLINE
  5
5FEF
330
6F
100
AcDbEntity
  8
PG_WB-SILK-R01-BOTTOM
100
AcDbPolyline
 90
        3
 70
     0
 43
0.0
 10
36.81331216371254
 20
65.89953800000002
 42
1.000061
 10
37.39979816371252
 20
65.89953800000002
 42
0.9999389999999998
 10
36.81331216371254
 20
65.89953800000002
  0
LWPOLYLINE
  5
5FF0
330
6F
100
AcDbEntity
  8
PG_WB-SILK-R01-BOTTOM
100
AcDbPolyline
 90
        3
 70
     0
 43
0.0
 10
36.81331216371254
 20
66.81698600000001
 42
0.9998839999999999
 10
37.39979816371252
 20
66.81698600000001
 42
1.000116
 10
36.81331216371254
 20
66.81698600000001
  0
LWPOLYLINE
  5
5FF1
330
6F
100
AcDbEntity
  8
PG_WB-SILK-R01-BOTTOM
100
AcDbPolyline
 90
        3
 70
     0
 43
0.0
 10
37.10668216371252
 20
66.80606400000002
 10
37.10668216371252
 20
67.681094
 10
37.10642816371254
 20
67.68134800000001
  0
LWPOLYLINE
  5
5FF2
330
6F
100
AcDbEntity
  8
PIN_BOTTOM
100
AcDbPolyline
 90
        4
 70
     1
 43
0.0
 10
59.51735616371252
 20
5.124958000000012
 10
59.51735616371252
 20
6.039358000000012
 10
59.82215616371252
 20
6.039358000000012
 10
59.82215616371252
 20
5.124958000000012
  0
LWPOLYLINE
  5
5FF3
330
6F
100
AcDbEntity
  8
PIN_BOTTOM
100
AcDbPolyline
 90
        4
 70
     1
 43
0.0
 10
60.01748216371251
 20
5.124958000000012
 10
60.01748216371251
 20
6.039358000000012
 10
60.32228216371251
 20
6.039358000000012
 10
60.32228216371251
 20
5.124958000000012
  0
LWPOLYLINE
  5
5FF4
330
6F
100
AcDbEntity
  8
PIN_BOTTOM
100
AcDbPolyline
 90
        4
 70
     1
 43
0.0
 10
60.51735416371252
 20
5.124958000000012
 10
60.51735416371252
 20
6.039358000000012
 10
60.82215416371252
 20
6.039358000000012
 10
60.82215416371252
 20
5.124958000000012
  0
LWPOLYLINE
  5
5FF5
330
6F
100
AcDbEntity
  8
PIN_BOTTOM
100
AcDbPolyline
 90
        4
 70
     1
 43
0.0
 10
61.01748016371252
 20
5.124958000000012
 10
61.01748016371252
 20
6.039358000000012
 10
61.32228016371252
 20
6.039358000000012
 10
61.32228016371252
 20
5.124958000000012
  0
LWPOLYLINE
  5
5FF6
330
6F
100
AcDbEntity
  8
PIN_BOTTOM
100
AcDbPolyline
 90
        4
 70
     1
 43
0.0
 10
61.51735216371253
 20
5.124958000000012
 10
61.51735216371253
 20
6.039358000000012
 10
61.82215216371253
 20
6.039358000000012
 10
61.82215216371253
 20
5.124958000000012
  0
LWPOLYLINE
  5
5FF7
330
6F
100
AcDbEntity
  8
PIN_BOTTOM
100
AcDbPolyline
 90
        4
 70
     1
 43
0.0
 10
62.01747816371252
 20
5.124958000000012
 10
62.01747816371252
 20
6.039358000000012
 10
62.32227816371253
 20
6.039358000000012
 10
62.32227816371253
 20
5.124958000000012
  0
LWPOLYLINE
  5
5FF8
330
6F
100
AcDbEntity
  8
PIN_BOTTOM
100
AcDbPolyline
 90
        4
 70
     1
 43
0.0
 10
62.51735016371251
 20
5.124958000000012
 10
62.51735016371251
 20
6.039358000000012
 10
62.8221501637125
 20
6.039358000000012
 10
62.8221501637125
 20
5.124958000000012
  0
LWPOLYLINE
  5
5FF9
330
6F
100
AcDbEntity
  8
PIN_BOTTOM
100
AcDbPolyline
 90
        4
 70
     1
 43
0.0
 10
63.01747616371253
 20
5.124958000000012
 10
63.01747616371253
 20
6.039358000000012
 10
63.32227616371253
 20
6.039358000000012
 10
63.32227616371253
 20
5.124958000000012
  0
LWPOLYLINE
  5
5FFA
330
6F
100
AcDbEntity
  8
PIN_BOTTOM
100
AcDbPolyline
 90
        4
 70
     1
 43
0.0
 10
63.51734816371251
 20
5.124958000000012
 10
63.51734816371251
 20
6.039358000000012
 10
63.82214816371251
 20
6.039358000000012
 10
63.82214816371251
 20
5.124958000000012
  0
LWPOLYLINE
  5
5FFB
330
6F
100
AcDbEntity
  8
PIN_BOTTOM
100
AcDbPolyline
 90
        4
 70
     1
 43
0.0
 10
64.01747416371254
 20
5.124958000000012
 10
64.01747416371254
 20
6.039358000000012
 10
64.32227416371254
 20
6.039358000000012
 10
64.32227416371254
 20
5.124958000000012
  0
LWPOLYLINE
  5
5FFC
330
6F
100
AcDbEntity
  8
PIN_BOTTOM
100
AcDbPolyline
 90
        4
 70
     1
 43
0.0
 10
64.5173461637125
 20
5.124958000000012
 10
64.5173461637125
 20
6.039358000000012
 10
64.8221461637125
 20
6.039358000000012
 10
64.8221461637125
 20
5.124958000000012
  0
LWPOLYLINE
  5
5FFD
330
6F
100
AcDbEntity
  8
PIN_BOTTOM
100
AcDbPolyline
 90
        4
 70
     1
 43
0.0
 10
65.01747216371254
 20
5.124958000000012
 10
65.01747216371254
 20
6.039358000000012
 10
65.32227216371254
 20
6.039358000000012
 10
65.32227216371254
 20
5.124958000000012
  0
LWPOLYLINE
  5
5FFE
330
6F
100
AcDbEntity
  8
PIN_BOTTOM
100
AcDbPolyline
 90
        4
 70
     1
 43
0.0
 10
65.51734416371252
 20
5.124958000000012
 10
65.51734416371252
 20
6.039358000000012
 10
65.82214416371252
 20
6.039358000000012
 10
65.82214416371252
 20
5.124958000000012
  0
LWPOLYLINE
  5
5FFF
330
6F
100
AcDbEntity
  8
PIN_BOTTOM
100
AcDbPolyline
 90
        4
 70
     1
 43
0.0
 10
66.01747016371252
 20
5.124958000000012
 10
66.01747016371252
 20
6.039358000000012
 10
66.32227016371252
 20
6.039358000000012
 10
66.32227016371252
 20
5.124958000000012
  0
LWPOLYLINE
  5
6000
330
6F
100
AcDbEntity
  8
PIN_BOTTOM
100
AcDbPolyline
 90
        4
 70
     1
 43
0.0
 10
66.51734216371251
 20
5.124958000000012
 10
66.51734216371251
 20
6.039358000000012
 10
66.82214216371253
 20
6.039358000000012
 10
66.82214216371253
 20
5.124958000000012
  0
LWPOLYLINE
  5
6001
330
6F
100
AcDbEntity
  8
PIN_BOTTOM
100
AcDbPolyline
 90
        4
 70
     1
 43
0.0
 10
67.01746816371252
 20
5.124958000000012
 10
67.01746816371252
 20
6.039358000000012
 10
67.32226816371252
 20
6.039358000000012
 10
67.32226816371252
 20
5.124958000000012
  0
LWPOLYLINE
  5
6002
330
6F
100
AcDbEntity
  8
PIN_BOTTOM
100
AcDbPolyline
 90
        4
 70
     1
 43
0.0
 10
56.96110016371253
 20
1.980438000000012
 10
56.96110016371253
 20
3.783838000000012
 10
58.07870016371251
 20
3.783838000000012
 10
58.07870016371251
 20
1.980438000000012
  0
LWPOLYLINE
  5
6003
330
6F
100
AcDbEntity
  8
PIN_BOTTOM
100
AcDbPolyline
 90
        4
 70
     1
 43
0.0
 10
68.76092416371253
 20
1.980438000000012
 10
68.76092416371253
 20
3.783838000000012
 10
69.87852416371251
 20
3.783838000000012
 10
69.87852416371251
 20
1.980438000000012
  0
LWPOLYLINE
  5
6004
330
6F
100
AcDbEntity
  8
PG_WB-SILK-R01-BOTTOM
100
AcDbPolyline
 90
        2
 70
     0
 43
0.127
 10
57.56993816371252
 20
5.052060000000012
 10
59.36978216371253
 20
5.052060000000012
  0
LWPOLYLINE
  5
6005
330
6F
100
AcDbEntity
  8
PG_WB-SILK-R01-BOTTOM
100
AcDbPolyline
 90
        2
 70
     0
 43
0.127
 10
69.26968616371252
 20
5.052060000000012
 10
69.26968616371252
 20
3.932174000000012
  0
LWPOLYLINE
  5
6006
330
6F
100
AcDbEntity
  8
PG_WB-SILK-R01-BOTTOM
100
AcDbPolyline
 90
        2
 70
     0
 43
0.127
 10
67.46984216371251
 20
5.052060000000012
 10
69.26968616371252
 20
5.052060000000012
  0
LWPOLYLINE
  5
6007
330
6F
100
AcDbEntity
  8
PG_WB-SILK-R01-BOTTOM
100
AcDbPolyline
 90
        2
 70
     0
 43
0.127
 10
57.56993816371252
 20
3.932174000000012
 10
57.56993816371252
 20
5.052060000000012
  0
LWPOLYLINE
  5
6008
330
6F
100
AcDbEntity
  8
PG_WB-SILK-R01-BOTTOM
100
AcDbPolyline
 90
        2
 70
     0
 43
0.127
 10
68.62935216371253
 20
2.138680000000012
 10
58.20265216371251
 20
2.138680000000012
  0
LWPOLYLINE
  5
6009
330
6F
100
AcDbEntity
  8
PG_WB-SILK-R01-BOTTOM
100
AcDbPolyline
 90
        2
 70
     1
 43
0.0
 10
59.50389416371251
 20
6.402324000000012
 42
-1.0
 10
59.86433016371254
 20
6.402516000000012
 42
-1.0
  0
TEXT
  5
600A
330
6F
100
AcDbEntity
  8
PG_WB-SILK-R01-BOTTOM
100
AcDbText
 10
67.25529693197919
 20
6.342126000000012
 30
0.0
 40
0.3556
  1
16
 41
0.571429
 71
     2
 72
     1
 11
67.11983016371252
 21
6.342126000000012
 31
0.0
100
AcDbText
  0
LWPOLYLINE
  5
600B
330
6F
100
AcDbEntity
  8
PIN_BOTTOM
100
AcDbPolyline
 90
        4
 70
     1
 43
0.0
 10
53.92554616371254
 20
5.156200000000012
 10
53.64665416371252
 20
5.156200000000012
 10
53.64665416371252
 20
6.172200000000012
 10
53.92554616371254
 20
6.172200000000012
  0
LWPOLYLINE
  5
600C
330
6F
100
AcDbEntity
  8
PIN_BOTTOM
100
AcDbPolyline
 90
        4
 70
     1
 43
0.0
 10
53.42567416371252
 20
5.156200000000012
 10
53.14678216371252
 20
5.156200000000012
 10
53.14678216371252
 20
6.172200000000012
 10
53.42567416371252
 20
6.172200000000012
  0
LWPOLYLINE
  5
600D
330
6F
100
AcDbEntity
  8
PIN_BOTTOM
100
AcDbPolyline
 90
        4
 70
     1
 43
0.0
 10
52.92554816371254
 20
5.156200000000012
 10
52.64665616371252
 20
5.156200000000012
 10
52.64665616371252
 20
6.172200000000012
 10
52.92554816371254
 20
6.172200000000012
  0
LWPOLYLINE
  5
600E
330
6F
100
AcDbEntity
  8
PIN_BOTTOM
100
AcDbPolyline
 90
        4
 70
     1
 43
0.0
 10
52.42567616371252
 20
5.156200000000012
 10
52.14678416371254
 20
5.156200000000012
 10
52.14678416371254
 20
6.172200000000012
 10
52.42567616371252
 20
6.172200000000012
  0
LWPOLYLINE
  5
600F
330
6F
100
AcDbEntity
  8
PIN_BOTTOM
100
AcDbPolyline
 90
        4
 70
     1
 43
0.0
 10
51.92555016371253
 20
5.156200000000012
 10
51.64665816371254
 20
5.156200000000012
 10
51.64665816371254
 20
6.172200000000012
 10
51.92555016371253
 20
6.172200000000012
  0
LWPOLYLINE
  5
6010
330
6F
100
AcDbEntity
  8
PIN_BOTTOM
100
AcDbPolyline
 90
        4
 70
     1
 43
0.0
 10
51.42567816371252
 20
5.156200000000012
 10
51.1467861637125
 20
5.156200000000012
 10
51.1467861637125
 20
6.172200000000012
 10
51.42567816371252
 20
6.172200000000012
  0
LWPOLYLINE
  5
6011
330
6F
100
AcDbEntity
  8
PIN_BOTTOM
100
AcDbPolyline
 90
        4
 70
     1
 43
0.0
 10
50.92555216371252
 20
5.156200000000012
 10
50.64666016371251
 20
5.156200000000012
 10
50.64666016371251
 20
6.172200000000012
 10
50.92555216371252
 20
6.172200000000012
  0
LWPOLYLINE
  5
6012
330
6F
100
AcDbEntity
  8
PIN_BOTTOM
100
AcDbPolyline
 90
        4
 70
     1
 43
0.0
 10
50.42568016371254
 20
5.156200000000012
 10
50.14678816371253
 20
5.156200000000012
 10
50.14678816371253
 20
6.172200000000012
 10
50.42568016371254
 20
6.172200000000012
  0
LWPOLYLINE
  5
6013
330
6F
100
AcDbEntity
  8
PIN_BOTTOM
100
AcDbPolyline
 90
        4
 70
     1
 43
0.0
 10
49.92555416371252
 20
5.156200000000012
 10
49.64666216371253
 20
5.156200000000012
 10
49.64666216371253
 20
6.172200000000012
 10
49.92555416371252
 20
6.172200000000012
  0
LWPOLYLINE
  5
6014
330
6F
100
AcDbEntity
  8
PIN_BOTTOM
100
AcDbPolyline
 90
        4
 70
     1
 43
0.0
 10
49.42568216371253
 20
5.156200000000012
 10
49.14679016371252
 20
5.156200000000012
 10
49.14679016371252
 20
6.172200000000012
 10
49.42568216371253
 20
6.172200000000012
  0
LWPOLYLINE
  5
6015
330
6F
100
AcDbEntity
  8
PIN_BOTTOM
100
AcDbPolyline
 90
        4
 70
     1
 43
0.0
 10
48.92555616371251
 20
5.156200000000012
 10
48.64666416371253
 20
5.156200000000012
 10
48.64666416371253
 20
6.172200000000012
 10
48.92555616371251
 20
6.172200000000012
  0
LWPOLYLINE
  5
6016
330
6F
100
AcDbEntity
  8
PIN_BOTTOM
100
AcDbPolyline
 90
        4
 70
     1
 43
0.0
 10
48.42568416371253
 20
5.156200000000012
 10
48.14679216371252
 20
5.156200000000012
 10
48.14679216371252
 20
6.172200000000012
 10
48.42568416371253
 20
6.172200000000012
  0
LWPOLYLINE
  5
6017
330
6F
100
AcDbEntity
  8
PIN_BOTTOM
100
AcDbPolyline
 90
        4
 70
     1
 43
0.0
 10
47.92555816371254
 20
5.156200000000012
 10
47.64666616371252
 20
5.156200000000012
 10
47.64666616371252
 20
6.172200000000012
 10
47.92555816371254
 20
6.172200000000012
  0
LWPOLYLINE
  5
6018
330
6F
100
AcDbEntity
  8
PIN_BOTTOM
100
AcDbPolyline
 90
        4
 70
     1
 43
0.0
 10
47.42568616371253
 20
5.156200000000012
 10
47.14679416371254
 20
5.156200000000012
 10
47.14679416371254
 20
6.172200000000012
 10
47.42568616371253
 20
6.172200000000012
  0
LWPOLYLINE
  5
6019
330
6F
100
AcDbEntity
  8
PIN_BOTTOM
100
AcDbPolyline
 90
        4
 70
     1
 43
0.0
 10
46.9255601637125
 20
5.156200000000012
 10
46.64666816371251
 20
5.156200000000012
 10
46.64666816371251
 20
6.172200000000012
 10
46.9255601637125
 20
6.172200000000012
  0
LWPOLYLINE
  5
601A
330
6F
100
AcDbEntity
  8
PIN_BOTTOM
100
AcDbPolyline
 90
        4
 70
     1
 43
0.0
 10
46.42568816371252
 20
5.156200000000012
 10
46.14679616371254
 20
5.156200000000012
 10
46.14679616371254
 20
6.172200000000012
 10
46.42568816371252
 20
6.172200000000012
  0
LWPOLYLINE
  5
601B
330
6F
100
AcDbEntity
  8
PIN_BOTTOM
100
AcDbPolyline
 90
        4
 70
     1
 43
0.0
 10
45.92556216371252
 20
5.156200000000012
 10
45.64667016371251
 20
5.156200000000012
 10
45.64667016371251
 20
6.172200000000012
 10
45.92556216371252
 20
6.172200000000012
  0
LWPOLYLINE
  5
601C
330
6F
100
AcDbEntity
  8
PIN_BOTTOM
100
AcDbPolyline
 90
        4
 70
     1
 43
0.0
 10
45.42569016371252
 20
5.156200000000012
 10
45.14679816371253
 20
5.156200000000012
 10
45.14679816371253
 20
6.172200000000012
 10
45.42569016371252
 20
6.172200000000012
  0
LWPOLYLINE
  5
601D
330
6F
100
AcDbEntity
  8
PIN_BOTTOM
100
AcDbPolyline
 90
        4
 70
     1
 43
0.0
 10
44.92556416371252
 20
5.156200000000012
 10
44.64667216371251
 20
5.156200000000012
 10
44.64667216371251
 20
6.172200000000012
 10
44.92556416371252
 20
6.172200000000012
  0
LWPOLYLINE
  5
601E
330
6F
100
AcDbEntity
  8
PIN_BOTTOM
100
AcDbPolyline
 90
        4
 70
     1
 43
0.0
 10
44.42569216371251
 20
5.156200000000012
 10
44.14680016371252
 20
5.156200000000012
 10
44.14680016371252
 20
6.172200000000012
 10
44.42569216371251
 20
6.172200000000012
  0
LWPOLYLINE
  5
601F
330
6F
100
AcDbEntity
  8
PIN_BOTTOM
100
AcDbPolyline
 90
        4
 70
     1
 43
0.0
 10
43.92556616371254
 20
5.156200000000012
 10
43.6466741637125
 20
5.156200000000012
 10
43.6466741637125
 20
6.172200000000012
 10
43.92556616371254
 20
6.172200000000012
  0
LWPOLYLINE
  5
6020
330
6F
100
AcDbEntity
  8
PIN_BOTTOM
100
AcDbPolyline
 90
        4
 70
     1
 43
0.0
 10
43.42569416371254
 20
5.156200000000012
 10
43.14680216371252
 20
5.156200000000012
 10
43.14680216371252
 20
6.172200000000012
 10
43.42569416371254
 20
6.172200000000012
  0
LWPOLYLINE
  5
6021
330
6F
100
AcDbEntity
  8
PIN_BOTTOM
100
AcDbPolyline
 90
        4
 70
     1
 43
0.0
 10
42.92556816371254
 20
5.156200000000012
 10
42.64667616371252
 20
5.156200000000012
 10
42.64667616371252
 20
6.172200000000012
 10
42.92556816371254
 20
6.172200000000012
  0
LWPOLYLINE
  5
6022
330
6F
100
AcDbEntity
  8
PIN_BOTTOM
100
AcDbPolyline
 90
        4
 70
     1
 43
0.0
 10
42.42569616371253
 20
5.156200000000012
 10
42.14680416371251
 20
5.156200000000012
 10
42.14680416371251
 20
6.172200000000012
 10
42.42569616371253
 20
6.172200000000012
  0
LWPOLYLINE
  5
6023
330
6F
100
AcDbEntity
  8
PIN_BOTTOM
100
AcDbPolyline
 90
        4
 70
     1
 43
0.0
 10
41.92557016371253
 20
5.156200000000012
 10
41.64667816371252
 20
5.156200000000012
 10
41.64667816371252
 20
6.172200000000012
 10
41.92557016371253
 20
6.172200000000012
  0
LWPOLYLINE
  5
6024
330
6F
100
AcDbEntity
  8
PIN_BOTTOM
100
AcDbPolyline
 90
        4
 70
     1
 43
0.0
 10
41.42569816371252
 20
5.156200000000012
 10
41.14680616371251
 20
5.156200000000012
 10
41.14680616371251
 20
6.172200000000012
 10
41.42569816371252
 20
6.172200000000012
  0
LWPOLYLINE
  5
6025
330
6F
100
AcDbEntity
  8
PIN_BOTTOM
100
AcDbPolyline
 90
        4
 70
     1
 43
0.0
 10
40.92557216371253
 20
5.156200000000012
 10
40.64668016371254
 20
5.156200000000012
 10
40.64668016371254
 20
6.172200000000012
 10
40.92557216371253
 20
6.172200000000012
  0
LWPOLYLINE
  5
6026
330
6F
100
AcDbEntity
  8
PIN_BOTTOM
100
AcDbPolyline
 90
        4
 70
     1
 43
0.0
 10
40.42570016371252
 20
5.156200000000012
 10
40.14680816371253
 20
5.156200000000012
 10
40.14680816371253
 20
6.172200000000012
 10
40.42570016371252
 20
6.172200000000012
  0
LWPOLYLINE
  5
6027
330
6F
100
AcDbEntity
  8
PIN_BOTTOM
100
AcDbPolyline
 90
        4
 70
     1
 43
0.0
 10
39.92557416371253
 20
5.156200000000012
 10
39.64668216371254
 20
5.156200000000012
 10
39.64668216371254
 20
6.172200000000012
 10
39.92557416371253
 20
6.172200000000012
  0
LWPOLYLINE
  5
6028
330
6F
100
AcDbEntity
  8
PIN_BOTTOM
100
AcDbPolyline
 90
        4
 70
     1
 43
0.0
 10
39.42570216371255
 20
5.156200000000012
 10
39.1468101637125
 20
5.156200000000012
 10
39.1468101637125
 20
6.172200000000012
 10
39.42570216371255
 20
6.172200000000012
  0
LWPOLYLINE
  5
6029
330
6F
100
AcDbEntity
  8
PIN_BOTTOM
100
AcDbPolyline
 90
        4
 70
     1
 43
0.0
 10
54.96770816371252
 20
3.748151000000012
 10
56.36470816371252
 20
3.748151000000012
 10
56.36470816371252
 20
2.300097000000012
 10
54.96770816371252
 20
2.300097000000012
  0
LWPOLYLINE
  5
602A
330
6F
100
AcDbEntity
  8
PIN_BOTTOM
100
AcDbPolyline
 90
        4
 70
     1
 43
0.0
 10
36.70764816371252
 20
3.748151000000012
 10
38.10464816371254
 20
3.748151000000012
 10
38.10464816371254
 20
2.300097000000012
 10
36.70764816371252
 20
2.300097000000012
  0
LWPOLYLINE
  5
602B
330
6F
100
AcDbEntity
  8
PG_WB-SILK-R01-BOTTOM
100
AcDbPolyline
 90
        3
 70
     0
 43
0.127
 10
54.16125816371252
 20
5.557520000000011
 10
55.94687816371251
 20
5.557520000000011
 10
55.94687816371251
 20
3.888740000000012
  0
LWPOLYLINE
  5
602C
330
6F
100
AcDbEntity
  8
PG_WB-SILK-R01-BOTTOM
100
AcDbPolyline
 90
        3
 70
     0
 43
0.127
 10
37.12547816371253
 20
3.903980000000012
 10
37.12547816371253
 20
5.557520000000011
 10
38.92379816371252
 20
5.557520000000011
  0
LWPOLYLINE
  5
602D
330
6F
100
AcDbEntity
  8
PG_WB-SILK-R01-BOTTOM
100
AcDbPolyline
 90
        2
 70
     0
 43
0.127
 10
54.82419816371251
 20
2.138680000000012
 10
38.27355816371252
 20
2.138680000000012
  0
LWPOLYLINE
  5
602E
330
6F
100
AcDbEntity
  8
PG_WB-SILK-R01-BOTTOM
100
AcDbPolyline
 90
        2
 70
     1
 43
0.0
 10
39.04165416371254
 20
6.593840000000011
 42
-1.0
 10
39.55034216371254
 20
6.593720000000011
 42
-1.0
  0
LWPOLYLINE
  5
6038
330
6F
100
AcDbEntity
  8
PIN_BOTTOM
100
AcDbPolyline
 90
        4
 70
     1
 43
0.0
 10
91.74081216371252
 20
67.17766600000002
 10
90.5216121637125
 20
67.17766600000002
 10
90.5216121637125
 20
67.68566600000001
 10
91.74081216371252
 20
67.68566600000001
  0
LWPOLYLINE
  5
6039
330
6F
100
AcDbEntity
  8
PIN_BOTTOM
100
AcDbPolyline
 90
        4
 70
     1
 43
0.0
 10
93.31332616371255
 20
66.96913200000002
 10
92.39892616371253
 20
66.96913200000002
 10
92.39892616371253
 20
67.883532
 10
93.31332616371255
 20
67.883532
  0
LWPOLYLINE
  5
603A
330
6F
100
AcDbEntity
  8
PIN_BOTTOM
100
AcDbPolyline
 90
        4
 70
     1
 43
0.0
 10
89.86349816371253
 20
66.96913200000002
 10
88.94909816371253
 20
66.96913200000002
 10
88.94909816371253
 20
67.883532
 10
89.86349816371253
 20
67.883532
  0
LWPOLYLINE
  5
603B
330
6F
100
AcDbEntity
  8
PIN_BOTTOM
100
AcDbPolyline
 90
        4
 70
     1
 43
0.0
 10
93.76112816371251
 20
69.57822000000002
 10
92.82132816371254
 20
69.57822000000002
 10
92.82132816371254
 20
69.98462
 10
93.76112816371251
 20
69.98462
  0
LWPOLYLINE
  5
603C
330
6F
100
AcDbEntity
  8
PIN_BOTTOM
100
AcDbPolyline
 90
        4
 70
     1
 43
0.0
 10
89.44109616371253
 20
69.57822000000002
 10
88.50129616371251
 20
69.57822000000002
 10
88.50129616371251
 20
69.98462
 10
89.44109616371253
 20
69.98462
  0
LWPOLYLINE
  5
603D
330
6F
100
AcDbEntity
  8
PIN_BOTTOM
100
AcDbPolyline
 90
        4
 70
     1
 43
0.0
 10
93.7062641637125
 20
69.25627500000002
 10
93.7062641637125
 20
68.70636500000002
 42
-1.0
 10
92.90616416371253
 20
68.70636500000002
 10
92.90616416371253
 20
69.25627500000002
 42
-1.0
  0
LWPOLYLINE
  5
603E
330
6F
100
AcDbEntity
  8
PIN_BOTTOM
100
AcDbPolyline
 90
        4
 70
     1
 43
0.0
 10
89.35626016371253
 20
69.25627500000002
 10
89.35626016371253
 20
68.70636500000002
 42
-1.0
 10
88.55616016371252
 20
68.70636500000002
 10
88.55616016371252
 20
69.25627500000002
 42
-1.0
  0
LWPOLYLINE
  5
603F
330
6F
100
AcDbEntity
  8
PG_WB-SILK-R01-BOTTOM
100
AcDbPolyline
 90
        2
 70
     0
 43
0.0
 10
89.60619616371253
 20
67.90131200000002
 10
92.65622816371251
 20
67.90131200000002
  0
LWPOLYLINE
  5
6040
330
6F
100
AcDbEntity
  8
PG_WB-SILK-R01-BOTTOM
100
AcDbPolyline
 90
        2
 70
     0
 43
0.0
 10
90.27802616371252
 20
70.93127800000002
 10
91.98236616371253
 20
70.93127800000002
  0
LWPOLYLINE
  5
6041
330
6F
100
AcDbEntity
  8
PG_WB-SILK-R01-BOTTOM
100
AcDbPolyline
 90
        2
 70
     0
 43
0.0
 10
90.18861816371253
 20
69.78142000000001
 10
90.23002016371254
 20
70.88251000000001
  0
LWPOLYLINE
  5
6042
330
6F
100
AcDbEntity
  8
PG_WB-SILK-R01-BOTTOM
100
AcDbPolyline
 90
        2
 70
     0
 43
0.0
 10
92.03240416371253
 20
70.88251000000001
 10
92.07126616371254
 20
69.78142000000001
  0
LWPOLYLINE
  5
6043
330
6F
100
AcDbEntity
  8
PG_WB-SILK-R01-BOTTOM
100
AcDbPolyline
 90
        2
 70
     0
 43
0.0
 10
90.28005816371252
 20
70.93127800000002
 42
0.406968
 10
90.23002016371254
 20
70.88251000000001
  0
LWPOLYLINE
  5
6044
330
6F
100
AcDbEntity
  8
PG_WB-SILK-R01-BOTTOM
100
AcDbPolyline
 90
        2
 70
     0
 43
0.0
 10
92.03240416371253
 20
70.88251000000001
 42
0.407347
 10
91.98236616371253
 20
70.93127800000002
  0
LWPOLYLINE
  5
6045
330
6F
100
AcDbEntity
  8
PG_WB-SILK-R01-BOTTOM
100
AcDbPolyline
 90
        2
 70
     0
 43
0.0
 10
89.49291216371253
 20
69.78142000000001
 10
92.72633216371251
 20
69.78142000000001
  0
LWPOLYLINE
  5
6046
330
6F
100
AcDbEntity
  8
PIN_BOTTOM
100
AcDbPolyline
 90
        4
 70
     1
 43
0.0
 10
99.69101216371251
 20
67.17766600000002
 10
98.47181216371251
 20
67.17766600000002
 10
98.47181216371251
 20
67.68566600000001
 10
99.69101216371251
 20
67.68566600000001
  0
LWPOLYLINE
  5
6047
330
6F
100
AcDbEntity
  8
PIN_BOTTOM
100
AcDbPolyline
 90
        4
 70
     1
 43
0.0
 10
101.2635261637125
 20
66.96913200000002
 10
100.3491261637125
 20
66.96913200000002
 10
100.3491261637125
 20
67.883532
 10
101.2635261637125
 20
67.883532
  0
LWPOLYLINE
  5
6048
330
6F
100
AcDbEntity
  8
PIN_BOTTOM
100
AcDbPolyline
 90
        4
 70
     1
 43
0.0
 10
97.81369816371253
 20
66.96913200000002
 10
96.89929816371254
 20
66.96913200000002
 10
96.89929816371254
 20
67.883532
 10
97.81369816371253
 20
67.883532
  0
LWPOLYLINE
  5
6049
330
6F
100
AcDbEntity
  8
PIN_BOTTOM
100
AcDbPolyline
 90
        4
 70
     1
 43
0.0
 10
101.7113281637125
 20
69.57822000000002
 10
100.7715281637125
 20
69.57822000000002
 10
100.7715281637125
 20
69.98462
 10
101.7113281637125
 20
69.98462
  0
LWPOLYLINE
  5
604A
330
6F
100
AcDbEntity
  8
PIN_BOTTOM
100
AcDbPolyline
 90
        4
 70
     1
 43
0.0
 10
97.39129616371252
 20
69.57822000000002
 10
96.45149616371253
 20
69.57822000000002
 10
96.45149616371253
 20
69.98462
 10
97.39129616371252
 20
69.98462
  0
LWPOLYLINE
  5
604B
330
6F
100
AcDbEntity
  8
PIN_BOTTOM
100
AcDbPolyline
 90
        4
 70
     1
 43
0.0
 10
101.6564641637125
 20
69.25627500000002
 10
101.6564641637125
 20
68.70636500000002
 42
-1.0
 10
100.8563641637125
 20
68.70636500000002
 10
100.8563641637125
 20
69.25627500000002
 42
-1.0
  0
LWPOLYLINE
  5
604C
330
6F
100
AcDbEntity
  8
PIN_BOTTOM
100
AcDbPolyline
 90
        4
 70
     1
 43
0.0
 10
97.30646016371252
 20
69.25627500000002
 10
97.30646016371252
 20
68.70636500000002
 42
-1.0
 10
96.50636016371251
 20
68.70636500000002
 10
96.50636016371251
 20
69.25627500000002
 42
-1.0
  0
LWPOLYLINE
  5
604D
330
6F
100
AcDbEntity
  8
PG_WB-SILK-R01-BOTTOM
100
AcDbPolyline
 90
        2
 70
     0
 43
0.0
 10
97.55639616371253
 20
67.90131200000002
 10
100.6064281637125
 20
67.90131200000002
  0
LWPOLYLINE
  5
604E
330
6F
100
AcDbEntity
  8
PG_WB-SILK-R01-BOTTOM
100
AcDbPolyline
 90
        2
 70
     0
 43
0.0
 10
98.22822616371253
 20
70.93127800000002
 10
99.93256616371254
 20
70.93127800000002
  0
LWPOLYLINE
  5
604F
330
6F
100
AcDbEntity
  8
PG_WB-SILK-R01-BOTTOM
100
AcDbPolyline
 90
        2
 70
     0
 43
0.0
 10
98.13881816371253
 20
69.78142000000001
 10
98.18022016371253
 20
70.88251000000001
  0
LWPOLYLINE
  5
6050
330
6F
100
AcDbEntity
  8
PG_WB-SILK-R01-BOTTOM
100
AcDbPolyline
 90
        2
 70
     0
 43
0.0
 10
99.98260416371252
 20
70.88251000000001
 10
100.0214661637125
 20
69.78142000000001
  0
LWPOLYLINE
  5
6051
330
6F
100
AcDbEntity
  8
PG_WB-SILK-R01-BOTTOM
100
AcDbPolyline
 90
        2
 70
     0
 43
0.0
 10
98.23025816371253
 20
70.93127800000002
 42
0.406968
 10
98.18022016371253
 20
70.88251000000001
  0
LWPOLYLINE
  5
6052
330
6F
100
AcDbEntity
  8
PG_WB-SILK-R01-BOTTOM
100
AcDbPolyline
 90
        2
 70
     0
 43
0.0
 10
99.98260416371252
 20
70.88251000000001
 42
0.407347
 10
99.93256616371254
 20
70.93127800000002
  0
LWPOLYLINE
  5
6053
330
6F
100
AcDbEntity
  8
PG_WB-SILK-R01-BOTTOM
100
AcDbPolyline
 90
        2
 70
     0
 43
0.0
 10
97.44311216371253
 20
69.78142000000001
 10
100.6765321637125
 20
69.78142000000001
  0
LWPOLYLINE
  5
61AF
330
6F
100
AcDbEntity
  8
PIN_BOTTOM
100
AcDbPolyline
 90
        4
 70
     1
 43
0.0
 10
102.5858501637125
 20
16.22755200000001
 10
102.5858501637125
 20
15.71955200000001
 42
-1.0
 10
101.8238501637125
 20
15.71955200000001
 10
101.8238501637125
 20
16.22755200000001
 42
-1.0
  0
LWPOLYLINE
  5
61B0
330
6F
100
AcDbEntity
  8
PIN_BOTTOM
100
AcDbPolyline
 90
        4
 70
     1
 43
0.0
 10
102.5858501637125
 20
9.822688000000014
 10
102.5858501637125
 20
9.314688000000013
 42
-1.0
 10
101.8238501637125
 20
9.314688000000013
 10
101.8238501637125
 20
9.822688000000014
 42
-1.0
  0
LWPOLYLINE
  5
61B1
330
6F
100
AcDbEntity
  8
PIN_BOTTOM
100
AcDbPolyline
 90
        4
 70
     1
 43
0.0
 10
101.9762501637125
 20
11.83792400000001
 10
102.2048501637125
 20
11.83792400000001
 42
-1.0
 10
102.2048501637125
 20
11.30452400000001
 10
101.9762501637125
 20
11.30452400000001
 42
-1.0
  0
LWPOLYLINE
  5
61B2
330
6F
100
AcDbEntity
  8
PIN_BOTTOM
100
AcDbPolyline
 90
        4
 70
     1
 43
0.0
 10
101.9762501637125
 20
12.63777000000001
 10
102.2048501637125
 20
12.63777000000001
 42
-1.0
 10
102.2048501637125
 20
12.10437000000001
 10
101.9762501637125
 20
12.10437000000001
 42
-1.0
  0
LWPOLYLINE
  5
61B3
330
6F
100
AcDbEntity
  8
PIN_BOTTOM
100
AcDbPolyline
 90
        4
 70
     1
 43
0.0
 10
101.9762501637125
 20
13.43787000000001
 10
102.2048501637125
 20
13.43787000000001
 42
-1.0
 10
102.2048501637125
 20
12.90447000000001
 10
101.9762501637125
 20
12.90447000000001
 42
-1.0
  0
LWPOLYLINE
  5
61B4
330
6F
100
AcDbEntity
  8
PIN_BOTTOM
100
AcDbPolyline
 90
        4
 70
     1
 43
0.0
 10
101.9762501637125
 20
14.23771600000001
 10
102.2048501637125
 20
14.23771600000001
 42
-1.0
 10
102.2048501637125
 20
13.70431600000001
 10
101.9762501637125
 20
13.70431600000001
 42
-1.0
  0
LWPOLYLINE
  5
61B5
330
6F
100
AcDbEntity
  8
PIN_BOTTOM
100
AcDbPolyline
 90
        4
 70
     1
 43
0.0
 10
102.9048741637125
 20
10.63777400000001
 10
103.1334741637125
 20
10.63777400000001
 42
-1.0
 10
103.1334741637125
 20
10.10437400000001
 10
102.9048741637125
 20
10.10437400000001
 42
-1.0
  0
LWPOLYLINE
  5
61B6
330
6F
100
AcDbEntity
  8
PIN_BOTTOM
100
AcDbPolyline
 90
        4
 70
     1
 43
0.0
 10
102.9048741637125
 20
11.43787400000001
 10
103.1334741637125
 20
11.43787400000001
 42
-1.0
 10
103.1334741637125
 20
10.90447400000001
 10
102.9048741637125
 20
10.90447400000001
 42
-1.0
  0
LWPOLYLINE
  5
61B7
330
6F
100
AcDbEntity
  8
PIN_BOTTOM
100
AcDbPolyline
 90
        4
 70
     1
 43
0.0
 10
102.9048741637125
 20
12.23772000000001
 10
103.1334741637125
 20
12.23772000000001
 42
-1.0
 10
103.1334741637125
 20
11.70432000000001
 10
102.9048741637125
 20
11.70432000000001
 42
-1.0
  0
LWPOLYLINE
  5
61B8
330
6F
100
AcDbEntity
  8
PIN_BOTTOM
100
AcDbPolyline
 90
        4
 70
     1
 43
0.0
 10
102.9048741637125
 20
13.83792000000001
 10
103.1334741637125
 20
13.83792000000001
 42
-1.0
 10
103.1334741637125
 20
13.30452000000001
 10
102.9048741637125
 20
13.30452000000001
 42
-1.0
  0
LWPOLYLINE
  5
61B9
330
6F
100
AcDbEntity
  8
PIN_BOTTOM
100
AcDbPolyline
 90
        4
 70
     1
 43
0.0
 10
102.9048741637125
 20
14.63776600000001
 10
103.1334741637125
 20
14.63776600000001
 42
-1.0
 10
103.1334741637125
 20
14.10436600000001
 10
102.9048741637125
 20
14.10436600000001
 42
-1.0
  0
LWPOLYLINE
  5
61BA
330
6F
100
AcDbEntity
  8
PIN_BOTTOM
100
AcDbPolyline
 90
        4
 70
     1
 43
0.0
 10
102.9048741637125
 20
15.43786600000001
 10
103.1334741637125
 20
15.43786600000001
 42
-1.0
 10
103.1334741637125
 20
14.90446600000001
 10
102.9048741637125
 20
14.90446600000001
 42
-1.0
  0
LWPOLYLINE
  5
61BB
330
6F
100
AcDbEntity
  8
PIN_BOTTOM
100
AcDbPolyline
 90
        4
 70
     1
 43
0.0
 10
101.4504701637125
 20
15.38147800000001
 10
100.4344701637125
 20
15.38147800000001
 10
100.4344701637125
 20
15.66087800000001
 10
101.4504701637125
 20
15.66087800000001
  0
LWPOLYLINE
  5
61BC
330
6F
100
AcDbEntity
  8
PIN_BOTTOM
100
AcDbPolyline
 90
        4
 70
     1
 43
0.0
 10
101.4504701637125
 20
14.88135200000001
 10
100.4344701637125
 20
14.88135200000001
 10
100.4344701637125
 20
15.16075200000001
 10
101.4504701637125
 20
15.16075200000001
  0
LWPOLYLINE
  5
61BD
330
6F
100
AcDbEntity
  8
PIN_BOTTOM
100
AcDbPolyline
 90
        4
 70
     1
 43
0.0
 10
101.4504701637125
 20
14.38148000000001
 10
100.4344701637125
 20
14.38148000000001
 10
100.4344701637125
 20
14.66088000000001
 10
101.4504701637125
 20
14.66088000000001
  0
LWPOLYLINE
  5
61BE
330
6F
100
AcDbEntity
  8
PIN_BOTTOM
100
AcDbPolyline
 90
        4
 70
     1
 43
0.0
 10
101.4504701637125
 20
13.88135400000001
 10
100.4344701637125
 20
13.88135400000001
 10
100.4344701637125
 20
14.16075400000001
 10
101.4504701637125
 20
14.16075400000001
  0
LWPOLYLINE
  5
61BF
330
6F
100
AcDbEntity
  8
PIN_BOTTOM
100
AcDbPolyline
 90
        4
 70
     1
 43
0.0
 10
101.4504701637125
 20
13.38148200000001
 10
100.4344701637125
 20
13.38148200000001
 10
100.4344701637125
 20
13.66088200000001
 10
101.4504701637125
 20
13.66088200000001
  0
LWPOLYLINE
  5
61C0
330
6F
100
AcDbEntity
  8
PIN_BOTTOM
100
AcDbPolyline
 90
        4
 70
     1
 43
0.0
 10
101.4504701637125
 20
12.88135600000001
 10
100.4344701637125
 20
12.88135600000001
 10
100.4344701637125
 20
13.16075600000001
 10
101.4504701637125
 20
13.16075600000001
  0
LWPOLYLINE
  5
61C1
330
6F
100
AcDbEntity
  8
PIN_BOTTOM
100
AcDbPolyline
 90
        4
 70
     1
 43
0.0
 10
101.4504701637125
 20
12.38148400000001
 10
100.4344701637125
 20
12.38148400000001
 10
100.4344701637125
 20
12.66088400000001
 10
101.4504701637125
 20
12.66088400000001
  0
LWPOLYLINE
  5
61C2
330
6F
100
AcDbEntity
  8
PIN_BOTTOM
100
AcDbPolyline
 90
        4
 70
     1
 43
0.0
 10
101.4504701637125
 20
11.88135800000001
 10
100.4344701637125
 20
11.88135800000001
 10
100.4344701637125
 20
12.16075800000001
 10
101.4504701637125
 20
12.16075800000001
  0
LWPOLYLINE
  5
61C3
330
6F
100
AcDbEntity
  8
PIN_BOTTOM
100
AcDbPolyline
 90
        4
 70
     1
 43
0.0
 10
101.4504701637125
 20
11.38148600000001
 10
100.4344701637125
 20
11.38148600000001
 10
100.4344701637125
 20
11.66088600000001
 10
101.4504701637125
 20
11.66088600000001
  0
LWPOLYLINE
  5
61C4
330
6F
100
AcDbEntity
  8
PIN_BOTTOM
100
AcDbPolyline
 90
        4
 70
     1
 43
0.0
 10
101.4504701637125
 20
10.88136000000001
 10
100.4344701637125
 20
10.88136000000001
 10
100.4344701637125
 20
11.16076000000001
 10
101.4504701637125
 20
11.16076000000001
  0
LWPOLYLINE
  5
61C5
330
6F
100
AcDbEntity
  8
PIN_BOTTOM
100
AcDbPolyline
 90
        4
 70
     1
 43
0.0
 10
101.4504701637125
 20
10.38148800000001
 10
100.4344701637125
 20
10.38148800000001
 10
100.4344701637125
 20
10.66088800000001
 10
101.4504701637125
 20
10.66088800000001
  0
LWPOLYLINE
  5
61C6
330
6F
100
AcDbEntity
  8
PIN_BOTTOM
100
AcDbPolyline
 90
        4
 70
     1
 43
0.0
 10
101.4504701637125
 20
9.881362000000012
 10
100.4344701637125
 20
9.881362000000012
 10
100.4344701637125
 20
10.16076200000001
 10
101.4504701637125
 20
10.16076200000001
  0
LWPOLYLINE
  5
61C7
330
6F
100
AcDbEntity
  8
PIN_BOTTOM
100
AcDbPolyline
 90
        4
 70
     1
 43
0.0
 10
106.5982881637125
 20
8.779256000000013
 10
107.4110881637125
 20
8.779256000000013
 42
-1.0
 10
107.4110881637125
 20
7.763256000000012
 10
106.5982881637125
 20
7.763256000000012
 42
-1.0
  0
LWPOLYLINE
  5
61C8
330
6F
100
AcDbEntity
  8
PIN_BOTTOM
100
AcDbPolyline
 90
        4
 70
     1
 43
0.0
 10
106.5982881637125
 20
17.77898400000001
 10
107.4110881637125
 20
17.77898400000001
 42
-1.0
 10
107.4110881637125
 20
16.76298400000001
 10
106.5982881637125
 20
16.76298400000001
 42
-1.0
  0
LWPOLYLINE
  5
61C9
330
6F
100
AcDbEntity
  8
PIN_BOTTOM
100
AcDbPolyline
 90
        4
 70
     1
 43
0.0
 10
101.0900441637125
 20
8.779256000000013
 10
101.6996441637125
 20
8.779256000000013
 42
-1.0
 10
101.6996441637125
 20
7.763256000000012
 10
101.0900441637125
 20
7.763256000000012
 42
-1.0
  0
LWPOLYLINE
  5
61CA
330
6F
100
AcDbEntity
  8
PIN_BOTTOM
100
AcDbPolyline
 90
        4
 70
     1
 43
0.0
 10
101.0900441637125
 20
17.77898400000001
 10
101.6996441637125
 20
17.77898400000001
 42
-1.0
 10
101.6996441637125
 20
16.76298400000001
 10
101.0900441637125
 20
16.76298400000001
 42
-1.0
  0
LWPOLYLINE
  5
61CB
330
6F
100
AcDbEntity
  8
PIN_BOTTOM
100
AcDbPolyline
 90
        4
 70
     1
 43
0.0
 10
103.2350741637125
 20
16.64843000000001
 10
103.2350741637125
 20
16.34363000000001
 42
-1.0
 10
102.5746741637125
 20
16.34363000000001
 10
102.5746741637125
 20
16.64843000000001
 42
-1.0
  0
CIRCLE
  5
61CC
330
6F
100
AcDbEntity
  8
PIN_BOTTOM
100
AcDbCircle
 10
102.9048741637125
 20
9.046210000000013
 30
0.0
 40
0.3302
  0
LWPOLYLINE
  5
61CD
330
6F
100
AcDbEntity
  8
PG_WB-SILK-R01-BOTTOM
100
AcDbPolyline
 90
        2
 70
     0
 43
0.0
 10
109.0338941637125
 20
17.54174800000001
 10
107.8726061637125
 20
17.54174800000001
  0
LWPOLYLINE
  5
61CE
330
6F
100
AcDbEntity
  8
PG_WB-SILK-R01-BOTTOM
100
AcDbPolyline
 90
        2
 70
     0
 43
0.0
 10
102.1858001637125
 20
8.00049200000001
 10
106.1131481637125
 20
8.00049200000001
  0
LWPOLYLINE
  5
61CF
330
6F
100
AcDbEntity
  8
PG_WB-SILK-R01-BOTTOM
100
AcDbPolyline
 90
        2
 70
     0
 43
0.0
 10
100.9343421637125
 20
16.76146000000001
 10
100.9343421637125
 20
15.70101000000001
  0
LWPOLYLINE
  5
61D0
330
6F
100
AcDbEntity
  8
PG_WB-SILK-R01-BOTTOM
100
AcDbPolyline
 90
        4
 70
     0
 43
0.0
 10
107.8995301637125
 20
8.00049200000001
 10
109.3049121637125
 20
8.00049200000001
 10
109.3049121637125
 20
17.54174800000001
 10
109.0338941637125
 20
17.54174800000001
  0
LWPOLYLINE
  5
61D1
330
6F
100
AcDbEntity
  8
PG_WB-SILK-R01-BOTTOM
100
AcDbPolyline
 90
        2
 70
     0
 43
0.0
 10
106.0953681637125
 20
17.54174800000001
 10
102.1456681637125
 20
17.54174800000001
  0
LWPOLYLINE
  5
61D2
330
6F
100
AcDbEntity
  8
PG_WB-SILK-R01-BOTTOM
100
AcDbPolyline
 90
        2
 70
     0
 43
0.0
 10
100.9343421637125
 20
9.868916000000011
 10
100.9343421637125
 20
8.779510000000013
  0
CIRCLE
  5
61D6
330
6F
100
AcDbEntity
  8
PIN_BOTTOM
100
AcDbCircle
 10
106.9378861637125
 20
39.49903200000001
 30
0.0
 40
0.7112
  0
CIRCLE
  5
61D7
330
6F
100
AcDbEntity
  8
PIN_BOTTOM
100
AcDbCircle
 10
99.93790016371253
 20
39.49903200000001
 30
0.0
 40
0.7112
  0
LWPOLYLINE
  5
61D8
330
6F
100
AcDbEntity
  8
PIN_BOTTOM
100
AcDbPolyline
 90
        4
 70
     1
 43
0.0
 10
106.7783741637125
 20
43.95241400000002
 10
107.9975741637125
 20
43.95241400000002
 10
107.9975741637125
 20
41.94581400000001
 10
106.7783741637125
 20
41.94581400000001
  0
LWPOLYLINE
  5
61D9
330
6F
100
AcDbEntity
  8
PIN_BOTTOM
100
AcDbPolyline
 90
        4
 70
     1
 43
0.0
 10
106.6782981637125
 20
37.05225000000002
 10
107.8974981637125
 20
37.05225000000002
 10
107.8974981637125
 20
35.04565000000002
 10
106.6782981637125
 20
35.04565000000002
  0
LWPOLYLINE
  5
61DA
330
6F
100
AcDbEntity
  8
PIN_BOTTOM
100
AcDbPolyline
 90
        4
 70
     1
 43
0.0
 10
103.3282921637125
 20
43.94911200000001
 10
104.5474921637125
 20
43.94911200000001
 10
104.5474921637125
 20
42.34891200000001
 10
103.3282921637125
 20
42.34891200000001
  0
LWPOLYLINE
  5
61DB
330
6F
100
AcDbEntity
  8
PIN_BOTTOM
100
AcDbPolyline
 90
        4
 70
     1
 43
0.0
 10
97.82817616371254
 20
43.94911200000001
 10
99.04737616371253
 20
43.94911200000001
 10
99.04737616371253
 20
42.34891200000001
 10
97.82817616371254
 20
42.34891200000001
  0
LWPOLYLINE
  5
61DC
330
6F
100
AcDbEntity
  8
PIN_BOTTOM
100
AcDbPolyline
 90
        4
 70
     1
 43
0.0
 10
99.52819816371253
 20
36.74922800000002
 10
100.7473981637125
 20
36.74922800000002
 10
100.7473981637125
 20
35.14902800000001
 10
99.52819816371253
 20
35.14902800000001
  0
LWPOLYLINE
  5
61DD
330
6F
100
AcDbEntity
  8
PIN_BOTTOM
100
AcDbPolyline
 90
        4
 70
     1
 43
0.0
 10
97.32830416371252
 20
36.74922800000002
 10
98.54750416371253
 20
36.74922800000002
 10
98.54750416371253
 20
35.14902800000001
 10
97.32830416371252
 20
35.14902800000001
  0
LWPOLYLINE
  5
61DE
330
6F
100
AcDbEntity
  8
PG_WB-SILK-R01-BOTTOM
100
AcDbPolyline
 90
        6
 70
     0
 43
0.127
 10
97.50178616371252
 20
36.42309200000001
 10
97.50178616371252
 20
42.58513200000002
 10
109.3737461637125
 20
42.58513200000002
 10
109.3737461637125
 20
36.41293200000002
 10
97.50178616371252
 20
36.41293200000002
 10
97.50178616371252
 20
36.42309200000001
  0
LWPOLYLINE
  5
61DF
330
6F
100
AcDbEntity
  8
PG_WB-SILK-R01-BOTTOM
100
AcDbPolyline
 90
        4
 70
     0
 43
0.127
 10
109.3762861637125
 20
41.93489200000001
 10
111.3727261637125
 20
41.93489200000001
 10
111.3727261637125
 20
37.06317200000001
 10
109.3788261637125
 20
37.06317200000001
  0
CIRCLE
  5
61E0
330
6F
100
AcDbEntity
  8
PIN_BOTTOM
100
AcDbCircle
 10
37.77673416371252
 20
59.37173800000001
 30
0.0
 40
0.5599430000000001
  0
CIRCLE
  5
61E1
330
6F
100
AcDbEntity
  8
PIN_BOTTOM
100
AcDbCircle
 10
37.77673416371252
 20
57.37174200000001
 30
0.0
 40
0.5599430000000001
  0
CIRCLE
  5
61E2
330
6F
100
AcDbEntity
  8
PIN_BOTTOM
100
AcDbCircle
 10
37.77673416371252
 20
55.37174600000001
 30
0.0
 40
0.5599430000000001
  0
CIRCLE
  5
61E3
330
6F
100
AcDbEntity
  8
PIN_BOTTOM
100
AcDbCircle
 10
37.77673416371252
 20
53.37175000000002
 30
0.0
 40
0.5599430000000001
  0
CIRCLE
  5
61E4
330
6F
100
AcDbEntity
  8
PIN_BOTTOM
100
AcDbCircle
 10
37.77673416371252
 20
51.37175400000001
 30
0.0
 40
0.5599430000000001
  0
CIRCLE
  5
61E5
330
6F
100
AcDbEntity
  8
PIN_BOTTOM
100
AcDbCircle
 10
34.57684216371254
 20
59.37173800000001
 30
0.0
 40
0.5599430000000001
  0
CIRCLE
  5
61E6
330
6F
100
AcDbEntity
  8
PIN_BOTTOM
100
AcDbCircle
 10
34.57684216371254
 20
57.37174200000001
 30
0.0
 40
0.5599430000000001
  0
CIRCLE
  5
61E7
330
6F
100
AcDbEntity
  8
PIN_BOTTOM
100
AcDbCircle
 10
34.57684216371254
 20
55.37174600000001
 30
0.0
 40
0.5599430000000001
  0
CIRCLE
  5
61E8
330
6F
100
AcDbEntity
  8
PIN_BOTTOM
100
AcDbCircle
 10
34.57684216371254
 20
53.37175000000002
 30
0.0
 40
0.5599430000000001
  0
CIRCLE
  5
61E9
330
6F
100
AcDbEntity
  8
PIN_BOTTOM
100
AcDbCircle
 10
34.57684216371254
 20
51.37175400000001
 30
0.0
 40
0.5599430000000001
  0
CIRCLE
  5
61EA
330
6F
100
AcDbEntity
  8
PIN_BOTTOM
100
AcDbCircle
 10
36.27661016371252
 20
56.37174400000001
 30
0.0
 40
0.5599430000000001
  0
CIRCLE
  5
61EB
330
6F
100
AcDbEntity
  8
PIN_BOTTOM
100
AcDbCircle
 10
36.27661016371252
 20
54.37174800000001
 30
0.0
 40
0.5599430000000001
  0
CIRCLE
  5
61EC
330
6F
100
AcDbEntity
  8
PIN_BOTTOM
100
AcDbCircle
 10
33.07671816371251
 20
56.37174400000001
 30
0.0
 40
0.5599430000000001
  0
CIRCLE
  5
61ED
330
6F
100
AcDbEntity
  8
PIN_BOTTOM
100
AcDbCircle
 10
33.07671816371251
 20
54.37174800000001
 30
0.0
 40
0.5599430000000001
  0
CIRCLE
  5
61EE
330
6F
100
AcDbEntity
  8
PIN_BOTTOM
100
AcDbCircle
 10
36.27661016371252
 20
58.87186600000002
 30
0.0
 40
0.5599430000000001
  0
CIRCLE
  5
61EF
330
6F
100
AcDbEntity
  8
PIN_BOTTOM
100
AcDbCircle
 10
36.27661016371252
 20
51.87162600000001
 30
0.0
 40
0.5599430000000001
  0
CIRCLE
  5
61F0
330
6F
100
AcDbEntity
  8
PIN_BOTTOM
100
AcDbCircle
 10
33.07671816371251
 20
58.87186600000002
 30
0.0
 40
0.5599430000000001
  0
CIRCLE
  5
61F1
330
6F
100
AcDbEntity
  8
PIN_BOTTOM
100
AcDbCircle
 10
33.07671816371251
 20
51.87162600000001
 30
0.0
 40
0.5599430000000001
  0
CIRCLE
  5
61F2
330
6F
100
AcDbEntity
  8
PIN_BOTTOM
100
AcDbCircle
 10
36.75667016371253
 20
61.94171000000001
 30
0.0
 40
1.460499999999999
  0
CIRCLE
  5
61F3
330
6F
100
AcDbEntity
  8
PIN_BOTTOM
100
AcDbCircle
 10
36.75667016371253
 20
48.80178200000002
 30
0.0
 40
1.460499999999999
  0
CIRCLE
  5
61F4
330
6F
100
AcDbEntity
  8
PIN_BOTTOM
100
AcDbCircle
 10
31.07672216371251
 20
61.94171000000001
 30
0.0
 40
1.460499999999999
  0
CIRCLE
  5
61F5
330
6F
100
AcDbEntity
  8
PIN_BOTTOM
100
AcDbCircle
 10
31.07672216371251
 20
48.80178200000002
 30
0.0
 40
1.460499999999999
  0
LWPOLYLINE
  5
61F6
330
6F
100
AcDbEntity
  8
PG_WB-SILK-R01-BOTTOM
100
AcDbPolyline
 90
        2
 70
     0
 43
0.127
 10
35.07722216371252
 20
48.76774600000001
 10
32.98172216371253
 20
48.76774600000001
  0
LWPOLYLINE
  5
61F7
330
6F
100
AcDbEntity
  8
PG_WB-SILK-R01-BOTTOM
100
AcDbPolyline
 90
        4
 70
     0
 43
0.127
 10
29.67972216371251
 20
48.76774600000001
 10
21.80572216371252
 20
48.76774600000001
 10
21.80572216371252
 20
61.91224600000001
 10
29.36222216371252
 20
61.91224600000001
  0
LWPOLYLINE
  5
61F8
330
6F
100
AcDbEntity
  8
PG_WB-SILK-R01-BOTTOM
100
AcDbPolyline
 90
        2
 70
     0
 43
0.127
 10
32.79122216371252
 20
61.97574600000001
 10
35.07722216371252
 20
61.97574600000001
  0
LWPOLYLINE
  5
61F9
330
6F
100
AcDbEntity
  8
PG_WB-SILK-R01-BOTTOM
100
AcDbPolyline
 90
        4
 70
     0
 43
0.127
 10
38.31572216371254
 20
61.97574600000001
 10
39.07772216371254
 20
61.97574600000001
 10
39.07772216371254
 20
48.76774600000001
 10
38.37922216371251
 20
48.76774600000001
  0
LWPOLYLINE
  5
62C3
330
6F
100
AcDbEntity
  8
PIN_BOTTOM
100
AcDbPolyline
 90
        4
 70
     1
 43
0.0
 10
52.06601216371251
 20
60.62726000000001
 10
52.57401216371253
 20
60.62726000000001
 10
52.57401216371253
 20
59.99226000000001
 10
52.06601216371251
 20
59.99226000000001
  0
LWPOLYLINE
  5
69FC
330
6F
100
AcDbEntity
  8
PIN_BOTTOM
100
AcDbPolyline
 90
        4
 70
     1
 43
0.0
 10
54.52905016371253
 20
52.75173600000002
 10
52.95425016371251
 20
52.75173600000002
 10
52.95425016371251
 20
53.03113600000001
 10
54.52905016371253
 20
53.03113600000001
  0
LWPOLYLINE
  5
69FD
330
6F
100
AcDbEntity
  8
PIN_BOTTOM
100
AcDbPolyline
 90
        4
 70
     1
 43
0.0
 10
54.52905016371253
 20
53.25160800000001
 10
52.95425016371251
 20
53.25160800000001
 10
52.95425016371251
 20
53.531008
 10
54.52905016371253
 20
53.531008
  0
LWPOLYLINE
  5
69FE
330
6F
100
AcDbEntity
  8
PIN_BOTTOM
100
AcDbPolyline
 90
        4
 70
     1
 43
0.0
 10
54.52905016371253
 20
53.75173400000001
 10
52.95425016371251
 20
53.75173400000001
 10
52.95425016371251
 20
54.03113400000001
 10
54.52905016371253
 20
54.03113400000001
  0
LWPOLYLINE
  5
69FF
330
6F
100
AcDbEntity
  8
PIN_BOTTOM
100
AcDbPolyline
 90
        4
 70
     1
 43
0.0
 10
54.52905016371253
 20
54.25160600000001
 10
52.95425016371251
 20
54.25160600000001
 10
52.95425016371251
 20
54.53100600000002
 10
54.52905016371253
 20
54.53100600000002
  0
LWPOLYLINE
  5
6A00
330
6F
100
AcDbEntity
  8
PIN_BOTTOM
100
AcDbPolyline
 90
        4
 70
     1
 43
0.0
 10
48.07897416371253
 20
54.00167000000001
 10
46.50417416371252
 20
54.00167000000001
 10
46.50417416371252
 20
54.28107
 10
48.07897416371253
 20
54.28107
  0
LWPOLYLINE
  5
6A01
330
6F
100
AcDbEntity
  8
PIN_BOTTOM
100
AcDbPolyline
 90
        4
 70
     1
 43
0.0
 10
48.07897416371253
 20
52.50154600000001
 10
46.50417416371252
 20
52.50154600000001
 10
46.50417416371252
 20
52.78094600000001
 10
48.07897416371253
 20
52.78094600000001
  0
LWPOLYLINE
  5
6A02
330
6F
100
AcDbEntity
  8
PIN_BOTTOM
100
AcDbPolyline
 90
        4
 70
     1
 43
0.0
 10
48.07897416371253
 20
53.00167200000001
 10
46.50417416371252
 20
53.00167200000001
 10
46.50417416371252
 20
53.28107200000001
 10
48.07897416371253
 20
53.28107200000001
  0
LWPOLYLINE
  5
6A03
330
6F
100
AcDbEntity
  8
PIN_BOTTOM
100
AcDbPolyline
 90
        4
 70
     1
 43
0.0
 10
48.07897416371253
 20
53.501544
 10
46.50417416371252
 20
53.501544
 10
46.50417416371252
 20
53.78094400000001
 10
48.07897416371253
 20
53.78094400000001
  0
LWPOLYLINE
  5
6A04
330
6F
100
AcDbEntity
  8
PIN_BOTTOM
100
AcDbPolyline
 90
        4
 70
     1
 43
0.0
 10
54.52905016371253
 20
52.25161000000001
 10
52.95425016371251
 20
52.25161000000001
 10
52.95425016371251
 20
52.53101
 10
54.52905016371253
 20
52.53101
  0
LWPOLYLINE
  5
6A05
330
6F
100
AcDbEntity
  8
PIN_BOTTOM
100
AcDbPolyline
 90
        4
 70
     1
 43
0.0
 10
48.90091816371253
 20
57.13171200000001
 10
46.13231816371254
 20
57.13171200000001
 10
46.13231816371254
 20
58.35091200000001
 10
48.90091816371253
 20
58.35091200000001
  0
CIRCLE
  5
6A06
330
6F
100
AcDbEntity
  8
PIN_BOTTOM
100
AcDbCircle
 10
52.01673616371252
 20
57.39130000000002
 30
0.0
 40
0.8001000000000001
  0
CIRCLE
  5
6A07
330
6F
100
AcDbEntity
  8
PIN_BOTTOM
100
AcDbCircle
 10
52.01673616371252
 20
37.39134000000002
 30
0.0
 40
0.5588
  0
LWPOLYLINE
  5
6A08
330
6F
100
AcDbEntity
  8
PIN_BOTTOM
100
AcDbPolyline
 90
        4
 70
     1
 43
0.0
 10
48.90091816371253
 20
36.43172800000002
 10
46.13231816371254
 20
36.43172800000002
 10
46.13231816371254
 20
37.65092800000001
 10
48.90091816371253
 20
37.65092800000001
  0
LWPOLYLINE
  5
6A09
330
6F
100
AcDbEntity
  8
PIN_BOTTOM
100
AcDbPolyline
 90
        4
 70
     1
 43
0.0
 10
54.52905016371253
 20
51.75173800000002
 10
52.95425016371251
 20
51.75173800000002
 10
52.95425016371251
 20
52.03113800000001
 10
54.52905016371253
 20
52.03113800000001
  0
LWPOLYLINE
  5
6A0A
330
6F
100
AcDbEntity
  8
PIN_BOTTOM
100
AcDbPolyline
 90
        4
 70
     1
 43
0.0
 10
54.52905016371253
 20
51.25161200000001
 10
52.95425016371251
 20
51.25161200000001
 10
52.95425016371251
 20
51.53101200000001
 10
54.52905016371253
 20
51.53101200000001
  0
LWPOLYLINE
  5
6A0B
330
6F
100
AcDbEntity
  8
PIN_BOTTOM
100
AcDbPolyline
 90
        4
 70
     1
 43
0.0
 10
54.52905016371253
 20
50.75174000000002
 10
52.95425016371251
 20
50.75174000000002
 10
52.95425016371251
 20
51.03114000000001
 10
54.52905016371253
 20
51.03114000000001
  0
LWPOLYLINE
  5
6A0C
330
6F
100
AcDbEntity
  8
PIN_BOTTOM
100
AcDbPolyline
 90
        4
 70
     1
 43
0.0
 10
54.52905016371253
 20
50.25161400000001
 10
52.95425016371251
 20
50.25161400000001
 10
52.95425016371251
 20
50.53101400000001
 10
54.52905016371253
 20
50.53101400000001
  0
LWPOLYLINE
  5
6A0D
330
6F
100
AcDbEntity
  8
PIN_BOTTOM
100
AcDbPolyline
 90
        4
 70
     1
 43
0.0
 10
54.52905016371253
 20
49.75174200000001
 10
52.95425016371251
 20
49.75174200000001
 10
52.95425016371251
 20
50.03114200000001
 10
54.52905016371253
 20
50.03114200000001
  0
LWPOLYLINE
  5
6A0E
330
6F
100
AcDbEntity
  8
PIN_BOTTOM
100
AcDbPolyline
 90
        4
 70
     1
 43
0.0
 10
54.52905016371253
 20
49.25161600000001
 10
52.95425016371251
 20
49.25161600000001
 10
52.95425016371251
 20
49.531016
 10
54.52905016371253
 20
49.531016
  0
LWPOLYLINE
  5
6A0F
330
6F
100
AcDbEntity
  8
PIN_BOTTOM
100
AcDbPolyline
 90
        4
 70
     1
 43
0.0
 10
54.52905016371253
 20
48.75174400000002
 10
52.95425016371251
 20
48.75174400000002
 10
52.95425016371251
 20
49.03114400000001
 10
54.52905016371253
 20
49.03114400000001
  0
LWPOLYLINE
  5
6A10
330
6F
100
AcDbEntity
  8
PIN_BOTTOM
100
AcDbPolyline
 90
        4
 70
     1
 43
0.0
 10
54.52905016371253
 20
48.25161800000001
 10
52.95425016371251
 20
48.25161800000001
 10
52.95425016371251
 20
48.53101800000001
 10
54.52905016371253
 20
48.53101800000001
  0
LWPOLYLINE
  5
6A11
330
6F
100
AcDbEntity
  8
PIN_BOTTOM
100
AcDbPolyline
 90
        4
 70
     1
 43
0.0
 10
54.52905016371253
 20
47.75174600000002
 10
52.95425016371251
 20
47.75174600000002
 10
52.95425016371251
 20
48.03114600000001
 10
54.52905016371253
 20
48.03114600000001
  0
LWPOLYLINE
  5
6A12
330
6F
100
AcDbEntity
  8
PIN_BOTTOM
100
AcDbPolyline
 90
        4
 70
     1
 43
0.0
 10
54.52905016371253
 20
47.25162000000001
 10
52.95425016371251
 20
47.25162000000001
 10
52.95425016371251
 20
47.53102000000001
 10
54.52905016371253
 20
47.53102000000001
  0
LWPOLYLINE
  5
6A13
330
6F
100
AcDbEntity
  8
PIN_BOTTOM
100
AcDbPolyline
 90
        4
 70
     1
 43
0.0
 10
54.52905016371253
 20
46.75149400000001
 10
52.95425016371251
 20
46.75149400000001
 10
52.95425016371251
 20
47.03089400000002
 10
54.52905016371253
 20
47.03089400000002
  0
LWPOLYLINE
  5
6A14
330
6F
100
AcDbEntity
  8
PIN_BOTTOM
100
AcDbPolyline
 90
        4
 70
     1
 43
0.0
 10
54.52905016371253
 20
46.25162200000001
 10
52.95425016371251
 20
46.25162200000001
 10
52.95425016371251
 20
46.53102200000001
 10
54.52905016371253
 20
46.53102200000001
  0
LWPOLYLINE
  5
6A15
330
6F
100
AcDbEntity
  8
PIN_BOTTOM
100
AcDbPolyline
 90
        4
 70
     1
 43
0.0
 10
54.52905016371253
 20
45.75149600000002
 10
52.95425016371251
 20
45.75149600000002
 10
52.95425016371251
 20
46.03089600000002
 10
54.52905016371253
 20
46.03089600000002
  0
LWPOLYLINE
  5
6A16
330
6F
100
AcDbEntity
  8
PIN_BOTTOM
100
AcDbPolyline
 90
        4
 70
     1
 43
0.0
 10
54.52905016371253
 20
43.25162800000001
 10
52.95425016371251
 20
43.25162800000001
 10
52.95425016371251
 20
43.53102800000002
 10
54.52905016371253
 20
43.53102800000002
  0
LWPOLYLINE
  5
6A17
330
6F
100
AcDbEntity
  8
PIN_BOTTOM
100
AcDbPolyline
 90
        4
 70
     1
 43
0.0
 10
54.52905016371253
 20
42.75150200000001
 10
52.95425016371251
 20
42.75150200000001
 10
52.95425016371251
 20
43.03090200000002
 10
54.52905016371253
 20
43.03090200000002
  0
LWPOLYLINE
  5
6A18
330
6F
100
AcDbEntity
  8
PIN_BOTTOM
100
AcDbPolyline
 90
        4
 70
     1
 43
0.0
 10
54.52905016371253
 20
42.25163000000001
 10
52.95425016371251
 20
42.25163000000001
 10
52.95425016371251
 20
42.53103000000002
 10
54.52905016371253
 20
42.53103000000002
  0
LWPOLYLINE
  5
6A19
330
6F
100
AcDbEntity
  8
PIN_BOTTOM
100
AcDbPolyline
 90
        4
 70
     1
 43
0.0
 10
54.52905016371253
 20
41.75150400000001
 10
52.95425016371251
 20
41.75150400000001
 10
52.95425016371251
 20
42.03090400000001
 10
54.52905016371253
 20
42.03090400000001
  0
LWPOLYLINE
  5
6A1A
330
6F
100
AcDbEntity
  8
PIN_BOTTOM
100
AcDbPolyline
 90
        4
 70
     1
 43
0.0
 10
54.52905016371253
 20
41.25163200000002
 10
52.95425016371251
 20
41.25163200000002
 10
52.95425016371251
 20
41.53103200000002
 10
54.52905016371253
 20
41.53103200000002
  0
LWPOLYLINE
  5
6A1B
330
6F
100
AcDbEntity
  8
PIN_BOTTOM
100
AcDbPolyline
 90
        4
 70
     1
 43
0.0
 10
54.52905016371253
 20
40.75150600000001
 10
52.95425016371251
 20
40.75150600000001
 10
52.95425016371251
 20
41.03090600000001
 10
54.52905016371253
 20
41.03090600000001
  0
LWPOLYLINE
  5
6A1C
330
6F
100
AcDbEntity
  8
PIN_BOTTOM
100
AcDbPolyline
 90
        4
 70
     1
 43
0.0
 10
54.52905016371253
 20
40.25163400000002
 10
52.95425016371251
 20
40.25163400000002
 10
52.95425016371251
 20
40.53103400000002
 10
54.52905016371253
 20
40.53103400000002
  0
LWPOLYLINE
  5
6A1D
330
6F
100
AcDbEntity
  8
PIN_BOTTOM
100
AcDbPolyline
 90
        4
 70
     1
 43
0.0
 10
54.52905016371253
 20
39.75150800000001
 10
52.95425016371251
 20
39.75150800000001
 10
52.95425016371251
 20
40.03090800000001
 10
54.52905016371253
 20
40.03090800000001
  0
LWPOLYLINE
  5
6A1E
330
6F
100
AcDbEntity
  8
PIN_BOTTOM
100
AcDbPolyline
 90
        4
 70
     1
 43
0.0
 10
54.52905016371253
 20
39.25163600000001
 10
52.95425016371251
 20
39.25163600000001
 10
52.95425016371251
 20
39.53103600000002
 10
54.52905016371253
 20
39.53103600000002
  0
LWPOLYLINE
  5
6A1F
330
6F
100
AcDbEntity
  8
PIN_BOTTOM
100
AcDbPolyline
 90
        4
 70
     1
 43
0.0
 10
54.52905016371253
 20
38.75151000000001
 10
52.95425016371251
 20
38.75151000000001
 10
52.95425016371251
 20
39.03091000000001
 10
54.52905016371253
 20
39.03091000000001
  0
LWPOLYLINE
  5
6A20
330
6F
100
AcDbEntity
  8
PIN_BOTTOM
100
AcDbPolyline
 90
        4
 70
     1
 43
0.0
 10
54.52905016371253
 20
38.25163800000002
 10
52.95425016371251
 20
38.25163800000002
 10
52.95425016371251
 20
38.53103800000002
 10
54.52905016371253
 20
38.53103800000002
  0
LWPOLYLINE
  5
6A21
330
6F
100
AcDbEntity
  8
PIN_BOTTOM
100
AcDbPolyline
 90
        4
 70
     1
 43
0.0
 10
54.52905016371253
 20
56.25160200000001
 10
52.95425016371251
 20
56.25160200000001
 10
52.95425016371251
 20
56.53100200000001
 10
54.52905016371253
 20
56.53100200000001
  0
LWPOLYLINE
  5
6A22
330
6F
100
AcDbEntity
  8
PIN_BOTTOM
100
AcDbPolyline
 90
        4
 70
     1
 43
0.0
 10
54.52905016371253
 20
55.75173000000002
 10
52.95425016371251
 20
55.75173000000002
 10
52.95425016371251
 20
56.03113000000002
 10
54.52905016371253
 20
56.03113000000002
  0
LWPOLYLINE
  5
6A23
330
6F
100
AcDbEntity
  8
PIN_BOTTOM
100
AcDbPolyline
 90
        4
 70
     1
 43
0.0
 10
54.52905016371253
 20
55.25160400000001
 10
52.95425016371251
 20
55.25160400000001
 10
52.95425016371251
 20
55.53100400000001
 10
54.52905016371253
 20
55.53100400000001
  0
LWPOLYLINE
  5
6A24
330
6F
100
AcDbEntity
  8
PIN_BOTTOM
100
AcDbPolyline
 90
        4
 70
     1
 43
0.0
 10
54.52905016371253
 20
54.75173200000001
 10
52.95425016371251
 20
54.75173200000001
 10
52.95425016371251
 20
55.03113200000001
 10
54.52905016371253
 20
55.03113200000001
  0
LWPOLYLINE
  5
6A25
330
6F
100
AcDbEntity
  8
PIN_BOTTOM
100
AcDbPolyline
 90
        4
 70
     1
 43
0.0
 10
48.07897416371253
 20
51.50154800000001
 10
46.50417416371252
 20
51.50154800000001
 10
46.50417416371252
 20
51.78094800000001
 10
48.07897416371253
 20
51.78094800000001
  0
LWPOLYLINE
  5
6A26
330
6F
100
AcDbEntity
  8
PIN_BOTTOM
100
AcDbPolyline
 90
        4
 70
     1
 43
0.0
 10
48.07897416371253
 20
51.00167600000002
 10
46.50417416371252
 20
51.00167600000002
 10
46.50417416371252
 20
51.28107600000001
 10
48.07897416371253
 20
51.28107600000001
  0
LWPOLYLINE
  5
6A27
330
6F
100
AcDbEntity
  8
PIN_BOTTOM
100
AcDbPolyline
 90
        4
 70
     1
 43
0.0
 10
48.07897416371253
 20
50.50155000000001
 10
46.50417416371252
 20
50.50155000000001
 10
46.50417416371252
 20
50.78095000000001
 10
48.07897416371253
 20
50.78095000000001
  0
LWPOLYLINE
  5
6A28
330
6F
100
AcDbEntity
  8
PIN_BOTTOM
100
AcDbPolyline
 90
        4
 70
     1
 43
0.0
 10
48.07897416371253
 20
50.00167800000002
 10
46.50417416371252
 20
50.00167800000002
 10
46.50417416371252
 20
50.28107800000001
 10
48.07897416371253
 20
50.28107800000001
  0
LWPOLYLINE
  5
6A29
330
6F
100
AcDbEntity
  8
PIN_BOTTOM
100
AcDbPolyline
 90
        4
 70
     1
 43
0.0
 10
48.07897416371253
 20
49.50155200000001
 10
46.50417416371252
 20
49.50155200000001
 10
46.50417416371252
 20
49.78095200000002
 10
48.07897416371253
 20
49.78095200000002
  0
LWPOLYLINE
  5
6A2A
330
6F
100
AcDbEntity
  8
PIN_BOTTOM
100
AcDbPolyline
 90
        4
 70
     1
 43
0.0
 10
48.07897416371253
 20
49.00168000000001
 10
46.50417416371252
 20
49.00168000000001
 10
46.50417416371252
 20
49.28108000000001
 10
48.07897416371253
 20
49.28108000000001
  0
LWPOLYLINE
  5
6A2B
330
6F
100
AcDbEntity
  8
PIN_BOTTOM
100
AcDbPolyline
 90
        4
 70
     1
 43
0.0
 10
48.07897416371253
 20
48.50155400000002
 10
46.50417416371252
 20
48.50155400000002
 10
46.50417416371252
 20
48.78095400000002
 10
48.07897416371253
 20
48.78095400000002
  0
LWPOLYLINE
  5
6A2C
330
6F
100
AcDbEntity
  8
PIN_BOTTOM
100
AcDbPolyline
 90
        4
 70
     1
 43
0.0
 10
48.07897416371253
 20
48.00168200000001
 10
46.50417416371252
 20
48.00168200000001
 10
46.50417416371252
 20
48.28108200000001
 10
48.07897416371253
 20
48.28108200000001
  0
LWPOLYLINE
  5
6A2D
330
6F
100
AcDbEntity
  8
PIN_BOTTOM
100
AcDbPolyline
 90
        4
 70
     1
 43
0.0
 10
48.07897416371253
 20
47.50155600000002
 10
46.50417416371252
 20
47.50155600000002
 10
46.50417416371252
 20
47.78095600000002
 10
48.07897416371253
 20
47.78095600000002
  0
LWPOLYLINE
  5
6A2E
330
6F
100
AcDbEntity
  8
PIN_BOTTOM
100
AcDbPolyline
 90
        4
 70
     1
 43
0.0
 10
48.07897416371253
 20
47.00168400000001
 10
46.50417416371252
 20
47.00168400000001
 10
46.50417416371252
 20
47.28108400000001
 10
48.07897416371253
 20
47.28108400000001
  0
LWPOLYLINE
  5
6A2F
330
6F
100
AcDbEntity
  8
PIN_BOTTOM
100
AcDbPolyline
 90
        4
 70
     1
 43
0.0
 10
48.07897416371253
 20
46.50155800000002
 10
46.50417416371252
 20
46.50155800000002
 10
46.50417416371252
 20
46.78095800000001
 10
48.07897416371253
 20
46.78095800000001
  0
LWPOLYLINE
  5
6A30
330
6F
100
AcDbEntity
  8
PIN_BOTTOM
100
AcDbPolyline
 90
        4
 70
     1
 43
0.0
 10
48.07897416371253
 20
46.00168600000001
 10
46.50417416371252
 20
46.00168600000001
 10
46.50417416371252
 20
46.28108600000001
 10
48.07897416371253
 20
46.28108600000001
  0
LWPOLYLINE
  5
6A31
330
6F
100
AcDbEntity
  8
PIN_BOTTOM
100
AcDbPolyline
 90
        4
 70
     1
 43
0.0
 10
48.07897416371253
 20
43.50156400000002
 10
46.50417416371252
 20
43.50156400000002
 10
46.50417416371252
 20
43.78096400000002
 10
48.07897416371253
 20
43.78096400000002
  0
LWPOLYLINE
  5
6A32
330
6F
100
AcDbEntity
  8
PIN_BOTTOM
100
AcDbPolyline
 90
        4
 70
     1
 43
0.0
 10
48.07897416371253
 20
43.00169200000001
 10
46.50417416371252
 20
43.00169200000001
 10
46.50417416371252
 20
43.28109200000001
 10
48.07897416371253
 20
43.28109200000001
  0
LWPOLYLINE
  5
6A33
330
6F
100
AcDbEntity
  8
PIN_BOTTOM
100
AcDbPolyline
 90
        4
 70
     1
 43
0.0
 10
48.07897416371253
 20
42.50156600000001
 10
46.50417416371252
 20
42.50156600000001
 10
46.50417416371252
 20
42.78096600000001
 10
48.07897416371253
 20
42.78096600000001
  0
LWPOLYLINE
  5
6A34
330
6F
100
AcDbEntity
  8
PIN_BOTTOM
100
AcDbPolyline
 90
        4
 70
     1
 43
0.0
 10
48.07897416371253
 20
42.00169400000001
 10
46.50417416371252
 20
42.00169400000001
 10
46.50417416371252
 20
42.28109400000001
 10
48.07897416371253
 20
42.28109400000001
  0
LWPOLYLINE
  5
6A35
330
6F
100
AcDbEntity
  8
PIN_BOTTOM
100
AcDbPolyline
 90
        4
 70
     1
 43
0.0
 10
48.07897416371253
 20
41.50156800000001
 10
46.50417416371252
 20
41.50156800000001
 10
46.50417416371252
 20
41.78096800000001
 10
48.07897416371253
 20
41.78096800000001
  0
LWPOLYLINE
  5
6A36
330
6F
100
AcDbEntity
  8
PIN_BOTTOM
100
AcDbPolyline
 90
        4
 70
     1
 43
0.0
 10
48.07897416371253
 20
41.00169600000001
 10
46.50417416371252
 20
41.00169600000001
 10
46.50417416371252
 20
41.28109600000001
 10
48.07897416371253
 20
41.28109600000001
  0
LWPOLYLINE
  5
6A37
330
6F
100
AcDbEntity
  8
PIN_BOTTOM
100
AcDbPolyline
 90
        4
 70
     1
 43
0.0
 10
48.07897416371253
 20
40.50157000000001
 10
46.50417416371252
 20
40.50157000000001
 10
46.50417416371252
 20
40.78097000000002
 10
48.07897416371253
 20
40.78097000000002
  0
LWPOLYLINE
  5
6A38
330
6F
100
AcDbEntity
  8
PIN_BOTTOM
100
AcDbPolyline
 90
        4
 70
     1
 43
0.0
 10
48.07897416371253
 20
40.001698
 10
46.50417416371252
 20
40.001698
 10
46.50417416371252
 20
40.28109800000001
 10
48.07897416371253
 20
40.28109800000001
  0
LWPOLYLINE
  5
6A39
330
6F
100
AcDbEntity
  8
PIN_BOTTOM
100
AcDbPolyline
 90
        4
 70
     1
 43
0.0
 10
48.07897416371253
 20
39.50157200000001
 10
46.50417416371252
 20
39.50157200000001
 10
46.50417416371252
 20
39.78097200000001
 10
48.07897416371253
 20
39.78097200000001
  0
LWPOLYLINE
  5
6A3A
330
6F
100
AcDbEntity
  8
PIN_BOTTOM
100
AcDbPolyline
 90
        4
 70
     1
 43
0.0
 10
48.07897416371253
 20
39.00170000000001
 10
46.50417416371252
 20
39.00170000000001
 10
46.50417416371252
 20
39.28110000000002
 10
48.07897416371253
 20
39.28110000000002
  0
LWPOLYLINE
  5
6A3B
330
6F
100
AcDbEntity
  8
PIN_BOTTOM
100
AcDbPolyline
 90
        4
 70
     1
 43
0.0
 10
48.07897416371253
 20
38.50157400000001
 10
46.50417416371252
 20
38.50157400000001
 10
46.50417416371252
 20
38.78097400000001
 10
48.07897416371253
 20
38.78097400000001
  0
LWPOLYLINE
  5
6A3C
330
6F
100
AcDbEntity
  8
PIN_BOTTOM
100
AcDbPolyline
 90
        4
 70
     1
 43
0.0
 10
48.07897416371253
 20
38.00170200000002
 10
46.50417416371252
 20
38.00170200000002
 10
46.50417416371252
 20
38.28110200000002
 10
48.07897416371253
 20
38.28110200000002
  0
LWPOLYLINE
  5
6A3D
330
6F
100
AcDbEntity
  8
PIN_BOTTOM
100
AcDbPolyline
 90
        4
 70
     1
 43
0.0
 10
48.07897416371253
 20
56.50153800000001
 10
46.50417416371252
 20
56.50153800000001
 10
46.50417416371252
 20
56.78093800000001
 10
48.07897416371253
 20
56.78093800000001
  0
LWPOLYLINE
  5
6A3E
330
6F
100
AcDbEntity
  8
PIN_BOTTOM
100
AcDbPolyline
 90
        4
 70
     1
 43
0.0
 10
48.07897416371253
 20
56.00166600000001
 10
46.50417416371252
 20
56.00166600000001
 10
46.50417416371252
 20
56.28106600000002
 10
48.07897416371253
 20
56.28106600000002
  0
LWPOLYLINE
  5
6A3F
330
6F
100
AcDbEntity
  8
PIN_BOTTOM
100
AcDbPolyline
 90
        4
 70
     1
 43
0.0
 10
48.07897416371253
 20
55.50154000000002
 10
46.50417416371252
 20
55.50154000000002
 10
46.50417416371252
 20
55.78094000000001
 10
48.07897416371253
 20
55.78094000000001
  0
LWPOLYLINE
  5
6A40
330
6F
100
AcDbEntity
  8
PIN_BOTTOM
100
AcDbPolyline
 90
        4
 70
     1
 43
0.0
 10
48.07897416371253
 20
55.00166800000002
 10
46.50417416371252
 20
55.00166800000002
 10
46.50417416371252
 20
55.28106800000002
 10
48.07897416371253
 20
55.28106800000002
  0
LWPOLYLINE
  5
6A41
330
6F
100
AcDbEntity
  8
PIN_BOTTOM
100
AcDbPolyline
 90
        4
 70
     1
 43
0.0
 10
48.07897416371253
 20
54.50154200000002
 10
46.50417416371252
 20
54.50154200000002
 10
46.50417416371252
 20
54.78094200000001
 10
48.07897416371253
 20
54.78094200000001
  0
LWPOLYLINE
  5
6A42
330
6F
100
AcDbEntity
  8
PIN_BOTTOM
100
AcDbPolyline
 90
        4
 70
     1
 43
0.0
 10
48.07897416371253
 20
52.00167400000001
 10
46.50417416371252
 20
52.00167400000001
 10
46.50417416371252
 20
52.28107400000001
 10
48.07897416371253
 20
52.28107400000001
  0
LWPOLYLINE
  5
6A43
330
6F
100
AcDbEntity
  8
PG_WB-SILK-R01-BOTTOM
100
AcDbPolyline
 90
        2
 70
     0
 43
0.127
 10
53.54683216371253
 20
36.30879200000001
 10
47.50645816371252
 20
36.30879200000001
  0
LWPOLYLINE
  5
6A44
330
6F
100
AcDbEntity
  8
PG_WB-SILK-R01-BOTTOM
100
AcDbPolyline
 90
        2
 70
     0
 43
0.127
 10
53.54683216371253
 20
38.15334000000002
 10
53.54683216371253
 20
36.30879200000001
  0
LWPOLYLINE
  5
6A45
330
6F
100
AcDbEntity
  8
PG_WB-SILK-R01-BOTTOM
100
AcDbPolyline
 90
        2
 70
     0
 43
0.127
 10
47.50645816371252
 20
36.30879200000001
 10
47.50645816371252
 20
36.44900000000002
  0
LWPOLYLINE
  5
6A46
330
6F
100
AcDbEntity
  8
PG_WB-SILK-R01-BOTTOM
100
AcDbPolyline
 90
        2
 70
     0
 43
0.127
 10
53.54683216371253
 20
45.65142000000001
 10
53.54683216371253
 20
43.64736000000001
  0
LWPOLYLINE
  5
6A47
330
6F
100
AcDbEntity
  8
PG_WB-SILK-R01-BOTTOM
100
AcDbPolyline
 90
        2
 70
     0
 43
0.127
 10
47.50645816371252
 20
43.88104000000002
 10
47.50645816371252
 20
45.90542000000001
  0
LWPOLYLINE
  5
6A48
330
6F
100
AcDbEntity
  8
PG_WB-SILK-R01-BOTTOM
100
AcDbPolyline
 90
        2
 70
     0
 43
0.127
 10
53.54683216371253
 20
58.46140200000001
 10
53.54683216371253
 20
56.65216
  0
LWPOLYLINE
  5
6A49
330
6F
100
AcDbEntity
  8
PG_WB-SILK-R01-BOTTOM
100
AcDbPolyline
 90
        2
 70
     0
 43
0.127
 10
53.54683216371253
 20
58.46140200000001
 10
47.50645816371252
 20
58.46140200000001
  0
LWPOLYLINE
  5
6A4A
330
6F
100
AcDbEntity
  8
PG_WB-SILK-R01-BOTTOM
100
AcDbPolyline
 90
        2
 70
     0
 43
0.127
 10
47.50645816371252
 20
58.37936000000001
 10
47.50645816371252
 20
58.46140200000001
  0
LWPOLYLINE
  5
6A61
330
6F
100
AcDbEntity
  8
PIN_BOTTOM
100
AcDbPolyline
 90
        4
 70
     1
 43
0.0
 10
28.22760416371253
 20
28.54477400000001
 10
26.24640416371253
 20
28.54477400000001
 42
-1.0
 10
26.24640416371253
 20
29.86557400000001
 10
28.22760416371253
 20
29.86557400000001
 42
-1.0
  0
LWPOLYLINE
  5
6A62
330
6F
100
AcDbEntity
  8
PIN_BOTTOM
100
AcDbPolyline
 90
        4
 70
     1
 43
0.0
 10
28.22760416371253
 20
41.34485000000001
 10
26.24640416371253
 20
41.34485000000001
 42
-1.0
 10
26.24640416371253
 20
42.66565000000001
 10
28.22760416371253
 20
42.66565000000001
 42
-1.0
  0
LWPOLYLINE
  5
6A63
330
6F
100
AcDbEntity
  8
PIN_BOTTOM
100
AcDbPolyline
 90
        4
 70
     1
 43
0.0
 10
33.93549216371253
 20
28.54477400000001
 10
32.53849216371254
 20
28.54477400000001
 42
-1.0
 10
32.53849216371254
 20
29.86557400000001
 10
33.93549216371253
 20
29.86557400000001
 42
-1.0
  0
LWPOLYLINE
  5
6A64
330
6F
100
AcDbEntity
  8
PIN_BOTTOM
100
AcDbPolyline
 90
        4
 70
     1
 43
0.0
 10
33.93549216371253
 20
41.34485000000001
 10
32.53849216371254
 20
41.34485000000001
 42
-1.0
 10
32.53849216371254
 20
42.66565000000001
 10
33.93549216371253
 20
42.66565000000001
 42
-1.0
  0
CIRCLE
  5
6A65
330
6F
100
AcDbEntity
  8
PIN_BOTTOM
100
AcDbCircle
 10
32.43689216371254
 20
34.60521400000002
 30
0.0
 40
0.508
  0
CIRCLE
  5
6A66
330
6F
100
AcDbEntity
  8
PIN_BOTTOM
100
AcDbCircle
 10
32.43689216371254
 20
36.60521000000001
 30
0.0
 40
0.508
  0
CIRCLE
  5
6A67
330
6F
100
AcDbEntity
  8
PIN_BOTTOM
100
AcDbCircle
 10
32.43689216371254
 20
32.10509200000001
 30
0.0
 40
0.508
  0
CIRCLE
  5
6A68
330
6F
100
AcDbEntity
  8
PIN_BOTTOM
100
AcDbCircle
 10
32.43689216371254
 20
39.10533200000002
 30
0.0
 40
0.508
  0
CIRCLE
  5
6A69
330
6F
100
AcDbEntity
  8
PIN_BOTTOM
100
AcDbCircle
 10
33.63704216371252
 20
31.60522000000002
 30
0.0
 40
0.508
  0
CIRCLE
  5
6A6A
330
6F
100
AcDbEntity
  8
PIN_BOTTOM
100
AcDbCircle
 10
33.63704216371252
 20
33.60521600000001
 30
0.0
 40
0.508
  0
CIRCLE
  5
6A6B
330
6F
100
AcDbEntity
  8
PIN_BOTTOM
100
AcDbCircle
 10
33.63704216371252
 20
35.60521200000002
 30
0.0
 40
0.508
  0
CIRCLE
  5
6A6C
330
6F
100
AcDbEntity
  8
PIN_BOTTOM
100
AcDbCircle
 10
33.63704216371252
 20
37.60520800000002
 30
0.0
 40
0.508
  0
CIRCLE
  5
6A6D
330
6F
100
AcDbEntity
  8
PIN_BOTTOM
100
AcDbCircle
 10
33.63704216371252
 20
39.60520400000002
 30
0.0
 40
0.508
  0
LWPOLYLINE
  5
6A6E
330
6F
100
AcDbEntity
  8
PG_WB-SILK-R01-BOTTOM
100
AcDbPolyline
 90
        2
 70
     0
 43
0.127
 10
33.73686416371251
 20
30.95523400000001
 10
33.73686416371251
 20
30.00527400000001
  0
LWPOLYLINE
  5
6A6F
330
6F
100
AcDbEntity
  8
PG_WB-SILK-R01-BOTTOM
100
AcDbPolyline
 90
        2
 70
     0
 43
0.127
 10
33.73686416371251
 20
32.95523000000001
 10
33.73686416371251
 20
32.25520600000002
  0
LWPOLYLINE
  5
6A70
330
6F
100
AcDbEntity
  8
PG_WB-SILK-R01-BOTTOM
100
AcDbPolyline
 90
        2
 70
     0
 43
0.127
 10
33.73686416371251
 20
34.95522600000002
 10
33.73686416371251
 20
34.25520200000002
  0
LWPOLYLINE
  5
6A71
330
6F
100
AcDbEntity
  8
PG_WB-SILK-R01-BOTTOM
100
AcDbPolyline
 90
        2
 70
     0
 43
0.127
 10
33.73686416371251
 20
36.95522200000001
 10
33.73686416371251
 20
36.25519800000001
  0
LWPOLYLINE
  5
6A72
330
6F
100
AcDbEntity
  8
PG_WB-SILK-R01-BOTTOM
100
AcDbPolyline
 90
        2
 70
     0
 43
0.127
 10
33.73686416371251
 20
38.95521800000002
 10
33.73686416371251
 20
38.25519400000002
  0
LWPOLYLINE
  5
6A73
330
6F
100
AcDbEntity
  8
PG_WB-SILK-R01-BOTTOM
100
AcDbPolyline
 90
        2
 70
     0
 43
0.127
 10
25.43690616371252
 20
29.25521200000002
 10
21.63706616371253
 20
29.25521200000002
  0
LWPOLYLINE
  5
6A74
330
6F
100
AcDbEntity
  8
PG_WB-SILK-R01-BOTTOM
100
AcDbPolyline
 90
        2
 70
     0
 43
0.127
 10
29.03684816371251
 20
41.95521200000001
 10
31.73686816371253
 20
41.95521200000001
  0
LWPOLYLINE
  5
6A75
330
6F
100
AcDbEntity
  8
PG_WB-SILK-R01-BOTTOM
100
AcDbPolyline
 90
        2
 70
     0
 43
0.127
 10
21.63706616371253
 20
29.25521200000002
 10
21.63706616371253
 20
41.95521200000001
  0
LWPOLYLINE
  5
6A76
330
6F
100
AcDbEntity
  8
PG_WB-SILK-R01-BOTTOM
100
AcDbPolyline
 90
        2
 70
     0
 43
0.127
 10
31.73686816371253
 20
29.25521200000002
 10
29.03684816371251
 20
29.25521200000002
  0
LWPOLYLINE
  5
6A77
330
6F
100
AcDbEntity
  8
PG_WB-SILK-R01-BOTTOM
100
AcDbPolyline
 90
        2
 70
     0
 43
0.127
 10
33.73686416371251
 20
41.20515000000001
 10
33.73686416371251
 20
40.25519000000001
  0
LWPOLYLINE
  5
6A78
330
6F
100
AcDbEntity
  8
PG_WB-SILK-R01-BOTTOM
100
AcDbPolyline
 90
        2
 70
     0
 43
0.127
 10
21.63706616371253
 20
41.95521200000001
 10
25.43690616371252
 20
41.95521200000001
  0
LWPOLYLINE
  5
6A80
330
6F
100
AcDbEntity
  8
PG_WB-SILK-R01-BOTTOM
100
AcDbPolyline
 90
        3
 70
     1
 43
0.0
 10
34.58700216371253
 20
38.75532000000002
 10
35.18695016371251
 20
39.00525600000002
 10
35.18695016371251
 20
38.50513000000002
  0
CIRCLE
  5
6A83
330
6F
100
AcDbEntity
  8
PIN_BOTTOM
100
AcDbCircle
 10
95.16981216371252
 20
67.63512000000001
 30
0.0
 40
0.508
  0
CIRCLE
  5
6A84
330
6F
100
AcDbEntity
  8
PIN_BOTTOM
100
AcDbCircle
 10
24.98935816371253
 20
26.00706000000001
 30
0.0
 40
0.508
  0
CIRCLE
  5
6A88
330
6F
100
AcDbEntity
  8
PIN_BOTTOM
100
AcDbCircle
 10
101.9008121637125
 20
2.992120000000012
 30
0.0
 40
0.508
  0
CIRCLE
  5
6A89
330
6F
100
AcDbEntity
  8
PIN_BOTTOM
100
AcDbCircle
 10
28.74881216371253
 20
64.58712000000001
 30
0.0
 40
0.508
  0
LWPOLYLINE
  5
6A9F
330
6F
100
AcDbEntity
  8
PIN_BOTTOM
100
AcDbPolyline
 90
        4
 70
     1
 43
0.0
 10
78.46931216371252
 20
41.44772000000002
 10
71.48431216371253
 20
41.44772000000002
 10
71.48431216371253
 20
42.26052000000001
 10
78.46931216371252
 20
42.26052000000001
  0
LWPOLYLINE
  5
6AA0
330
6F
100
AcDbEntity
  8
PIN_BOTTOM
100
AcDbPolyline
 90
        4
 70
     1
 43
0.0
 10
81.1363121637125
 20
14.39672000000001
 10
74.15131216371253
 20
14.39672000000001
 10
74.15131216371253
 20
15.20952000000001
 10
81.1363121637125
 20
15.20952000000001
  0
LWPOLYLINE
  5
6AA1
330
6F
100
AcDbEntity
  8
PIN_BOTTOM
100
AcDbPolyline
 90
        4
 70
     1
 43
0.0
 10
91.46141216371252
 20
23.75662000000001
 10
91.46141216371252
 20
30.74162000000001
 10
92.27421216371253
 20
30.74162000000001
 10
92.27421216371253
 20
23.75662000000001
  0
LWPOLYLINE
  5
6AC6
330
6F
100
AcDbEntity
  8
PIN_BOTTOM
100
AcDbPolyline
 90
        4
 70
     1
 43
0.0
 10
70.40481216371253
 20
5.278120000000011
 10
71.67481216371252
 20
5.278120000000011
 10
71.67481216371252
 20
4.516120000000012
 10
70.40481216371253
 20
4.516120000000012
  0
LWPOLYLINE
  5
6AC7
330
6F
100
AcDbEntity
  8
PIN_BOTTOM
100
AcDbPolyline
 90
        4
 70
     1
 43
0.0
 10
70.40481216371253
 20
4.008120000000012
 10
71.67481216371252
 20
4.008120000000012
 10
71.67481216371252
 20
3.246120000000012
 10
70.40481216371253
 20
3.246120000000012
  0
LWPOLYLINE
  5
6AC8
330
6F
100
AcDbEntity
  8
PIN_BOTTOM
100
AcDbPolyline
 90
        4
 70
     1
 43
0.0
 10
78.02481216371254
 20
4.008120000000012
 10
79.29481216371252
 20
4.008120000000012
 10
79.29481216371252
 20
3.246120000000012
 10
78.02481216371254
 20
3.246120000000012
  0
LWPOLYLINE
  5
6AC9
330
6F
100
AcDbEntity
  8
PIN_BOTTOM
100
AcDbPolyline
 90
        4
 70
     1
 43
0.0
 10
78.02481216371254
 20
5.278120000000011
 10
79.29481216371252
 20
5.278120000000011
 10
79.29481216371252
 20
4.516120000000012
 10
78.02481216371254
 20
4.516120000000012
  0
LWPOLYLINE
  5
6ACA
330
6F
100
AcDbEntity
  8
PIN_BOTTOM
100
AcDbPolyline
 90
        4
 70
     1
 43
0.0
 10
42.92201216371253
 20
60.62980000000002
 10
42.92201216371253
 20
63.44920000000001
 10
43.93801216371253
 20
63.44920000000001
 10
43.93801216371253
 20
60.62980000000002
  0
LWPOLYLINE
  5
6ACB
330
6F
100
AcDbEntity
  8
PIN_BOTTOM
100
AcDbPolyline
 90
        4
 70
     1
 43
0.0
 10
45.46201216371253
 20
60.62980000000002
 10
45.46201216371253
 20
63.44920000000001
 10
46.47801216371251
 20
63.44920000000001
 10
46.47801216371251
 20
60.62980000000002
  0
LWPOLYLINE
  5
6ACC
330
6F
100
AcDbEntity
  8
PIN_BOTTOM
100
AcDbPolyline
 90
        4
 70
     1
 43
0.0
 10
48.00201216371252
 20
60.62980000000002
 10
48.00201216371252
 20
63.44920000000001
 10
49.01801216371251
 20
63.44920000000001
 10
49.01801216371251
 20
60.62980000000002
  0
LWPOLYLINE
  5
6ACD
330
6F
100
AcDbEntity
  8
PIN_BOTTOM
100
AcDbPolyline
 90
        4
 70
     1
 43
0.0
 10
50.54201216371251
 20
60.62980000000002
 10
50.54201216371251
 20
63.44920000000001
 10
51.5580121637125
 20
63.44920000000001
 10
51.5580121637125
 20
60.62980000000002
  0
LWPOLYLINE
  5
6ACE
330
6F
100
AcDbEntity
  8
PIN_BOTTOM
100
AcDbPolyline
 90
        4
 70
     1
 43
0.0
 10
53.08201216371251
 20
60.62980000000002
 10
53.08201216371251
 20
63.44920000000001
 10
54.09801216371253
 20
63.44920000000001
 10
54.09801216371253
 20
60.62980000000002
  0
LWPOLYLINE
  5
6ACF
330
6F
100
AcDbEntity
  8
PIN_BOTTOM
100
AcDbPolyline
 90
        4
 70
     1
 43
0.0
 10
55.62201216371253
 20
60.62980000000002
 10
55.62201216371253
 20
63.44920000000001
 10
56.63801216371251
 20
63.44920000000001
 10
56.63801216371251
 20
60.62980000000002
  0
LWPOLYLINE
  5
6AD0
330
6F
100
AcDbEntity
  8
PIN_BOTTOM
100
AcDbPolyline
 90
        4
 70
     1
 43
0.0
 10
58.16201216371251
 20
60.62980000000002
 10
58.16201216371251
 20
63.44920000000001
 10
59.17801216371254
 20
63.44920000000001
 10
59.17801216371254
 20
60.62980000000002
  0
LWPOLYLINE
  5
6AD1
330
6F
100
AcDbEntity
  8
PIN_BOTTOM
100
AcDbPolyline
 90
        4
 70
     1
 43
0.0
 10
60.70201216371251
 20
60.62980000000002
 10
60.70201216371251
 20
63.44920000000001
 10
61.71801216371253
 20
63.44920000000001
 10
61.71801216371253
 20
60.62980000000002
  0
LWPOLYLINE
  5
6AD2
330
6F
100
AcDbEntity
  8
PIN_BOTTOM
100
AcDbPolyline
 90
        4
 70
     1
 43
0.0
 10
63.24201216371253
 20
60.62980000000002
 10
63.24201216371253
 20
63.44920000000001
 10
64.25801216371252
 20
63.44920000000001
 10
64.25801216371252
 20
60.62980000000002
  0
LWPOLYLINE
  5
6AD3
330
6F
100
AcDbEntity
  8
PIN_BOTTOM
100
AcDbPolyline
 90
        4
 70
     1
 43
0.0
 10
42.92201216371253
 20
66.02984000000002
 10
42.92201216371253
 20
68.84924000000002
 10
43.93801216371253
 20
68.84924000000002
 10
43.93801216371253
 20
66.02984000000002
  0
LWPOLYLINE
  5
6AD4
330
6F
100
AcDbEntity
  8
PIN_BOTTOM
100
AcDbPolyline
 90
        4
 70
     1
 43
0.0
 10
45.46201216371253
 20
66.02984000000002
 10
45.46201216371253
 20
68.84924000000002
 10
46.47801216371251
 20
68.84924000000002
 10
46.47801216371251
 20
66.02984000000002
  0
LWPOLYLINE
  5
6AD5
330
6F
100
AcDbEntity
  8
PIN_BOTTOM
100
AcDbPolyline
 90
        4
 70
     1
 43
0.0
 10
48.00201216371252
 20
66.02984000000002
 10
48.00201216371252
 20
68.84924000000002
 10
49.01801216371251
 20
68.84924000000002
 10
49.01801216371251
 20
66.02984000000002
  0
LWPOLYLINE
  5
6AD6
330
6F
100
AcDbEntity
  8
PIN_BOTTOM
100
AcDbPolyline
 90
        4
 70
     1
 43
0.0
 10
50.54201216371251
 20
66.02984000000002
 10
50.54201216371251
 20
68.84924000000002
 10
51.5580121637125
 20
68.84924000000002
 10
51.5580121637125
 20
66.02984000000002
  0
LWPOLYLINE
  5
6AD7
330
6F
100
AcDbEntity
  8
PIN_BOTTOM
100
AcDbPolyline
 90
        4
 70
     1
 43
0.0
 10
53.08201216371251
 20
66.02984000000002
 10
53.08201216371251
 20
68.84924000000002
 10
54.09801216371253
 20
68.84924000000002
 10
54.09801216371253
 20
66.02984000000002
  0
LWPOLYLINE
  5
6AD8
330
6F
100
AcDbEntity
  8
PIN_BOTTOM
100
AcDbPolyline
 90
        4
 70
     1
 43
0.0
 10
55.62201216371253
 20
66.02984000000002
 10
55.62201216371253
 20
68.84924000000002
 10
56.63801216371251
 20
68.84924000000002
 10
56.63801216371251
 20
66.02984000000002
  0
LWPOLYLINE
  5
6AD9
330
6F
100
AcDbEntity
  8
PIN_BOTTOM
100
AcDbPolyline
 90
        4
 70
     1
 43
0.0
 10
58.16201216371251
 20
66.02984000000002
 10
58.16201216371251
 20
68.84924000000002
 10
59.17801216371254
 20
68.84924000000002
 10
59.17801216371254
 20
66.02984000000002
  0
LWPOLYLINE
  5
6ADA
330
6F
100
AcDbEntity
  8
PIN_BOTTOM
100
AcDbPolyline
 90
        4
 70
     1
 43
0.0
 10
60.70201216371251
 20
66.02984000000002
 10
60.70201216371251
 20
68.84924000000002
 10
61.71801216371253
 20
68.84924000000002
 10
61.71801216371253
 20
66.02984000000002
  0
LWPOLYLINE
  5
6ADB
330
6F
100
AcDbEntity
  8
PIN_BOTTOM
100
AcDbPolyline
 90
        4
 70
     1
 43
0.0
 10
63.24201216371253
 20
66.02984000000002
 10
63.24201216371253
 20
68.84924000000002
 10
64.25801216371252
 20
68.84924000000002
 10
64.25801216371252
 20
66.02984000000002
  0
LWPOLYLINE
  5
6ADC
330
6F
100
AcDbEntity
  8
PIN_BOTTOM
100
AcDbPolyline
 90
        4
 70
     1
 43
0.0
 10
65.78201216371252
 20
60.62980000000002
 10
65.78201216371252
 20
63.44920000000001
 10
66.79801216371251
 20
63.44920000000001
 10
66.79801216371251
 20
60.62980000000002
  0
LWPOLYLINE
  5
6ADD
330
6F
100
AcDbEntity
  8
PIN_BOTTOM
100
AcDbPolyline
 90
        4
 70
     1
 43
0.0
 10
65.78201216371252
 20
66.02984000000002
 10
65.78201216371252
 20
68.84924000000002
 10
66.79801216371251
 20
68.84924000000002
 10
66.79801216371251
 20
66.02984000000002
  0
LWPOLYLINE
  5
6ADE
330
6F
100
AcDbEntity
  8
PIN_BOTTOM
100
AcDbPolyline
 90
        4
 70
     1
 43
0.0
 10
68.32201216371251
 20
60.62980000000002
 10
68.32201216371251
 20
63.44920000000001
 10
69.33801216371253
 20
63.44920000000001
 10
69.33801216371253
 20
60.62980000000002
  0
LWPOLYLINE
  5
6ADF
330
6F
100
AcDbEntity
  8
PIN_BOTTOM
100
AcDbPolyline
 90
        4
 70
     1
 43
0.0
 10
68.32201216371251
 20
66.02984000000002
 10
68.32201216371251
 20
68.84924000000002
 10
69.33801216371253
 20
68.84924000000002
 10
69.33801216371253
 20
66.02984000000002
  0
LWPOLYLINE
  5
6AE0
330
6F
100
AcDbEntity
  8
PIN_BOTTOM
100
AcDbPolyline
 90
        4
 70
     1
 43
0.0
 10
70.86201216371254
 20
60.62980000000002
 10
70.86201216371254
 20
63.44920000000001
 10
71.87801216371253
 20
63.44920000000001
 10
71.87801216371253
 20
60.62980000000002
  0
LWPOLYLINE
  5
6AE1
330
6F
100
AcDbEntity
  8
PIN_BOTTOM
100
AcDbPolyline
 90
        4
 70
     1
 43
0.0
 10
70.86201216371254
 20
66.02984000000002
 10
70.86201216371254
 20
68.84924000000002
 10
71.87801216371253
 20
68.84924000000002
 10
71.87801216371253
 20
66.02984000000002
  0
LWPOLYLINE
  5
6AE2
330
6F
100
AcDbEntity
  8
PIN_BOTTOM
100
AcDbPolyline
 90
        4
 70
     1
 43
0.0
 10
73.40201216371251
 20
60.62980000000002
 10
73.40201216371251
 20
63.44920000000001
 10
74.41801216371252
 20
63.44920000000001
 10
74.41801216371252
 20
60.62980000000002
  0
LWPOLYLINE
  5
6AE3
330
6F
100
AcDbEntity
  8
PIN_BOTTOM
100
AcDbPolyline
 90
        4
 70
     1
 43
0.0
 10
73.40201216371251
 20
66.02984000000002
 10
73.40201216371251
 20
68.84924000000002
 10
74.41801216371252
 20
68.84924000000002
 10
74.41801216371252
 20
66.02984000000002
  0
LWPOLYLINE
  5
6AE4
330
6F
100
AcDbEntity
  8
PIN_BOTTOM
100
AcDbPolyline
 90
        4
 70
     1
 43
0.0
 10
75.94201216371252
 20
60.62980000000002
 10
75.94201216371252
 20
63.44920000000001
 10
76.95801216371254
 20
63.44920000000001
 10
76.95801216371254
 20
60.62980000000002
  0
LWPOLYLINE
  5
6AE5
330
6F
100
AcDbEntity
  8
PIN_BOTTOM
100
AcDbPolyline
 90
        4
 70
     1
 43
0.0
 10
75.94201216371252
 20
66.02984000000002
 10
75.94201216371252
 20
68.84924000000002
 10
76.95801216371254
 20
68.84924000000002
 10
76.95801216371254
 20
66.02984000000002
  0
LWPOLYLINE
  5
6AE6
330
6F
100
AcDbEntity
  8
PIN_BOTTOM
100
AcDbPolyline
 90
        4
 70
     1
 43
0.0
 10
78.48201216371254
 20
60.62980000000002
 10
78.48201216371254
 20
63.44920000000001
 10
79.49801216371253
 20
63.44920000000001
 10
79.49801216371253
 20
60.62980000000002
  0
LWPOLYLINE
  5
6AE7
330
6F
100
AcDbEntity
  8
PIN_BOTTOM
100
AcDbPolyline
 90
        4
 70
     1
 43
0.0
 10
78.48201216371254
 20
66.02984000000002
 10
78.48201216371254
 20
68.84924000000002
 10
79.49801216371253
 20
68.84924000000002
 10
79.49801216371253
 20
66.02984000000002
  0
LWPOLYLINE
  5
6AE8
330
6F
100
AcDbEntity
  8
PIN_BOTTOM
100
AcDbPolyline
 90
        4
 70
     1
 43
0.0
 10
81.02201216371255
 20
60.62980000000002
 10
81.02201216371255
 20
63.44920000000001
 10
82.03801216371251
 20
63.44920000000001
 10
82.03801216371251
 20
60.62980000000002
  0
LWPOLYLINE
  5
6AE9
330
6F
100
AcDbEntity
  8
PIN_BOTTOM
100
AcDbPolyline
 90
        4
 70
     1
 43
0.0
 10
81.02201216371255
 20
66.02984000000002
 10
81.02201216371255
 20
68.84924000000002
 10
82.03801216371251
 20
68.84924000000002
 10
82.03801216371251
 20
66.02984000000002
  0
LWPOLYLINE
  5
6AEA
330
6F
100
AcDbEntity
  8
PIN_BOTTOM
100
AcDbPolyline
 90
        4
 70
     1
 43
0.0
 10
83.56201216371252
 20
60.62980000000002
 10
83.56201216371252
 20
63.44920000000001
 10
84.57801216371251
 20
63.44920000000001
 10
84.57801216371251
 20
60.62980000000002
  0
LWPOLYLINE
  5
6AEB
330
6F
100
AcDbEntity
  8
PIN_BOTTOM
100
AcDbPolyline
 90
        4
 70
     1
 43
0.0
 10
83.56201216371252
 20
66.02984000000002
 10
83.56201216371252
 20
68.84924000000002
 10
84.57801216371251
 20
68.84924000000002
 10
84.57801216371251
 20
66.02984000000002
  0
LWPOLYLINE
  5
6AEC
330
6F
100
AcDbEntity
  8
PIN_BOTTOM
100
AcDbPolyline
 90
        4
 70
     1
 43
0.0
 10
86.10201216371252
 20
60.62980000000002
 10
86.10201216371252
 20
63.44920000000001
 10
87.11801216371254
 20
63.44920000000001
 10
87.11801216371254
 20
60.62980000000002
  0
LWPOLYLINE
  5
6AED
330
6F
100
AcDbEntity
  8
PIN_BOTTOM
100
AcDbPolyline
 90
        4
 70
     1
 43
0.0
 10
86.10201216371252
 20
66.02984000000002
 10
86.10201216371252
 20
68.84924000000002
 10
87.11801216371254
 20
68.84924000000002
 10
87.11801216371254
 20
66.02984000000002
  0
LWPOLYLINE
  5
6AEE
330
6F
100
AcDbEntity
  8
PG_WB-SILK-R01-BOTTOM
100
AcDbPolyline
 90
        4
 70
     0
 43
0.127
 10
42.72008216371253
 20
66.93966800000003
 10
42.22021016371252
 20
66.93966800000003
 10
42.22021016371252
 20
62.53962600000001
 10
42.62000616371253
 20
62.53962600000001
  0
LWPOLYLINE
  5
6AEF
330
6F
100
AcDbEntity
  8
PG_WB-SILK-R01-BOTTOM
100
AcDbPolyline
 90
        4
 70
     0
 43
0.127
 10
87.32019616371252
 20
67.03974400000001
 10
87.82006816371253
 20
67.03974400000001
 10
87.82006816371253
 20
62.53962600000001
 10
87.32019616371252
 20
62.53962600000001
  0
LWPOLYLINE
  5
6AF0
330
6F
100
AcDbEntity
  8
PG_WB-SILK-R01-BOTTOM
100
AcDbPolyline
 90
        3
 70
     1
 43
0.0
 10
43.43941016371252
 20
60.54598000000002
 10
42.86537016371252
 20
59.97194000000002
 10
44.01370416371253
 20
59.97194000000002
  0
LWPOLYLINE
  5
6AF1
330
6F
100
AcDbEntity
  8
PG_WB-SILK-R01-BOTTOM
100
AcDbPolyline
 90
        3
 70
     1
 43
0.0
 10
43.43941016371252
 20
60.54598000000002
 10
42.86537016371252
 20
59.97194000000002
 10
44.01370416371253
 20
59.97194000000002
  0
CIRCLE
  5
6AF2
330
6F
100
AcDbEntity
  8
PIN_BOTTOM
100
AcDbCircle
 10
105.8378121637125
 20
66.49999400000002
 30
0.0
 40
2.7559
  0
CIRCLE
  5
6AF3
330
6F
100
AcDbEntity
  8
PIN_BOTTOM
100
AcDbCircle
 10
24.83670416371253
 20
3.500120000000012
 30
0.0
 40
2.7559
  0
CIRCLE
  5
6AF4
330
6F
100
AcDbEntity
  8
PIN_BOTTOM
100
AcDbCircle
 10
105.8378121637125
 20
3.500120000000012
 30
0.0
 40
2.7559
  0
CIRCLE
  5
6AF5
330
6F
100
AcDbEntity
  8
PIN_BOTTOM
100
AcDbCircle
 10
24.83670416371253
 20
66.49999400000002
 30
0.0
 40
2.7559
  0
CIRCLE
  5
6AF6
330
6F
100
AcDbEntity
  8
PIN_BOTTOM
100
AcDbCircle
 10
79.61663016371253
 20
47.39132000000001
 30
0.0
 40
2.54
  0
LWPOLYLINE
  5
6AF7
330
6F
100
AcDbEntity
  8
PG_WB-SILK-R01-BOTTOM
100
AcDbPolyline
 90
        3
 70
     0
 43
0.0
 10
77.00144616371253
 20
47.39132000000001
 42
-1.0
 10
82.23181416371251
 20
47.39132000000001
 42
-1.0
 10
77.00144616371253
 20
47.39132000000001
  0
LWPOLYLINE
  5
6B41
330
6F
100
AcDbEntity
  8
PIN_BOTTOM
100
AcDbPolyline
 90
        4
 70
     1
 43
0.0
 10
85.18024616371252
 20
6.284214000000011
 10
86.83124616371254
 20
6.284214000000011
 10
86.83124616371254
 20
5.522214000000012
 10
85.18024616371252
 20
5.522214000000012
  0
LWPOLYLINE
  5
6B42
330
6F
100
AcDbEntity
  8
PIN_BOTTOM
100
AcDbPolyline
 90
        4
 70
     1
 43
0.0
 10
85.18024616371252
 20
5.034026000000012
 10
86.83124616371254
 20
5.034026000000012
 10
86.83124616371254
 20
4.272026000000012
 10
85.18024616371252
 20
4.272026000000012
  0
LWPOLYLINE
  5
6B43
330
6F
100
AcDbEntity
  8
PIN_BOTTOM
100
AcDbPolyline
 90
        4
 70
     1
 43
0.0
 10
81.70984416371252
 20
9.46810400000001
 10
84.49978016371251
 20
9.46810400000001
 10
84.49978016371251
 20
7.438136000000012
 10
81.70984416371252
 20
7.438136000000012
  0
LWPOLYLINE
  5
6B44
330
6F
100
AcDbEntity
  8
PIN_BOTTOM
100
AcDbPolyline
 90
        4
 70
     1
 43
0.0
 10
81.70984416371252
 20
3.118104000000012
 10
84.49978016371251
 20
3.118104000000012
 10
84.49978016371251
 20
1.088136000000012
 10
81.70984416371252
 20
1.088136000000012
  0
LWPOLYLINE
  5
6B45
330
6F
100
AcDbEntity
  8
PG_WB-SILK-R01-BOTTOM
100
AcDbPolyline
 90
        2
 70
     0
 43
0.127
 10
81.70781216371253
 20
3.220720000000012
 10
81.70781216371253
 20
7.373620000000012
  0
LWPOLYLINE
  5
6B46
330
6F
100
AcDbEntity
  8
PG_WB-SILK-R01-BOTTOM
100
AcDbPolyline
 90
        3
 70
     0
 43
0.127
 10
84.62881216371252
 20
7.183120000000012
 10
85.89881216371253
 20
7.183120000000012
 10
85.89881216371253
 20
6.548120000000012
  0
LWPOLYLINE
  5
6B47
330
6F
100
AcDbEntity
  8
PG_WB-SILK-R01-BOTTOM
100
AcDbPolyline
 90
        2
 70
     0
 43
0.254
 10
87.16881216371252
 20
6.421120000000011
 10
87.16881216371252
 20
5.405120000000012
  0
LWPOLYLINE
  5
6B48
330
6F
100
AcDbEntity
  8
PG_WB-SILK-R01-BOTTOM
100
AcDbPolyline
 90
        3
 70
     0
 43
0.127
 10
85.89881216371253
 20
4.135120000000012
 10
85.89881216371253
 20
3.373120000000012
 10
84.62881216371252
 20
3.373120000000012
  0
LWPOLYLINE
  5
6B71
330
6F
100
AcDbEntity
  8
PIN_BOTTOM
100
AcDbPolyline
 90
        4
 70
     1
 43
0.0
 10
96.72200616371254
 20
3.299968000000012
 10
96.72200616371254
 20
8.811768000000011
 10
97.73800616371254
 20
8.811768000000011
 10
97.73800616371254
 20
3.299968000000012
  0
LWPOLYLINE
  5
6B72
330
6F
100
AcDbEntity
  8
PIN_BOTTOM
100
AcDbPolyline
 90
        4
 70
     1
 43
0.0
 10
94.72201016371253
 20
3.299968000000012
 10
94.72201016371253
 20
8.811768000000011
 10
95.73801016371252
 20
8.811768000000011
 10
95.73801016371252
 20
3.299968000000012
  0
LWPOLYLINE
  5
6B73
330
6F
100
AcDbEntity
  8
PIN_BOTTOM
100
AcDbPolyline
 90
        4
 70
     1
 43
0.0
 10
92.72201416371252
 20
3.299968000000012
 10
92.72201416371252
 20
8.811768000000011
 10
93.73801416371253
 20
8.811768000000011
 10
93.73801416371253
 20
3.299968000000012
  0
LWPOLYLINE
  5
6B74
330
6F
100
AcDbEntity
  8
PIN_BOTTOM
100
AcDbPolyline
 90
        4
 70
     1
 43
0.0
 10
90.72201816371253
 20
3.299968000000012
 10
90.72201816371253
 20
8.811768000000011
 10
91.73801816371252
 20
8.811768000000011
 10
91.73801816371252
 20
3.299968000000012
  0
LWPOLYLINE
  5
6B75
330
6F
100
AcDbEntity
  8
PIN_BOTTOM
100
AcDbPolyline
 90
        4
 70
     1
 43
0.0
 10
87.53000016371251
 20
3.650488000000012
 10
87.53000016371251
 20
6.673088000000013
 10
89.13020016371252
 20
6.673088000000013
 10
89.13020016371252
 20
3.650488000000012
  0
LWPOLYLINE
  5
6B76
330
6F
100
AcDbEntity
  8
PIN_BOTTOM
100
AcDbPolyline
 90
        4
 70
     1
 43
0.0
 10
99.32982416371253
 20
3.650488000000012
 10
99.32982416371253
 20
6.673088000000013
 10
100.9300241637125
 20
6.673088000000013
 10
100.9300241637125
 20
3.650488000000012
  0
LWPOLYLINE
  5
6B77
330
6F
100
AcDbEntity
  8
PG_WB-SILK-R01-BOTTOM
100
AcDbPolyline
 90
        4
 70
     0
 43
0.127
 10
88.23002416371251
 20
3.589020000000012
 10
88.23002416371251
 20
2.138680000000012
 10
100.2300001637125
 20
2.138680000000012
 10
100.2300001637125
 20
3.543300000000012
  0
LWPOLYLINE
  5
6B78
330
6F
100
AcDbEntity
  8
PG_WB-SILK-R01-BOTTOM
100
AcDbPolyline
 90
        2
 70
     0
 43
0.127
 10
99.30747216371253
 20
6.284722000000012
 10
97.83173216371253
 20
6.284722000000012
  0
LWPOLYLINE
  5
6B79
330
6F
100
AcDbEntity
  8
PG_WB-SILK-R01-BOTTOM
100
AcDbPolyline
 90
        2
 70
     0
 43
0.127
 10
90.63591216371253
 20
6.284722000000012
 10
89.16271216371251
 20
6.284722000000012
  0
LWPOLYLINE
  5
6B7A
330
6F
100
AcDbEntity
  8
PG_WB-SILK-R01-BOTTOM
100
AcDbPolyline
 90
        3
 70
     1
 43
0.0
 10
97.19190616371253
 20
9.085834000000013
 10
96.79185616371254
 20
9.485884000000013
 10
97.59170216371254
 20
9.485884000000013
  0
CIRCLE
  5
6B97
330
6F
100
AcDbEntity
  8
PIN_BOTTOM
100
AcDbCircle
 10
105.3689281637125
 20
29.67685200000001
 30
0.0
 40
0.508
  0
CIRCLE
  5
6B98
330
6F
100
AcDbEntity
  8
PIN_BOTTOM
100
AcDbCircle
 10
105.3689281637125
 20
21.67686800000002
 30
0.0
 40
0.508
  0
LWPOLYLINE
  5
6B99
330
6F
100
AcDbEntity
  8
PIN_BOTTOM
100
AcDbPolyline
 90
        4
 70
     1
 43
0.0
 10
103.8691851637125
 20
34.97681600000002
 10
106.0690791637125
 20
34.97681600000002
 10
106.0690791637125
 20
33.77692000000002
 10
103.8691851637125
 20
33.77692000000002
  0
LWPOLYLINE
  5
6B9A
330
6F
100
AcDbEntity
  8
PIN_BOTTOM
100
AcDbPolyline
 90
        4
 70
     1
 43
0.0
 10
94.6689241637125
 20
34.27691900000001
 10
96.06897216371252
 20
34.27691900000001
 10
96.06897216371252
 20
32.67697300000001
 10
94.6689241637125
 20
32.67697300000001
  0
LWPOLYLINE
  5
6B9B
330
6F
100
AcDbEntity
  8
PIN_BOTTOM
100
AcDbPolyline
 90
        4
 70
     1
 43
0.0
 10
103.8691851637125
 20
19.47672000000001
 10
106.0690791637125
 20
19.47672000000001
 10
106.0690791637125
 20
18.27682400000001
 10
103.8691851637125
 20
18.27682400000001
  0
LWPOLYLINE
  5
6B9C
330
6F
100
AcDbEntity
  8
PIN_BOTTOM
100
AcDbPolyline
 90
        4
 70
     1
 43
0.0
 10
96.06897216371252
 20
18.27707800000001
 10
94.6689241637125
 20
18.27707800000001
 10
94.6689241637125
 20
19.47697400000001
 10
96.06897216371252
 20
19.47697400000001
  0
LWPOLYLINE
  5
6B9D
330
6F
100
AcDbEntity
  8
PIN_BOTTOM
100
AcDbPolyline
 90
        4
 70
     1
 43
0.0
 10
95.66904916371251
 20
19.72691000000001
 10
94.06910316371253
 20
19.72691000000001
 10
94.06910316371253
 20
20.42693400000001
 10
95.66904916371251
 20
20.42693400000001
  0
LWPOLYLINE
  5
6B9E
330
6F
100
AcDbEntity
  8
PIN_BOTTOM
100
AcDbPolyline
 90
        4
 70
     1
 43
0.0
 10
95.66904916371251
 20
20.82673000000001
 10
94.06910316371253
 20
20.82673000000001
 10
94.06910316371253
 20
21.52675400000001
 10
95.66904916371251
 20
21.52675400000001
  0
LWPOLYLINE
  5
6B9F
330
6F
100
AcDbEntity
  8
PIN_BOTTOM
100
AcDbPolyline
 90
        4
 70
     1
 43
0.0
 10
95.66904916371251
 20
21.92680400000001
 10
94.06910316371253
 20
21.92680400000001
 10
94.06910316371253
 20
22.62682800000001
 10
95.66904916371251
 20
22.62682800000001
  0
LWPOLYLINE
  5
6BA0
330
6F
100
AcDbEntity
  8
PIN_BOTTOM
100
AcDbPolyline
 90
        4
 70
     1
 43
0.0
 10
95.66904916371251
 20
23.02687800000001
 10
94.06910316371253
 20
23.02687800000001
 10
94.06910316371253
 20
23.72690200000001
 10
95.66904916371251
 20
23.72690200000001
  0
LWPOLYLINE
  5
6BA1
330
6F
100
AcDbEntity
  8
PIN_BOTTOM
100
AcDbPolyline
 90
        4
 70
     1
 43
0.0
 10
95.66904916371251
 20
24.12695200000001
 10
94.06910316371253
 20
24.12695200000001
 10
94.06910316371253
 20
24.82697600000002
 10
95.66904916371251
 20
24.82697600000002
  0
LWPOLYLINE
  5
6BA2
330
6F
100
AcDbEntity
  8
PIN_BOTTOM
100
AcDbPolyline
 90
        4
 70
     1
 43
0.0
 10
95.66904916371251
 20
25.22677200000001
 10
94.06910316371253
 20
25.22677200000001
 10
94.06910316371253
 20
25.92679600000001
 10
95.66904916371251
 20
25.92679600000001
  0
LWPOLYLINE
  5
6BA3
330
6F
100
AcDbEntity
  8
PIN_BOTTOM
100
AcDbPolyline
 90
        4
 70
     1
 43
0.0
 10
95.66904916371251
 20
26.32684600000002
 10
94.06910316371253
 20
26.32684600000002
 10
94.06910316371253
 20
27.02687000000002
 10
95.66904916371251
 20
27.02687000000002
  0
LWPOLYLINE
  5
6BA4
330
6F
100
AcDbEntity
  8
PIN_BOTTOM
100
AcDbPolyline
 90
        4
 70
     1
 43
0.0
 10
95.66904916371251
 20
27.42692000000002
 10
94.06910316371253
 20
27.42692000000002
 10
94.06910316371253
 20
28.12694400000001
 10
95.66904916371251
 20
28.12694400000001
  0
LWPOLYLINE
  5
6BA5
330
6F
100
AcDbEntity
  8
PIN_BOTTOM
100
AcDbPolyline
 90
        4
 70
     1
 43
0.0
 10
95.66904916371251
 20
28.52674000000002
 10
94.06910316371253
 20
28.52674000000002
 10
94.06910316371253
 20
29.22676400000002
 10
95.66904916371251
 20
29.22676400000002
  0
LWPOLYLINE
  5
6BA6
330
6F
100
AcDbEntity
  8
PG_WB-SILK-R01-BOTTOM
100
AcDbPolyline
 90
        2
 70
     0
 43
0.127
 10
95.19927616371253
 20
32.56940400000001
 10
95.19927616371253
 20
29.35249400000002
  0
LWPOLYLINE
  5
6BA7
330
6F
100
AcDbEntity
  8
PG_WB-SILK-R01-BOTTOM
100
AcDbPolyline
 90
        2
 70
     0
 43
0.127
 10
103.7225001637125
 20
33.64661800000001
 10
96.15482416371253
 20
33.64661800000001
  0
LWPOLYLINE
  5
6BA8
330
6F
100
AcDbEntity
  8
PG_WB-SILK-R01-BOTTOM
100
AcDbPolyline
 90
        2
 70
     0
 43
0.127
 10
109.3676501637125
 20
33.64661800000001
 10
106.2500541637125
 20
33.64661800000001
  0
LWPOLYLINE
  5
6BA9
330
6F
100
AcDbEntity
  8
PG_WB-SILK-R01-BOTTOM
100
AcDbPolyline
 90
        2
 70
     0
 43
0.127
 10
108.6691501637125
 20
26.72359400000001
 42
-0.221442
 10
109.3699361637125
 20
31.93948400000002
  0
LWPOLYLINE
  5
6BAA
330
6F
100
AcDbEntity
  8
PG_WB-SILK-R01-BOTTOM
100
AcDbPolyline
 90
        2
 70
     0
 43
0.127
 10
108.6691501637125
 20
19.60702200000001
 10
108.6691501637125
 20
26.72359400000001
  0
LWPOLYLINE
  5
6BAB
330
6F
100
AcDbEntity
  8
PG_WB-SILK-R01-BOTTOM
100
AcDbPolyline
 90
        2
 70
     0
 43
0.127
 10
106.2279561637125
 20
19.60702200000001
 10
108.6691501637125
 20
19.60702200000001
  0
LWPOLYLINE
  5
6BAC
330
6F
100
AcDbEntity
  8
PG_WB-SILK-R01-BOTTOM
100
AcDbPolyline
 90
        2
 70
     0
 43
0.127
 10
96.18047816371254
 20
19.60702200000001
 10
103.7194521637125
 20
19.60702200000001
  0
LWPOLYLINE
  5
6BAD
330
6F
100
AcDbEntity
  8
PG_WB-SILK-R01-BOTTOM
100
AcDbPolyline
 90
        3
 70
     0
 43
0.0
 10
104.8611821637125
 20
29.67685200000001
 42
-1.000016
 10
105.8769281637125
 20
29.67685200000001
 42
-0.9999839999999998
 10
104.8611821637125
 20
29.67685200000001
  0
LWPOLYLINE
  5
6BAE
330
6F
100
AcDbEntity
  8
PG_WB-SILK-R01-BOTTOM
100
AcDbPolyline
 90
        2
 70
     0
 43
0.0
 10
105.3689281637125
 20
30.31261400000001
 42
0.101588
 10
105.1182301637125
 20
30.26105200000002
  0
LWPOLYLINE
  5
6BAF
330
6F
100
AcDbEntity
  8
PG_WB-SILK-R01-BOTTOM
100
AcDbPolyline
 90
        2
 70
     0
 43
0.0
 10
104.8101281637125
 20
29.98038200000002
 42
0.260814
 10
104.8177481637125
 20
29.35884400000001
  0
LWPOLYLINE
  5
6BB0
330
6F
100
AcDbEntity
  8
PG_WB-SILK-R01-BOTTOM
100
AcDbPolyline
 90
        2
 70
     0
 43
0.0
 10
105.9170601637125
 20
29.35325600000001
 42
0.253893
 10
105.9386501637125
 20
29.95980800000002
  0
LWPOLYLINE
  5
6BB1
330
6F
100
AcDbEntity
  8
PG_WB-SILK-R01-BOTTOM
100
AcDbPolyline
 90
        2
 70
     0
 43
0.0
 10
105.6734741637125
 20
30.23514400000002
 42
0.125425
 10
105.3689281637125
 20
30.31261400000001
  0
LWPOLYLINE
  5
6BB2
330
6F
100
AcDbEntity
  8
PG_WB-SILK-R01-BOTTOM
100
AcDbPolyline
 90
        2
 70
     0
 43
0.0
 10
105.1258501637125
 20
29.08833400000002
 42
0.196407
 10
105.6071801637125
 20
29.08630200000002
  0
LWPOLYLINE
  5
6BB3
330
6F
100
AcDbEntity
  8
PG_WB-SILK-R01-BOTTOM
100
AcDbPolyline
 90
        2
 70
     0
 43
0.0
 10
105.0963861637125
 20
21.09266800000001
 42
0.196333
 10
105.5774621637125
 20
21.09063600000001
  0
LWPOLYLINE
  5
6BB4
330
6F
100
AcDbEntity
  8
PG_WB-SILK-R01-BOTTOM
100
AcDbPolyline
 90
        2
 70
     0
 43
0.0
 10
104.8101281637125
 20
21.98014400000001
 42
0.260711
 10
104.8177481637125
 20
21.35886000000001
  0
LWPOLYLINE
  5
6BB5
330
6F
100
AcDbEntity
  8
PG_WB-SILK-R01-BOTTOM
100
AcDbPolyline
 90
        2
 70
     0
 43
0.0
 10
105.6734741637125
 20
22.23516000000001
 42
0.125423
 10
105.3689281637125
 20
22.31263000000001
  0
LWPOLYLINE
  5
6BB6
330
6F
100
AcDbEntity
  8
PG_WB-SILK-R01-BOTTOM
100
AcDbPolyline
 90
        2
 70
     0
 43
0.0
 10
105.3689281637125
 20
22.31263000000001
 42
0.101586
 10
105.1182301637125
 20
22.26106800000001
  0
LWPOLYLINE
  5
6BB7
330
6F
100
AcDbEntity
  8
PG_WB-SILK-R01-BOTTOM
100
AcDbPolyline
 90
        3
 70
     0
 43
0.0
 10
104.8611821637125
 20
21.67686800000002
 42
-0.9999839999999998
 10
105.8769281637125
 20
21.67686800000002
 42
-1.000016
 10
104.8611821637125
 20
21.67686800000002
  0
LWPOLYLINE
  5
6BB8
330
6F
100
AcDbEntity
  8
PG_WB-SILK-R01-BOTTOM
100
AcDbPolyline
 90
        2
 70
     0
 43
0.0
 10
105.9170601637125
 20
21.35327200000001
 42
0.253893
 10
105.9386501637125
 20
21.95982400000001
  0
LWPOLYLINE
  5
6BB9
330
6F
100
AcDbEntity
  8
PG_WB-SILK-R01-BOTTOM
100
AcDbPolyline
 90
        5
 70
     0
 43
0.127
 10
109.3676501637125
 20
33.64661800000001
 10
109.3686661637125
 20
32.69589600000002
 10
109.3686661637125
 20
32.41548000000002
 10
109.3694281637125
 20
32.41471800000002
 10
109.3699361637125
 20
31.93948400000002
  0
CIRCLE
  5
6BBA
330
6F
100
AcDbEntity
  8
PIN_BOTTOM
100
AcDbCircle
 10
100.3277901637125
 20
61.71311000000001
 30
0.0
 40
1.206499999999999
  0
CIRCLE
  5
6BBB
330
6F
100
AcDbEntity
  8
PIN_BOTTOM
100
AcDbCircle
 10
100.3277901637125
 20
45.31334600000001
 30
0.0
 40
1.206499999999999
  0
CIRCLE
  5
6BBC
330
6F
100
AcDbEntity
  8
PIN_BOTTOM
100
AcDbCircle
 10
94.7578241637125
 20
58.083196
 30
0.0
 40
0.8128
  0
CIRCLE
  5
6BBD
330
6F
100
AcDbEntity
  8
PIN_BOTTOM
100
AcDbCircle
 10
94.7578241637125
 20
60.37326000000001
 30
0.0
 40
0.8128
  0
CIRCLE
  5
6BBE
330
6F
100
AcDbEntity
  8
PIN_BOTTOM
100
AcDbCircle
 10
94.7578241637125
 20
46.65319600000001
 30
0.0
 40
0.8128
  0
CIRCLE
  5
6BBF
330
6F
100
AcDbEntity
  8
PIN_BOTTOM
100
AcDbCircle
 10
94.7578241637125
 20
48.94326000000001
 30
0.0
 40
0.8128
  0
CIRCLE
  5
6BC0
330
6F
100
AcDbEntity
  8
PIN_BOTTOM
100
AcDbCircle
 10
99.56782216371252
 20
54.02326000000002
 30
0.0
 40
0.6604
  0
CIRCLE
  5
6BC1
330
6F
100
AcDbEntity
  8
PIN_BOTTOM
100
AcDbCircle
 10
101.3478541637125
 20
53.00319600000001
 30
0.0
 40
0.6604
  0
CIRCLE
  5
6BC2
330
6F
100
AcDbEntity
  8
PIN_BOTTOM
100
AcDbCircle
 10
101.3478541637125
 20
50.96332200000001
 30
0.0
 40
0.6604
  0
CIRCLE
  5
6BC3
330
6F
100
AcDbEntity
  8
PIN_BOTTOM
100
AcDbCircle
 10
99.56782216371252
 20
49.94325800000002
 30
0.0
 40
0.6604
  0
CIRCLE
  5
6BC4
330
6F
100
AcDbEntity
  8
PIN_BOTTOM
100
AcDbCircle
 10
103.8878541637125
 20
47.16322800000002
 30
0.0
 40
1.625599999999999
  0
CIRCLE
  5
6BC5
330
6F
100
AcDbEntity
  8
PIN_BOTTOM
100
AcDbCircle
 10
103.8878541637125
 20
59.86322800000001
 30
0.0
 40
1.625599999999999
  0
CIRCLE
  5
6BC6
330
6F
100
AcDbEntity
  8
PIN_BOTTOM
100
AcDbCircle
 10
101.3478541637125
 20
55.04332400000001
 30
0.0
 40
0.6604
  0
CIRCLE
  5
6BC7
330
6F
100
AcDbEntity
  8
PIN_BOTTOM
100
AcDbCircle
 10
99.56782216371252
 20
51.98313200000001
 30
0.0
 40
0.6604
  0
CIRCLE
  5
6BC8
330
6F
100
AcDbEntity
  8
PIN_BOTTOM
100
AcDbCircle
 10
101.3478541637125
 20
57.08319800000001
 30
0.0
 40
0.6604
  0
CIRCLE
  5
6BC9
330
6F
100
AcDbEntity
  8
PIN_BOTTOM
100
AcDbCircle
 10
99.56782216371252
 20
56.06313400000001
 30
0.0
 40
0.6604
  0
LWPOLYLINE
  5
6BCA
330
6F
100
AcDbEntity
  8
PG_WB-SILK-R01-BOTTOM
100
AcDbPolyline
 90
        4
 70
     0
 43
0.127
 10
99.02477016371253
 20
61.26022800000002
 10
93.81777016371254
 20
61.26022800000002
 10
93.81777016371254
 20
45.76622800000001
 10
98.96127016371253
 20
45.76622800000001
  0
LWPOLYLINE
  5
6BCB
330
6F
100
AcDbEntity
  8
PG_WB-SILK-R01-BOTTOM
100
AcDbPolyline
 90
        4
 70
     0
 43
0.127
 10
101.7552701637125
 20
61.32372800000002
 10
109.3117701637125
 20
61.32372800000002
 10
109.2482701637125
 20
45.76622800000001
 10
101.7552701637125
 20
45.76622800000001
  0
LWPOLYLINE
  5
6BCC
330
6F
100
AcDbEntity
  8
PIN_BOTTOM
100
AcDbPolyline
 90
        4
 70
     1
 43
0.0
 10
34.00661216371251
 20
18.86661200000001
 10
31.4158121637125
 20
18.86661200000001
 10
31.4158121637125
 20
19.14601200000001
 10
34.00661216371251
 20
19.14601200000001
  0
LWPOLYLINE
  5
6BCD
330
6F
100
AcDbEntity
  8
PIN_BOTTOM
100
AcDbPolyline
 90
        4
 70
     1
 43
0.0
 10
30.80824416371255
 20
23.01824200000002
 10
33.09424416371255
 20
23.01824200000002
 42
-1.0
 10
33.09424416371255
 20
21.49424200000002
 10
30.80824416371255
 20
21.49424200000002
 42
-1.0
  0
LWPOLYLINE
  5
6BCE
330
6F
100
AcDbEntity
  8
PIN_BOTTOM
100
AcDbPolyline
 90
        4
 70
     1
 43
0.0
 10
30.80824416371255
 20
8.51839800000001
 10
33.09424416371255
 20
8.51839800000001
 42
-1.0
 10
33.09424416371255
 20
6.994398000000011
 10
30.80824416371255
 20
6.994398000000011
 42
-1.0
  0
LWPOLYLINE
  5
6BCF
330
6F
100
AcDbEntity
  8
PIN_BOTTOM
100
AcDbPolyline
 90
        4
 70
     1
 43
0.0
 10
25.10213416371254
 20
23.01824200000002
 10
26.88013416371254
 20
23.01824200000002
 42
-1.0
 10
26.88013416371254
 20
21.49424200000002
 10
25.10213416371254
 20
21.49424200000002
 42
-1.0
  0
LWPOLYLINE
  5
6BD0
330
6F
100
AcDbEntity
  8
PIN_BOTTOM
100
AcDbPolyline
 90
        4
 70
     1
 43
0.0
 10
25.10213416371254
 20
8.51839800000001
 10
26.88013416371254
 20
8.51839800000001
 42
-1.0
 10
26.88013416371254
 20
6.994398000000011
 10
25.10213416371254
 20
6.994398000000011
 42
-1.0
  0
LWPOLYLINE
  5
6BD1
330
6F
100
AcDbEntity
  8
PIN_BOTTOM
100
AcDbPolyline
 90
        4
 70
     1
 43
0.0
 10
34.00661216371251
 20
16.36674400000001
 10
31.4158121637125
 20
16.36674400000001
 10
31.4158121637125
 20
16.64614400000001
 10
34.00661216371251
 20
16.64614400000001
  0
LWPOLYLINE
  5
6BD2
330
6F
100
AcDbEntity
  8
PIN_BOTTOM
100
AcDbPolyline
 90
        4
 70
     1
 43
0.0
 10
34.00661216371251
 20
14.86662000000001
 10
31.4158121637125
 20
14.86662000000001
 10
31.4158121637125
 20
15.14602000000001
 10
34.00661216371251
 20
15.14602000000001
  0
LWPOLYLINE
  5
6BD3
330
6F
100
AcDbEntity
  8
PIN_BOTTOM
100
AcDbPolyline
 90
        4
 70
     1
 43
0.0
 10
34.00661216371251
 20
15.86661800000001
 10
31.4158121637125
 20
15.86661800000001
 10
31.4158121637125
 20
16.14601800000001
 10
34.00661216371251
 20
16.14601800000001
  0
LWPOLYLINE
  5
6BD4
330
6F
100
AcDbEntity
  8
PIN_BOTTOM
100
AcDbPolyline
 90
        4
 70
     1
 43
0.0
 10
34.00661216371251
 20
15.36674600000001
 10
31.4158121637125
 20
15.36674600000001
 10
31.4158121637125
 20
15.64614600000001
 10
34.00661216371251
 20
15.64614600000001
  0
LWPOLYLINE
  5
6BD5
330
6F
100
AcDbEntity
  8
PIN_BOTTOM
100
AcDbPolyline
 90
        4
 70
     1
 43
0.0
 10
34.00661216371251
 20
13.36649600000001
 10
31.4158121637125
 20
13.36649600000001
 10
31.4158121637125
 20
13.64589600000001
 10
34.00661216371251
 20
13.64589600000001
  0
LWPOLYLINE
  5
6BD6
330
6F
100
AcDbEntity
  8
PIN_BOTTOM
100
AcDbPolyline
 90
        4
 70
     1
 43
0.0
 10
34.00661216371251
 20
14.36649400000001
 10
31.4158121637125
 20
14.36649400000001
 10
31.4158121637125
 20
14.64589400000001
 10
34.00661216371251
 20
14.64589400000001
  0
LWPOLYLINE
  5
6BD7
330
6F
100
AcDbEntity
  8
PIN_BOTTOM
100
AcDbPolyline
 90
        4
 70
     1
 43
0.0
 10
34.00661216371251
 20
13.86662200000001
 10
31.4158121637125
 20
13.86662200000001
 10
31.4158121637125
 20
14.14602200000001
 10
34.00661216371251
 20
14.14602200000001
  0
LWPOLYLINE
  5
6BD8
330
6F
100
AcDbEntity
  8
PIN_BOTTOM
100
AcDbPolyline
 90
        4
 70
     1
 43
0.0
 10
34.00661216371251
 20
11.86662600000001
 10
31.4158121637125
 20
11.86662600000001
 10
31.4158121637125
 20
12.14602600000001
 10
34.00661216371251
 20
12.14602600000001
  0
LWPOLYLINE
  5
6BD9
330
6F
100
AcDbEntity
  8
PIN_BOTTOM
100
AcDbPolyline
 90
        4
 70
     1
 43
0.0
 10
34.00661216371251
 20
12.86662400000001
 10
31.4158121637125
 20
12.86662400000001
 10
31.4158121637125
 20
13.14602400000001
 10
34.00661216371251
 20
13.14602400000001
  0
LWPOLYLINE
  5
6BDA
330
6F
100
AcDbEntity
  8
PIN_BOTTOM
100
AcDbPolyline
 90
        4
 70
     1
 43
0.0
 10
34.00661216371251
 20
12.36649800000001
 10
31.4158121637125
 20
12.36649800000001
 10
31.4158121637125
 20
12.64589800000001
 10
34.00661216371251
 20
12.64589800000001
  0
LWPOLYLINE
  5
6BDB
330
6F
100
AcDbEntity
  8
PIN_BOTTOM
100
AcDbPolyline
 90
        4
 70
     1
 43
0.0
 10
34.00661216371251
 20
10.36650200000001
 10
31.4158121637125
 20
10.36650200000001
 10
31.4158121637125
 20
10.64590200000001
 10
34.00661216371251
 20
10.64590200000001
  0
LWPOLYLINE
  5
6BDC
330
6F
100
AcDbEntity
  8
PIN_BOTTOM
100
AcDbPolyline
 90
        4
 70
     1
 43
0.0
 10
34.00661216371251
 20
11.36650000000001
 10
31.4158121637125
 20
11.36650000000001
 10
31.4158121637125
 20
11.64590000000001
 10
34.00661216371251
 20
11.64590000000001
  0
LWPOLYLINE
  5
6BDD
330
6F
100
AcDbEntity
  8
PIN_BOTTOM
100
AcDbPolyline
 90
        4
 70
     1
 43
0.0
 10
34.00661216371251
 20
10.86662800000001
 10
31.4158121637125
 20
10.86662800000001
 10
31.4158121637125
 20
11.14602800000001
 10
34.00661216371251
 20
11.14602800000001
  0
LWPOLYLINE
  5
6BDE
330
6F
100
AcDbEntity
  8
PIN_BOTTOM
100
AcDbPolyline
 90
        4
 70
     1
 43
0.0
 10
34.00661216371251
 20
18.36674000000001
 10
31.4158121637125
 20
18.36674000000001
 10
31.4158121637125
 20
18.64614000000001
 10
34.00661216371251
 20
18.64614000000001
  0
LWPOLYLINE
  5
6BDF
330
6F
100
AcDbEntity
  8
PIN_BOTTOM
100
AcDbPolyline
 90
        4
 70
     1
 43
0.0
 10
34.00661216371251
 20
19.36673800000001
 10
31.4158121637125
 20
19.36673800000001
 10
31.4158121637125
 20
19.64613800000001
 10
34.00661216371251
 20
19.64613800000001
  0
LWPOLYLINE
  5
6BE0
330
6F
100
AcDbEntity
  8
PIN_BOTTOM
100
AcDbPolyline
 90
        4
 70
     1
 43
0.0
 10
34.00661216371251
 20
16.86661600000001
 10
31.4158121637125
 20
16.86661600000001
 10
31.4158121637125
 20
17.14601600000001
 10
34.00661216371251
 20
17.14601600000001
  0
LWPOLYLINE
  5
6BE1
330
6F
100
AcDbEntity
  8
PIN_BOTTOM
100
AcDbPolyline
 90
        4
 70
     1
 43
0.0
 10
34.00661216371251
 20
17.36674200000001
 10
31.4158121637125
 20
17.36674200000001
 10
31.4158121637125
 20
17.64614200000001
 10
34.00661216371251
 20
17.64614200000001
  0
LWPOLYLINE
  5
6BE2
330
6F
100
AcDbEntity
  8
PIN_BOTTOM
100
AcDbPolyline
 90
        4
 70
     1
 43
0.0
 10
34.00661216371251
 20
17.86661400000001
 10
31.4158121637125
 20
17.86661400000001
 10
31.4158121637125
 20
18.14601400000001
 10
34.00661216371251
 20
18.14601400000001
  0
LWPOLYLINE
  5
6BE3
330
6F
100
AcDbEntity
  8
PG_WB-SILK-R01-BOTTOM
100
AcDbPolyline
 90
        2
 70
     0
 43
0.127
 10
21.39627416371252
 20
7.889240000000011
 10
21.39627416371252
 20
22.14930800000001
  0
LWPOLYLINE
  5
6BE8
330
6F
100
AcDbEntity
  8
PG_WB-SILK-R01-BOTTOM
100
AcDbPolyline
 90
        2
 70
     0
 43
0.127
 10
32.84710216371252
 20
8.732774000000013
 10
32.84913416371253
 20
8.730742000000012
  0
LWPOLYLINE
  5
6BE9
330
6F
100
AcDbEntity
  8
PG_WB-SILK-R01-BOTTOM
100
AcDbPolyline
 90
        2
 70
     0
 43
0.127
 10
21.39627416371252
 20
22.14829200000001
 10
24.24691616371253
 20
22.14829200000001
  0
LWPOLYLINE
  5
6BEA
330
6F
100
AcDbEntity
  8
PG_WB-SILK-R01-BOTTOM
100
AcDbPolyline
 90
        2
 70
     0
 43
0.127
 10
32.84710216371252
 20
19.85391000000001
 10
32.83643416371254
 20
19.84324200000001
  0
LWPOLYLINE
  5
6BF0
330
6F
100
AcDbEntity
  8
PG_WB-SILK-R01-BOTTOM
100
AcDbPolyline
 90
        2
 70
     0
 43
0.127
 10
29.91543416371255
 20
22.14194200000001
 10
27.73103416371254
 20
22.14194200000001
  0
LWPOLYLINE
  5
6BF1
330
6F
100
AcDbEntity
  8
PG_WB-SILK-R01-BOTTOM
100
AcDbPolyline
 90
        2
 70
     0
 43
0.127
 10
32.84710216371252
 20
21.34641400000002
 10
32.84710216371252
 20
19.85391000000001
  0
LWPOLYLINE
  5
6BF2
330
6F
100
AcDbEntity
  8
PG_WB-SILK-R01-BOTTOM
100
AcDbPolyline
 90
        2
 70
     0
 43
0.127
 10
32.84710216371252
 20
10.16635000000001
 10
32.84710216371252
 20
8.732774000000013
  0
LWPOLYLINE
  5
6BF3
330
6F
100
AcDbEntity
  8
PG_WB-SILK-R01-BOTTOM
100
AcDbPolyline
 90
        2
 70
     0
 43
0.127
 10
29.89003416371253
 20
7.854442000000012
 10
27.70563416371252
 20
7.854442000000012
  0
LWPOLYLINE
  5
6BF4
330
6F
100
AcDbEntity
  8
PG_WB-SILK-R01-BOTTOM
100
AcDbPolyline
 90
        2
 70
     0
 43
0.127
 10
21.39627416371252
 20
7.864348000000012
 10
24.26266416371253
 20
7.864348000000012
  0
LWPOLYLINE
  5
6CE0
330
6F
100
AcDbEntity
  8
PG_WB-SILK-R01-BOTTOM
100
AcDbPolyline
 90
        6
 70
     0
 43
0.8128
 10
91.86781216371253
 20
40.83812000000001
 10
91.86781216371253
 20
41.85412000000002
 10
58.72081216371253
 20
41.85412000000002
 10
58.72081216371253
 20
14.80312000000001
 10
91.86781216371253
 20
14.80312000000001
 10
91.86781216371253
 20
41.72712000000001
  0
LWPOLYLINE
  5
6CE9
330
6F
100
AcDbEntity
  8
PG_WB-SILK-R01-BOTTOM
100
AcDbPolyline
 90
        2
 70
     0
 43
0.0
 10
77.55491216371252
 20
2.192020000000012
 10
72.14471216371251
 20
2.192020000000012
  0
LWPOLYLINE
  5
6CEA
330
6F
100
AcDbEntity
  8
PG_WB-SILK-R01-BOTTOM
100
AcDbPolyline
 90
        2
 70
     0
 43
0.0
 10
72.14471216371251
 20
2.192020000000012
 10
72.14471216371251
 20
6.332220000000011
  0
LWPOLYLINE
  5
6CEB
330
6F
100
AcDbEntity
  8
PG_WB-SILK-R01-BOTTOM
100
AcDbPolyline
 90
        2
 70
     0
 43
0.0
 10
73.34968816371253
 20
5.332222000000012
 10
73.34968816371253
 20
6.332220000000011
  0
LWPOLYLINE
  5
6CEC
330
6F
100
AcDbEntity
  8
PG_WB-SILK-R01-BOTTOM
100
AcDbPolyline
 90
        2
 70
     0
 43
0.0
 10
76.34993616371253
 20
5.332222000000012
 10
73.34968816371253
 20
5.332222000000012
  0
LWPOLYLINE
  5
6CED
330
6F
100
AcDbEntity
  8
PG_WB-SILK-R01-BOTTOM
100
AcDbPolyline
 90
        2
 70
     0
 43
0.0
 10
76.34993616371253
 20
6.332220000000011
 10
76.34993616371253
 20
5.332222000000012
  0
LWPOLYLINE
  5
6CEE
330
6F
100
AcDbEntity
  8
PG_WB-SILK-R01-BOTTOM
100
AcDbPolyline
 90
        2
 70
     0
 43
0.0
 10
77.55491216371252
 20
6.332220000000011
 10
77.55491216371252
 20
2.192274000000012
  0
LWPOLYLINE
  5
6CEF
330
6F
100
AcDbEntity
  8
PG_WB-SILK-R01-BOTTOM
100
AcDbPolyline
 90
        2
 70
     0
 43
0.0
 10
72.14471216371251
 20
6.332220000000011
 10
77.55491216371252
 20
6.332220000000011
  0
LWPOLYLINE
  5
6CF0
330
6F
100
AcDbEntity
  8
BG_SILKSCREEN_BOTTOM
100
AcDbPolyline
 90
        3
 70
     0
 43
0.254
 10
41.31647816371253
 20
62.71260000000001
 10
41.31647816371253
 20
61.59500000000001
 10
42.66267816371251
 20
61.59500000000001
  0
LWPOLYLINE
  5
6CF1
330
6F
100
AcDbEntity
  8
BG_SILKSCREEN_BOTTOM
100
AcDbPolyline
 90
        3
 70
     0
 43
0.2032
 10
75.12921216371252
 20
1.696720000000012
 10
75.63721216371252
 20
1.188720000000012
 10
73.60521216371254
 20
1.188720000000012
  0
LWPOLYLINE
  5
6CF2
330
6F
100
AcDbEntity
  8
BG_SILKSCREEN_BOTTOM
100
AcDbPolyline
 90
        3
 70
     0
 43
0.2032
 10
75.63721216371252
 20
0.8077200000000123
 10
73.60521216371254
 20
0.8077200000000123
 10
74.11321216371252
 20
0.2997200000000124
  0
LWPOLYLINE
  5
6CF3
330
6F
100
AcDbEntity
  8
BG_SILKSCREEN_BOTTOM
100
AcDbPolyline
 90
        2
 70
     0
 43
0.254
 10
87.04181216371254
 20
4.135120000000012
 10
87.04181216371254
 20
2.865120000000012
  0
LWPOLYLINE
  5
6CF4
330
6F
100
AcDbEntity
  8
BG_SILKSCREEN_BOTTOM
100
AcDbPolyline
 90
        2
 70
     0
 43
0.254
 10
86.53381216371253
 20
7.818120000000011
 10
87.80381216371254
 20
7.818120000000011
  0
LWPOLYLINE
  5
6CF5
330
6F
100
AcDbEntity
  8
BG_SILKSCREEN_BOTTOM
100
AcDbPolyline
 90
        2
 70
     0
 43
0.254
 10
87.16881216371252
 20
7.183120000000012
 10
87.16881216371252
 20
8.32612000000001
  0
LWPOLYLINE
  5
6CF6
330
6F
100
AcDbEntity
  8
BG_SILKSCREEN_BOTTOM
100
AcDbPolyline
 90
        2
 70
     0
 43
0.254
 10
90.39461216371254
 20
7.599680000000012
 10
89.12461216371253
 20
7.599680000000012
  0
LWPOLYLINE
  5
6CF7
330
6F
100
AcDbEntity
  8
BG_SILKSCREEN_BOTTOM
100
AcDbPolyline
 90
        2
 70
     0
 43
0.254
 10
98.85281216371251
 20
7.056120000000012
 10
98.85281216371251
 20
8.072120000000012
  0
LWPOLYLINE
  5
6CF8
330
6F
100
AcDbEntity
  8
BG_SILKSCREEN_BOTTOM
100
AcDbPolyline
 90
        2
 70
     0
 43
0.254
 10
98.34481216371253
 20
7.564120000000012
 10
99.36081216371252
 20
7.564120000000012
  0
LWPOLYLINE
  5
6CFB
330
6F
100
AcDbEntity
  8
PG_WB-SILK-R01-BOTTOM
100
AcDbPolyline
 90
        2
 70
     1
 43
0.0
 10
69.92881616371253
 20
5.775452000000012
 42
-1.0
 10
70.69740816371254
 20
5.775388000000011
 42
-1.0
  0
LWPOLYLINE
  5
6CFC
330
6F
100
AcDbEntity
  8
BG_OUTLINE
100
AcDbPolyline
 90
        8
 70
     1
 43
0.0
 10
22.83670816371253
 20
0.0000000000000124
 42
-0.4142140000000001
 10
21.33683816371253
 20
1.500124000000012
 10
21.33683816371253
 20
68.49999000000001
 42
-0.4142140000000001
 10
22.83670816371253
 20
70.00011400000001
 10
107.8378081637125
 20
70.00011400000001
 42
-0.4142140000000001
 10
109.3376781637125
 20
68.49999000000001
 10
109.3376781637125
 20
1.500124000000012
 42
-0.4142140000000001
 10
107.8378081637125
 20
0.0000000000000124
  0
MTEXT
  5
6DDA
330
6F
100
AcDbEntity
  8
0
  6
Continuous
100
AcDbMText
 10
92.46660455123163
 20
66.51691670325432
 30
0.0
 40
0.6
 41
2.26244461374759
 71
     1
 72
     5
  1
{\C6;SW\P}
 73
     1
 44
1.0
  0
MTEXT
  5
6DDB
330
6F
100
AcDbEntity
  8
0
  6
Continuous
100
AcDbMText
 10
98.58182767058979
 20
66.4582971928902
 30
0.0
 40
0.6
 41
2.004697759016864
 71
     1
 72
     5
  1
{\C6;RST\P}
 73
     1
 44
1.0
  0
MTEXT
  5
6E1C
330
6F
100
AcDbEntity
  8
0
  6
Continuous
100
AcDbMText
 10
39.10118215622379
 20
68.73745004513093
 30
0.0
 40
0.6
 41
3.264793493256015
 71
     1
 72
     5
  1
{\C6;BOOT\P}
 73
     1
 44
1.0
  0
MTEXT
  5
6E1D
330
6F
100
AcDbEntity
  8
0
  6
Continuous
100
AcDbMText
 10
28.35057091364121
 20
68.68141751220418
 30
0.0
 40
0.6
 41
2.061974837845906
 71
     1
 72
     5
  1
{\C6;MCU\PRST\P}
 73
     1
 44
1.0
  0
MTEXT
  5
6E5E
330
6F
100
AcDbEntity
  8
0
  6
Continuous
100
AcDbMText
 10
101.4573057490783
 20
7.198176430670586
 30
0.0
 40
0.5
 41
2.692022704965495
 71
     1
 72
     5
  1
{\C6;DCIN\P}
 73
     1
 44
1.0
  0
MTEXT
  5
6E5F
330
6F
100
AcDbEntity
  8
0
  6
Continuous
100
AcDbMText
 10
86.02256493161926
 20
2.418404202386122
 30
0.0
 40
0.5
 41
2.061974837845909
 71
     1
 72
     5
  1
{\C6;RTC\P}
 73
     1
 44
1.0
  0
MTEXT
  5
6E60
330
6F
100
AcDbEntity
  8
0
  6
Continuous
100
AcDbMText
 10
76.32967227590144
 20
1.227398944484507
 30
0.0
 40
0.5
 41
1.073945228044749
 71
     1
 72
     5
  1
{\C6;ON\P}
 73
     1
 44
1.0
  0
MTEXT
  5
6E61
330
6F
100
AcDbEntity
  8
0
  6
Continuous
100
AcDbMText
 10
71.85490049238167
 20
1.245298031618587
 30
0.0
 40
0.5
 41
1.485624232128572
 71
     1
 72
     5
  1
{\C6;OFF\P}
 73
     1
 44
1.0
  0
MTEXT
  5
6E62
330
6F
100
AcDbEntity
  8
0
  6
Continuous
100
AcDbMText
 10
78.04798464077304
 20
6.185446080624404
 30
0.0
 40
0.5
 41
1.80780780054198
 71
     1
 72
     5
  1
{\C6;APO\P}
 73
     1
 44
1.0
  0
MTEXT
  5
6E63
330
6F
100
AcDbEntity
  8
0
  6
Continuous
100
AcDbMText
 10
77.9942873793708
 20
2.784619525149385
 30
0.0
 40
0.5
 41
1.449826057860406
 71
     1
 72
     5
  1
{\C6;MCU\P}
 73
     1
 44
1.0
  0
MTEXT
  5
6EA4
330
6F
100
AcDbEntity
  8
0
  6
Continuous
100
AcDbMText
 10
50.70977810836312
 20
34.20281557524982
 30
0.0
 40
0.6
 41
6.246781409793584
 71
     1
 72
     5
  1
{\C6;M.2 E KEY\P}
 73
     1
 44
1.0
1001
ACAD
1000
ACAD_MTEXT_DEFINED_HEIGHT_BEGIN
1070
    46
1040
1.485624232128564
1000
ACAD_MTEXT_DEFINED_HEIGHT_END
  0
MTEXT
  5
6EE5
330
6F
100
AcDbEntity
  8
0
  6
Continuous
100
AcDbMText
 10
61.38529198571361
 20
1.414543207996648
 30
0.0
 40
0.6
 41
3.780287202717489
 71
     1
 72
     5
  1
{\C6;PCIE X1\P}
 73
     1
 44
1.0
1001
ACAD
1000
ACAD_MTEXT_DEFINED_HEIGHT_BEGIN
1070
    46
1040
0.5154937094614772
1000
ACAD_MTEXT_DEFINED_HEIGHT_END
  0
MTEXT
  5
6F26
330
6F
100
AcDbEntity
  8
0
  6
Continuous
100
AcDbMText
 10
30.63809691409554
 20
1.218082827613006
 30
0.0
 40
0.6
 41
3.338537732248426
 71
     1
 72
     5
  1
{\C6;TOUCH\P}
 73
     1
 44
1.0
1001
ACAD
1000
ACAD_MTEXT_DEFINED_HEIGHT_BEGIN
1070
    46
1040
0.5788564779161208
1000
ACAD_MTEXT_DEFINED_HEIGHT_END
  0
MTEXT
  5
6F27
330
6F
100
AcDbEntity
  8
0
  6
Continuous
100
AcDbMText
 10
43.53474717594218
 20
1.408887096462283
 30
0.0
 40
0.6
 41
6.461570455402537
 71
     1
 72
     5
  1
{\C6;EDP DISPLAY\P}
 73
     1
 44
1.0
1001
ACAD
1000
ACAD_MTEXT_DEFINED_HEIGHT_BEGIN
1070
    46
1040
0.6085689625586869
1000
ACAD_MTEXT_DEFINED_HEIGHT_END
  0
VIEWPORT
  5
6F68
102
{ACAD_XDICTIONARY
360
6F69
102
}
330
6B
100
AcDbEntity
 67
     1
  8
0
  6
Continuous
100
AcDbViewport
 10
0.0
 20
0.0
 30
0.0
 40
33.62657289377289
 41
14.3888
 68
     1
 69
     1
 12
8.502962454212454
 22
4.261884065934067
 13
0.0
 23
0.0
 14
0.5
 24
0.5
 15
0.5
 25
0.5
 16
0.0
 26
0.0
 36
1.0
 17
0.0
 27
0.0
 37
0.0
 42
50.0
 43
0.0
 44
0.0
 45
14.3888
 50
0.0
 51
0.0
 72
   100
 90
   557088
  1

281
     0
 71
     1
 74
     0
110
0.0
120
0.0
130
0.0
111
1.0
121
0.0
131
0.0
112
0.0
122
1.0
132
0.0
 79
     0
146
0.0
170
     0
  0
VIEWPORT
  5
6F6B
102
{ACAD_XDICTIONARY
360
6F6C
102
}
330
6B
100
AcDbEntity
 67
     1
  8
0
  6
Continuous
100
AcDbViewport
 10
5.25
 20
4.0
 30
0.0
 40
8.400152730049637
 41
6.49102710958381
 68
     2
 69
     2
 12
198.7012035930165
 22
-26.44117962041103
 13
0.0
 23
0.0
 14
0.5
 24
0.5
 15
0.5
 25
0.5
 16
0.0
 26
0.0
 36
1.0
 17
0.0
 27
0.0
 37
0.0
 42
50.0
 43
0.0
 44
0.0
 45
629.6143897881246
 50
0.0
 51
0.0
 72
   100
 90
   819296
  1

281
     0
 71
     1
 74
     0
110
0.0
120
0.0
130
0.0
111
1.0
121
0.0
131
0.0
112
0.0
122
1.0
132
0.0
 79
     0
146
0.0
170
     0
  0
ENDSEC
  0
SECTION
  2
OBJECTS
  0
DICTIONARY
  5
C
330
0
100
AcDbDictionary
281
     1
  3
ACAD_CIP_PREVIOUS_PRODUCT_INFO
350
528A
  3
ACAD_COLOR
350
62
  3
ACAD_DETAILVIEWSTYLE
350
69
  3
ACAD_GROUP
350
D
  3
ACAD_LAYOUT
350
61
  3
ACAD_MATERIAL
350
10
  3
ACAD_MLEADERSTYLE
350
65
  3
ACAD_MLINESTYLE
350
5E
  3
ACAD_PLOTSETTINGS
350
60
  3
ACAD_PLOTSTYLENAME
350
E
  3
ACAD_SCALELIST
350
42
  3
ACAD_SECTIONVIEWSTYLE
350
67
  3
ACAD_TABLESTYLE
350
63
  3
ACAD_VISUALSTYLE
350
29
  3
ACDB_RECOMPOSE_DATA
350
6FAF
  3
AcDbVariableDictionary
350
6D0F
  0
DICTIONARY
  5
6F70
330
8
100
AcDbDictionary
280
     1
281
     1
  3
ACAD_XREC_ROUNDTRIP
360
6F71
  0
DICTIONARY
  5
6F69
330
6F68
100
AcDbDictionary
280
     1
281
     1
  3
ACAD_XREC_ROUNDTRIP
360
6F6E
  3
ASDK_XREC_ANNOTATION_SCALE_INFO
360
6F6A
  0
DICTIONARY
  5
6F6C
330
6F6B
100
AcDbDictionary
280
     1
281
     1
  3
ACAD_XREC_ROUNDTRIP
360
6F6F
  3
ASDK_XREC_ANNOTATION_SCALE_INFO
360
6F6D
  0
XRECORD
  5
528A
102
{ACAD_REACTORS
330
C
102
}
330
C
100
AcDbXrecord
280
     1
300
ACD
300
2014
300
ACD_F_S
  0
DICTIONARY
  5
62
102
{ACAD_REACTORS
330
C
102
}
330
C
100
AcDbDictionary
281
     1
  0
DICTIONARY
  5
69
102
{ACAD_REACTORS
330
C
102
}
330
C
100
AcDbDictionary
281
     1
  3
Imperial24
350
6A
  0
DICTIONARY
  5
D
102
{ACAD_REACTORS
330
C
102
}
330
C
100
AcDbDictionary
281
     1
  0
DICTIONARY
  5
61
102
{ACAD_REACTORS
330
C
102
}
330
C
100
AcDbDictionary
281
     1
  3
Model
350
72
  3
布局1
350
6E
  0
DICTIONARY
  5
10
102
{ACAD_REACTORS
330
C
102
}
330
C
100
AcDbDictionary
281
     1
  3
ByBlock
350
19
  3
ByLayer
350
11
  3
Global
350
21
  0
DICTIONARY
  5
65
102
{ACAD_REACTORS
330
C
102
}
330
C
100
AcDbDictionary
281
     1
  3
Standard
350
66
  0
DICTIONARY
  5
5E
102
{ACAD_REACTORS
330
C
102
}
330
C
100
AcDbDictionary
281
     1
  3
Standard
350
5F
  0
DICTIONARY
  5
60
102
{ACAD_REACTORS
330
C
102
}
330
C
100
AcDbDictionary
281
     1
  0
ACDBDICTIONARYWDFLT
  5
E
102
{ACAD_REACTORS
330
C
102
}
330
C
100
AcDbDictionary
281
     1
  3
Normal
350
F
100
AcDbDictionaryWithDefault
340
F
  0
DICTIONARY
  5
42
102
{ACAD_REACTORS
330
C
102
}
330
C
100
AcDbDictionary
281
     1
  3
A0
350
43
  3
A1
350
44
  3
A2
350
45
  3
A3
350
46
  3
A4
350
47
  3
A5
350
48
  3
A6
350
49
  3
A7
350
4A
  3
A8
350
4B
  3
A9
350
4C
  3
B0
350
4D
  3
B1
350
4E
  3
B2
350
4F
  3
B3
350
50
  3
B4
350
51
  3
B5
350
52
  3
B6
350
53
  0
DICTIONARY
  5
67
102
{ACAD_REACTORS
330
C
102
}
330
C
100
AcDbDictionary
281
     1
  3
Imperial24
350
68
  0
DICTIONARY
  5
63
102
{ACAD_REACTORS
330
C
102
}
330
C
100
AcDbDictionary
281
     1
  3
Standard
350
64
  0
DICTIONARY
  5
29
102
{ACAD_REACTORS
330
C
102
}
330
C
100
AcDbDictionary
281
     1
  3
2dWireframe
350
2F
  3
Basic
350
2E
  3
Brighten
350
35
  3
ColorChange
350
39
  3
Conceptual
350
32
  3
Dim
350
34
  3
EdgeColorOff
350
41
  3
Facepattern
350
38
  3
Flat
350
2A
  3
FlatWithEdges
350
2B
  3
Gouraud
350
2C
  3
GouraudWithEdges
350
2D
  3
Hidden
350
31
  3
JitterOff
350
3F
  3
Linepattern
350
37
  3
OverhangOff
350
40
  3
Realistic
350
33
  3
Shaded
350
3E
  3
Shaded with edges
350
3D
  3
Shades of Gray
350
3A
  3
Sketchy
350
3B
  3
Thicken
350
36
  3
Wireframe
350
30
  3
X-Ray
350
3C
  0
XRECORD
  5
6FAF
102
{ACAD_REACTORS
330
C
102
}
330
C
100
AcDbXrecord
280
     1
 90
        1
330
64
  0
DICTIONARY
  5
6D0F
102
{ACAD_REACTORS
330
C
102
}
330
C
100
AcDbDictionary
281
     1
  3
CANNOSCALE
350
6D14
  3
CMLEADERSTYLE
350
6D11
  3
CTABLESTYLE
350
6D10
  3
CVIEWDETAILSTYLE
350
6D12
  3
CVIEWSECTIONSTYLE
350
6D13
  3
MSLTSCALE
350
6D93
  3
XCLIPFRAME
350
6D15
  0
XRECORD
  5
6F71
102
{ACAD_REACTORS
330
6F70
102
}
330
6F70
100
AcDbXrecord
280
     1
102
VTR_0.000_0.000_1.000_1.000_GRIDDISPLAY
 70
     3
102
VTR_0.000_0.000_1.000_1.000_GRIDMAJOR
 70
     5
102
VTR_0.000_0.000_1.000_1.000_DEFAULTLIGHTING
280
     1
102
VTR_0.000_0.000_1.000_1.000_DEFAULTLIGHTINGTYPE
 70
     1
102
VTR_0.000_0.000_1.000_1.000_BRIGHTNESS
141
0.0
102
VTR_0.000_0.000_1.000_1.000_CONTRAST
142
0.0
  0
XRECORD
  5
6F6E
102
{ACAD_REACTORS
330
6F69
102
}
330
6F69
100
AcDbXrecord
280
     1
102
GRIDDISPLAY
 70
     2
102
GRIDMAJOR
 70
     5
102
DEFAULTLIGHTING
280
     1
102
DEFAULTLIGHTINGTYPE
 70
     1
102
BRIGHTNESS
141
0.0
102
CONTRAST
142
0.0
  0
XRECORD
  5
6F6A
102
{ACAD_REACTORS
330
6F69
102
}
330
6F69
100
AcDbXrecord
280
     1
 90
        1
340
43
  0
XRECORD
  5
6F6F
102
{ACAD_REACTORS
330
6F6C
102
}
330
6F6C
100
AcDbXrecord
280
     1
102
GRIDDISPLAY
 70
     3
102
GRIDMAJOR
 70
     5
102
DEFAULTLIGHTING
280
     1
102
DEFAULTLIGHTINGTYPE
 70
     1
102
BRIGHTNESS
141
0.0
102
CONTRAST
142
0.0
  0
XRECORD
  5
6F6D
102
{ACAD_REACTORS
330
6F6C
102
}
330
6F6C
100
AcDbXrecord
280
     1
 90
        1
340
43
  0
ACDBDETAILVIEWSTYLE
  5
6A
102
{ACAD_REACTORS
330
69
102
}
102
{ACAD_XDICTIONARY
360
6D51
102
}
330
69
100
AcDbModelDocViewStyle
 70
     0
  3
Imperial24
290
     0
100
AcDbDetailViewStyle
 70
     0
 71
     0
 90
        3
 71
     1
340
55
 62
   256
 40
0.24
340
0
 62
   256
 40
0.24
300

 40
0.36
280
     3
 71
     2
340
5C
 90
       25
 62
   256
 71
     3
340
55
 62
   256
 40
0.24
 90
        1
 40
0.75
 90
        1
300
%<\AcVar ViewType \f "%tc1">% %<\AcVar ViewDetailId>%\PSCALE %<\AcVar ViewScale \f "%sn">%
 71
     4
340
5C
 90
       25
 62
   256
340
5C
 90
       25
 62
   256
280
     0
  0
LAYOUT
  5
72
102
{ACAD_REACTORS
330
61
102
}
330
61
100
AcDbPlotSettings
  1

  2
OrCADPS_17.2
  4

  6

 40
0.0
 41
0.0
 42
0.0
 43
0.0
 44
0.0
 45
0.0
 46
0.0
 47
0.0
 48
0.0
 49
0.0
140
0.0
141
0.0
142
1.0
143
1.0
 70
  1712
 72
     0
 73
     0
 74
     0
  7

 75
     0
 76
     0
 77
     2
 78
   300
147
1.0
148
0.0
149
0.0
100
AcDbLayout
  1
Model
 70
     1
 71
     0
 10
0.0
 20
0.0
 11
12.0
 21
9.0
 12
0.0
 22
0.0
 32
0.0
 14
21.33277416371252
 24
0.000000000000012
 34
0.0
 15
111.4362261637125
 25
70.93127803038183
 35
0.0
146
0.0
 13
0.0
 23
0.0
 33
0.0
 16
1.0
 26
0.0
 36
0.0
 17
0.0
 27
1.0
 37
0.0
 76
     0
330
6F
331
79
  0
LAYOUT
  5
6E
102
{ACAD_REACTORS
330
61
102
}
330
61
100
AcDbPlotSettings
  1

  2
none_device
  4
Letter_(8.50_x_11.00_Inches)
  6

 40
6.35
 41
6.35
 42
6.35001
 43
6.35001
 44
215.9
 45
279.4
 46
0.0
 47
0.0
 48
0.0
 49
0.0
140
0.0
141
0.0
142
1.0
143
1.0
 70
   688
 72
     0
 73
     1
 74
     5
  7

 75
    16
 76
     0
 77
     2
 78
   300
147
1.0
148
0.0
149
0.0
100
AcDbLayout
  1
布局1
 70
     1
 71
     1
 10
-0.2500003937007874
 20
-0.25
 11
10.74999960629921
 21
8.25
 12
0.0
 22
0.0
 32
0.0
 14
1.049923634975181
 24
0.7544864452080948
 34
0.0
 15
9.450076365024819
 25
7.245513554791906
 35
0.0
146
0.0
 13
0.0
 23
0.0
 33
0.0
 16
1.0
 26
0.0
 36
0.0
 17
0.0
 27
1.0
 37
0.0
 76
     0
330
6B
331
6F68
  0
MATERIAL
  5
19
102
{ACAD_REACTORS
330
10
102
}
102
{ACAD_XDICTIONARY
360
6F73
102
}
330
10
100
AcDbMaterial
  1
ByBlock
 72
     0
 43
0.0208333333333333
 43
0.0
 43
0.0
 43
0.0
 43
0.0
 43
0.0208333333333333
 43
0.0
 43
0.0
 43
0.0
 43
0.0
 43
1.0
 43
0.0
 43
0.0
 43
0.0
 43
0.0
 43
1.0
 77
     0
 47
0.0208333333333333
 47
0.0
 47
0.0
 47
0.0
 47
0.0
 47
0.0208333333333333
 47
0.0
 47
0.0
 47
0.0
 47
0.0
 47
1.0
 47
0.0
 47
0.0
 47
0.0
 47
0.0
 47
1.0
171
     0
 49
0.0208333333333333
 49
0.0
 49
0.0
 49
0.0
 49
0.0
 49
0.0208333333333333
 49
0.0
 49
0.0
 49
0.0
 49
0.0
 49
1.0
 49
0.0
 49
0.0
 49
0.0
 49
0.0
 49
1.0
175
     0
142
0.0208333333333333
142
0.0
142
0.0
142
0.0
142
0.0
142
0.0208333333333333
142
0.0
142
0.0
142
0.0
142
0.0
142
1.0
142
0.0
142
0.0
142
0.0
142
0.0
142
1.0
179
     0
144
0.0208333333333333
144
0.0
144
0.0
144
0.0
144
0.0
144
0.0208333333333333
144
0.0
144
0.0
144
0.0
144
0.0
144
1.0
144
0.0
144
0.0
144
0.0
144
0.0
144
1.0
147
0.0208333333333333
147
0.0
147
0.0
147
0.0
147
0.0
147
0.0208333333333333
147
0.0
147
0.0
147
0.0
147
0.0
147
1.0
147
0.0
147
0.0
147
0.0
147
0.0
147
1.0
  0
MATERIAL
  5
11
102
{ACAD_REACTORS
330
10
102
}
102
{ACAD_XDICTIONARY
360
6F75
102
}
330
10
100
AcDbMaterial
  1
ByLayer
 72
     0
 43
0.0208333333333333
 43
0.0
 43
0.0
 43
0.0
 43
0.0
 43
0.0208333333333333
 43
0.0
 43
0.0
 43
0.0
 43
0.0
 43
1.0
 43
0.0
 43
0.0
 43
0.0
 43
0.0
 43
1.0
 77
     0
 47
0.0208333333333333
 47
0.0
 47
0.0
 47
0.0
 47
0.0
 47
0.0208333333333333
 47
0.0
 47
0.0
 47
0.0
 47
0.0
 47
1.0
 47
0.0
 47
0.0
 47
0.0
 47
0.0
 47
1.0
171
     0
 49
0.0208333333333333
 49
0.0
 49
0.0
 49
0.0
 49
0.0
 49
0.0208333333333333
 49
0.0
 49
0.0
 49
0.0
 49
0.0
 49
1.0
 49
0.0
 49
0.0
 49
0.0
 49
0.0
 49
1.0
175
     0
142
0.0208333333333333
142
0.0
142
0.0
142
0.0
142
0.0
142
0.0208333333333333
142
0.0
142
0.0
142
0.0
142
0.0
142
1.0
142
0.0
142
0.0
142
0.0
142
0.0
142
1.0
179
     0
144
0.0208333333333333
144
0.0
144
0.0
144
0.0
144
0.0
144
0.0208333333333333
144
0.0
144
0.0
144
0.0
144
0.0
144
1.0
144
0.0
144
0.0
144
0.0
144
0.0
144
1.0
147
0.0208333333333333
147
0.0
147
0.0
147
0.0
147
0.0
147
0.0208333333333333
147
0.0
147
0.0
147
0.0
147
0.0
147
1.0
147
0.0
147
0.0
147
0.0
147
0.0
147
1.0
  0
MATERIAL
  5
21
102
{ACAD_REACTORS
330
10
102
}
102
{ACAD_XDICTIONARY
360
6F77
102
}
330
10
100
AcDbMaterial
  1
Global
 72
     0
 43
0.0208333333333333
 43
0.0
 43
0.0
 43
0.0
 43
0.0
 43
0.0208333333333333
 43
0.0
 43
0.0
 43
0.0
 43
0.0
 43
1.0
 43
0.0
 43
0.0
 43
0.0
 43
0.0
 43
1.0
 77
     0
 47
0.0208333333333333
 47
0.0
 47
0.0
 47
0.0
 47
0.0
 47
0.0208333333333333
 47
0.0
 47
0.0
 47
0.0
 47
0.0
 47
1.0
 47
0.0
 47
0.0
 47
0.0
 47
0.0
 47
1.0
171
     0
 49
0.0208333333333333
 49
0.0
 49
0.0
 49
0.0
 49
0.0
 49
0.0208333333333333
 49
0.0
 49
0.0
 49
0.0
 49
0.0
 49
1.0
 49
0.0
 49
0.0
 49
0.0
 49
0.0
 49
1.0
175
     0
142
0.0208333333333333
142
0.0
142
0.0
142
0.0
142
0.0
142
0.0208333333333333
142
0.0
142
0.0
142
0.0
142
0.0
142
1.0
142
0.0
142
0.0
142
0.0
142
0.0
142
1.0
179
     0
144
0.0208333333333333
144
0.0
144
0.0
144
0.0
144
0.0
144
0.0208333333333333
144
0.0
144
0.0
144
0.0
144
0.0
144
1.0
144
0.0
144
0.0
144
0.0
144
0.0
144
1.0
147
0.0208333333333333
147
0.0
147
0.0
147
0.0
147
0.0
147
0.0208333333333333
147
0.0
147
0.0
147
0.0
147
0.0
147
1.0
147
0.0
147
0.0
147
0.0
147
0.0
147
1.0
  0
MLEADERSTYLE
  5
66
102
{ACAD_REACTORS
330
65
102
}
102
{ACAD_XDICTIONARY
360
6F79
102
}
330
65
100
AcDbMLeaderStyle
170
     2
171
     1
172
     0
 90
        2
 40
0.0
 41
0.0
173
     1
 91
-1056964608
340
5A
 92
       -2
290
     1
 42
0.09
291
     1
 43
0.36
  3
Standard
341
0
 44
0.18
300

342
55
174
     1
178
     6
175
     1
176
     0
 93
-1056964608
 45
0.18
292
     0
297
     0
 46
0.18
343
0
 94
-1056964608
 47
1.0
 49
1.0
140
1.0
293
     1
141
0.0
294
     1
177
     0
142
1.0
295
     0
296
     0
143
0.125
1001
ACAD_MLEADERVER
1070
     2
  0
MLINESTYLE
  5
5F
102
{ACAD_REACTORS
330
5E
102
}
330
5E
100
AcDbMlineStyle
  2
STANDARD
 70
     0
  3

 62
   256
 51
90.0
 52
90.0
 71
     2
 49
0.5
 62
   256
  6
BYLAYER
 49
-0.5
 62
   256
  6
BYLAYER
  0
ACDBPLACEHOLDER
  5
F
102
{ACAD_REACTORS
330
E
102
}
330
E
  0
SCALE
  5
43
102
{ACAD_REACTORS
330
42
102
}
330
42
100
AcDbScale
 70
     0
300
1:1
140
1.0
141
1.0
290
     1
  0
SCALE
  5
44
102
{ACAD_REACTORS
330
42
102
}
330
42
100
AcDbScale
 70
     0
300
1/128" = 1'-0"
140
0.0078125
141
12.0
290
     0
  0
SCALE
  5
45
102
{ACAD_REACTORS
330
42
102
}
330
42
100
AcDbScale
 70
     0
300
1/64" = 1'-0"
140
0.015625
141
12.0
290
     0
  0
SCALE
  5
46
102
{ACAD_REACTORS
330
42
102
}
330
42
100
AcDbScale
 70
     0
300
1/32" = 1'-0"
140
0.03125
141
12.0
290
     0
  0
SCALE
  5
47
102
{ACAD_REACTORS
330
42
102
}
330
42
100
AcDbScale
 70
     0
300
1/16" = 1'-0"
140
0.0625
141
12.0
290
     0
  0
SCALE
  5
48
102
{ACAD_REACTORS
330
42
102
}
330
42
100
AcDbScale
 70
     0
300
3/32" = 1'-0"
140
0.09375
141
12.0
290
     0
  0
SCALE
  5
49
102
{ACAD_REACTORS
330
42
102
}
330
42
100
AcDbScale
 70
     0
300
1/8" = 1'-0"
140
0.125
141
12.0
290
     0
  0
SCALE
  5
4A
102
{ACAD_REACTORS
330
42
102
}
330
42
100
AcDbScale
 70
     0
300
3/16" = 1'-0"
140
0.1875
141
12.0
290
     0
  0
SCALE
  5
4B
102
{ACAD_REACTORS
330
42
102
}
330
42
100
AcDbScale
 70
     0
300
1/4" = 1'-0"
140
0.25
141
12.0
290
     0
  0
SCALE
  5
4C
102
{ACAD_REACTORS
330
42
102
}
330
42
100
AcDbScale
 70
     0
300
3/8" = 1'-0"
140
0.375
141
12.0
290
     0
  0
SCALE
  5
4D
102
{ACAD_REACTORS
330
42
102
}
330
42
100
AcDbScale
 70
     0
300
1/2" = 1'-0"
140
0.5
141
12.0
290
     0
  0
SCALE
  5
4E
102
{ACAD_REACTORS
330
42
102
}
330
42
100
AcDbScale
 70
     0
300
3/4" = 1'-0"
140
0.75
141
12.0
290
     0
  0
SCALE
  5
4F
102
{ACAD_REACTORS
330
42
102
}
330
42
100
AcDbScale
 70
     0
300
1" = 1'-0"
140
1.0
141
12.0
290
     0
  0
SCALE
  5
50
102
{ACAD_REACTORS
330
42
102
}
330
42
100
AcDbScale
 70
     0
300
1-1/2" = 1'-0"
140
1.5
141
12.0
290
     0
  0
SCALE
  5
51
102
{ACAD_REACTORS
330
42
102
}
330
42
100
AcDbScale
 70
     0
300
3" = 1'-0"
140
3.0
141
12.0
290
     0
  0
SCALE
  5
52
102
{ACAD_REACTORS
330
42
102
}
330
42
100
AcDbScale
 70
     0
300
6" = 1'-0"
140
6.0
141
12.0
290
     0
  0
SCALE
  5
53
102
{ACAD_REACTORS
330
42
102
}
330
42
100
AcDbScale
 70
     0
300
1'-0" = 1'-0"
140
12.0
141
12.0
290
     0
  0
ACDBSECTIONVIEWSTYLE
  5
68
102
{ACAD_REACTORS
330
67
102
}
102
{ACAD_XDICTIONARY
360
6D4F
102
}
330
67
100
AcDbModelDocViewStyle
 70
     0
  3
Imperial24
290
     0
100
AcDbSectionViewStyle
 70
     0
 71
     0
 90
       78
 71
     1
340
55
 62
   256
 40
0.24
340
0
340
0
 62
   256
 40
0.24
300
I, O, Q, S, X, Z
 40
0.48
 90
        3
 40
0.18
 90
        1
 71
     2
340
5C
 90
       25
 62
   256
340
5C
 90
       50
 62
   256
 40
0.24
 40
0.0
 40
0.24
 71
     3
340
55
 62
   256
 40
0.24
 90
        1
 40
0.75
 90
        1
300
%<\AcVar ViewType \f "%tc1">% %<\AcVar ViewSectionStartId>%-%<\AcVar ViewSectionEndId>%\PSCALE %<\AcVar ViewScale \f "%sn">%
 71
     4
 62
   256
 62
   257
300
ANSI31
 40
1.0
 90
        0
290
     0
290
     0
 90
        6
 40
0.0
 40
1.570796326794896
 40
0.2617993877991494
 40
1.308996938995747
 40
-0.2617993877991494
 40
1.832595714594046
  0
TABLESTYLE
  5
64
102
{ACAD_REACTORS
330
63
102
}
102
{ACAD_XDICTIONARY
360
6F7C
102
}
330
63
100
AcDbTableStyle
  3
Standard
 70
     0
 71
     0
 40
0.06
 41
0.06
280
     0
281
     0
  7
STANDARD
140
0.18
170
     2
 62
     0
 63
   257
283
     1
274
    -2
284
     1
 64
     0
275
    -2
285
     1
 65
     0
276
    -2
286
     1
 66
     0
277
    -2
287
     1
 67
     0
278
    -2
288
     1
 68
     0
279
    -2
289
     1
 69
     0
  7
STANDARD
140
0.25
170
     5
 62
     0
 63
   257
283
     1
274
    -2
284
     1
 64
     0
275
    -2
285
     1
 65
     0
276
    -2
286
     1
 66
     0
277
    -2
287
     1
 67
     0
278
    -2
288
     1
 68
     0
279
    -2
289
     1
 69
     0
  7
STANDARD
140
0.18
170
     5
 62
     0
 63
   257
283
     1
274
    -2
284
     1
 64
     0
275
    -2
285
     1
 65
     0
276
    -2
286
     1
 66
     0
277
    -2
287
     1
 67
     0
278
    -2
288
     1
 68
     0
279
    -2
289
     1
 69
     0
  0
VISUALSTYLE
  5
2F
102
{ACAD_REACTORS
330
29
102
}
102
{ACAD_XDICTIONARY
360
6F7F
102
}
330
29
100
AcDbVisualStyle
  2
2dWireframe
 70
     4
 71
     0
 72
     2
 73
     0
 90
        0
 40
-0.6
 41
-30.0
 62
     5
 63
     7
421
 16777215
 74
     1
 91
        4
 64
     7
 65
   257
 75
     1
175
     1
 42
1.0
 92
        0
 66
   257
 43
1.0
 76
     1
 77
     6
 78
     2
 67
     7
 79
     5
170
     0
171
     0
290
     0
174
     0
 93
        1
 44
0.0
173
     0
291
     0
 45
0.0
1001
ACAD
1000
AcDbSavedByObjectVersion
1070
     0
  0
VISUALSTYLE
  5
2E
102
{ACAD_REACTORS
330
29
102
}
102
{ACAD_XDICTIONARY
360
6F81
102
}
330
29
100
AcDbVisualStyle
  2
Basic
 70
     7
 71
     1
 72
     0
 73
     1
 90
        0
 40
-0.6
 41
-30.0
 62
     5
 63
     7
421
 16777215
 74
     0
 91
        4
 64
     7
 65
   257
 75
     1
175
     1
 42
1.0
 92
        8
 66
     7
 43
1.0
 76
     1
 77
     6
 78
     2
 67
     7
 79
     5
170
     0
171
     0
290
     0
174
     0
 93
        1
 44
0.0
173
     0
291
     1
 45
0.0
1001
ACAD
1000
AcDbSavedByObjectVersion
1070
     0
  0
VISUALSTYLE
  5
35
102
{ACAD_REACTORS
330
29
102
}
102
{ACAD_XDICTIONARY
360
6F83
102
}
330
29
100
AcDbVisualStyle
  2
Brighten
 70
    12
 71
     2
 72
     2
 73
     0
 90
        0
 40
-0.6
 41
-30.0
 62
     5
 63
     7
421
 16777215
 74
     1
 91
        4
 64
     7
 65
   257
 75
     1
175
     1
 42
1.0
 92
        8
 66
     7
 43
1.0
 76
     1
 77
     6
 78
     2
 67
     7
 79
     5
170
     0
171
     0
290
     0
174
     0
 93
        1
 44
50.0
173
     0
291
     1
 45
0.0
1001
ACAD
1000
AcDbSavedByObjectVersion
1070
     0
  0
VISUALSTYLE
  5
39
102
{ACAD_REACTORS
330
29
102
}
102
{ACAD_XDICTIONARY
360
6F85
102
}
330
29
100
AcDbVisualStyle
  2
ColorChange
 70
    16
 71
     2
 72
     2
 73
     3
 90
        0
 40
-0.6
 41
-30.0
 62
     5
 63
     8
421
  8421504
 74
     1
 91
        4
 64
     7
 65
   257
 75
     1
175
     1
 42
1.0
 92
        8
 66
     8
424
  8421504
 43
1.0
 76
     1
 77
     6
 78
     2
 67
     7
 79
     5
170
     0
171
     0
290
     0
174
     0
 93
        1
 44
0.0
173
     0
291
     1
 45
0.0
1001
ACAD
1000
AcDbSavedByObjectVersion
1070
     0
  0
VISUALSTYLE
  5
32
102
{ACAD_REACTORS
330
29
102
}
102
{ACAD_XDICTIONARY
360
6F87
102
}
330
29
100
AcDbVisualStyle
  2
Conceptual
 70
     9
 71
     3
 72
     2
 73
     0
 90
        0
 40
-0.6
 41
-30.0
 62
     5
 63
     7
421
 16777215
 74
     2
 91
        2
 64
     7
 65
   257
 75
     1
175
     1
 42
179.0
 92
        8
 66
     7
 43
1.0
 76
     1
 77
     6
 78
     2
 67
     7
 79
     3
170
     0
171
     0
290
     0
174
     0
 93
        1
 44
0.0
173
     0
291
     0
 45
0.0
1001
ACAD
1000
AcDbSavedByObjectVersion
1070
     0
  0
VISUALSTYLE
  5
34
102
{ACAD_REACTORS
330
29
102
}
102
{ACAD_XDICTIONARY
360
6F89
102
}
330
29
100
AcDbVisualStyle
  2
Dim
 70
    11
 71
     2
 72
     2
 73
     0
 90
        0
 40
-0.6
 41
-30.0
 62
     5
 63
     7
421
 16777215
 74
     1
 91
        4
 64
     7
 65
   257
 75
     1
175
     1
 42
1.0
 92
        8
 66
     7
 43
1.0
 76
     1
 77
     6
 78
     2
 67
     7
 79
     5
170
     0
171
     0
290
     0
174
     0
 93
        1
 44
-50.0
173
     0
291
     1
 45
0.0
1001
ACAD
1000
AcDbSavedByObjectVersion
1070
     0
  0
VISUALSTYLE
  5
41
102
{ACAD_REACTORS
330
29
102
}
102
{ACAD_XDICTIONARY
360
6F8B
102
}
330
29
100
AcDbVisualStyle
  2
EdgeColorOff
 70
    22
 71
     2
 72
     2
 73
     0
 90
        0
 40
-0.6
 41
-30.0
 62
     5
 63
     7
421
 16777215
 74
     1
 91
        4
 64
     7
 65
   257
 75
     1
175
     1
 42
1.0
 92
        8
 66
     7
 43
1.0
 76
     1
 77
     6
 78
     2
 67
     7
 79
     5
170
     0
171
     0
290
     0
174
     0
 93
        1
 44
0.0
173
     0
291
     1
 45
0.0
1001
ACAD
1000
AcDbSavedByObjectVersion
1070
     0
  0
VISUALSTYLE
  5
38
102
{ACAD_REACTORS
330
29
102
}
102
{ACAD_XDICTIONARY
360
6F8D
102
}
330
29
100
AcDbVisualStyle
  2
Facepattern
 70
    15
 71
     2
 72
     2
 73
     0
 90
        0
 40
-0.6
 41
-30.0
 62
     5
 63
     7
421
 16777215
 74
     1
 91
        4
 64
     7
 65
   257
 75
     1
175
     1
 42
1.0
 92
        8
 66
     7
 43
1.0
 76
     1
 77
     6
 78
     2
 67
     7
 79
     5
170
     0
171
     0
290
     0
174
     0
 93
        1
 44
0.0
173
     0
291
     1
 45
0.0
1001
ACAD
1000
AcDbSavedByObjectVersion
1070
     0
  0
VISUALSTYLE
  5
2A
102
{ACAD_REACTORS
330
29
102
}
102
{ACAD_XDICTIONARY
360
6F8F
102
}
330
29
100
AcDbVisualStyle
  2
Flat
 70
     0
 71
     2
 72
     1
 73
     1
 90
        2
 40
-0.6
 41
30.0
 62
     5
 63
     7
421
 16777215
 74
     0
 91
        0
 64
     7
 65
   257
 75
     1
175
     1
 42
1.0
 92
        8
 66
     7
 43
1.0
 76
     1
 77
     6
 78
     2
 67
     7
 79
     5
170
     0
171
     0
290
     0
174
     0
 93
       13
 44
0.0
173
     0
291
     1
 45
0.0
1001
ACAD
1000
AcDbSavedByObjectVersion
1070
     0
  0
VISUALSTYLE
  5
2B
102
{ACAD_REACTORS
330
29
102
}
102
{ACAD_XDICTIONARY
360
6F91
102
}
330
29
100
AcDbVisualStyle
  2
FlatWithEdges
 70
     1
 71
     2
 72
     1
 73
     1
 90
        2
 40
-0.6
 41
30.0
 62
     5
 63
     7
421
 16777215
 74
     1
 91
        0
 64
     7
 65
   257
 75
     1
175
     1
 42
1.0
 92
        0
 66
   257
 43
1.0
 76
     1
 77
     6
 78
     2
 67
     7
 79
     5
170
     0
171
     0
290
     0
174
     0
 93
       13
 44
0.0
173
     0
291
     1
 45
0.0
1001
ACAD
1000
AcDbSavedByObjectVersion
1070
     0
  0
VISUALSTYLE
  5
2C
102
{ACAD_REACTORS
330
29
102
}
102
{ACAD_XDICTIONARY
360
6F93
102
}
330
29
100
AcDbVisualStyle
  2
Gouraud
 70
     2
 71
     2
 72
     2
 73
     1
 90
        2
 40
-0.6
 41
30.0
 62
     5
 63
     7
421
 16777215
 74
     0
 91
        0
 64
     7
 65
   257
 75
     1
175
     1
 42
1.0
 92
        0
 66
     7
 43
1.0
 76
     1
 77
     6
 78
     2
 67
     7
 79
     5
170
     0
171
     0
290
     0
174
     0
 93
       13
 44
0.0
173
     0
291
     1
 45
0.0
1001
ACAD
1000
AcDbSavedByObjectVersion
1070
     0
  0
VISUALSTYLE
  5
2D
102
{ACAD_REACTORS
330
29
102
}
102
{ACAD_XDICTIONARY
360
6F95
102
}
330
29
100
AcDbVisualStyle
  2
GouraudWithEdges
 70
     3
 71
     2
 72
     2
 73
     1
 90
        2
 40
-0.6
 41
30.0
 62
     5
 63
     7
421
 16777215
 74
     1
 91
        0
 64
     7
 65
   257
 75
     1
175
     1
 42
1.0
 92
        0
 66
   257
 43
1.0
 76
     1
 77
     6
 78
     2
 67
     7
 79
     5
170
     0
171
     0
290
     0
174
     0
 93
       13
 44
0.0
173
     0
291
     1
 45
0.0
1001
ACAD
1000
AcDbSavedByObjectVersion
1070
     0
  0
VISUALSTYLE
  5
31
102
{ACAD_REACTORS
330
29
102
}
102
{ACAD_XDICTIONARY
360
6F97
102
}
330
29
100
AcDbVisualStyle
  2
Hidden
 70
     6
 71
     1
 72
     2
 73
     2
 90
        0
 40
-0.6
 41
-30.0
 62
     5
 63
     7
421
 16777215
 74
     2
 91
        2
 64
     7
 65
   257
 75
     2
175
     1
 42
40.0
 92
        0
 66
   257
 43
1.0
 76
     1
 77
     6
 78
     2
 67
     7
 79
     3
170
     0
171
     0
290
     0
174
     0
 93
        1
 44
0.0
173
     0
291
     0
 45
0.0
1001
ACAD
1000
AcDbSavedByObjectVersion
1070
     0
  0
VISUALSTYLE
  5
3F
102
{ACAD_REACTORS
330
29
102
}
102
{ACAD_XDICTIONARY
360
6F99
102
}
330
29
100
AcDbVisualStyle
  2
JitterOff
 70
    20
 71
     2
 72
     2
 73
     0
 90
        0
 40
-0.6
 41
-30.0
 62
     5
 63
     7
421
 16777215
 74
     1
 91
        4
 64
     7
 65
   257
 75
     1
175
     1
 42
1.0
 92
       10
 66
     7
 43
1.0
 76
     1
 77
     6
 78
     2
 67
     7
 79
     5
170
     0
171
     0
290
     0
174
     0
 93
        1
 44
0.0
173
     0
291
     1
 45
0.0
1001
ACAD
1000
AcDbSavedByObjectVersion
1070
     0
  0
VISUALSTYLE
  5
37
102
{ACAD_REACTORS
330
29
102
}
102
{ACAD_XDICTIONARY
360
6F9B
102
}
330
29
100
AcDbVisualStyle
  2
Linepattern
 70
    14
 71
     2
 72
     2
 73
     0
 90
        0
 40
-0.6
 41
-30.0
 62
     5
 63
     7
421
 16777215
 74
     1
 91
        4
 64
     7
 65
   257
 75
     7
175
     7
 42
1.0
 92
        8
 66
     7
 43
1.0
 76
     1
 77
     6
 78
     2
 67
     7
 79
     5
170
     0
171
     0
290
     0
174
     0
 93
        1
 44
0.0
173
     0
291
     1
 45
0.0
1001
ACAD
1000
AcDbSavedByObjectVersion
1070
     0
  0
VISUALSTYLE
  5
40
102
{ACAD_REACTORS
330
29
102
}
102
{ACAD_XDICTIONARY
360
6F9D
102
}
330
29
100
AcDbVisualStyle
  2
OverhangOff
 70
    21
 71
     2
 72
     2
 73
     0
 90
        0
 40
-0.6
 41
-30.0
 62
     5
 63
     7
421
 16777215
 74
     1
 91
        4
 64
     7
 65
   257
 75
     1
175
     1
 42
1.0
 92
        9
 66
     7
 43
1.0
 76
     1
 77
     6
 78
     2
 67
     7
 79
     5
170
     0
171
     0
290
     0
174
     0
 93
        1
 44
0.0
173
     0
291
     1
 45
0.0
1001
ACAD
1000
AcDbSavedByObjectVersion
1070
     0
  0
VISUALSTYLE
  5
33
102
{ACAD_REACTORS
330
29
102
}
102
{ACAD_XDICTIONARY
360
6F9F
102
}
330
29
100
AcDbVisualStyle
  2
Realistic
 70
     8
 71
     2
 72
     3
 73
     0
 90
        2
 40
-0.6
 41
30.0
 62
     5
 63
     7
421
 16777215
 74
     0
 91
        0
 64
     7
 65
   257
 75
     1
175
     1
 42
1.0
 92
        8
 66
   257
 43
1.0
 76
     1
 77
     6
 78
     2
 67
     7
 79
     3
170
     0
171
     0
290
     0
174
     0
 93
       13
 44
0.0
173
     0
291
     0
 45
0.0
1001
ACAD
1000
AcDbSavedByObjectVersion
1070
     0
  0
VISUALSTYLE
  5
3E
102
{ACAD_REACTORS
330
29
102
}
102
{ACAD_XDICTIONARY
360
6FA1
102
}
330
29
100
AcDbVisualStyle
  2
Shaded
 70
    27
 71
     2
 72
     2
 73
     1
 90
        2
 40
-0.6
 41
30.0
 62
     5
 63
     7
421
 16777215
 74
     0
 91
        4
 64
     7
 65
   257
 75
     1
175
     1
 42
1.0
 92
        8
 66
   257
 43
1.0
 76
     1
 77
     6
 78
     2
 67
     8
425
  7895160
 79
     3
170
     0
171
     0
290
     0
174
     0
 93
        5
 44
0.0
173
     0
291
     0
 45
0.0
1001
ACAD
1000
AcDbSavedByObjectVersion
1070
     0
  0
VISUALSTYLE
  5
3D
102
{ACAD_REACTORS
330
29
102
}
102
{ACAD_XDICTIONARY
360
6FA3
102
}
330
29
100
AcDbVisualStyle
  2
Shaded with edges
 70
    26
 71
     2
 72
     2
 73
     1
 90
        2
 40
-0.6
 41
30.0
 62
     5
 63
     7
421
 16777215
 74
     1
 91
       10
 64
     7
 65
   257
 75
     2
175
     1
 42
1.0
 92
        8
 66
   257
 43
1.0
 76
     1
 77
     6
 78
     2
 67
     7
 79
     3
170
     0
171
     0
290
     0
174
     0
 93
        5
 44
0.0
173
     0
291
     0
 45
0.0
1001
ACAD
1000
AcDbSavedByObjectVersion
1070
     0
  0
VISUALSTYLE
  5
3A
102
{ACAD_REACTORS
330
29
102
}
102
{ACAD_XDICTIONARY
360
6FA5
102
}
330
29
100
AcDbVisualStyle
  2
Shades of Gray
 70
    23
 71
     2
 72
     2
 73
     3
 90
        0
 40
-0.6
 41
-30.0
 62
     5
 63
     7
421
 16777215
 74
     2
 91
        2
 64
     7
 65
     7
 75
     1
175
     1
 42
40.0
 92
        8
 66
     7
 43
1.0
 76
     1
 77
     6
 78
     2
 67
     7
 79
     3
170
     0
171
     0
290
     0
174
     0
 93
        1
 44
0.0
173
     0
291
     0
 45
0.0
1001
ACAD
1000
AcDbSavedByObjectVersion
1070
     0
  0
VISUALSTYLE
  5
3B
102
{ACAD_REACTORS
330
29
102
}
102
{ACAD_XDICTIONARY
360
6FA7
102
}
330
29
100
AcDbVisualStyle
  2
Sketchy
 70
    24
 71
     1
 72
     2
 73
     2
 90
        0
 40
-0.6
 41
-30.0
 62
     5
 63
     7
421
 16777215
 74
     2
 91
        2
 64
     7
 65
     7
 75
     1
175
     1
 42
40.0
 92
       11
 66
     7
 43
1.0
 76
     1
 77
     6
 78
     2
 67
     7
 79
     6
170
     0
171
     0
290
     0
174
     0
 93
        1
 44
0.0
173
     0
291
     0
 45
0.0
1001
ACAD
1000
AcDbSavedByObjectVersion
1070
     0
  0
VISUALSTYLE
  5
36
102
{ACAD_REACTORS
330
29
102
}
102
{ACAD_XDICTIONARY
360
6FA9
102
}
330
29
100
AcDbVisualStyle
  2
Thicken
 70
    13
 71
     2
 72
     2
 73
     0
 90
        0
 40
-0.6
 41
-30.0
 62
     5
 63
     7
421
 16777215
 74
     1
 91
        4
 64
     7
 65
   257
 75
     1
175
     1
 42
1.0
 92
       12
 66
     7
 43
1.0
 76
     1
 77
     6
 78
     2
 67
     7
 79
     5
170
     0
171
     0
290
     0
174
     0
 93
        1
 44
0.0
173
     0
291
     1
 45
0.0
1001
ACAD
1000
AcDbSavedByObjectVersion
1070
     0
  0
VISUALSTYLE
  5
30
102
{ACAD_REACTORS
330
29
102
}
102
{ACAD_XDICTIONARY
360
6FAB
102
}
330
29
100
AcDbVisualStyle
  2
Wireframe
 70
     5
 71
     0
 72
     2
 73
     0
 90
        0
 40
-0.6
 41
-30.0
 62
     5
 63
     7
421
 16777215
 74
     1
 91
        4
 64
     7
 65
   257
 75
     1
175
     1
 42
1.0
 92
        0
 66
   257
 43
1.0
 76
     1
 77
     6
 78
     2
 67
     7
 79
     3
170
     0
171
     0
290
     0
174
     0
 93
        1
 44
0.0
173
     0
291
     0
 45
0.0
1001
ACAD
1000
AcDbSavedByObjectVersion
1070
     0
  0
VISUALSTYLE
  5
3C
102
{ACAD_REACTORS
330
29
102
}
102
{ACAD_XDICTIONARY
360
6FAD
102
}
330
29
100
AcDbVisualStyle
  2
X-Ray
 70
    25
 71
     2
 72
     2
 73
     1
 90
        1
 40
0.5
 41
-30.0
 62
     5
 63
     7
421
 16777215
 74
     1
 91
        0
 64
     7
 65
   257
 75
     1
175
     1
 42
1.0
 92
        8
 66
     7
 43
1.0
 76
     1
 77
     6
 78
     2
 67
     7
 79
     3
170
     0
171
     0
290
     0
174
     0
 93
       13
 44
0.0
173
     0
291
     0
 45
0.0
1001
ACAD
1000
AcDbSavedByObjectVersion
1070
     0
  0
DICTIONARYVAR
  5
6D14
102
{ACAD_REACTORS
330
6D0F
102
}
330
6D0F
100
DictionaryVariables
280
     0
  1
1:1
  0
DICTIONARYVAR
  5
6D11
102
{ACAD_REACTORS
330
6D0F
102
}
330
6D0F
100
DictionaryVariables
280
     0
  1
Standard
  0
DICTIONARYVAR
  5
6D10
102
{ACAD_REACTORS
330
6D0F
102
}
330
6D0F
100
DictionaryVariables
280
     0
  1
Standard
  0
DICTIONARYVAR
  5
6D12
102
{ACAD_REACTORS
330
6D0F
102
}
330
6D0F
100
DictionaryVariables
280
     0
  1
Imperial24
  0
DICTIONARYVAR
  5
6D13
102
{ACAD_REACTORS
330
6D0F
102
}
330
6D0F
100
DictionaryVariables
280
     0
  1
Imperial24
  0
DICTIONARYVAR
  5
6D93
102
{ACAD_REACTORS
330
6D0F
102
}
330
6D0F
100
DictionaryVariables
280
     0
  1
0
  0
DICTIONARYVAR
  5
6D15
102
{ACAD_REACTORS
330
6D0F
102
}
330
6D0F
100
DictionaryVariables
280
     0
  1
2
  0
DICTIONARY
  5
6D51
330
6A
100
AcDbDictionary
280
     1
281
     1
  3
ACAD_XREC_ROUNDTRIP
360
6F72
  0
DICTIONARY
  5
6F73
330
19
100
AcDbDictionary
280
     1
281
     1
  3
ACAD_XREC_ROUNDTRIP
360
6F74
  0
DICTIONARY
  5
6F75
330
11
100
AcDbDictionary
280
     1
281
     1
  3
ACAD_XREC_ROUNDTRIP
360
6F76
  0
DICTIONARY
  5
6F77
330
21
100
AcDbDictionary
280
     1
281
     1
  3
ACAD_XREC_ROUNDTRIP
360
6F78
  0
DICTIONARY
  5
6F79
330
66
100
AcDbDictionary
280
     1
281
     1
  3
ACAD_XREC_ROUNDTRIP
360
6F7A
  0
DICTIONARY
  5
6D4F
330
68
100
AcDbDictionary
280
     1
281
     1
  3
ACAD_XREC_ROUNDTRIP
360
6F7B
  0
DICTIONARY
  5
6F7C
330
64
100
AcDbDictionary
280
     1
281
     1
  3
ACAD_ROUNDTRIP_2008_TABLESTYLE_CELLSTYLEMAP
360
6F7E
  3
ACAD_XREC_ROUNDTRIP
360
6F7D
  0
DICTIONARY
  5
6F7F
330
2F
100
AcDbDictionary
280
     1
281
     1
  3
ACAD_XREC_ROUNDTRIP
360
6F80
  0
DICTIONARY
  5
6F81
330
2E
100
AcDbDictionary
280
     1
281
     1
  3
ACAD_XREC_ROUNDTRIP
360
6F82
  0
DICTIONARY
  5
6F83
330
35
100
AcDbDictionary
280
     1
281
     1
  3
ACAD_XREC_ROUNDTRIP
360
6F84
  0
DICTIONARY
  5
6F85
330
39
100
AcDbDictionary
280
     1
281
     1
  3
ACAD_XREC_ROUNDTRIP
360
6F86
  0
DICTIONARY
  5
6F87
330
32
100
AcDbDictionary
280
     1
281
     1
  3
ACAD_XREC_ROUNDTRIP
360
6F88
  0
DICTIONARY
  5
6F89
330
34
100
AcDbDictionary
280
     1
281
     1
  3
ACAD_XREC_ROUNDTRIP
360
6F8A
  0
DICTIONARY
  5
6F8B
330
41
100
AcDbDictionary
280
     1
281
     1
  3
ACAD_XREC_ROUNDTRIP
360
6F8C
  0
DICTIONARY
  5
6F8D
330
38
100
AcDbDictionary
280
     1
281
     1
  3
ACAD_XREC_ROUNDTRIP
360
6F8E
  0
DICTIONARY
  5
6F8F
330
2A
100
AcDbDictionary
280
     1
281
     1
  3
ACAD_XREC_ROUNDTRIP
360
6F90
  0
DICTIONARY
  5
6F91
330
2B
100
AcDbDictionary
280
     1
281
     1
  3
ACAD_XREC_ROUNDTRIP
360
6F92
  0
DICTIONARY
  5
6F93
330
2C
100
AcDbDictionary
280
     1
281
     1
  3
ACAD_XREC_ROUNDTRIP
360
6F94
  0
DICTIONARY
  5
6F95
330
2D
100
AcDbDictionary
280
     1
281
     1
  3
ACAD_XREC_ROUNDTRIP
360
6F96
  0
DICTIONARY
  5
6F97
330
31
100
AcDbDictionary
280
     1
281
     1
  3
ACAD_XREC_ROUNDTRIP
360
6F98
  0
DICTIONARY
  5
6F99
330
3F
100
AcDbDictionary
280
     1
281
     1
  3
ACAD_XREC_ROUNDTRIP
360
6F9A
  0
DICTIONARY
  5
6F9B
330
37
100
AcDbDictionary
280
     1
281
     1
  3
ACAD_XREC_ROUNDTRIP
360
6F9C
  0
DICTIONARY
  5
6F9D
330
40
100
AcDbDictionary
280
     1
281
     1
  3
ACAD_XREC_ROUNDTRIP
360
6F9E
  0
DICTIONARY
  5
6F9F
330
33
100
AcDbDictionary
280
     1
281
     1
  3
ACAD_XREC_ROUNDTRIP
360
6FA0
  0
DICTIONARY
  5
6FA1
330
3E
100
AcDbDictionary
280
     1
281
     1
  3
ACAD_XREC_ROUNDTRIP
360
6FA2
  0
DICTIONARY
  5
6FA3
330
3D
100
AcDbDictionary
280
     1
281
     1
  3
ACAD_XREC_ROUNDTRIP
360
6FA4
  0
DICTIONARY
  5
6FA5
330
3A
100
AcDbDictionary
280
     1
281
     1
  3
ACAD_XREC_ROUNDTRIP
360
6FA6
  0
DICTIONARY
  5
6FA7
330
3B
100
AcDbDictionary
280
     1
281
     1
  3
ACAD_XREC_ROUNDTRIP
360
6FA8
  0
DICTIONARY
  5
6FA9
330
36
100
AcDbDictionary
280
     1
281
     1
  3
ACAD_XREC_ROUNDTRIP
360
6FAA
  0
DICTIONARY
  5
6FAB
330
30
100
AcDbDictionary
280
     1
281
     1
  3
ACAD_XREC_ROUNDTRIP
360
6FAC
  0
DICTIONARY
  5
6FAD
330
3C
100
AcDbDictionary
280
     1
281
     1
  3
ACAD_XREC_ROUNDTRIP
360
6FAE
  0
XRECORD
  5
6F72
102
{ACAD_REACTORS
330
6D51
102
}
330
6D51
100
AcDbXrecord
280
     1
102
DISPLAYNAME
  1
Imperial24
102
FLAGS
 90
        0
  0
XRECORD
  5
6F74
102
{ACAD_REACTORS
330
6F73
102
}
330
6F73
100
AcDbXrecord
280
     1
102
MATERIAL
148
0.0
149
0.0
149
0.0
 93
        0
 94
      127
282
     0
 72
     0
 77
     0
171
     0
175
     0
179
     0
273
     0
  0
XRECORD
  5
6F76
102
{ACAD_REACTORS
330
6F75
102
}
330
6F75
100
AcDbXrecord
280
     1
102
MATERIAL
148
0.0
149
0.0
149
0.0
 93
        0
 94
      127
282
     0
 72
     0
 77
     0
171
     0
175
     0
179
     0
273
     0
  0
XRECORD
  5
6F78
102
{ACAD_REACTORS
330
6F77
102
}
330
6F77
100
AcDbXrecord
280
     1
102
MATERIAL
148
0.0
149
0.0
149
0.0
 93
        0
 94
      127
282
     0
 72
     0
 77
     0
171
     0
175
     0
179
     0
273
     0
  0
XRECORD
  5
6F7A
102
{ACAD_REACTORS
330
6F79
102
}
330
6F79
100
AcDbXrecord
280
     1
102
ACAD_ROUNDTRIP_2010_MLEADER_STYLE
  0
XRECORD
  5
6F7B
102
{ACAD_REACTORS
330
6D4F
102
}
330
6D4F
100
AcDbXrecord
280
     1
102
DISPLAYNAME
  1
Imperial24
102
FLAGS
 90
        0
  0
CELLSTYLEMAP
  5
6F7E
102
{ACAD_REACTORS
330
6F7C
102
}
330
6F7C
100
AcDbCellStyleMap
 90
        3
300
CELLSTYLE
  1
TABLEFORMAT_BEGIN
 90
        5
170
     1
 91
        0
 92
    32768
 62
   257
 93
        1
300
CONTENTFORMAT
  1
CONTENTFORMAT_BEGIN
 90
        0
 91
        0
 92
      512
 93
        0
300

 40
0.0
140
1.0
 94
        5
 62
     0
340
55
144
0.25
309
CONTENTFORMAT_END
171
     0
 94
        0
309
TABLEFORMAT_END
  1
CELLSTYLE_BEGIN
 90
        1
 91
        1
300
_TITLE
309
CELLSTYLE_END
300
CELLSTYLE
  1
TABLEFORMAT_BEGIN
 90
        5
170
     1
 91
        0
 92
        0
 62
   257
 93
        1
300
CONTENTFORMAT
  1
CONTENTFORMAT_BEGIN
 90
        0
 91
        0
 92
      512
 93
        0
300

 40
0.0
140
1.0
 94
        5
 62
     0
340
55
144
0.18
309
CONTENTFORMAT_END
171
     0
 94
        0
309
TABLEFORMAT_END
  1
CELLSTYLE_BEGIN
 90
        2
 91
        1
300
_HEADER
309
CELLSTYLE_END
300
CELLSTYLE
  1
TABLEFORMAT_BEGIN
 90
        5
170
     1
 91
        0
 92
        0
 62
   257
 93
        1
300
CONTENTFORMAT
  1
CONTENTFORMAT_BEGIN
 90
        0
 91
        0
 92
      512
 93
        0
300

 40
0.0
140
1.0
 94
        2
 62
     0
340
55
144
0.18
309
CONTENTFORMAT_END
171
     0
 94
        0
309
TABLEFORMAT_END
  1
CELLSTYLE_BEGIN
 90
        3
 91
        2
300
_DATA
309
CELLSTYLE_END
  0
XRECORD
  5
6F7D
102
{ACAD_REACTORS
330
6F7C
102
}
330
6F7C
100
AcDbXrecord
280
     1
102
ACAD_ROUNDTRIP_PRE2007_TABLESTYLE
 90
      512
 91
        0
  1

 92
      512
 93
        0
  2

 94
      512
 95
        0
  3

  0
XRECORD
  5
6F80
102
{ACAD_REACTORS
330
6F7F
102
}
330
6F7F
100
AcDbXrecord
280
     1
102
RTVSPropertyOp0
 70
     1
102
RTVSPropertyOp1
 70
     1
102
RTVSPropertyOp2
 70
     1
102
RTVSPropertyOp3
 70
     1
102
RTVSPropertyOp4
 70
     1
102
RTVSPropertyOp5
 70
     1
102
RTVSPropertyOp6
 70
     1
102
RTVSPropertyOp7
 70
     1
102
RTVSPropertyOp8
 70
     1
102
RTVSPropertyOp9
 70
     1
102
RTVSPropertyOp10
 70
     1
102
RTVSPropertyOp11
 70
     1
102
RTVSPropertyOp12
 70
     1
102
RTVSPropertyOp13
 70
     1
102
RTVSPropertyOp14
 70
     1
102
RTVSPropertyOp15
 70
     1
102
RTVSPropertyOp16
 70
     1
102
RTVSPropertyOp17
 70
     1
102
RTVSPropertyOp18
 70
     1
102
RTVSPropertyOp19
 70
     1
102
RTVSPropertyOp20
 70
     1
102
RTVSPropertyOp21
 70
     1
102
RTVSPropertyOp22
 70
     1
102
RTVSPropertyOp23
 70
     1
102
RTVSPropertyOp24
 70
     1
102
RTVSPropertyOp25
 70
     1
102
RTVSPropertyOp26
 70
     1
102
RTVSPropertyOp27
 70
     1
102
RTVSPropertyOp28
 70
     1
102
RTVSPropertyOp29
 70
     1
102
RTVSPropertyOp30
 70
     1
102
RTVSPropertyOp31
 70
     1
102
RTVSPropertyOp32
 70
     1
102
RTVSPropertyOp33
 70
     1
102
RTVSPropertyOp34
 70
     1
102
RTVSPropertyOp35
 70
     1
102
RTVSPropertyOp36
 70
     1
102
RTVSPropertyOp37
 70
     1
102
RTVSPropertyOp38
 70
     1
102
RTVSPropertyOp39
 70
     1
102
RTVSPropertyOp40
 70
     1
102
RTVSPropertyOp41
 70
     1
102
RTVSPropertyOp42
 70
     1
102
RTVSPropertyOp43
 70
     1
102
RTVSPropertyOp44
 70
     1
102
RTVSPropertyOp45
 70
     1
102
RTVSPropertyOp46
 70
     1
102
RTVSPropertyOp47
 70
     1
102
RTVSPropertyOp48
 70
     1
102
RTVSPropertyOp49
 70
     1
102
RTVSPropertyOp50
 70
     1
102
RTVSPropertyOp51
 70
     0
102
RTVSPropertyOp52
 70
     0
102
RTVSPropertyOp53
 70
     1
102
RTVSPropertyOp54
 70
     1
102
RTVSPropertyOp55
 70
     1
102
RTVSPropertyOp56
 70
     1
102
RTVSPropertyOp57
 70
     1
102
RTVSPost2010Prop28
280
     1
102
RTVSPost2010PropOp28
 70
     1
102
RTVSPost2010Prop29
280
     1
102
RTVSPost2010PropOp29
 70
     1
102
RTVSPost2010Prop30
280
     0
102
RTVSPost2010PropOp30
 70
     1
102
RTVSPost2010Prop31
280
     0
102
RTVSPost2010PropOp31
 70
     1
102
RTVSPost2010Prop32
280
     0
102
RTVSPost2010PropOp32
 70
     1
102
RTVSPost2010Prop33
280
     0
102
RTVSPost2010PropOp33
 70
     1
102
RTVSPost2010Prop34
280
     0
102
RTVSPost2010PropOp34
 70
     1
102
RTVSPost2010Prop35
280
     0
102
RTVSPost2010PropOp35
 70
     1
102
RTVSPost2010Prop36
280
     0
102
RTVSPost2010PropOp36
 70
     1
102
RTVSPost2010Prop37
 90
       50
102
RTVSPost2010PropOp37
 70
     1
102
RTVSPost2010Prop38
140
0.0
102
RTVSPost2010PropOp38
 70
     1
102
RTVSPost2010Prop39
140
1.0
102
RTVSPost2010PropOp39
 70
     1
102
RTVSPost2010Prop40
 90
        0
102
RTVSPost2010PropOp40
 70
     1
102
RTVSPost2010Prop41ColorIndex
 90
       18
102
RTVSPost2010Prop41ColorRGB
 90
        0
102
RTVSPost2010PropOp41
 70
     1
102
RTVSPost2010Prop42
 90
       50
102
RTVSPost2010PropOp42
 70
     1
102
RTVSPost2010Prop43
 90
        3
102
RTVSPost2010PropOp43
 70
     1
102
RTVSPost2010Prop44ColorIndex
 90
        5
102
RTVSPost2010Prop44ColorRGB
 90
      255
102
RTVSPost2010PropOp44
 70
     1
102
RTVSPost2010Prop45
280
     0
102
RTVSPost2010PropOp45
 70
     1
102
RTVSPost2010Prop46
 90
       50
102
RTVSPost2010PropOp46
 70
     1
102
RTVSPost2010Prop47
 90
       50
102
RTVSPost2010PropOp47
 70
     1
102
RTVSPost2010Prop48
 90
       50
102
RTVSPost2010PropOp48
 70
     1
102
RTVSPost2010Prop49
280
     0
102
RTVSPost2010PropOp49
 70
     1
102
RTVSPost2010Prop50
 90
       50
102
RTVSPost2010PropOp50
 70
     1
102
RTVSPost2010Prop51ColorIndex
 90
      256
102
RTVSPost2010Prop51ColorRGB
 90
-16777216
102
RTVSPost2010PropOp51
 70
     0
102
RTVSPost2010Prop52
140
1.0
102
RTVSPost2010PropOp52
 70
     0
102
RTVSPost2010Prop53
 90
        2
102
RTVSPost2010PropOp53
 70
     1
102
RTVSPost2010Prop54
  1
strokes_ogs.tif
102
RTVSPost2010PropOp54
 70
     1
102
RTVSPost2010Prop55
280
     0
102
RTVSPost2010PropOp55
 70
     1
102
RTVSPost2010Prop56
140
1.0
102
RTVSPost2010PropOp56
 70
     1
102
RTVSPost2010Prop57
140
1.0
102
RTVSPost2010PropOp57
 70
     1
  0
XRECORD
  5
6F82
102
{ACAD_REACTORS
330
6F81
102
}
330
6F81
100
AcDbXrecord
280
     1
102
RTVSPropertyOp0
 70
     1
102
RTVSPropertyOp1
 70
     1
102
RTVSPropertyOp2
 70
     1
102
RTVSPropertyOp3
 70
     1
102
RTVSPropertyOp4
 70
     1
102
RTVSPropertyOp5
 70
     1
102
RTVSPropertyOp6
 70
     1
102
RTVSPropertyOp7
 70
     1
102
RTVSPropertyOp8
 70
     1
102
RTVSPropertyOp9
 70
     1
102
RTVSPropertyOp10
 70
     1
102
RTVSPropertyOp11
 70
     1
102
RTVSPropertyOp12
 70
     1
102
RTVSPropertyOp13
 70
     1
102
RTVSPropertyOp14
 70
     1
102
RTVSPropertyOp15
 70
     1
102
RTVSPropertyOp16
 70
     1
102
RTVSPropertyOp17
 70
     1
102
RTVSPropertyOp18
 70
     1
102
RTVSPropertyOp19
 70
     1
102
RTVSPropertyOp20
 70
     1
102
RTVSPropertyOp21
 70
     1
102
RTVSPropertyOp22
 70
     1
102
RTVSPropertyOp23
 70
     1
102
RTVSPropertyOp24
 70
     1
102
RTVSPropertyOp25
 70
     1
102
RTVSPropertyOp26
 70
     1
102
RTVSPropertyOp27
 70
     1
102
RTVSPropertyOp28
 70
     1
102
RTVSPropertyOp29
 70
     1
102
RTVSPropertyOp30
 70
     1
102
RTVSPropertyOp31
 70
     1
102
RTVSPropertyOp32
 70
     1
102
RTVSPropertyOp33
 70
     1
102
RTVSPropertyOp34
 70
     1
102
RTVSPropertyOp35
 70
     1
102
RTVSPropertyOp36
 70
     1
102
RTVSPropertyOp37
 70
     1
102
RTVSPropertyOp38
 70
     1
102
RTVSPropertyOp39
 70
     1
102
RTVSPropertyOp40
 70
     1
102
RTVSPropertyOp41
 70
     1
102
RTVSPropertyOp42
 70
     1
102
RTVSPropertyOp43
 70
     1
102
RTVSPropertyOp44
 70
     1
102
RTVSPropertyOp45
 70
     1
102
RTVSPropertyOp46
 70
     1
102
RTVSPropertyOp47
 70
     1
102
RTVSPropertyOp48
 70
     1
102
RTVSPropertyOp49
 70
     1
102
RTVSPropertyOp50
 70
     1
102
RTVSPropertyOp51
 70
     0
102
RTVSPropertyOp52
 70
     0
102
RTVSPropertyOp53
 70
     1
102
RTVSPropertyOp54
 70
     1
102
RTVSPropertyOp55
 70
     1
102
RTVSPropertyOp56
 70
     1
102
RTVSPropertyOp57
 70
     1
102
RTVSPost2010Prop28
280
     0
102
RTVSPost2010PropOp28
 70
     1
102
RTVSPost2010Prop29
280
     1
102
RTVSPost2010PropOp29
 70
     1
102
RTVSPost2010Prop30
280
     1
102
RTVSPost2010PropOp30
 70
     1
102
RTVSPost2010Prop31
280
     0
102
RTVSPost2010PropOp31
 70
     1
102
RTVSPost2010Prop32
280
     0
102
RTVSPost2010PropOp32
 70
     1
102
RTVSPost2010Prop33
280
     0
102
RTVSPost2010PropOp33
 70
     1
102
RTVSPost2010Prop34
280
     0
102
RTVSPost2010PropOp34
 70
     1
102
RTVSPost2010Prop35
280
     0
102
RTVSPost2010PropOp35
 70
     1
102
RTVSPost2010Prop36
280
     0
102
RTVSPost2010PropOp36
 70
     1
102
RTVSPost2010Prop37
 90
       50
102
RTVSPost2010PropOp37
 70
     1
102
RTVSPost2010Prop38
140
0.0
102
RTVSPost2010PropOp38
 70
     1
102
RTVSPost2010Prop39
140
1.0
102
RTVSPost2010PropOp39
 70
     1
102
RTVSPost2010Prop40
 90
        0
102
RTVSPost2010PropOp40
 70
     1
102
RTVSPost2010Prop41ColorIndex
 90
       18
102
RTVSPost2010Prop41ColorRGB
 90
        0
102
RTVSPost2010PropOp41
 70
     1
102
RTVSPost2010Prop42
 90
       50
102
RTVSPost2010PropOp42
 70
     1
102
RTVSPost2010Prop43
 90
        3
102
RTVSPost2010PropOp43
 70
     1
102
RTVSPost2010Prop44ColorIndex
 90
        5
102
RTVSPost2010Prop44ColorRGB
 90
      255
102
RTVSPost2010PropOp44
 70
     1
102
RTVSPost2010Prop45
280
     0
102
RTVSPost2010PropOp45
 70
     1
102
RTVSPost2010Prop46
 90
       50
102
RTVSPost2010PropOp46
 70
     1
102
RTVSPost2010Prop47
 90
       50
102
RTVSPost2010PropOp47
 70
     1
102
RTVSPost2010Prop48
 90
       50
102
RTVSPost2010PropOp48
 70
     1
102
RTVSPost2010Prop49
280
     0
102
RTVSPost2010PropOp49
 70
     1
102
RTVSPost2010Prop50
 90
       50
102
RTVSPost2010PropOp50
 70
     1
102
RTVSPost2010Prop51ColorIndex
 90
      256
102
RTVSPost2010Prop51ColorRGB
 90
-16777216
102
RTVSPost2010PropOp51
 70
     0
102
RTVSPost2010Prop52
140
1.0
102
RTVSPost2010PropOp52
 70
     0
102
RTVSPost2010Prop53
 90
        2
102
RTVSPost2010PropOp53
 70
     1
102
RTVSPost2010Prop54
  1
strokes_ogs.tif
102
RTVSPost2010PropOp54
 70
     1
102
RTVSPost2010Prop55
280
     0
102
RTVSPost2010PropOp55
 70
     1
102
RTVSPost2010Prop56
140
1.0
102
RTVSPost2010PropOp56
 70
     1
102
RTVSPost2010Prop57
140
1.0
102
RTVSPost2010PropOp57
 70
     1
  0
XRECORD
  5
6F84
102
{ACAD_REACTORS
330
6F83
102
}
330
6F83
100
AcDbXrecord
280
     1
102
RTVSPropertyOp0
 70
     1
102
RTVSPropertyOp1
 70
     1
102
RTVSPropertyOp2
 70
     1
102
RTVSPropertyOp3
 70
     1
102
RTVSPropertyOp4
 70
     1
102
RTVSPropertyOp5
 70
     1
102
RTVSPropertyOp6
 70
     1
102
RTVSPropertyOp7
 70
     1
102
RTVSPropertyOp8
 70
     1
102
RTVSPropertyOp9
 70
     1
102
RTVSPropertyOp10
 70
     1
102
RTVSPropertyOp11
 70
     1
102
RTVSPropertyOp12
 70
     1
102
RTVSPropertyOp13
 70
     1
102
RTVSPropertyOp14
 70
     1
102
RTVSPropertyOp15
 70
     1
102
RTVSPropertyOp16
 70
     1
102
RTVSPropertyOp17
 70
     1
102
RTVSPropertyOp18
 70
     1
102
RTVSPropertyOp19
 70
     1
102
RTVSPropertyOp20
 70
     1
102
RTVSPropertyOp21
 70
     1
102
RTVSPropertyOp22
 70
     1
102
RTVSPropertyOp23
 70
     1
102
RTVSPropertyOp24
 70
     1
102
RTVSPropertyOp25
 70
     1
102
RTVSPropertyOp26
 70
     1
102
RTVSPropertyOp27
 70
     1
102
RTVSPropertyOp28
 70
     1
102
RTVSPropertyOp29
 70
     1
102
RTVSPropertyOp30
 70
     1
102
RTVSPropertyOp31
 70
     1
102
RTVSPropertyOp32
 70
     1
102
RTVSPropertyOp33
 70
     1
102
RTVSPropertyOp34
 70
     1
102
RTVSPropertyOp35
 70
     1
102
RTVSPropertyOp36
 70
     1
102
RTVSPropertyOp37
 70
     1
102
RTVSPropertyOp38
 70
     1
102
RTVSPropertyOp39
 70
     1
102
RTVSPropertyOp40
 70
     1
102
RTVSPropertyOp41
 70
     1
102
RTVSPropertyOp42
 70
     1
102
RTVSPropertyOp43
 70
     1
102
RTVSPropertyOp44
 70
     1
102
RTVSPropertyOp45
 70
     1
102
RTVSPropertyOp46
 70
     1
102
RTVSPropertyOp47
 70
     1
102
RTVSPropertyOp48
 70
     1
102
RTVSPropertyOp49
 70
     1
102
RTVSPropertyOp50
 70
     1
102
RTVSPropertyOp51
 70
     0
102
RTVSPropertyOp52
 70
     0
102
RTVSPropertyOp53
 70
     1
102
RTVSPropertyOp54
 70
     1
102
RTVSPropertyOp55
 70
     1
102
RTVSPropertyOp56
 70
     1
102
RTVSPropertyOp57
 70
     1
102
RTVSPost2010Prop28
280
     0
102
RTVSPost2010PropOp28
 70
     1
102
RTVSPost2010Prop29
280
     1
102
RTVSPost2010PropOp29
 70
     1
102
RTVSPost2010Prop30
280
     1
102
RTVSPost2010PropOp30
 70
     1
102
RTVSPost2010Prop31
280
     0
102
RTVSPost2010PropOp31
 70
     1
102
RTVSPost2010Prop32
280
     0
102
RTVSPost2010PropOp32
 70
     1
102
RTVSPost2010Prop33
280
     0
102
RTVSPost2010PropOp33
 70
     1
102
RTVSPost2010Prop34
280
     0
102
RTVSPost2010PropOp34
 70
     1
102
RTVSPost2010Prop35
280
     0
102
RTVSPost2010PropOp35
 70
     1
102
RTVSPost2010Prop36
280
     0
102
RTVSPost2010PropOp36
 70
     1
102
RTVSPost2010Prop37
 90
       50
102
RTVSPost2010PropOp37
 70
     1
102
RTVSPost2010Prop38
140
0.0
102
RTVSPost2010PropOp38
 70
     1
102
RTVSPost2010Prop39
140
1.0
102
RTVSPost2010PropOp39
 70
     1
102
RTVSPost2010Prop40
 90
        0
102
RTVSPost2010PropOp40
 70
     1
102
RTVSPost2010Prop41ColorIndex
 90
       18
102
RTVSPost2010Prop41ColorRGB
 90
        0
102
RTVSPost2010PropOp41
 70
     1
102
RTVSPost2010Prop42
 90
       50
102
RTVSPost2010PropOp42
 70
     1
102
RTVSPost2010Prop43
 90
        3
102
RTVSPost2010PropOp43
 70
     1
102
RTVSPost2010Prop44ColorIndex
 90
        5
102
RTVSPost2010Prop44ColorRGB
 90
      255
102
RTVSPost2010PropOp44
 70
     1
102
RTVSPost2010Prop45
280
     0
102
RTVSPost2010PropOp45
 70
     1
102
RTVSPost2010Prop46
 90
       50
102
RTVSPost2010PropOp46
 70
     1
102
RTVSPost2010Prop47
 90
       50
102
RTVSPost2010PropOp47
 70
     1
102
RTVSPost2010Prop48
 90
       50
102
RTVSPost2010PropOp48
 70
     1
102
RTVSPost2010Prop49
280
     0
102
RTVSPost2010PropOp49
 70
     1
102
RTVSPost2010Prop50
 90
       50
102
RTVSPost2010PropOp50
 70
     1
102
RTVSPost2010Prop51ColorIndex
 90
      256
102
RTVSPost2010Prop51ColorRGB
 90
-16777216
102
RTVSPost2010PropOp51
 70
     0
102
RTVSPost2010Prop52
140
1.0
102
RTVSPost2010PropOp52
 70
     0
102
RTVSPost2010Prop53
 90
        2
102
RTVSPost2010PropOp53
 70
     1
102
RTVSPost2010Prop54
  1
strokes_ogs.tif
102
RTVSPost2010PropOp54
 70
     1
102
RTVSPost2010Prop55
280
     0
102
RTVSPost2010PropOp55
 70
     1
102
RTVSPost2010Prop56
140
1.0
102
RTVSPost2010PropOp56
 70
     1
102
RTVSPost2010Prop57
140
1.0
102
RTVSPost2010PropOp57
 70
     1
  0
XRECORD
  5
6F86
102
{ACAD_REACTORS
330
6F85
102
}
330
6F85
100
AcDbXrecord
280
     1
102
RTVSPropertyOp0
 70
     1
102
RTVSPropertyOp1
 70
     1
102
RTVSPropertyOp2
 70
     1
102
RTVSPropertyOp3
 70
     1
102
RTVSPropertyOp4
 70
     1
102
RTVSPropertyOp5
 70
     1
102
RTVSPropertyOp6
 70
     1
102
RTVSPropertyOp7
 70
     1
102
RTVSPropertyOp8
 70
     1
102
RTVSPropertyOp9
 70
     1
102
RTVSPropertyOp10
 70
     1
102
RTVSPropertyOp11
 70
     1
102
RTVSPropertyOp12
 70
     1
102
RTVSPropertyOp13
 70
     1
102
RTVSPropertyOp14
 70
     1
102
RTVSPropertyOp15
 70
     1
102
RTVSPropertyOp16
 70
     1
102
RTVSPropertyOp17
 70
     1
102
RTVSPropertyOp18
 70
     1
102
RTVSPropertyOp19
 70
     1
102
RTVSPropertyOp20
 70
     1
102
RTVSPropertyOp21
 70
     1
102
RTVSPropertyOp22
 70
     1
102
RTVSPropertyOp23
 70
     1
102
RTVSPropertyOp24
 70
     1
102
RTVSPropertyOp25
 70
     1
102
RTVSPropertyOp26
 70
     1
102
RTVSPropertyOp27
 70
     1
102
RTVSPropertyOp28
 70
     1
102
RTVSPropertyOp29
 70
     1
102
RTVSPropertyOp30
 70
     1
102
RTVSPropertyOp31
 70
     1
102
RTVSPropertyOp32
 70
     1
102
RTVSPropertyOp33
 70
     1
102
RTVSPropertyOp34
 70
     1
102
RTVSPropertyOp35
 70
     1
102
RTVSPropertyOp36
 70
     1
102
RTVSPropertyOp37
 70
     1
102
RTVSPropertyOp38
 70
     1
102
RTVSPropertyOp39
 70
     1
102
RTVSPropertyOp40
 70
     1
102
RTVSPropertyOp41
 70
     1
102
RTVSPropertyOp42
 70
     1
102
RTVSPropertyOp43
 70
     1
102
RTVSPropertyOp44
 70
     1
102
RTVSPropertyOp45
 70
     1
102
RTVSPropertyOp46
 70
     1
102
RTVSPropertyOp47
 70
     1
102
RTVSPropertyOp48
 70
     1
102
RTVSPropertyOp49
 70
     1
102
RTVSPropertyOp50
 70
     1
102
RTVSPropertyOp51
 70
     0
102
RTVSPropertyOp52
 70
     0
102
RTVSPropertyOp53
 70
     1
102
RTVSPropertyOp54
 70
     1
102
RTVSPropertyOp55
 70
     1
102
RTVSPropertyOp56
 70
     1
102
RTVSPropertyOp57
 70
     1
102
RTVSPost2010Prop28
280
     0
102
RTVSPost2010PropOp28
 70
     1
102
RTVSPost2010Prop29
280
     1
102
RTVSPost2010PropOp29
 70
     1
102
RTVSPost2010Prop30
280
     1
102
RTVSPost2010PropOp30
 70
     1
102
RTVSPost2010Prop31
280
     0
102
RTVSPost2010PropOp31
 70
     1
102
RTVSPost2010Prop32
280
     0
102
RTVSPost2010PropOp32
 70
     1
102
RTVSPost2010Prop33
280
     0
102
RTVSPost2010PropOp33
 70
     1
102
RTVSPost2010Prop34
280
     0
102
RTVSPost2010PropOp34
 70
     1
102
RTVSPost2010Prop35
280
     0
102
RTVSPost2010PropOp35
 70
     1
102
RTVSPost2010Prop36
280
     0
102
RTVSPost2010PropOp36
 70
     1
102
RTVSPost2010Prop37
 90
       50
102
RTVSPost2010PropOp37
 70
     1
102
RTVSPost2010Prop38
140
0.0
102
RTVSPost2010PropOp38
 70
     1
102
RTVSPost2010Prop39
140
1.0
102
RTVSPost2010PropOp39
 70
     1
102
RTVSPost2010Prop40
 90
        0
102
RTVSPost2010PropOp40
 70
     1
102
RTVSPost2010Prop41ColorIndex
 90
       18
102
RTVSPost2010Prop41ColorRGB
 90
        0
102
RTVSPost2010PropOp41
 70
     1
102
RTVSPost2010Prop42
 90
       50
102
RTVSPost2010PropOp42
 70
     1
102
RTVSPost2010Prop43
 90
        3
102
RTVSPost2010PropOp43
 70
     1
102
RTVSPost2010Prop44ColorIndex
 90
        5
102
RTVSPost2010Prop44ColorRGB
 90
      255
102
RTVSPost2010PropOp44
 70
     1
102
RTVSPost2010Prop45
280
     0
102
RTVSPost2010PropOp45
 70
     1
102
RTVSPost2010Prop46
 90
       50
102
RTVSPost2010PropOp46
 70
     1
102
RTVSPost2010Prop47
 90
       50
102
RTVSPost2010PropOp47
 70
     1
102
RTVSPost2010Prop48
 90
       50
102
RTVSPost2010PropOp48
 70
     1
102
RTVSPost2010Prop49
280
     0
102
RTVSPost2010PropOp49
 70
     1
102
RTVSPost2010Prop50
 90
       50
102
RTVSPost2010PropOp50
 70
     1
102
RTVSPost2010Prop51ColorIndex
 90
      256
102
RTVSPost2010Prop51ColorRGB
 90
-16777216
102
RTVSPost2010PropOp51
 70
     0
102
RTVSPost2010Prop52
140
1.0
102
RTVSPost2010PropOp52
 70
     0
102
RTVSPost2010Prop53
 90
        2
102
RTVSPost2010PropOp53
 70
     1
102
RTVSPost2010Prop54
  1
strokes_ogs.tif
102
RTVSPost2010PropOp54
 70
     1
102
RTVSPost2010Prop55
280
     0
102
RTVSPost2010PropOp55
 70
     1
102
RTVSPost2010Prop56
140
1.0
102
RTVSPost2010PropOp56
 70
     1
102
RTVSPost2010Prop57
140
1.0
102
RTVSPost2010PropOp57
 70
     1
  0
XRECORD
  5
6F88
102
{ACAD_REACTORS
330
6F87
102
}
330
6F87
100
AcDbXrecord
280
     1
102
RTVSPropertyOp0
 70
     1
102
RTVSPropertyOp1
 70
     1
102
RTVSPropertyOp2
 70
     1
102
RTVSPropertyOp3
 70
     1
102
RTVSPropertyOp4
 70
     1
102
RTVSPropertyOp5
 70
     1
102
RTVSPropertyOp6
 70
     1
102
RTVSPropertyOp7
 70
     1
102
RTVSPropertyOp8
 70
     1
102
RTVSPropertyOp9
 70
     1
102
RTVSPropertyOp10
 70
     1
102
RTVSPropertyOp11
 70
     1
102
RTVSPropertyOp12
 70
     1
102
RTVSPropertyOp13
 70
     1
102
RTVSPropertyOp14
 70
     1
102
RTVSPropertyOp15
 70
     1
102
RTVSPropertyOp16
 70
     1
102
RTVSPropertyOp17
 70
     1
102
RTVSPropertyOp18
 70
     1
102
RTVSPropertyOp19
 70
     1
102
RTVSPropertyOp20
 70
     1
102
RTVSPropertyOp21
 70
     1
102
RTVSPropertyOp22
 70
     1
102
RTVSPropertyOp23
 70
     1
102
RTVSPropertyOp24
 70
     1
102
RTVSPropertyOp25
 70
     1
102
RTVSPropertyOp26
 70
     1
102
RTVSPropertyOp27
 70
     1
102
RTVSPropertyOp28
 70
     1
102
RTVSPropertyOp29
 70
     1
102
RTVSPropertyOp30
 70
     1
102
RTVSPropertyOp31
 70
     1
102
RTVSPropertyOp32
 70
     1
102
RTVSPropertyOp33
 70
     1
102
RTVSPropertyOp34
 70
     1
102
RTVSPropertyOp35
 70
     1
102
RTVSPropertyOp36
 70
     1
102
RTVSPropertyOp37
 70
     1
102
RTVSPropertyOp38
 70
     1
102
RTVSPropertyOp39
 70
     1
102
RTVSPropertyOp40
 70
     1
102
RTVSPropertyOp41
 70
     1
102
RTVSPropertyOp42
 70
     1
102
RTVSPropertyOp43
 70
     1
102
RTVSPropertyOp44
 70
     1
102
RTVSPropertyOp45
 70
     1
102
RTVSPropertyOp46
 70
     1
102
RTVSPropertyOp47
 70
     1
102
RTVSPropertyOp48
 70
     1
102
RTVSPropertyOp49
 70
     1
102
RTVSPropertyOp50
 70
     1
102
RTVSPropertyOp51
 70
     0
102
RTVSPropertyOp52
 70
     0
102
RTVSPropertyOp53
 70
     1
102
RTVSPropertyOp54
 70
     1
102
RTVSPropertyOp55
 70
     1
102
RTVSPropertyOp56
 70
     1
102
RTVSPropertyOp57
 70
     1
102
RTVSPost2010Prop28
280
     0
102
RTVSPost2010PropOp28
 70
     1
102
RTVSPost2010Prop29
280
     1
102
RTVSPost2010PropOp29
 70
     1
102
RTVSPost2010Prop30
280
     1
102
RTVSPost2010PropOp30
 70
     1
102
RTVSPost2010Prop31
280
     0
102
RTVSPost2010PropOp31
 70
     1
102
RTVSPost2010Prop32
280
     0
102
RTVSPost2010PropOp32
 70
     1
102
RTVSPost2010Prop33
280
     0
102
RTVSPost2010PropOp33
 70
     1
102
RTVSPost2010Prop34
280
     0
102
RTVSPost2010PropOp34
 70
     1
102
RTVSPost2010Prop35
280
     0
102
RTVSPost2010PropOp35
 70
     1
102
RTVSPost2010Prop36
280
     0
102
RTVSPost2010PropOp36
 70
     1
102
RTVSPost2010Prop37
 90
       50
102
RTVSPost2010PropOp37
 70
     1
102
RTVSPost2010Prop38
140
0.0
102
RTVSPost2010PropOp38
 70
     1
102
RTVSPost2010Prop39
140
1.0
102
RTVSPost2010PropOp39
 70
     1
102
RTVSPost2010Prop40
 90
        0
102
RTVSPost2010PropOp40
 70
     1
102
RTVSPost2010Prop41ColorIndex
 90
       18
102
RTVSPost2010Prop41ColorRGB
 90
        0
102
RTVSPost2010PropOp41
 70
     1
102
RTVSPost2010Prop42
 90
       50
102
RTVSPost2010PropOp42
 70
     1
102
RTVSPost2010Prop43
 90
        3
102
RTVSPost2010PropOp43
 70
     1
102
RTVSPost2010Prop44ColorIndex
 90
        5
102
RTVSPost2010Prop44ColorRGB
 90
      255
102
RTVSPost2010PropOp44
 70
     1
102
RTVSPost2010Prop45
280
     0
102
RTVSPost2010PropOp45
 70
     1
102
RTVSPost2010Prop46
 90
       50
102
RTVSPost2010PropOp46
 70
     1
102
RTVSPost2010Prop47
 90
       50
102
RTVSPost2010PropOp47
 70
     1
102
RTVSPost2010Prop48
 90
       50
102
RTVSPost2010PropOp48
 70
     1
102
RTVSPost2010Prop49
280
     0
102
RTVSPost2010PropOp49
 70
     1
102
RTVSPost2010Prop50
 90
       50
102
RTVSPost2010PropOp50
 70
     1
102
RTVSPost2010Prop51ColorIndex
 90
      256
102
RTVSPost2010Prop51ColorRGB
 90
-16777216
102
RTVSPost2010PropOp51
 70
     0
102
RTVSPost2010Prop52
140
1.0
102
RTVSPost2010PropOp52
 70
     0
102
RTVSPost2010Prop53
 90
        2
102
RTVSPost2010PropOp53
 70
     1
102
RTVSPost2010Prop54
  1
strokes_ogs.tif
102
RTVSPost2010PropOp54
 70
     1
102
RTVSPost2010Prop55
280
     0
102
RTVSPost2010PropOp55
 70
     1
102
RTVSPost2010Prop56
140
1.0
102
RTVSPost2010PropOp56
 70
     1
102
RTVSPost2010Prop57
140
1.0
102
RTVSPost2010PropOp57
 70
     1
  0
XRECORD
  5
6F8A
102
{ACAD_REACTORS
330
6F89
102
}
330
6F89
100
AcDbXrecord
280
     1
102
RTVSPropertyOp0
 70
     1
102
RTVSPropertyOp1
 70
     1
102
RTVSPropertyOp2
 70
     1
102
RTVSPropertyOp3
 70
     1
102
RTVSPropertyOp4
 70
     1
102
RTVSPropertyOp5
 70
     1
102
RTVSPropertyOp6
 70
     1
102
RTVSPropertyOp7
 70
     1
102
RTVSPropertyOp8
 70
     1
102
RTVSPropertyOp9
 70
     1
102
RTVSPropertyOp10
 70
     1
102
RTVSPropertyOp11
 70
     1
102
RTVSPropertyOp12
 70
     1
102
RTVSPropertyOp13
 70
     1
102
RTVSPropertyOp14
 70
     1
102
RTVSPropertyOp15
 70
     1
102
RTVSPropertyOp16
 70
     1
102
RTVSPropertyOp17
 70
     1
102
RTVSPropertyOp18
 70
     1
102
RTVSPropertyOp19
 70
     1
102
RTVSPropertyOp20
 70
     1
102
RTVSPropertyOp21
 70
     1
102
RTVSPropertyOp22
 70
     1
102
RTVSPropertyOp23
 70
     1
102
RTVSPropertyOp24
 70
     1
102
RTVSPropertyOp25
 70
     1
102
RTVSPropertyOp26
 70
     1
102
RTVSPropertyOp27
 70
     1
102
RTVSPropertyOp28
 70
     1
102
RTVSPropertyOp29
 70
     1
102
RTVSPropertyOp30
 70
     1
102
RTVSPropertyOp31
 70
     1
102
RTVSPropertyOp32
 70
     1
102
RTVSPropertyOp33
 70
     1
102
RTVSPropertyOp34
 70
     1
102
RTVSPropertyOp35
 70
     1
102
RTVSPropertyOp36
 70
     1
102
RTVSPropertyOp37
 70
     1
102
RTVSPropertyOp38
 70
     1
102
RTVSPropertyOp39
 70
     1
102
RTVSPropertyOp40
 70
     1
102
RTVSPropertyOp41
 70
     1
102
RTVSPropertyOp42
 70
     1
102
RTVSPropertyOp43
 70
     1
102
RTVSPropertyOp44
 70
     1
102
RTVSPropertyOp45
 70
     1
102
RTVSPropertyOp46
 70
     1
102
RTVSPropertyOp47
 70
     1
102
RTVSPropertyOp48
 70
     1
102
RTVSPropertyOp49
 70
     1
102
RTVSPropertyOp50
 70
     1
102
RTVSPropertyOp51
 70
     0
102
RTVSPropertyOp52
 70
     0
102
RTVSPropertyOp53
 70
     1
102
RTVSPropertyOp54
 70
     1
102
RTVSPropertyOp55
 70
     1
102
RTVSPropertyOp56
 70
     1
102
RTVSPropertyOp57
 70
     1
102
RTVSPost2010Prop28
280
     0
102
RTVSPost2010PropOp28
 70
     1
102
RTVSPost2010Prop29
280
     1
102
RTVSPost2010PropOp29
 70
     1
102
RTVSPost2010Prop30
280
     1
102
RTVSPost2010PropOp30
 70
     1
102
RTVSPost2010Prop31
280
     0
102
RTVSPost2010PropOp31
 70
     1
102
RTVSPost2010Prop32
280
     0
102
RTVSPost2010PropOp32
 70
     1
102
RTVSPost2010Prop33
280
     0
102
RTVSPost2010PropOp33
 70
     1
102
RTVSPost2010Prop34
280
     0
102
RTVSPost2010PropOp34
 70
     1
102
RTVSPost2010Prop35
280
     0
102
RTVSPost2010PropOp35
 70
     1
102
RTVSPost2010Prop36
280
     0
102
RTVSPost2010PropOp36
 70
     1
102
RTVSPost2010Prop37
 90
       50
102
RTVSPost2010PropOp37
 70
     1
102
RTVSPost2010Prop38
140
0.0
102
RTVSPost2010PropOp38
 70
     1
102
RTVSPost2010Prop39
140
1.0
102
RTVSPost2010PropOp39
 70
     1
102
RTVSPost2010Prop40
 90
        0
102
RTVSPost2010PropOp40
 70
     1
102
RTVSPost2010Prop41ColorIndex
 90
       18
102
RTVSPost2010Prop41ColorRGB
 90
        0
102
RTVSPost2010PropOp41
 70
     1
102
RTVSPost2010Prop42
 90
       50
102
RTVSPost2010PropOp42
 70
     1
102
RTVSPost2010Prop43
 90
        3
102
RTVSPost2010PropOp43
 70
     1
102
RTVSPost2010Prop44ColorIndex
 90
        5
102
RTVSPost2010Prop44ColorRGB
 90
      255
102
RTVSPost2010PropOp44
 70
     1
102
RTVSPost2010Prop45
280
     0
102
RTVSPost2010PropOp45
 70
     1
102
RTVSPost2010Prop46
 90
       50
102
RTVSPost2010PropOp46
 70
     1
102
RTVSPost2010Prop47
 90
       50
102
RTVSPost2010PropOp47
 70
     1
102
RTVSPost2010Prop48
 90
       50
102
RTVSPost2010PropOp48
 70
     1
102
RTVSPost2010Prop49
280
     0
102
RTVSPost2010PropOp49
 70
     1
102
RTVSPost2010Prop50
 90
       50
102
RTVSPost2010PropOp50
 70
     1
102
RTVSPost2010Prop51ColorIndex
 90
      256
102
RTVSPost2010Prop51ColorRGB
 90
-16777216
102
RTVSPost2010PropOp51
 70
     0
102
RTVSPost2010Prop52
140
1.0
102
RTVSPost2010PropOp52
 70
     0
102
RTVSPost2010Prop53
 90
        2
102
RTVSPost2010PropOp53
 70
     1
102
RTVSPost2010Prop54
  1
strokes_ogs.tif
102
RTVSPost2010PropOp54
 70
     1
102
RTVSPost2010Prop55
280
     0
102
RTVSPost2010PropOp55
 70
     1
102
RTVSPost2010Prop56
140
1.0
102
RTVSPost2010PropOp56
 70
     1
102
RTVSPost2010Prop57
140
1.0
102
RTVSPost2010PropOp57
 70
     1
  0
XRECORD
  5
6F8C
102
{ACAD_REACTORS
330
6F8B
102
}
330
6F8B
100
AcDbXrecord
280
     1
102
RTVSPropertyOp0
 70
     0
102
RTVSPropertyOp1
 70
     0
102
RTVSPropertyOp2
 70
     0
102
RTVSPropertyOp3
 70
     0
102
RTVSPropertyOp4
 70
     0
102
RTVSPropertyOp5
 70
     0
102
RTVSPropertyOp6
 70
     0
102
RTVSPropertyOp7
 70
     0
102
RTVSPropertyOp8
 70
     0
102
RTVSPropertyOp9
 70
     0
102
RTVSPropertyOp10
 70
     0
102
RTVSPropertyOp11
 70
     0
102
RTVSPropertyOp12
 70
     0
102
RTVSPropertyOp13
 70
     0
102
RTVSPropertyOp14
 70
     2
102
RTVSPropertyOp15
 70
     0
102
RTVSPropertyOp16
 70
     0
102
RTVSPropertyOp17
 70
     0
102
RTVSPropertyOp18
 70
     0
102
RTVSPropertyOp19
 70
     0
102
RTVSPropertyOp20
 70
     0
102
RTVSPropertyOp21
 70
     0
102
RTVSPropertyOp22
 70
     0
102
RTVSPropertyOp23
 70
     0
102
RTVSPropertyOp24
 70
     0
102
RTVSPropertyOp25
 70
     0
102
RTVSPropertyOp26
 70
     0
102
RTVSPropertyOp27
 70
     0
102
RTVSPropertyOp28
 70
     1
102
RTVSPropertyOp29
 70
     1
102
RTVSPropertyOp30
 70
     1
102
RTVSPropertyOp31
 70
     1
102
RTVSPropertyOp32
 70
     1
102
RTVSPropertyOp33
 70
     1
102
RTVSPropertyOp34
 70
     1
102
RTVSPropertyOp35
 70
     1
102
RTVSPropertyOp36
 70
     1
102
RTVSPropertyOp37
 70
     0
102
RTVSPropertyOp38
 70
     0
102
RTVSPropertyOp39
 70
     0
102
RTVSPropertyOp40
 70
     0
102
RTVSPropertyOp41
 70
     0
102
RTVSPropertyOp42
 70
     0
102
RTVSPropertyOp43
 70
     0
102
RTVSPropertyOp44
 70
     0
102
RTVSPropertyOp45
 70
     1
102
RTVSPropertyOp46
 70
     0
102
RTVSPropertyOp47
 70
     0
102
RTVSPropertyOp48
 70
     0
102
RTVSPropertyOp49
 70
     1
102
RTVSPropertyOp50
 70
     0
102
RTVSPropertyOp51
 70
     0
102
RTVSPropertyOp52
 70
     0
102
RTVSPropertyOp53
 70
     0
102
RTVSPropertyOp54
 70
     0
102
RTVSPropertyOp55
 70
     1
102
RTVSPropertyOp56
 70
     0
102
RTVSPropertyOp57
 70
     0
102
RTVSPost2010Prop28
280
     0
102
RTVSPost2010PropOp28
 70
     1
102
RTVSPost2010Prop29
280
     1
102
RTVSPost2010PropOp29
 70
     1
102
RTVSPost2010Prop30
280
     1
102
RTVSPost2010PropOp30
 70
     1
102
RTVSPost2010Prop31
280
     0
102
RTVSPost2010PropOp31
 70
     1
102
RTVSPost2010Prop32
280
     0
102
RTVSPost2010PropOp32
 70
     1
102
RTVSPost2010Prop33
280
     0
102
RTVSPost2010PropOp33
 70
     1
102
RTVSPost2010Prop34
280
     0
102
RTVSPost2010PropOp34
 70
     1
102
RTVSPost2010Prop35
280
     0
102
RTVSPost2010PropOp35
 70
     1
102
RTVSPost2010Prop36
280
     0
102
RTVSPost2010PropOp36
 70
     1
102
RTVSPost2010Prop37
 90
       50
102
RTVSPost2010PropOp37
 70
     0
102
RTVSPost2010Prop38
140
0.0
102
RTVSPost2010PropOp38
 70
     0
102
RTVSPost2010Prop39
140
1.0
102
RTVSPost2010PropOp39
 70
     0
102
RTVSPost2010Prop40
 90
        0
102
RTVSPost2010PropOp40
 70
     0
102
RTVSPost2010Prop41ColorIndex
 90
       18
102
RTVSPost2010Prop41ColorRGB
 90
        0
102
RTVSPost2010PropOp41
 70
     0
102
RTVSPost2010Prop42
 90
       50
102
RTVSPost2010PropOp42
 70
     0
102
RTVSPost2010Prop43
 90
        3
102
RTVSPost2010PropOp43
 70
     0
102
RTVSPost2010Prop44ColorIndex
 90
        5
102
RTVSPost2010Prop44ColorRGB
 90
      255
102
RTVSPost2010PropOp44
 70
     0
102
RTVSPost2010Prop45
280
     0
102
RTVSPost2010PropOp45
 70
     1
102
RTVSPost2010Prop46
 90
       50
102
RTVSPost2010PropOp46
 70
     0
102
RTVSPost2010Prop47
 90
       50
102
RTVSPost2010PropOp47
 70
     0
102
RTVSPost2010Prop48
 90
       50
102
RTVSPost2010PropOp48
 70
     0
102
RTVSPost2010Prop49
280
     0
102
RTVSPost2010PropOp49
 70
     1
102
RTVSPost2010Prop50
 90
       50
102
RTVSPost2010PropOp50
 70
     0
102
RTVSPost2010Prop51ColorIndex
 90
      256
102
RTVSPost2010Prop51ColorRGB
 90
-16777216
102
RTVSPost2010PropOp51
 70
     0
102
RTVSPost2010Prop52
140
1.0
102
RTVSPost2010PropOp52
 70
     0
102
RTVSPost2010Prop53
 90
        2
102
RTVSPost2010PropOp53
 70
     0
102
RTVSPost2010Prop54
  1
strokes_ogs.tif
102
RTVSPost2010PropOp54
 70
     0
102
RTVSPost2010Prop55
280
     0
102
RTVSPost2010PropOp55
 70
     1
102
RTVSPost2010Prop56
140
1.0
102
RTVSPost2010PropOp56
 70
     0
102
RTVSPost2010Prop57
140
1.0
102
RTVSPost2010PropOp57
 70
     0
  0
XRECORD
  5
6F8E
102
{ACAD_REACTORS
330
6F8D
102
}
330
6F8D
100
AcDbXrecord
280
     1
102
RTVSPropertyOp0
 70
     1
102
RTVSPropertyOp1
 70
     1
102
RTVSPropertyOp2
 70
     1
102
RTVSPropertyOp3
 70
     1
102
RTVSPropertyOp4
 70
     1
102
RTVSPropertyOp5
 70
     1
102
RTVSPropertyOp6
 70
     1
102
RTVSPropertyOp7
 70
     1
102
RTVSPropertyOp8
 70
     1
102
RTVSPropertyOp9
 70
     1
102
RTVSPropertyOp10
 70
     1
102
RTVSPropertyOp11
 70
     1
102
RTVSPropertyOp12
 70
     1
102
RTVSPropertyOp13
 70
     1
102
RTVSPropertyOp14
 70
     1
102
RTVSPropertyOp15
 70
     1
102
RTVSPropertyOp16
 70
     1
102
RTVSPropertyOp17
 70
     1
102
RTVSPropertyOp18
 70
     1
102
RTVSPropertyOp19
 70
     1
102
RTVSPropertyOp20
 70
     1
102
RTVSPropertyOp21
 70
     1
102
RTVSPropertyOp22
 70
     1
102
RTVSPropertyOp23
 70
     1
102
RTVSPropertyOp24
 70
     1
102
RTVSPropertyOp25
 70
     1
102
RTVSPropertyOp26
 70
     1
102
RTVSPropertyOp27
 70
     1
102
RTVSPropertyOp28
 70
     1
102
RTVSPropertyOp29
 70
     1
102
RTVSPropertyOp30
 70
     1
102
RTVSPropertyOp31
 70
     1
102
RTVSPropertyOp32
 70
     1
102
RTVSPropertyOp33
 70
     1
102
RTVSPropertyOp34
 70
     1
102
RTVSPropertyOp35
 70
     1
102
RTVSPropertyOp36
 70
     1
102
RTVSPropertyOp37
 70
     1
102
RTVSPropertyOp38
 70
     1
102
RTVSPropertyOp39
 70
     1
102
RTVSPropertyOp40
 70
     1
102
RTVSPropertyOp41
 70
     1
102
RTVSPropertyOp42
 70
     1
102
RTVSPropertyOp43
 70
     1
102
RTVSPropertyOp44
 70
     1
102
RTVSPropertyOp45
 70
     1
102
RTVSPropertyOp46
 70
     1
102
RTVSPropertyOp47
 70
     1
102
RTVSPropertyOp48
 70
     1
102
RTVSPropertyOp49
 70
     1
102
RTVSPropertyOp50
 70
     1
102
RTVSPropertyOp51
 70
     0
102
RTVSPropertyOp52
 70
     0
102
RTVSPropertyOp53
 70
     1
102
RTVSPropertyOp54
 70
     1
102
RTVSPropertyOp55
 70
     1
102
RTVSPropertyOp56
 70
     1
102
RTVSPropertyOp57
 70
     1
102
RTVSPost2010Prop28
280
     0
102
RTVSPost2010PropOp28
 70
     1
102
RTVSPost2010Prop29
280
     1
102
RTVSPost2010PropOp29
 70
     1
102
RTVSPost2010Prop30
280
     1
102
RTVSPost2010PropOp30
 70
     1
102
RTVSPost2010Prop31
280
     0
102
RTVSPost2010PropOp31
 70
     1
102
RTVSPost2010Prop32
280
     0
102
RTVSPost2010PropOp32
 70
     1
102
RTVSPost2010Prop33
280
     0
102
RTVSPost2010PropOp33
 70
     1
102
RTVSPost2010Prop34
280
     0
102
RTVSPost2010PropOp34
 70
     1
102
RTVSPost2010Prop35
280
     0
102
RTVSPost2010PropOp35
 70
     1
102
RTVSPost2010Prop36
280
     0
102
RTVSPost2010PropOp36
 70
     1
102
RTVSPost2010Prop37
 90
       50
102
RTVSPost2010PropOp37
 70
     1
102
RTVSPost2010Prop38
140
0.0
102
RTVSPost2010PropOp38
 70
     1
102
RTVSPost2010Prop39
140
1.0
102
RTVSPost2010PropOp39
 70
     1
102
RTVSPost2010Prop40
 90
        0
102
RTVSPost2010PropOp40
 70
     1
102
RTVSPost2010Prop41ColorIndex
 90
       18
102
RTVSPost2010Prop41ColorRGB
 90
        0
102
RTVSPost2010PropOp41
 70
     1
102
RTVSPost2010Prop42
 90
       50
102
RTVSPost2010PropOp42
 70
     1
102
RTVSPost2010Prop43
 90
        3
102
RTVSPost2010PropOp43
 70
     1
102
RTVSPost2010Prop44ColorIndex
 90
        5
102
RTVSPost2010Prop44ColorRGB
 90
      255
102
RTVSPost2010PropOp44
 70
     1
102
RTVSPost2010Prop45
280
     0
102
RTVSPost2010PropOp45
 70
     1
102
RTVSPost2010Prop46
 90
       50
102
RTVSPost2010PropOp46
 70
     1
102
RTVSPost2010Prop47
 90
       50
102
RTVSPost2010PropOp47
 70
     1
102
RTVSPost2010Prop48
 90
       50
102
RTVSPost2010PropOp48
 70
     1
102
RTVSPost2010Prop49
280
     0
102
RTVSPost2010PropOp49
 70
     1
102
RTVSPost2010Prop50
 90
       50
102
RTVSPost2010PropOp50
 70
     1
102
RTVSPost2010Prop51ColorIndex
 90
      256
102
RTVSPost2010Prop51ColorRGB
 90
-16777216
102
RTVSPost2010PropOp51
 70
     0
102
RTVSPost2010Prop52
140
1.0
102
RTVSPost2010PropOp52
 70
     0
102
RTVSPost2010Prop53
 90
        2
102
RTVSPost2010PropOp53
 70
     1
102
RTVSPost2010Prop54
  1
strokes_ogs.tif
102
RTVSPost2010PropOp54
 70
     1
102
RTVSPost2010Prop55
280
     0
102
RTVSPost2010PropOp55
 70
     1
102
RTVSPost2010Prop56
140
1.0
102
RTVSPost2010PropOp56
 70
     1
102
RTVSPost2010Prop57
140
1.0
102
RTVSPost2010PropOp57
 70
     1
  0
XRECORD
  5
6F90
102
{ACAD_REACTORS
330
6F8F
102
}
330
6F8F
100
AcDbXrecord
280
     1
102
RTVSPropertyOp0
 70
     1
102
RTVSPropertyOp1
 70
     1
102
RTVSPropertyOp2
 70
     1
102
RTVSPropertyOp3
 70
     1
102
RTVSPropertyOp4
 70
     1
102
RTVSPropertyOp5
 70
     1
102
RTVSPropertyOp6
 70
     1
102
RTVSPropertyOp7
 70
     1
102
RTVSPropertyOp8
 70
     1
102
RTVSPropertyOp9
 70
     1
102
RTVSPropertyOp10
 70
     1
102
RTVSPropertyOp11
 70
     1
102
RTVSPropertyOp12
 70
     1
102
RTVSPropertyOp13
 70
     1
102
RTVSPropertyOp14
 70
     1
102
RTVSPropertyOp15
 70
     1
102
RTVSPropertyOp16
 70
     1
102
RTVSPropertyOp17
 70
     1
102
RTVSPropertyOp18
 70
     1
102
RTVSPropertyOp19
 70
     1
102
RTVSPropertyOp20
 70
     1
102
RTVSPropertyOp21
 70
     1
102
RTVSPropertyOp22
 70
     1
102
RTVSPropertyOp23
 70
     1
102
RTVSPropertyOp24
 70
     1
102
RTVSPropertyOp25
 70
     1
102
RTVSPropertyOp26
 70
     1
102
RTVSPropertyOp27
 70
     1
102
RTVSPropertyOp28
 70
     1
102
RTVSPropertyOp29
 70
     1
102
RTVSPropertyOp30
 70
     1
102
RTVSPropertyOp31
 70
     1
102
RTVSPropertyOp32
 70
     1
102
RTVSPropertyOp33
 70
     1
102
RTVSPropertyOp34
 70
     1
102
RTVSPropertyOp35
 70
     1
102
RTVSPropertyOp36
 70
     1
102
RTVSPropertyOp37
 70
     1
102
RTVSPropertyOp38
 70
     1
102
RTVSPropertyOp39
 70
     1
102
RTVSPropertyOp40
 70
     1
102
RTVSPropertyOp41
 70
     1
102
RTVSPropertyOp42
 70
     1
102
RTVSPropertyOp43
 70
     1
102
RTVSPropertyOp44
 70
     1
102
RTVSPropertyOp45
 70
     1
102
RTVSPropertyOp46
 70
     1
102
RTVSPropertyOp47
 70
     1
102
RTVSPropertyOp48
 70
     1
102
RTVSPropertyOp49
 70
     1
102
RTVSPropertyOp50
 70
     1
102
RTVSPropertyOp51
 70
     0
102
RTVSPropertyOp52
 70
     0
102
RTVSPropertyOp53
 70
     1
102
RTVSPropertyOp54
 70
     1
102
RTVSPropertyOp55
 70
     1
102
RTVSPropertyOp56
 70
     1
102
RTVSPropertyOp57
 70
     1
102
RTVSPost2010Prop28
280
     0
102
RTVSPost2010PropOp28
 70
     1
102
RTVSPost2010Prop29
280
     1
102
RTVSPost2010PropOp29
 70
     1
102
RTVSPost2010Prop30
280
     1
102
RTVSPost2010PropOp30
 70
     1
102
RTVSPost2010Prop31
280
     0
102
RTVSPost2010PropOp31
 70
     1
102
RTVSPost2010Prop32
280
     0
102
RTVSPost2010PropOp32
 70
     1
102
RTVSPost2010Prop33
280
     0
102
RTVSPost2010PropOp33
 70
     1
102
RTVSPost2010Prop34
280
     0
102
RTVSPost2010PropOp34
 70
     1
102
RTVSPost2010Prop35
280
     0
102
RTVSPost2010PropOp35
 70
     1
102
RTVSPost2010Prop36
280
     0
102
RTVSPost2010PropOp36
 70
     1
102
RTVSPost2010Prop37
 90
       50
102
RTVSPost2010PropOp37
 70
     1
102
RTVSPost2010Prop38
140
0.0
102
RTVSPost2010PropOp38
 70
     1
102
RTVSPost2010Prop39
140
1.0
102
RTVSPost2010PropOp39
 70
     1
102
RTVSPost2010Prop40
 90
        0
102
RTVSPost2010PropOp40
 70
     1
102
RTVSPost2010Prop41ColorIndex
 90
       18
102
RTVSPost2010Prop41ColorRGB
 90
        0
102
RTVSPost2010PropOp41
 70
     1
102
RTVSPost2010Prop42
 90
       50
102
RTVSPost2010PropOp42
 70
     1
102
RTVSPost2010Prop43
 90
        3
102
RTVSPost2010PropOp43
 70
     1
102
RTVSPost2010Prop44ColorIndex
 90
        5
102
RTVSPost2010Prop44ColorRGB
 90
      255
102
RTVSPost2010PropOp44
 70
     1
102
RTVSPost2010Prop45
280
     0
102
RTVSPost2010PropOp45
 70
     1
102
RTVSPost2010Prop46
 90
       50
102
RTVSPost2010PropOp46
 70
     1
102
RTVSPost2010Prop47
 90
       50
102
RTVSPost2010PropOp47
 70
     1
102
RTVSPost2010Prop48
 90
       50
102
RTVSPost2010PropOp48
 70
     1
102
RTVSPost2010Prop49
280
     0
102
RTVSPost2010PropOp49
 70
     1
102
RTVSPost2010Prop50
 90
       50
102
RTVSPost2010PropOp50
 70
     1
102
RTVSPost2010Prop51ColorIndex
 90
      256
102
RTVSPost2010Prop51ColorRGB
 90
-16777216
102
RTVSPost2010PropOp51
 70
     0
102
RTVSPost2010Prop52
140
1.0
102
RTVSPost2010PropOp52
 70
     0
102
RTVSPost2010Prop53
 90
        2
102
RTVSPost2010PropOp53
 70
     1
102
RTVSPost2010Prop54
  1
strokes_ogs.tif
102
RTVSPost2010PropOp54
 70
     1
102
RTVSPost2010Prop55
280
     0
102
RTVSPost2010PropOp55
 70
     1
102
RTVSPost2010Prop56
140
1.0
102
RTVSPost2010PropOp56
 70
     1
102
RTVSPost2010Prop57
140
1.0
102
RTVSPost2010PropOp57
 70
     1
  0
XRECORD
  5
6F92
102
{ACAD_REACTORS
330
6F91
102
}
330
6F91
100
AcDbXrecord
280
     1
102
RTVSPropertyOp0
 70
     1
102
RTVSPropertyOp1
 70
     1
102
RTVSPropertyOp2
 70
     1
102
RTVSPropertyOp3
 70
     1
102
RTVSPropertyOp4
 70
     1
102
RTVSPropertyOp5
 70
     1
102
RTVSPropertyOp6
 70
     1
102
RTVSPropertyOp7
 70
     1
102
RTVSPropertyOp8
 70
     1
102
RTVSPropertyOp9
 70
     1
102
RTVSPropertyOp10
 70
     1
102
RTVSPropertyOp11
 70
     1
102
RTVSPropertyOp12
 70
     1
102
RTVSPropertyOp13
 70
     1
102
RTVSPropertyOp14
 70
     1
102
RTVSPropertyOp15
 70
     1
102
RTVSPropertyOp16
 70
     1
102
RTVSPropertyOp17
 70
     1
102
RTVSPropertyOp18
 70
     1
102
RTVSPropertyOp19
 70
     1
102
RTVSPropertyOp20
 70
     1
102
RTVSPropertyOp21
 70
     1
102
RTVSPropertyOp22
 70
     1
102
RTVSPropertyOp23
 70
     1
102
RTVSPropertyOp24
 70
     1
102
RTVSPropertyOp25
 70
     1
102
RTVSPropertyOp26
 70
     1
102
RTVSPropertyOp27
 70
     1
102
RTVSPropertyOp28
 70
     1
102
RTVSPropertyOp29
 70
     1
102
RTVSPropertyOp30
 70
     1
102
RTVSPropertyOp31
 70
     1
102
RTVSPropertyOp32
 70
     1
102
RTVSPropertyOp33
 70
     1
102
RTVSPropertyOp34
 70
     1
102
RTVSPropertyOp35
 70
     1
102
RTVSPropertyOp36
 70
     1
102
RTVSPropertyOp37
 70
     1
102
RTVSPropertyOp38
 70
     1
102
RTVSPropertyOp39
 70
     1
102
RTVSPropertyOp40
 70
     1
102
RTVSPropertyOp41
 70
     1
102
RTVSPropertyOp42
 70
     1
102
RTVSPropertyOp43
 70
     1
102
RTVSPropertyOp44
 70
     1
102
RTVSPropertyOp45
 70
     1
102
RTVSPropertyOp46
 70
     1
102
RTVSPropertyOp47
 70
     1
102
RTVSPropertyOp48
 70
     1
102
RTVSPropertyOp49
 70
     1
102
RTVSPropertyOp50
 70
     1
102
RTVSPropertyOp51
 70
     0
102
RTVSPropertyOp52
 70
     0
102
RTVSPropertyOp53
 70
     1
102
RTVSPropertyOp54
 70
     1
102
RTVSPropertyOp55
 70
     1
102
RTVSPropertyOp56
 70
     1
102
RTVSPropertyOp57
 70
     1
102
RTVSPost2010Prop28
280
     0
102
RTVSPost2010PropOp28
 70
     1
102
RTVSPost2010Prop29
280
     1
102
RTVSPost2010PropOp29
 70
     1
102
RTVSPost2010Prop30
280
     1
102
RTVSPost2010PropOp30
 70
     1
102
RTVSPost2010Prop31
280
     0
102
RTVSPost2010PropOp31
 70
     1
102
RTVSPost2010Prop32
280
     0
102
RTVSPost2010PropOp32
 70
     1
102
RTVSPost2010Prop33
280
     0
102
RTVSPost2010PropOp33
 70
     1
102
RTVSPost2010Prop34
280
     0
102
RTVSPost2010PropOp34
 70
     1
102
RTVSPost2010Prop35
280
     0
102
RTVSPost2010PropOp35
 70
     1
102
RTVSPost2010Prop36
280
     0
102
RTVSPost2010PropOp36
 70
     1
102
RTVSPost2010Prop37
 90
       50
102
RTVSPost2010PropOp37
 70
     1
102
RTVSPost2010Prop38
140
0.0
102
RTVSPost2010PropOp38
 70
     1
102
RTVSPost2010Prop39
140
1.0
102
RTVSPost2010PropOp39
 70
     1
102
RTVSPost2010Prop40
 90
        0
102
RTVSPost2010PropOp40
 70
     1
102
RTVSPost2010Prop41ColorIndex
 90
       18
102
RTVSPost2010Prop41ColorRGB
 90
        0
102
RTVSPost2010PropOp41
 70
     1
102
RTVSPost2010Prop42
 90
       50
102
RTVSPost2010PropOp42
 70
     1
102
RTVSPost2010Prop43
 90
        3
102
RTVSPost2010PropOp43
 70
     1
102
RTVSPost2010Prop44ColorIndex
 90
        5
102
RTVSPost2010Prop44ColorRGB
 90
      255
102
RTVSPost2010PropOp44
 70
     1
102
RTVSPost2010Prop45
280
     0
102
RTVSPost2010PropOp45
 70
     1
102
RTVSPost2010Prop46
 90
       50
102
RTVSPost2010PropOp46
 70
     1
102
RTVSPost2010Prop47
 90
       50
102
RTVSPost2010PropOp47
 70
     1
102
RTVSPost2010Prop48
 90
       50
102
RTVSPost2010PropOp48
 70
     1
102
RTVSPost2010Prop49
280
     0
102
RTVSPost2010PropOp49
 70
     1
102
RTVSPost2010Prop50
 90
       50
102
RTVSPost2010PropOp50
 70
     1
102
RTVSPost2010Prop51ColorIndex
 90
      256
102
RTVSPost2010Prop51ColorRGB
 90
-16777216
102
RTVSPost2010PropOp51
 70
     0
102
RTVSPost2010Prop52
140
1.0
102
RTVSPost2010PropOp52
 70
     0
102
RTVSPost2010Prop53
 90
        2
102
RTVSPost2010PropOp53
 70
     1
102
RTVSPost2010Prop54
  1
strokes_ogs.tif
102
RTVSPost2010PropOp54
 70
     1
102
RTVSPost2010Prop55
280
     0
102
RTVSPost2010PropOp55
 70
     1
102
RTVSPost2010Prop56
140
1.0
102
RTVSPost2010PropOp56
 70
     1
102
RTVSPost2010Prop57
140
1.0
102
RTVSPost2010PropOp57
 70
     1
  0
XRECORD
  5
6F94
102
{ACAD_REACTORS
330
6F93
102
}
330
6F93
100
AcDbXrecord
280
     1
102
RTVSPropertyOp0
 70
     1
102
RTVSPropertyOp1
 70
     1
102
RTVSPropertyOp2
 70
     1
102
RTVSPropertyOp3
 70
     1
102
RTVSPropertyOp4
 70
     1
102
RTVSPropertyOp5
 70
     1
102
RTVSPropertyOp6
 70
     1
102
RTVSPropertyOp7
 70
     1
102
RTVSPropertyOp8
 70
     1
102
RTVSPropertyOp9
 70
     1
102
RTVSPropertyOp10
 70
     1
102
RTVSPropertyOp11
 70
     1
102
RTVSPropertyOp12
 70
     1
102
RTVSPropertyOp13
 70
     1
102
RTVSPropertyOp14
 70
     1
102
RTVSPropertyOp15
 70
     1
102
RTVSPropertyOp16
 70
     1
102
RTVSPropertyOp17
 70
     1
102
RTVSPropertyOp18
 70
     1
102
RTVSPropertyOp19
 70
     1
102
RTVSPropertyOp20
 70
     1
102
RTVSPropertyOp21
 70
     1
102
RTVSPropertyOp22
 70
     1
102
RTVSPropertyOp23
 70
     1
102
RTVSPropertyOp24
 70
     1
102
RTVSPropertyOp25
 70
     1
102
RTVSPropertyOp26
 70
     1
102
RTVSPropertyOp27
 70
     1
102
RTVSPropertyOp28
 70
     1
102
RTVSPropertyOp29
 70
     1
102
RTVSPropertyOp30
 70
     1
102
RTVSPropertyOp31
 70
     1
102
RTVSPropertyOp32
 70
     1
102
RTVSPropertyOp33
 70
     1
102
RTVSPropertyOp34
 70
     1
102
RTVSPropertyOp35
 70
     1
102
RTVSPropertyOp36
 70
     1
102
RTVSPropertyOp37
 70
     1
102
RTVSPropertyOp38
 70
     1
102
RTVSPropertyOp39
 70
     1
102
RTVSPropertyOp40
 70
     1
102
RTVSPropertyOp41
 70
     1
102
RTVSPropertyOp42
 70
     1
102
RTVSPropertyOp43
 70
     1
102
RTVSPropertyOp44
 70
     1
102
RTVSPropertyOp45
 70
     1
102
RTVSPropertyOp46
 70
     1
102
RTVSPropertyOp47
 70
     1
102
RTVSPropertyOp48
 70
     1
102
RTVSPropertyOp49
 70
     1
102
RTVSPropertyOp50
 70
     1
102
RTVSPropertyOp51
 70
     0
102
RTVSPropertyOp52
 70
     0
102
RTVSPropertyOp53
 70
     1
102
RTVSPropertyOp54
 70
     1
102
RTVSPropertyOp55
 70
     1
102
RTVSPropertyOp56
 70
     1
102
RTVSPropertyOp57
 70
     1
102
RTVSPost2010Prop28
280
     0
102
RTVSPost2010PropOp28
 70
     1
102
RTVSPost2010Prop29
280
     1
102
RTVSPost2010PropOp29
 70
     1
102
RTVSPost2010Prop30
280
     1
102
RTVSPost2010PropOp30
 70
     1
102
RTVSPost2010Prop31
280
     0
102
RTVSPost2010PropOp31
 70
     1
102
RTVSPost2010Prop32
280
     0
102
RTVSPost2010PropOp32
 70
     1
102
RTVSPost2010Prop33
280
     0
102
RTVSPost2010PropOp33
 70
     1
102
RTVSPost2010Prop34
280
     0
102
RTVSPost2010PropOp34
 70
     1
102
RTVSPost2010Prop35
280
     0
102
RTVSPost2010PropOp35
 70
     1
102
RTVSPost2010Prop36
280
     0
102
RTVSPost2010PropOp36
 70
     1
102
RTVSPost2010Prop37
 90
       50
102
RTVSPost2010PropOp37
 70
     1
102
RTVSPost2010Prop38
140
0.0
102
RTVSPost2010PropOp38
 70
     1
102
RTVSPost2010Prop39
140
1.0
102
RTVSPost2010PropOp39
 70
     1
102
RTVSPost2010Prop40
 90
        0
102
RTVSPost2010PropOp40
 70
     1
102
RTVSPost2010Prop41ColorIndex
 90
       18
102
RTVSPost2010Prop41ColorRGB
 90
        0
102
RTVSPost2010PropOp41
 70
     1
102
RTVSPost2010Prop42
 90
       50
102
RTVSPost2010PropOp42
 70
     1
102
RTVSPost2010Prop43
 90
        3
102
RTVSPost2010PropOp43
 70
     1
102
RTVSPost2010Prop44ColorIndex
 90
        5
102
RTVSPost2010Prop44ColorRGB
 90
      255
102
RTVSPost2010PropOp44
 70
     1
102
RTVSPost2010Prop45
280
     0
102
RTVSPost2010PropOp45
 70
     1
102
RTVSPost2010Prop46
 90
       50
102
RTVSPost2010PropOp46
 70
     1
102
RTVSPost2010Prop47
 90
       50
102
RTVSPost2010PropOp47
 70
     1
102
RTVSPost2010Prop48
 90
       50
102
RTVSPost2010PropOp48
 70
     1
102
RTVSPost2010Prop49
280
     0
102
RTVSPost2010PropOp49
 70
     1
102
RTVSPost2010Prop50
 90
       50
102
RTVSPost2010PropOp50
 70
     1
102
RTVSPost2010Prop51ColorIndex
 90
      256
102
RTVSPost2010Prop51ColorRGB
 90
-16777216
102
RTVSPost2010PropOp51
 70
     0
102
RTVSPost2010Prop52
140
1.0
102
RTVSPost2010PropOp52
 70
     0
102
RTVSPost2010Prop53
 90
        2
102
RTVSPost2010PropOp53
 70
     1
102
RTVSPost2010Prop54
  1
strokes_ogs.tif
102
RTVSPost2010PropOp54
 70
     1
102
RTVSPost2010Prop55
280
     0
102
RTVSPost2010PropOp55
 70
     1
102
RTVSPost2010Prop56
140
1.0
102
RTVSPost2010PropOp56
 70
     1
102
RTVSPost2010Prop57
140
1.0
102
RTVSPost2010PropOp57
 70
     1
  0
XRECORD
  5
6F96
102
{ACAD_REACTORS
330
6F95
102
}
330
6F95
100
AcDbXrecord
280
     1
102
RTVSPropertyOp0
 70
     1
102
RTVSPropertyOp1
 70
     1
102
RTVSPropertyOp2
 70
     1
102
RTVSPropertyOp3
 70
     1
102
RTVSPropertyOp4
 70
     1
102
RTVSPropertyOp5
 70
     1
102
RTVSPropertyOp6
 70
     1
102
RTVSPropertyOp7
 70
     1
102
RTVSPropertyOp8
 70
     1
102
RTVSPropertyOp9
 70
     1
102
RTVSPropertyOp10
 70
     1
102
RTVSPropertyOp11
 70
     1
102
RTVSPropertyOp12
 70
     1
102
RTVSPropertyOp13
 70
     1
102
RTVSPropertyOp14
 70
     1
102
RTVSPropertyOp15
 70
     1
102
RTVSPropertyOp16
 70
     1
102
RTVSPropertyOp17
 70
     1
102
RTVSPropertyOp18
 70
     1
102
RTVSPropertyOp19
 70
     1
102
RTVSPropertyOp20
 70
     1
102
RTVSPropertyOp21
 70
     1
102
RTVSPropertyOp22
 70
     1
102
RTVSPropertyOp23
 70
     1
102
RTVSPropertyOp24
 70
     1
102
RTVSPropertyOp25
 70
     1
102
RTVSPropertyOp26
 70
     1
102
RTVSPropertyOp27
 70
     1
102
RTVSPropertyOp28
 70
     1
102
RTVSPropertyOp29
 70
     1
102
RTVSPropertyOp30
 70
     1
102
RTVSPropertyOp31
 70
     1
102
RTVSPropertyOp32
 70
     1
102
RTVSPropertyOp33
 70
     1
102
RTVSPropertyOp34
 70
     1
102
RTVSPropertyOp35
 70
     1
102
RTVSPropertyOp36
 70
     1
102
RTVSPropertyOp37
 70
     1
102
RTVSPropertyOp38
 70
     1
102
RTVSPropertyOp39
 70
     1
102
RTVSPropertyOp40
 70
     1
102
RTVSPropertyOp41
 70
     1
102
RTVSPropertyOp42
 70
     1
102
RTVSPropertyOp43
 70
     1
102
RTVSPropertyOp44
 70
     1
102
RTVSPropertyOp45
 70
     1
102
RTVSPropertyOp46
 70
     1
102
RTVSPropertyOp47
 70
     1
102
RTVSPropertyOp48
 70
     1
102
RTVSPropertyOp49
 70
     1
102
RTVSPropertyOp50
 70
     1
102
RTVSPropertyOp51
 70
     0
102
RTVSPropertyOp52
 70
     0
102
RTVSPropertyOp53
 70
     1
102
RTVSPropertyOp54
 70
     1
102
RTVSPropertyOp55
 70
     1
102
RTVSPropertyOp56
 70
     1
102
RTVSPropertyOp57
 70
     1
102
RTVSPost2010Prop28
280
     0
102
RTVSPost2010PropOp28
 70
     1
102
RTVSPost2010Prop29
280
     1
102
RTVSPost2010PropOp29
 70
     1
102
RTVSPost2010Prop30
280
     1
102
RTVSPost2010PropOp30
 70
     1
102
RTVSPost2010Prop31
280
     0
102
RTVSPost2010PropOp31
 70
     1
102
RTVSPost2010Prop32
280
     0
102
RTVSPost2010PropOp32
 70
     1
102
RTVSPost2010Prop33
280
     0
102
RTVSPost2010PropOp33
 70
     1
102
RTVSPost2010Prop34
280
     0
102
RTVSPost2010PropOp34
 70
     1
102
RTVSPost2010Prop35
280
     0
102
RTVSPost2010PropOp35
 70
     1
102
RTVSPost2010Prop36
280
     0
102
RTVSPost2010PropOp36
 70
     1
102
RTVSPost2010Prop37
 90
       50
102
RTVSPost2010PropOp37
 70
     1
102
RTVSPost2010Prop38
140
0.0
102
RTVSPost2010PropOp38
 70
     1
102
RTVSPost2010Prop39
140
1.0
102
RTVSPost2010PropOp39
 70
     1
102
RTVSPost2010Prop40
 90
        0
102
RTVSPost2010PropOp40
 70
     1
102
RTVSPost2010Prop41ColorIndex
 90
       18
102
RTVSPost2010Prop41ColorRGB
 90
        0
102
RTVSPost2010PropOp41
 70
     1
102
RTVSPost2010Prop42
 90
       50
102
RTVSPost2010PropOp42
 70
     1
102
RTVSPost2010Prop43
 90
        3
102
RTVSPost2010PropOp43
 70
     1
102
RTVSPost2010Prop44ColorIndex
 90
        5
102
RTVSPost2010Prop44ColorRGB
 90
      255
102
RTVSPost2010PropOp44
 70
     1
102
RTVSPost2010Prop45
280
     0
102
RTVSPost2010PropOp45
 70
     1
102
RTVSPost2010Prop46
 90
       50
102
RTVSPost2010PropOp46
 70
     1
102
RTVSPost2010Prop47
 90
       50
102
RTVSPost2010PropOp47
 70
     1
102
RTVSPost2010Prop48
 90
       50
102
RTVSPost2010PropOp48
 70
     1
102
RTVSPost2010Prop49
280
     0
102
RTVSPost2010PropOp49
 70
     1
102
RTVSPost2010Prop50
 90
       50
102
RTVSPost2010PropOp50
 70
     1
102
RTVSPost2010Prop51ColorIndex
 90
      256
102
RTVSPost2010Prop51ColorRGB
 90
-16777216
102
RTVSPost2010PropOp51
 70
     0
102
RTVSPost2010Prop52
140
1.0
102
RTVSPost2010PropOp52
 70
     0
102
RTVSPost2010Prop53
 90
        2
102
RTVSPost2010PropOp53
 70
     1
102
RTVSPost2010Prop54
  1
strokes_ogs.tif
102
RTVSPost2010PropOp54
 70
     1
102
RTVSPost2010Prop55
280
     0
102
RTVSPost2010PropOp55
 70
     1
102
RTVSPost2010Prop56
140
1.0
102
RTVSPost2010PropOp56
 70
     1
102
RTVSPost2010Prop57
140
1.0
102
RTVSPost2010PropOp57
 70
     1
  0
XRECORD
  5
6F98
102
{ACAD_REACTORS
330
6F97
102
}
330
6F97
100
AcDbXrecord
280
     1
102
RTVSPropertyOp0
 70
     1
102
RTVSPropertyOp1
 70
     1
102
RTVSPropertyOp2
 70
     1
102
RTVSPropertyOp3
 70
     1
102
RTVSPropertyOp4
 70
     1
102
RTVSPropertyOp5
 70
     1
102
RTVSPropertyOp6
 70
     1
102
RTVSPropertyOp7
 70
     1
102
RTVSPropertyOp8
 70
     1
102
RTVSPropertyOp9
 70
     1
102
RTVSPropertyOp10
 70
     1
102
RTVSPropertyOp11
 70
     1
102
RTVSPropertyOp12
 70
     1
102
RTVSPropertyOp13
 70
     1
102
RTVSPropertyOp14
 70
     1
102
RTVSPropertyOp15
 70
     1
102
RTVSPropertyOp16
 70
     1
102
RTVSPropertyOp17
 70
     1
102
RTVSPropertyOp18
 70
     1
102
RTVSPropertyOp19
 70
     1
102
RTVSPropertyOp20
 70
     1
102
RTVSPropertyOp21
 70
     1
102
RTVSPropertyOp22
 70
     1
102
RTVSPropertyOp23
 70
     1
102
RTVSPropertyOp24
 70
     1
102
RTVSPropertyOp25
 70
     1
102
RTVSPropertyOp26
 70
     1
102
RTVSPropertyOp27
 70
     1
102
RTVSPropertyOp28
 70
     1
102
RTVSPropertyOp29
 70
     1
102
RTVSPropertyOp30
 70
     1
102
RTVSPropertyOp31
 70
     1
102
RTVSPropertyOp32
 70
     1
102
RTVSPropertyOp33
 70
     1
102
RTVSPropertyOp34
 70
     1
102
RTVSPropertyOp35
 70
     1
102
RTVSPropertyOp36
 70
     1
102
RTVSPropertyOp37
 70
     1
102
RTVSPropertyOp38
 70
     1
102
RTVSPropertyOp39
 70
     1
102
RTVSPropertyOp40
 70
     1
102
RTVSPropertyOp41
 70
     1
102
RTVSPropertyOp42
 70
     1
102
RTVSPropertyOp43
 70
     1
102
RTVSPropertyOp44
 70
     1
102
RTVSPropertyOp45
 70
     1
102
RTVSPropertyOp46
 70
     1
102
RTVSPropertyOp47
 70
     1
102
RTVSPropertyOp48
 70
     1
102
RTVSPropertyOp49
 70
     1
102
RTVSPropertyOp50
 70
     1
102
RTVSPropertyOp51
 70
     0
102
RTVSPropertyOp52
 70
     0
102
RTVSPropertyOp53
 70
     1
102
RTVSPropertyOp54
 70
     1
102
RTVSPropertyOp55
 70
     1
102
RTVSPropertyOp56
 70
     1
102
RTVSPropertyOp57
 70
     1
102
RTVSPost2010Prop28
280
     0
102
RTVSPost2010PropOp28
 70
     1
102
RTVSPost2010Prop29
280
     1
102
RTVSPost2010PropOp29
 70
     1
102
RTVSPost2010Prop30
280
     1
102
RTVSPost2010PropOp30
 70
     1
102
RTVSPost2010Prop31
280
     0
102
RTVSPost2010PropOp31
 70
     1
102
RTVSPost2010Prop32
280
     0
102
RTVSPost2010PropOp32
 70
     1
102
RTVSPost2010Prop33
280
     0
102
RTVSPost2010PropOp33
 70
     1
102
RTVSPost2010Prop34
280
     0
102
RTVSPost2010PropOp34
 70
     1
102
RTVSPost2010Prop35
280
     0
102
RTVSPost2010PropOp35
 70
     1
102
RTVSPost2010Prop36
280
     0
102
RTVSPost2010PropOp36
 70
     1
102
RTVSPost2010Prop37
 90
       50
102
RTVSPost2010PropOp37
 70
     1
102
RTVSPost2010Prop38
140
0.0
102
RTVSPost2010PropOp38
 70
     1
102
RTVSPost2010Prop39
140
1.0
102
RTVSPost2010PropOp39
 70
     1
102
RTVSPost2010Prop40
 90
        0
102
RTVSPost2010PropOp40
 70
     1
102
RTVSPost2010Prop41ColorIndex
 90
       18
102
RTVSPost2010Prop41ColorRGB
 90
        0
102
RTVSPost2010PropOp41
 70
     1
102
RTVSPost2010Prop42
 90
       50
102
RTVSPost2010PropOp42
 70
     1
102
RTVSPost2010Prop43
 90
        3
102
RTVSPost2010PropOp43
 70
     1
102
RTVSPost2010Prop44ColorIndex
 90
        5
102
RTVSPost2010Prop44ColorRGB
 90
      255
102
RTVSPost2010PropOp44
 70
     1
102
RTVSPost2010Prop45
280
     0
102
RTVSPost2010PropOp45
 70
     1
102
RTVSPost2010Prop46
 90
       50
102
RTVSPost2010PropOp46
 70
     1
102
RTVSPost2010Prop47
 90
       50
102
RTVSPost2010PropOp47
 70
     1
102
RTVSPost2010Prop48
 90
       50
102
RTVSPost2010PropOp48
 70
     1
102
RTVSPost2010Prop49
280
     0
102
RTVSPost2010PropOp49
 70
     1
102
RTVSPost2010Prop50
 90
       50
102
RTVSPost2010PropOp50
 70
     1
102
RTVSPost2010Prop51ColorIndex
 90
      256
102
RTVSPost2010Prop51ColorRGB
 90
-16777216
102
RTVSPost2010PropOp51
 70
     0
102
RTVSPost2010Prop52
140
1.0
102
RTVSPost2010PropOp52
 70
     0
102
RTVSPost2010Prop53
 90
        2
102
RTVSPost2010PropOp53
 70
     1
102
RTVSPost2010Prop54
  1
strokes_ogs.tif
102
RTVSPost2010PropOp54
 70
     1
102
RTVSPost2010Prop55
280
     0
102
RTVSPost2010PropOp55
 70
     1
102
RTVSPost2010Prop56
140
1.0
102
RTVSPost2010PropOp56
 70
     1
102
RTVSPost2010Prop57
140
1.0
102
RTVSPost2010PropOp57
 70
     1
  0
XRECORD
  5
6F9A
102
{ACAD_REACTORS
330
6F99
102
}
330
6F99
100
AcDbXrecord
280
     1
102
RTVSPropertyOp0
 70
     0
102
RTVSPropertyOp1
 70
     0
102
RTVSPropertyOp2
 70
     0
102
RTVSPropertyOp3
 70
     0
102
RTVSPropertyOp4
 70
     0
102
RTVSPropertyOp5
 70
     0
102
RTVSPropertyOp6
 70
     0
102
RTVSPropertyOp7
 70
     0
102
RTVSPropertyOp8
 70
     0
102
RTVSPropertyOp9
 70
     0
102
RTVSPropertyOp10
 70
     0
102
RTVSPropertyOp11
 70
     0
102
RTVSPropertyOp12
 70
     0
102
RTVSPropertyOp13
 70
     0
102
RTVSPropertyOp14
 70
     2
102
RTVSPropertyOp15
 70
     0
102
RTVSPropertyOp16
 70
     0
102
RTVSPropertyOp17
 70
     0
102
RTVSPropertyOp18
 70
     0
102
RTVSPropertyOp19
 70
     0
102
RTVSPropertyOp20
 70
     0
102
RTVSPropertyOp21
 70
     0
102
RTVSPropertyOp22
 70
     0
102
RTVSPropertyOp23
 70
     0
102
RTVSPropertyOp24
 70
     0
102
RTVSPropertyOp25
 70
     0
102
RTVSPropertyOp26
 70
     0
102
RTVSPropertyOp27
 70
     0
102
RTVSPropertyOp28
 70
     1
102
RTVSPropertyOp29
 70
     1
102
RTVSPropertyOp30
 70
     1
102
RTVSPropertyOp31
 70
     1
102
RTVSPropertyOp32
 70
     1
102
RTVSPropertyOp33
 70
     1
102
RTVSPropertyOp34
 70
     1
102
RTVSPropertyOp35
 70
     1
102
RTVSPropertyOp36
 70
     1
102
RTVSPropertyOp37
 70
     0
102
RTVSPropertyOp38
 70
     0
102
RTVSPropertyOp39
 70
     0
102
RTVSPropertyOp40
 70
     0
102
RTVSPropertyOp41
 70
     0
102
RTVSPropertyOp42
 70
     0
102
RTVSPropertyOp43
 70
     0
102
RTVSPropertyOp44
 70
     0
102
RTVSPropertyOp45
 70
     1
102
RTVSPropertyOp46
 70
     0
102
RTVSPropertyOp47
 70
     0
102
RTVSPropertyOp48
 70
     0
102
RTVSPropertyOp49
 70
     1
102
RTVSPropertyOp50
 70
     0
102
RTVSPropertyOp51
 70
     0
102
RTVSPropertyOp52
 70
     0
102
RTVSPropertyOp53
 70
     0
102
RTVSPropertyOp54
 70
     0
102
RTVSPropertyOp55
 70
     1
102
RTVSPropertyOp56
 70
     0
102
RTVSPropertyOp57
 70
     0
102
RTVSPost2010Prop28
280
     0
102
RTVSPost2010PropOp28
 70
     1
102
RTVSPost2010Prop29
280
     1
102
RTVSPost2010PropOp29
 70
     1
102
RTVSPost2010Prop30
280
     1
102
RTVSPost2010PropOp30
 70
     1
102
RTVSPost2010Prop31
280
     0
102
RTVSPost2010PropOp31
 70
     1
102
RTVSPost2010Prop32
280
     0
102
RTVSPost2010PropOp32
 70
     1
102
RTVSPost2010Prop33
280
     0
102
RTVSPost2010PropOp33
 70
     1
102
RTVSPost2010Prop34
280
     0
102
RTVSPost2010PropOp34
 70
     1
102
RTVSPost2010Prop35
280
     0
102
RTVSPost2010PropOp35
 70
     1
102
RTVSPost2010Prop36
280
     0
102
RTVSPost2010PropOp36
 70
     1
102
RTVSPost2010Prop37
 90
       50
102
RTVSPost2010PropOp37
 70
     0
102
RTVSPost2010Prop38
140
0.0
102
RTVSPost2010PropOp38
 70
     0
102
RTVSPost2010Prop39
140
1.0
102
RTVSPost2010PropOp39
 70
     0
102
RTVSPost2010Prop40
 90
        0
102
RTVSPost2010PropOp40
 70
     0
102
RTVSPost2010Prop41ColorIndex
 90
       18
102
RTVSPost2010Prop41ColorRGB
 90
        0
102
RTVSPost2010PropOp41
 70
     0
102
RTVSPost2010Prop42
 90
       50
102
RTVSPost2010PropOp42
 70
     0
102
RTVSPost2010Prop43
 90
        3
102
RTVSPost2010PropOp43
 70
     0
102
RTVSPost2010Prop44ColorIndex
 90
        5
102
RTVSPost2010Prop44ColorRGB
 90
      255
102
RTVSPost2010PropOp44
 70
     0
102
RTVSPost2010Prop45
280
     0
102
RTVSPost2010PropOp45
 70
     1
102
RTVSPost2010Prop46
 90
       50
102
RTVSPost2010PropOp46
 70
     0
102
RTVSPost2010Prop47
 90
       50
102
RTVSPost2010PropOp47
 70
     0
102
RTVSPost2010Prop48
 90
       50
102
RTVSPost2010PropOp48
 70
     0
102
RTVSPost2010Prop49
280
     0
102
RTVSPost2010PropOp49
 70
     1
102
RTVSPost2010Prop50
 90
       50
102
RTVSPost2010PropOp50
 70
     0
102
RTVSPost2010Prop51ColorIndex
 90
      256
102
RTVSPost2010Prop51ColorRGB
 90
-16777216
102
RTVSPost2010PropOp51
 70
     0
102
RTVSPost2010Prop52
140
1.0
102
RTVSPost2010PropOp52
 70
     0
102
RTVSPost2010Prop53
 90
        2
102
RTVSPost2010PropOp53
 70
     0
102
RTVSPost2010Prop54
  1
strokes_ogs.tif
102
RTVSPost2010PropOp54
 70
     0
102
RTVSPost2010Prop55
280
     0
102
RTVSPost2010PropOp55
 70
     1
102
RTVSPost2010Prop56
140
1.0
102
RTVSPost2010PropOp56
 70
     0
102
RTVSPost2010Prop57
140
1.0
102
RTVSPost2010PropOp57
 70
     0
  0
XRECORD
  5
6F9C
102
{ACAD_REACTORS
330
6F9B
102
}
330
6F9B
100
AcDbXrecord
280
     1
102
RTVSPropertyOp0
 70
     1
102
RTVSPropertyOp1
 70
     1
102
RTVSPropertyOp2
 70
     1
102
RTVSPropertyOp3
 70
     1
102
RTVSPropertyOp4
 70
     1
102
RTVSPropertyOp5
 70
     1
102
RTVSPropertyOp6
 70
     1
102
RTVSPropertyOp7
 70
     1
102
RTVSPropertyOp8
 70
     1
102
RTVSPropertyOp9
 70
     1
102
RTVSPropertyOp10
 70
     1
102
RTVSPropertyOp11
 70
     1
102
RTVSPropertyOp12
 70
     1
102
RTVSPropertyOp13
 70
     1
102
RTVSPropertyOp14
 70
     1
102
RTVSPropertyOp15
 70
     1
102
RTVSPropertyOp16
 70
     1
102
RTVSPropertyOp17
 70
     1
102
RTVSPropertyOp18
 70
     1
102
RTVSPropertyOp19
 70
     1
102
RTVSPropertyOp20
 70
     1
102
RTVSPropertyOp21
 70
     1
102
RTVSPropertyOp22
 70
     1
102
RTVSPropertyOp23
 70
     1
102
RTVSPropertyOp24
 70
     1
102
RTVSPropertyOp25
 70
     1
102
RTVSPropertyOp26
 70
     1
102
RTVSPropertyOp27
 70
     1
102
RTVSPropertyOp28
 70
     1
102
RTVSPropertyOp29
 70
     1
102
RTVSPropertyOp30
 70
     1
102
RTVSPropertyOp31
 70
     1
102
RTVSPropertyOp32
 70
     1
102
RTVSPropertyOp33
 70
     1
102
RTVSPropertyOp34
 70
     1
102
RTVSPropertyOp35
 70
     1
102
RTVSPropertyOp36
 70
     1
102
RTVSPropertyOp37
 70
     1
102
RTVSPropertyOp38
 70
     1
102
RTVSPropertyOp39
 70
     1
102
RTVSPropertyOp40
 70
     1
102
RTVSPropertyOp41
 70
     1
102
RTVSPropertyOp42
 70
     1
102
RTVSPropertyOp43
 70
     1
102
RTVSPropertyOp44
 70
     1
102
RTVSPropertyOp45
 70
     1
102
RTVSPropertyOp46
 70
     1
102
RTVSPropertyOp47
 70
     1
102
RTVSPropertyOp48
 70
     1
102
RTVSPropertyOp49
 70
     1
102
RTVSPropertyOp50
 70
     1
102
RTVSPropertyOp51
 70
     0
102
RTVSPropertyOp52
 70
     0
102
RTVSPropertyOp53
 70
     1
102
RTVSPropertyOp54
 70
     1
102
RTVSPropertyOp55
 70
     1
102
RTVSPropertyOp56
 70
     1
102
RTVSPropertyOp57
 70
     1
102
RTVSPost2010Prop28
280
     0
102
RTVSPost2010PropOp28
 70
     1
102
RTVSPost2010Prop29
280
     1
102
RTVSPost2010PropOp29
 70
     1
102
RTVSPost2010Prop30
280
     1
102
RTVSPost2010PropOp30
 70
     1
102
RTVSPost2010Prop31
280
     0
102
RTVSPost2010PropOp31
 70
     1
102
RTVSPost2010Prop32
280
     0
102
RTVSPost2010PropOp32
 70
     1
102
RTVSPost2010Prop33
280
     0
102
RTVSPost2010PropOp33
 70
     1
102
RTVSPost2010Prop34
280
     0
102
RTVSPost2010PropOp34
 70
     1
102
RTVSPost2010Prop35
280
     0
102
RTVSPost2010PropOp35
 70
     1
102
RTVSPost2010Prop36
280
     0
102
RTVSPost2010PropOp36
 70
     1
102
RTVSPost2010Prop37
 90
       50
102
RTVSPost2010PropOp37
 70
     1
102
RTVSPost2010Prop38
140
0.0
102
RTVSPost2010PropOp38
 70
     1
102
RTVSPost2010Prop39
140
1.0
102
RTVSPost2010PropOp39
 70
     1
102
RTVSPost2010Prop40
 90
        0
102
RTVSPost2010PropOp40
 70
     1
102
RTVSPost2010Prop41ColorIndex
 90
       18
102
RTVSPost2010Prop41ColorRGB
 90
        0
102
RTVSPost2010PropOp41
 70
     1
102
RTVSPost2010Prop42
 90
       50
102
RTVSPost2010PropOp42
 70
     1
102
RTVSPost2010Prop43
 90
        3
102
RTVSPost2010PropOp43
 70
     1
102
RTVSPost2010Prop44ColorIndex
 90
        5
102
RTVSPost2010Prop44ColorRGB
 90
      255
102
RTVSPost2010PropOp44
 70
     1
102
RTVSPost2010Prop45
280
     0
102
RTVSPost2010PropOp45
 70
     1
102
RTVSPost2010Prop46
 90
       50
102
RTVSPost2010PropOp46
 70
     1
102
RTVSPost2010Prop47
 90
       50
102
RTVSPost2010PropOp47
 70
     1
102
RTVSPost2010Prop48
 90
       50
102
RTVSPost2010PropOp48
 70
     1
102
RTVSPost2010Prop49
280
     0
102
RTVSPost2010PropOp49
 70
     1
102
RTVSPost2010Prop50
 90
       50
102
RTVSPost2010PropOp50
 70
     1
102
RTVSPost2010Prop51ColorIndex
 90
      256
102
RTVSPost2010Prop51ColorRGB
 90
-16777216
102
RTVSPost2010PropOp51
 70
     0
102
RTVSPost2010Prop52
140
1.0
102
RTVSPost2010PropOp52
 70
     0
102
RTVSPost2010Prop53
 90
        2
102
RTVSPost2010PropOp53
 70
     1
102
RTVSPost2010Prop54
  1
strokes_ogs.tif
102
RTVSPost2010PropOp54
 70
     1
102
RTVSPost2010Prop55
280
     0
102
RTVSPost2010PropOp55
 70
     1
102
RTVSPost2010Prop56
140
1.0
102
RTVSPost2010PropOp56
 70
     1
102
RTVSPost2010Prop57
140
1.0
102
RTVSPost2010PropOp57
 70
     1
  0
XRECORD
  5
6F9E
102
{ACAD_REACTORS
330
6F9D
102
}
330
6F9D
100
AcDbXrecord
280
     1
102
RTVSPropertyOp0
 70
     0
102
RTVSPropertyOp1
 70
     0
102
RTVSPropertyOp2
 70
     0
102
RTVSPropertyOp3
 70
     0
102
RTVSPropertyOp4
 70
     0
102
RTVSPropertyOp5
 70
     0
102
RTVSPropertyOp6
 70
     0
102
RTVSPropertyOp7
 70
     0
102
RTVSPropertyOp8
 70
     0
102
RTVSPropertyOp9
 70
     0
102
RTVSPropertyOp10
 70
     0
102
RTVSPropertyOp11
 70
     0
102
RTVSPropertyOp12
 70
     0
102
RTVSPropertyOp13
 70
     0
102
RTVSPropertyOp14
 70
     2
102
RTVSPropertyOp15
 70
     0
102
RTVSPropertyOp16
 70
     0
102
RTVSPropertyOp17
 70
     0
102
RTVSPropertyOp18
 70
     0
102
RTVSPropertyOp19
 70
     0
102
RTVSPropertyOp20
 70
     0
102
RTVSPropertyOp21
 70
     0
102
RTVSPropertyOp22
 70
     0
102
RTVSPropertyOp23
 70
     0
102
RTVSPropertyOp24
 70
     0
102
RTVSPropertyOp25
 70
     0
102
RTVSPropertyOp26
 70
     0
102
RTVSPropertyOp27
 70
     0
102
RTVSPropertyOp28
 70
     1
102
RTVSPropertyOp29
 70
     1
102
RTVSPropertyOp30
 70
     1
102
RTVSPropertyOp31
 70
     1
102
RTVSPropertyOp32
 70
     1
102
RTVSPropertyOp33
 70
     1
102
RTVSPropertyOp34
 70
     1
102
RTVSPropertyOp35
 70
     1
102
RTVSPropertyOp36
 70
     1
102
RTVSPropertyOp37
 70
     0
102
RTVSPropertyOp38
 70
     0
102
RTVSPropertyOp39
 70
     0
102
RTVSPropertyOp40
 70
     0
102
RTVSPropertyOp41
 70
     0
102
RTVSPropertyOp42
 70
     0
102
RTVSPropertyOp43
 70
     0
102
RTVSPropertyOp44
 70
     0
102
RTVSPropertyOp45
 70
     1
102
RTVSPropertyOp46
 70
     0
102
RTVSPropertyOp47
 70
     0
102
RTVSPropertyOp48
 70
     0
102
RTVSPropertyOp49
 70
     1
102
RTVSPropertyOp50
 70
     0
102
RTVSPropertyOp51
 70
     0
102
RTVSPropertyOp52
 70
     0
102
RTVSPropertyOp53
 70
     0
102
RTVSPropertyOp54
 70
     0
102
RTVSPropertyOp55
 70
     1
102
RTVSPropertyOp56
 70
     0
102
RTVSPropertyOp57
 70
     0
102
RTVSPost2010Prop28
280
     0
102
RTVSPost2010PropOp28
 70
     1
102
RTVSPost2010Prop29
280
     1
102
RTVSPost2010PropOp29
 70
     1
102
RTVSPost2010Prop30
280
     1
102
RTVSPost2010PropOp30
 70
     1
102
RTVSPost2010Prop31
280
     0
102
RTVSPost2010PropOp31
 70
     1
102
RTVSPost2010Prop32
280
     0
102
RTVSPost2010PropOp32
 70
     1
102
RTVSPost2010Prop33
280
     0
102
RTVSPost2010PropOp33
 70
     1
102
RTVSPost2010Prop34
280
     0
102
RTVSPost2010PropOp34
 70
     1
102
RTVSPost2010Prop35
280
     0
102
RTVSPost2010PropOp35
 70
     1
102
RTVSPost2010Prop36
280
     0
102
RTVSPost2010PropOp36
 70
     1
102
RTVSPost2010Prop37
 90
       50
102
RTVSPost2010PropOp37
 70
     0
102
RTVSPost2010Prop38
140
0.0
102
RTVSPost2010PropOp38
 70
     0
102
RTVSPost2010Prop39
140
1.0
102
RTVSPost2010PropOp39
 70
     0
102
RTVSPost2010Prop40
 90
        0
102
RTVSPost2010PropOp40
 70
     0
102
RTVSPost2010Prop41ColorIndex
 90
       18
102
RTVSPost2010Prop41ColorRGB
 90
        0
102
RTVSPost2010PropOp41
 70
     0
102
RTVSPost2010Prop42
 90
       50
102
RTVSPost2010PropOp42
 70
     0
102
RTVSPost2010Prop43
 90
        3
102
RTVSPost2010PropOp43
 70
     0
102
RTVSPost2010Prop44ColorIndex
 90
        5
102
RTVSPost2010Prop44ColorRGB
 90
      255
102
RTVSPost2010PropOp44
 70
     0
102
RTVSPost2010Prop45
280
     0
102
RTVSPost2010PropOp45
 70
     1
102
RTVSPost2010Prop46
 90
       50
102
RTVSPost2010PropOp46
 70
     0
102
RTVSPost2010Prop47
 90
       50
102
RTVSPost2010PropOp47
 70
     0
102
RTVSPost2010Prop48
 90
       50
102
RTVSPost2010PropOp48
 70
     0
102
RTVSPost2010Prop49
280
     0
102
RTVSPost2010PropOp49
 70
     1
102
RTVSPost2010Prop50
 90
       50
102
RTVSPost2010PropOp50
 70
     0
102
RTVSPost2010Prop51ColorIndex
 90
      256
102
RTVSPost2010Prop51ColorRGB
 90
-16777216
102
RTVSPost2010PropOp51
 70
     0
102
RTVSPost2010Prop52
140
1.0
102
RTVSPost2010PropOp52
 70
     0
102
RTVSPost2010Prop53
 90
        2
102
RTVSPost2010PropOp53
 70
     0
102
RTVSPost2010Prop54
  1
strokes_ogs.tif
102
RTVSPost2010PropOp54
 70
     0
102
RTVSPost2010Prop55
280
     0
102
RTVSPost2010PropOp55
 70
     1
102
RTVSPost2010Prop56
140
1.0
102
RTVSPost2010PropOp56
 70
     0
102
RTVSPost2010Prop57
140
1.0
102
RTVSPost2010PropOp57
 70
     0
  0
XRECORD
  5
6FA0
102
{ACAD_REACTORS
330
6F9F
102
}
330
6F9F
100
AcDbXrecord
280
     1
102
RTVSPropertyOp0
 70
     1
102
RTVSPropertyOp1
 70
     1
102
RTVSPropertyOp2
 70
     1
102
RTVSPropertyOp3
 70
     1
102
RTVSPropertyOp4
 70
     1
102
RTVSPropertyOp5
 70
     1
102
RTVSPropertyOp6
 70
     1
102
RTVSPropertyOp7
 70
     1
102
RTVSPropertyOp8
 70
     1
102
RTVSPropertyOp9
 70
     1
102
RTVSPropertyOp10
 70
     1
102
RTVSPropertyOp11
 70
     1
102
RTVSPropertyOp12
 70
     1
102
RTVSPropertyOp13
 70
     1
102
RTVSPropertyOp14
 70
     1
102
RTVSPropertyOp15
 70
     1
102
RTVSPropertyOp16
 70
     1
102
RTVSPropertyOp17
 70
     1
102
RTVSPropertyOp18
 70
     1
102
RTVSPropertyOp19
 70
     1
102
RTVSPropertyOp20
 70
     1
102
RTVSPropertyOp21
 70
     1
102
RTVSPropertyOp22
 70
     1
102
RTVSPropertyOp23
 70
     1
102
RTVSPropertyOp24
 70
     1
102
RTVSPropertyOp25
 70
     1
102
RTVSPropertyOp26
 70
     1
102
RTVSPropertyOp27
 70
     1
102
RTVSPropertyOp28
 70
     1
102
RTVSPropertyOp29
 70
     1
102
RTVSPropertyOp30
 70
     1
102
RTVSPropertyOp31
 70
     1
102
RTVSPropertyOp32
 70
     1
102
RTVSPropertyOp33
 70
     1
102
RTVSPropertyOp34
 70
     1
102
RTVSPropertyOp35
 70
     1
102
RTVSPropertyOp36
 70
     1
102
RTVSPropertyOp37
 70
     1
102
RTVSPropertyOp38
 70
     1
102
RTVSPropertyOp39
 70
     1
102
RTVSPropertyOp40
 70
     1
102
RTVSPropertyOp41
 70
     1
102
RTVSPropertyOp42
 70
     1
102
RTVSPropertyOp43
 70
     1
102
RTVSPropertyOp44
 70
     1
102
RTVSPropertyOp45
 70
     1
102
RTVSPropertyOp46
 70
     1
102
RTVSPropertyOp47
 70
     1
102
RTVSPropertyOp48
 70
     1
102
RTVSPropertyOp49
 70
     1
102
RTVSPropertyOp50
 70
     1
102
RTVSPropertyOp51
 70
     0
102
RTVSPropertyOp52
 70
     0
102
RTVSPropertyOp53
 70
     1
102
RTVSPropertyOp54
 70
     1
102
RTVSPropertyOp55
 70
     1
102
RTVSPropertyOp56
 70
     1
102
RTVSPropertyOp57
 70
     1
102
RTVSPost2010Prop28
280
     0
102
RTVSPost2010PropOp28
 70
     1
102
RTVSPost2010Prop29
280
     1
102
RTVSPost2010PropOp29
 70
     1
102
RTVSPost2010Prop30
280
     1
102
RTVSPost2010PropOp30
 70
     1
102
RTVSPost2010Prop31
280
     0
102
RTVSPost2010PropOp31
 70
     1
102
RTVSPost2010Prop32
280
     0
102
RTVSPost2010PropOp32
 70
     1
102
RTVSPost2010Prop33
280
     0
102
RTVSPost2010PropOp33
 70
     1
102
RTVSPost2010Prop34
280
     0
102
RTVSPost2010PropOp34
 70
     1
102
RTVSPost2010Prop35
280
     0
102
RTVSPost2010PropOp35
 70
     1
102
RTVSPost2010Prop36
280
     0
102
RTVSPost2010PropOp36
 70
     1
102
RTVSPost2010Prop37
 90
       50
102
RTVSPost2010PropOp37
 70
     1
102
RTVSPost2010Prop38
140
0.0
102
RTVSPost2010PropOp38
 70
     1
102
RTVSPost2010Prop39
140
1.0
102
RTVSPost2010PropOp39
 70
     1
102
RTVSPost2010Prop40
 90
        0
102
RTVSPost2010PropOp40
 70
     1
102
RTVSPost2010Prop41ColorIndex
 90
       18
102
RTVSPost2010Prop41ColorRGB
 90
        0
102
RTVSPost2010PropOp41
 70
     1
102
RTVSPost2010Prop42
 90
       50
102
RTVSPost2010PropOp42
 70
     1
102
RTVSPost2010Prop43
 90
        3
102
RTVSPost2010PropOp43
 70
     1
102
RTVSPost2010Prop44ColorIndex
 90
        5
102
RTVSPost2010Prop44ColorRGB
 90
      255
102
RTVSPost2010PropOp44
 70
     1
102
RTVSPost2010Prop45
280
     0
102
RTVSPost2010PropOp45
 70
     1
102
RTVSPost2010Prop46
 90
       50
102
RTVSPost2010PropOp46
 70
     1
102
RTVSPost2010Prop47
 90
       50
102
RTVSPost2010PropOp47
 70
     1
102
RTVSPost2010Prop48
 90
       50
102
RTVSPost2010PropOp48
 70
     1
102
RTVSPost2010Prop49
280
     0
102
RTVSPost2010PropOp49
 70
     1
102
RTVSPost2010Prop50
 90
       50
102
RTVSPost2010PropOp50
 70
     1
102
RTVSPost2010Prop51ColorIndex
 90
      256
102
RTVSPost2010Prop51ColorRGB
 90
-16777216
102
RTVSPost2010PropOp51
 70
     0
102
RTVSPost2010Prop52
140
1.0
102
RTVSPost2010PropOp52
 70
     0
102
RTVSPost2010Prop53
 90
        2
102
RTVSPost2010PropOp53
 70
     1
102
RTVSPost2010Prop54
  1
strokes_ogs.tif
102
RTVSPost2010PropOp54
 70
     1
102
RTVSPost2010Prop55
280
     0
102
RTVSPost2010PropOp55
 70
     1
102
RTVSPost2010Prop56
140
1.0
102
RTVSPost2010PropOp56
 70
     1
102
RTVSPost2010Prop57
140
1.0
102
RTVSPost2010PropOp57
 70
     1
  0
XRECORD
  5
6FA2
102
{ACAD_REACTORS
330
6FA1
102
}
330
6FA1
100
AcDbXrecord
280
     1
102
RTVSPropertyOp0
 70
     1
102
RTVSPropertyOp1
 70
     1
102
RTVSPropertyOp2
 70
     1
102
RTVSPropertyOp3
 70
     1
102
RTVSPropertyOp4
 70
     1
102
RTVSPropertyOp5
 70
     1
102
RTVSPropertyOp6
 70
     1
102
RTVSPropertyOp7
 70
     1
102
RTVSPropertyOp8
 70
     1
102
RTVSPropertyOp9
 70
     1
102
RTVSPropertyOp10
 70
     1
102
RTVSPropertyOp11
 70
     1
102
RTVSPropertyOp12
 70
     1
102
RTVSPropertyOp13
 70
     1
102
RTVSPropertyOp14
 70
     1
102
RTVSPropertyOp15
 70
     1
102
RTVSPropertyOp16
 70
     1
102
RTVSPropertyOp17
 70
     1
102
RTVSPropertyOp18
 70
     1
102
RTVSPropertyOp19
 70
     1
102
RTVSPropertyOp20
 70
     1
102
RTVSPropertyOp21
 70
     1
102
RTVSPropertyOp22
 70
     1
102
RTVSPropertyOp23
 70
     1
102
RTVSPropertyOp24
 70
     1
102
RTVSPropertyOp25
 70
     1
102
RTVSPropertyOp26
 70
     1
102
RTVSPropertyOp27
 70
     1
102
RTVSPropertyOp28
 70
     1
102
RTVSPropertyOp29
 70
     1
102
RTVSPropertyOp30
 70
     1
102
RTVSPropertyOp31
 70
     1
102
RTVSPropertyOp32
 70
     1
102
RTVSPropertyOp33
 70
     1
102
RTVSPropertyOp34
 70
     1
102
RTVSPropertyOp35
 70
     1
102
RTVSPropertyOp36
 70
     1
102
RTVSPropertyOp37
 70
     1
102
RTVSPropertyOp38
 70
     1
102
RTVSPropertyOp39
 70
     1
102
RTVSPropertyOp40
 70
     1
102
RTVSPropertyOp41
 70
     1
102
RTVSPropertyOp42
 70
     1
102
RTVSPropertyOp43
 70
     1
102
RTVSPropertyOp44
 70
     1
102
RTVSPropertyOp45
 70
     1
102
RTVSPropertyOp46
 70
     1
102
RTVSPropertyOp47
 70
     1
102
RTVSPropertyOp48
 70
     1
102
RTVSPropertyOp49
 70
     1
102
RTVSPropertyOp50
 70
     1
102
RTVSPropertyOp51
 70
     0
102
RTVSPropertyOp52
 70
     0
102
RTVSPropertyOp53
 70
     1
102
RTVSPropertyOp54
 70
     1
102
RTVSPropertyOp55
 70
     1
102
RTVSPropertyOp56
 70
     1
102
RTVSPropertyOp57
 70
     1
102
RTVSPost2010Prop28
280
     0
102
RTVSPost2010PropOp28
 70
     1
102
RTVSPost2010Prop29
280
     1
102
RTVSPost2010PropOp29
 70
     1
102
RTVSPost2010Prop30
280
     1
102
RTVSPost2010PropOp30
 70
     1
102
RTVSPost2010Prop31
280
     0
102
RTVSPost2010PropOp31
 70
     1
102
RTVSPost2010Prop32
280
     0
102
RTVSPost2010PropOp32
 70
     1
102
RTVSPost2010Prop33
280
     0
102
RTVSPost2010PropOp33
 70
     1
102
RTVSPost2010Prop34
280
     0
102
RTVSPost2010PropOp34
 70
     1
102
RTVSPost2010Prop35
280
     0
102
RTVSPost2010PropOp35
 70
     1
102
RTVSPost2010Prop36
280
     0
102
RTVSPost2010PropOp36
 70
     1
102
RTVSPost2010Prop37
 90
       50
102
RTVSPost2010PropOp37
 70
     1
102
RTVSPost2010Prop38
140
0.0
102
RTVSPost2010PropOp38
 70
     1
102
RTVSPost2010Prop39
140
1.0
102
RTVSPost2010PropOp39
 70
     1
102
RTVSPost2010Prop40
 90
        0
102
RTVSPost2010PropOp40
 70
     1
102
RTVSPost2010Prop41ColorIndex
 90
       18
102
RTVSPost2010Prop41ColorRGB
 90
        0
102
RTVSPost2010PropOp41
 70
     1
102
RTVSPost2010Prop42
 90
       50
102
RTVSPost2010PropOp42
 70
     1
102
RTVSPost2010Prop43
 90
        3
102
RTVSPost2010PropOp43
 70
     1
102
RTVSPost2010Prop44ColorIndex
 90
        5
102
RTVSPost2010Prop44ColorRGB
 90
      255
102
RTVSPost2010PropOp44
 70
     1
102
RTVSPost2010Prop45
280
     0
102
RTVSPost2010PropOp45
 70
     1
102
RTVSPost2010Prop46
 90
       50
102
RTVSPost2010PropOp46
 70
     1
102
RTVSPost2010Prop47
 90
       50
102
RTVSPost2010PropOp47
 70
     1
102
RTVSPost2010Prop48
 90
       50
102
RTVSPost2010PropOp48
 70
     1
102
RTVSPost2010Prop49
280
     0
102
RTVSPost2010PropOp49
 70
     1
102
RTVSPost2010Prop50
 90
       50
102
RTVSPost2010PropOp50
 70
     1
102
RTVSPost2010Prop51ColorIndex
 90
      256
102
RTVSPost2010Prop51ColorRGB
 90
-16777216
102
RTVSPost2010PropOp51
 70
     0
102
RTVSPost2010Prop52
140
1.0
102
RTVSPost2010PropOp52
 70
     0
102
RTVSPost2010Prop53
 90
        2
102
RTVSPost2010PropOp53
 70
     1
102
RTVSPost2010Prop54
  1
strokes_ogs.tif
102
RTVSPost2010PropOp54
 70
     1
102
RTVSPost2010Prop55
280
     0
102
RTVSPost2010PropOp55
 70
     1
102
RTVSPost2010Prop56
140
1.0
102
RTVSPost2010PropOp56
 70
     1
102
RTVSPost2010Prop57
140
1.0
102
RTVSPost2010PropOp57
 70
     1
  0
XRECORD
  5
6FA4
102
{ACAD_REACTORS
330
6FA3
102
}
330
6FA3
100
AcDbXrecord
280
     1
102
RTVSPropertyOp0
 70
     1
102
RTVSPropertyOp1
 70
     1
102
RTVSPropertyOp2
 70
     1
102
RTVSPropertyOp3
 70
     1
102
RTVSPropertyOp4
 70
     1
102
RTVSPropertyOp5
 70
     1
102
RTVSPropertyOp6
 70
     1
102
RTVSPropertyOp7
 70
     1
102
RTVSPropertyOp8
 70
     1
102
RTVSPropertyOp9
 70
     1
102
RTVSPropertyOp10
 70
     1
102
RTVSPropertyOp11
 70
     1
102
RTVSPropertyOp12
 70
     1
102
RTVSPropertyOp13
 70
     1
102
RTVSPropertyOp14
 70
     1
102
RTVSPropertyOp15
 70
     1
102
RTVSPropertyOp16
 70
     1
102
RTVSPropertyOp17
 70
     1
102
RTVSPropertyOp18
 70
     1
102
RTVSPropertyOp19
 70
     1
102
RTVSPropertyOp20
 70
     1
102
RTVSPropertyOp21
 70
     1
102
RTVSPropertyOp22
 70
     1
102
RTVSPropertyOp23
 70
     1
102
RTVSPropertyOp24
 70
     1
102
RTVSPropertyOp25
 70
     1
102
RTVSPropertyOp26
 70
     1
102
RTVSPropertyOp27
 70
     1
102
RTVSPropertyOp28
 70
     1
102
RTVSPropertyOp29
 70
     1
102
RTVSPropertyOp30
 70
     1
102
RTVSPropertyOp31
 70
     1
102
RTVSPropertyOp32
 70
     1
102
RTVSPropertyOp33
 70
     1
102
RTVSPropertyOp34
 70
     1
102
RTVSPropertyOp35
 70
     1
102
RTVSPropertyOp36
 70
     1
102
RTVSPropertyOp37
 70
     1
102
RTVSPropertyOp38
 70
     1
102
RTVSPropertyOp39
 70
     1
102
RTVSPropertyOp40
 70
     1
102
RTVSPropertyOp41
 70
     1
102
RTVSPropertyOp42
 70
     1
102
RTVSPropertyOp43
 70
     1
102
RTVSPropertyOp44
 70
     1
102
RTVSPropertyOp45
 70
     1
102
RTVSPropertyOp46
 70
     1
102
RTVSPropertyOp47
 70
     1
102
RTVSPropertyOp48
 70
     1
102
RTVSPropertyOp49
 70
     1
102
RTVSPropertyOp50
 70
     1
102
RTVSPropertyOp51
 70
     0
102
RTVSPropertyOp52
 70
     0
102
RTVSPropertyOp53
 70
     1
102
RTVSPropertyOp54
 70
     1
102
RTVSPropertyOp55
 70
     1
102
RTVSPropertyOp56
 70
     1
102
RTVSPropertyOp57
 70
     1
102
RTVSPost2010Prop28
280
     0
102
RTVSPost2010PropOp28
 70
     1
102
RTVSPost2010Prop29
280
     1
102
RTVSPost2010PropOp29
 70
     1
102
RTVSPost2010Prop30
280
     1
102
RTVSPost2010PropOp30
 70
     1
102
RTVSPost2010Prop31
280
     0
102
RTVSPost2010PropOp31
 70
     1
102
RTVSPost2010Prop32
280
     0
102
RTVSPost2010PropOp32
 70
     1
102
RTVSPost2010Prop33
280
     0
102
RTVSPost2010PropOp33
 70
     1
102
RTVSPost2010Prop34
280
     0
102
RTVSPost2010PropOp34
 70
     1
102
RTVSPost2010Prop35
280
     0
102
RTVSPost2010PropOp35
 70
     1
102
RTVSPost2010Prop36
280
     0
102
RTVSPost2010PropOp36
 70
     1
102
RTVSPost2010Prop37
 90
       50
102
RTVSPost2010PropOp37
 70
     1
102
RTVSPost2010Prop38
140
0.0
102
RTVSPost2010PropOp38
 70
     1
102
RTVSPost2010Prop39
140
1.0
102
RTVSPost2010PropOp39
 70
     1
102
RTVSPost2010Prop40
 90
        0
102
RTVSPost2010PropOp40
 70
     1
102
RTVSPost2010Prop41ColorIndex
 90
       18
102
RTVSPost2010Prop41ColorRGB
 90
        0
102
RTVSPost2010PropOp41
 70
     1
102
RTVSPost2010Prop42
 90
       50
102
RTVSPost2010PropOp42
 70
     1
102
RTVSPost2010Prop43
 90
        3
102
RTVSPost2010PropOp43
 70
     1
102
RTVSPost2010Prop44ColorIndex
 90
        5
102
RTVSPost2010Prop44ColorRGB
 90
      255
102
RTVSPost2010PropOp44
 70
     1
102
RTVSPost2010Prop45
280
     0
102
RTVSPost2010PropOp45
 70
     1
102
RTVSPost2010Prop46
 90
       50
102
RTVSPost2010PropOp46
 70
     1
102
RTVSPost2010Prop47
 90
       50
102
RTVSPost2010PropOp47
 70
     1
102
RTVSPost2010Prop48
 90
       50
102
RTVSPost2010PropOp48
 70
     1
102
RTVSPost2010Prop49
280
     0
102
RTVSPost2010PropOp49
 70
     1
102
RTVSPost2010Prop50
 90
       50
102
RTVSPost2010PropOp50
 70
     1
102
RTVSPost2010Prop51ColorIndex
 90
      256
102
RTVSPost2010Prop51ColorRGB
 90
-16777216
102
RTVSPost2010PropOp51
 70
     0
102
RTVSPost2010Prop52
140
1.0
102
RTVSPost2010PropOp52
 70
     0
102
RTVSPost2010Prop53
 90
        2
102
RTVSPost2010PropOp53
 70
     1
102
RTVSPost2010Prop54
  1
strokes_ogs.tif
102
RTVSPost2010PropOp54
 70
     1
102
RTVSPost2010Prop55
280
     0
102
RTVSPost2010PropOp55
 70
     1
102
RTVSPost2010Prop56
140
1.0
102
RTVSPost2010PropOp56
 70
     1
102
RTVSPost2010Prop57
140
1.0
102
RTVSPost2010PropOp57
 70
     1
  0
XRECORD
  5
6FA6
102
{ACAD_REACTORS
330
6FA5
102
}
330
6FA5
100
AcDbXrecord
280
     1
102
RTVSPropertyOp0
 70
     1
102
RTVSPropertyOp1
 70
     1
102
RTVSPropertyOp2
 70
     1
102
RTVSPropertyOp3
 70
     1
102
RTVSPropertyOp4
 70
     1
102
RTVSPropertyOp5
 70
     1
102
RTVSPropertyOp6
 70
     1
102
RTVSPropertyOp7
 70
     1
102
RTVSPropertyOp8
 70
     1
102
RTVSPropertyOp9
 70
     1
102
RTVSPropertyOp10
 70
     1
102
RTVSPropertyOp11
 70
     1
102
RTVSPropertyOp12
 70
     1
102
RTVSPropertyOp13
 70
     1
102
RTVSPropertyOp14
 70
     1
102
RTVSPropertyOp15
 70
     1
102
RTVSPropertyOp16
 70
     1
102
RTVSPropertyOp17
 70
     1
102
RTVSPropertyOp18
 70
     1
102
RTVSPropertyOp19
 70
     1
102
RTVSPropertyOp20
 70
     1
102
RTVSPropertyOp21
 70
     1
102
RTVSPropertyOp22
 70
     1
102
RTVSPropertyOp23
 70
     1
102
RTVSPropertyOp24
 70
     1
102
RTVSPropertyOp25
 70
     1
102
RTVSPropertyOp26
 70
     1
102
RTVSPropertyOp27
 70
     1
102
RTVSPropertyOp28
 70
     1
102
RTVSPropertyOp29
 70
     1
102
RTVSPropertyOp30
 70
     1
102
RTVSPropertyOp31
 70
     1
102
RTVSPropertyOp32
 70
     1
102
RTVSPropertyOp33
 70
     1
102
RTVSPropertyOp34
 70
     1
102
RTVSPropertyOp35
 70
     1
102
RTVSPropertyOp36
 70
     1
102
RTVSPropertyOp37
 70
     1
102
RTVSPropertyOp38
 70
     1
102
RTVSPropertyOp39
 70
     1
102
RTVSPropertyOp40
 70
     1
102
RTVSPropertyOp41
 70
     1
102
RTVSPropertyOp42
 70
     1
102
RTVSPropertyOp43
 70
     1
102
RTVSPropertyOp44
 70
     1
102
RTVSPropertyOp45
 70
     1
102
RTVSPropertyOp46
 70
     1
102
RTVSPropertyOp47
 70
     1
102
RTVSPropertyOp48
 70
     1
102
RTVSPropertyOp49
 70
     1
102
RTVSPropertyOp50
 70
     1
102
RTVSPropertyOp51
 70
     0
102
RTVSPropertyOp52
 70
     0
102
RTVSPropertyOp53
 70
     1
102
RTVSPropertyOp54
 70
     1
102
RTVSPropertyOp55
 70
     1
102
RTVSPropertyOp56
 70
     1
102
RTVSPropertyOp57
 70
     1
102
RTVSPost2010Prop28
280
     0
102
RTVSPost2010PropOp28
 70
     1
102
RTVSPost2010Prop29
280
     1
102
RTVSPost2010PropOp29
 70
     1
102
RTVSPost2010Prop30
280
     1
102
RTVSPost2010PropOp30
 70
     1
102
RTVSPost2010Prop31
280
     0
102
RTVSPost2010PropOp31
 70
     1
102
RTVSPost2010Prop32
280
     0
102
RTVSPost2010PropOp32
 70
     1
102
RTVSPost2010Prop33
280
     0
102
RTVSPost2010PropOp33
 70
     1
102
RTVSPost2010Prop34
280
     0
102
RTVSPost2010PropOp34
 70
     1
102
RTVSPost2010Prop35
280
     0
102
RTVSPost2010PropOp35
 70
     1
102
RTVSPost2010Prop36
280
     0
102
RTVSPost2010PropOp36
 70
     1
102
RTVSPost2010Prop37
 90
       50
102
RTVSPost2010PropOp37
 70
     1
102
RTVSPost2010Prop38
140
0.0
102
RTVSPost2010PropOp38
 70
     1
102
RTVSPost2010Prop39
140
1.0
102
RTVSPost2010PropOp39
 70
     1
102
RTVSPost2010Prop40
 90
        0
102
RTVSPost2010PropOp40
 70
     1
102
RTVSPost2010Prop41ColorIndex
 90
       18
102
RTVSPost2010Prop41ColorRGB
 90
        0
102
RTVSPost2010PropOp41
 70
     1
102
RTVSPost2010Prop42
 90
       50
102
RTVSPost2010PropOp42
 70
     1
102
RTVSPost2010Prop43
 90
        3
102
RTVSPost2010PropOp43
 70
     1
102
RTVSPost2010Prop44ColorIndex
 90
        5
102
RTVSPost2010Prop44ColorRGB
 90
      255
102
RTVSPost2010PropOp44
 70
     1
102
RTVSPost2010Prop45
280
     0
102
RTVSPost2010PropOp45
 70
     1
102
RTVSPost2010Prop46
 90
       50
102
RTVSPost2010PropOp46
 70
     1
102
RTVSPost2010Prop47
 90
       50
102
RTVSPost2010PropOp47
 70
     1
102
RTVSPost2010Prop48
 90
       50
102
RTVSPost2010PropOp48
 70
     1
102
RTVSPost2010Prop49
280
     0
102
RTVSPost2010PropOp49
 70
     1
102
RTVSPost2010Prop50
 90
       50
102
RTVSPost2010PropOp50
 70
     1
102
RTVSPost2010Prop51ColorIndex
 90
      256
102
RTVSPost2010Prop51ColorRGB
 90
-16777216
102
RTVSPost2010PropOp51
 70
     0
102
RTVSPost2010Prop52
140
1.0
102
RTVSPost2010PropOp52
 70
     0
102
RTVSPost2010Prop53
 90
        2
102
RTVSPost2010PropOp53
 70
     1
102
RTVSPost2010Prop54
  1
strokes_ogs.tif
102
RTVSPost2010PropOp54
 70
     1
102
RTVSPost2010Prop55
280
     0
102
RTVSPost2010PropOp55
 70
     1
102
RTVSPost2010Prop56
140
1.0
102
RTVSPost2010PropOp56
 70
     1
102
RTVSPost2010Prop57
140
1.0
102
RTVSPost2010PropOp57
 70
     1
  0
XRECORD
  5
6FA8
102
{ACAD_REACTORS
330
6FA7
102
}
330
6FA7
100
AcDbXrecord
280
     1
102
RTVSPropertyOp0
 70
     1
102
RTVSPropertyOp1
 70
     1
102
RTVSPropertyOp2
 70
     1
102
RTVSPropertyOp3
 70
     1
102
RTVSPropertyOp4
 70
     1
102
RTVSPropertyOp5
 70
     1
102
RTVSPropertyOp6
 70
     1
102
RTVSPropertyOp7
 70
     1
102
RTVSPropertyOp8
 70
     1
102
RTVSPropertyOp9
 70
     1
102
RTVSPropertyOp10
 70
     1
102
RTVSPropertyOp11
 70
     1
102
RTVSPropertyOp12
 70
     1
102
RTVSPropertyOp13
 70
     1
102
RTVSPropertyOp14
 70
     1
102
RTVSPropertyOp15
 70
     1
102
RTVSPropertyOp16
 70
     1
102
RTVSPropertyOp17
 70
     1
102
RTVSPropertyOp18
 70
     1
102
RTVSPropertyOp19
 70
     1
102
RTVSPropertyOp20
 70
     1
102
RTVSPropertyOp21
 70
     1
102
RTVSPropertyOp22
 70
     1
102
RTVSPropertyOp23
 70
     1
102
RTVSPropertyOp24
 70
     1
102
RTVSPropertyOp25
 70
     1
102
RTVSPropertyOp26
 70
     1
102
RTVSPropertyOp27
 70
     1
102
RTVSPropertyOp28
 70
     1
102
RTVSPropertyOp29
 70
     1
102
RTVSPropertyOp30
 70
     1
102
RTVSPropertyOp31
 70
     1
102
RTVSPropertyOp32
 70
     1
102
RTVSPropertyOp33
 70
     1
102
RTVSPropertyOp34
 70
     1
102
RTVSPropertyOp35
 70
     1
102
RTVSPropertyOp36
 70
     1
102
RTVSPropertyOp37
 70
     1
102
RTVSPropertyOp38
 70
     1
102
RTVSPropertyOp39
 70
     1
102
RTVSPropertyOp40
 70
     1
102
RTVSPropertyOp41
 70
     1
102
RTVSPropertyOp42
 70
     1
102
RTVSPropertyOp43
 70
     1
102
RTVSPropertyOp44
 70
     1
102
RTVSPropertyOp45
 70
     1
102
RTVSPropertyOp46
 70
     1
102
RTVSPropertyOp47
 70
     1
102
RTVSPropertyOp48
 70
     1
102
RTVSPropertyOp49
 70
     1
102
RTVSPropertyOp50
 70
     1
102
RTVSPropertyOp51
 70
     0
102
RTVSPropertyOp52
 70
     0
102
RTVSPropertyOp53
 70
     1
102
RTVSPropertyOp54
 70
     1
102
RTVSPropertyOp55
 70
     1
102
RTVSPropertyOp56
 70
     1
102
RTVSPropertyOp57
 70
     1
102
RTVSPost2010Prop28
280
     0
102
RTVSPost2010PropOp28
 70
     1
102
RTVSPost2010Prop29
280
     1
102
RTVSPost2010PropOp29
 70
     1
102
RTVSPost2010Prop30
280
     1
102
RTVSPost2010PropOp30
 70
     1
102
RTVSPost2010Prop31
280
     0
102
RTVSPost2010PropOp31
 70
     1
102
RTVSPost2010Prop32
280
     0
102
RTVSPost2010PropOp32
 70
     1
102
RTVSPost2010Prop33
280
     0
102
RTVSPost2010PropOp33
 70
     1
102
RTVSPost2010Prop34
280
     0
102
RTVSPost2010PropOp34
 70
     1
102
RTVSPost2010Prop35
280
     0
102
RTVSPost2010PropOp35
 70
     1
102
RTVSPost2010Prop36
280
     0
102
RTVSPost2010PropOp36
 70
     1
102
RTVSPost2010Prop37
 90
       50
102
RTVSPost2010PropOp37
 70
     1
102
RTVSPost2010Prop38
140
0.0
102
RTVSPost2010PropOp38
 70
     1
102
RTVSPost2010Prop39
140
1.0
102
RTVSPost2010PropOp39
 70
     1
102
RTVSPost2010Prop40
 90
        0
102
RTVSPost2010PropOp40
 70
     1
102
RTVSPost2010Prop41ColorIndex
 90
       18
102
RTVSPost2010Prop41ColorRGB
 90
        0
102
RTVSPost2010PropOp41
 70
     1
102
RTVSPost2010Prop42
 90
       50
102
RTVSPost2010PropOp42
 70
     1
102
RTVSPost2010Prop43
 90
        3
102
RTVSPost2010PropOp43
 70
     1
102
RTVSPost2010Prop44ColorIndex
 90
        5
102
RTVSPost2010Prop44ColorRGB
 90
      255
102
RTVSPost2010PropOp44
 70
     1
102
RTVSPost2010Prop45
280
     0
102
RTVSPost2010PropOp45
 70
     1
102
RTVSPost2010Prop46
 90
       50
102
RTVSPost2010PropOp46
 70
     1
102
RTVSPost2010Prop47
 90
       50
102
RTVSPost2010PropOp47
 70
     1
102
RTVSPost2010Prop48
 90
       50
102
RTVSPost2010PropOp48
 70
     1
102
RTVSPost2010Prop49
280
     0
102
RTVSPost2010PropOp49
 70
     1
102
RTVSPost2010Prop50
 90
       50
102
RTVSPost2010PropOp50
 70
     1
102
RTVSPost2010Prop51ColorIndex
 90
      256
102
RTVSPost2010Prop51ColorRGB
 90
-16777216
102
RTVSPost2010PropOp51
 70
     0
102
RTVSPost2010Prop52
140
1.0
102
RTVSPost2010PropOp52
 70
     0
102
RTVSPost2010Prop53
 90
        2
102
RTVSPost2010PropOp53
 70
     1
102
RTVSPost2010Prop54
  1
strokes_ogs.tif
102
RTVSPost2010PropOp54
 70
     1
102
RTVSPost2010Prop55
280
     0
102
RTVSPost2010PropOp55
 70
     1
102
RTVSPost2010Prop56
140
1.0
102
RTVSPost2010PropOp56
 70
     1
102
RTVSPost2010Prop57
140
1.0
102
RTVSPost2010PropOp57
 70
     1
  0
XRECORD
  5
6FAA
102
{ACAD_REACTORS
330
6FA9
102
}
330
6FA9
100
AcDbXrecord
280
     1
102
RTVSPropertyOp0
 70
     1
102
RTVSPropertyOp1
 70
     1
102
RTVSPropertyOp2
 70
     1
102
RTVSPropertyOp3
 70
     1
102
RTVSPropertyOp4
 70
     1
102
RTVSPropertyOp5
 70
     1
102
RTVSPropertyOp6
 70
     1
102
RTVSPropertyOp7
 70
     1
102
RTVSPropertyOp8
 70
     1
102
RTVSPropertyOp9
 70
     1
102
RTVSPropertyOp10
 70
     1
102
RTVSPropertyOp11
 70
     1
102
RTVSPropertyOp12
 70
     1
102
RTVSPropertyOp13
 70
     1
102
RTVSPropertyOp14
 70
     1
102
RTVSPropertyOp15
 70
     1
102
RTVSPropertyOp16
 70
     1
102
RTVSPropertyOp17
 70
     1
102
RTVSPropertyOp18
 70
     1
102
RTVSPropertyOp19
 70
     1
102
RTVSPropertyOp20
 70
     1
102
RTVSPropertyOp21
 70
     1
102
RTVSPropertyOp22
 70
     1
102
RTVSPropertyOp23
 70
     1
102
RTVSPropertyOp24
 70
     1
102
RTVSPropertyOp25
 70
     1
102
RTVSPropertyOp26
 70
     1
102
RTVSPropertyOp27
 70
     1
102
RTVSPropertyOp28
 70
     1
102
RTVSPropertyOp29
 70
     1
102
RTVSPropertyOp30
 70
     1
102
RTVSPropertyOp31
 70
     1
102
RTVSPropertyOp32
 70
     1
102
RTVSPropertyOp33
 70
     1
102
RTVSPropertyOp34
 70
     1
102
RTVSPropertyOp35
 70
     1
102
RTVSPropertyOp36
 70
     1
102
RTVSPropertyOp37
 70
     1
102
RTVSPropertyOp38
 70
     1
102
RTVSPropertyOp39
 70
     1
102
RTVSPropertyOp40
 70
     1
102
RTVSPropertyOp41
 70
     1
102
RTVSPropertyOp42
 70
     1
102
RTVSPropertyOp43
 70
     1
102
RTVSPropertyOp44
 70
     1
102
RTVSPropertyOp45
 70
     1
102
RTVSPropertyOp46
 70
     1
102
RTVSPropertyOp47
 70
     1
102
RTVSPropertyOp48
 70
     1
102
RTVSPropertyOp49
 70
     1
102
RTVSPropertyOp50
 70
     1
102
RTVSPropertyOp51
 70
     0
102
RTVSPropertyOp52
 70
     0
102
RTVSPropertyOp53
 70
     1
102
RTVSPropertyOp54
 70
     1
102
RTVSPropertyOp55
 70
     1
102
RTVSPropertyOp56
 70
     1
102
RTVSPropertyOp57
 70
     1
102
RTVSPost2010Prop28
280
     0
102
RTVSPost2010PropOp28
 70
     1
102
RTVSPost2010Prop29
280
     1
102
RTVSPost2010PropOp29
 70
     1
102
RTVSPost2010Prop30
280
     1
102
RTVSPost2010PropOp30
 70
     1
102
RTVSPost2010Prop31
280
     0
102
RTVSPost2010PropOp31
 70
     1
102
RTVSPost2010Prop32
280
     0
102
RTVSPost2010PropOp32
 70
     1
102
RTVSPost2010Prop33
280
     0
102
RTVSPost2010PropOp33
 70
     1
102
RTVSPost2010Prop34
280
     0
102
RTVSPost2010PropOp34
 70
     1
102
RTVSPost2010Prop35
280
     0
102
RTVSPost2010PropOp35
 70
     1
102
RTVSPost2010Prop36
280
     0
102
RTVSPost2010PropOp36
 70
     1
102
RTVSPost2010Prop37
 90
       50
102
RTVSPost2010PropOp37
 70
     1
102
RTVSPost2010Prop38
140
0.0
102
RTVSPost2010PropOp38
 70
     1
102
RTVSPost2010Prop39
140
1.0
102
RTVSPost2010PropOp39
 70
     1
102
RTVSPost2010Prop40
 90
        0
102
RTVSPost2010PropOp40
 70
     1
102
RTVSPost2010Prop41ColorIndex
 90
       18
102
RTVSPost2010Prop41ColorRGB
 90
        0
102
RTVSPost2010PropOp41
 70
     1
102
RTVSPost2010Prop42
 90
       50
102
RTVSPost2010PropOp42
 70
     1
102
RTVSPost2010Prop43
 90
        3
102
RTVSPost2010PropOp43
 70
     1
102
RTVSPost2010Prop44ColorIndex
 90
        5
102
RTVSPost2010Prop44ColorRGB
 90
      255
102
RTVSPost2010PropOp44
 70
     1
102
RTVSPost2010Prop45
280
     0
102
RTVSPost2010PropOp45
 70
     1
102
RTVSPost2010Prop46
 90
       50
102
RTVSPost2010PropOp46
 70
     1
102
RTVSPost2010Prop47
 90
       50
102
RTVSPost2010PropOp47
 70
     1
102
RTVSPost2010Prop48
 90
       50
102
RTVSPost2010PropOp48
 70
     1
102
RTVSPost2010Prop49
280
     0
102
RTVSPost2010PropOp49
 70
     1
102
RTVSPost2010Prop50
 90
       50
102
RTVSPost2010PropOp50
 70
     1
102
RTVSPost2010Prop51ColorIndex
 90
      256
102
RTVSPost2010Prop51ColorRGB
 90
-16777216
102
RTVSPost2010PropOp51
 70
     0
102
RTVSPost2010Prop52
140
1.0
102
RTVSPost2010PropOp52
 70
     0
102
RTVSPost2010Prop53
 90
        2
102
RTVSPost2010PropOp53
 70
     1
102
RTVSPost2010Prop54
  1
strokes_ogs.tif
102
RTVSPost2010PropOp54
 70
     1
102
RTVSPost2010Prop55
280
     0
102
RTVSPost2010PropOp55
 70
     1
102
RTVSPost2010Prop56
140
1.0
102
RTVSPost2010PropOp56
 70
     1
102
RTVSPost2010Prop57
140
1.0
102
RTVSPost2010PropOp57
 70
     1
  0
XRECORD
  5
6FAC
102
{ACAD_REACTORS
330
6FAB
102
}
330
6FAB
100
AcDbXrecord
280
     1
102
RTVSPropertyOp0
 70
     1
102
RTVSPropertyOp1
 70
     1
102
RTVSPropertyOp2
 70
     1
102
RTVSPropertyOp3
 70
     1
102
RTVSPropertyOp4
 70
     1
102
RTVSPropertyOp5
 70
     1
102
RTVSPropertyOp6
 70
     1
102
RTVSPropertyOp7
 70
     1
102
RTVSPropertyOp8
 70
     1
102
RTVSPropertyOp9
 70
     1
102
RTVSPropertyOp10
 70
     1
102
RTVSPropertyOp11
 70
     1
102
RTVSPropertyOp12
 70
     1
102
RTVSPropertyOp13
 70
     1
102
RTVSPropertyOp14
 70
     1
102
RTVSPropertyOp15
 70
     1
102
RTVSPropertyOp16
 70
     1
102
RTVSPropertyOp17
 70
     1
102
RTVSPropertyOp18
 70
     1
102
RTVSPropertyOp19
 70
     1
102
RTVSPropertyOp20
 70
     1
102
RTVSPropertyOp21
 70
     1
102
RTVSPropertyOp22
 70
     1
102
RTVSPropertyOp23
 70
     1
102
RTVSPropertyOp24
 70
     1
102
RTVSPropertyOp25
 70
     1
102
RTVSPropertyOp26
 70
     1
102
RTVSPropertyOp27
 70
     1
102
RTVSPropertyOp28
 70
     1
102
RTVSPropertyOp29
 70
     1
102
RTVSPropertyOp30
 70
     1
102
RTVSPropertyOp31
 70
     1
102
RTVSPropertyOp32
 70
     1
102
RTVSPropertyOp33
 70
     1
102
RTVSPropertyOp34
 70
     1
102
RTVSPropertyOp35
 70
     1
102
RTVSPropertyOp36
 70
     1
102
RTVSPropertyOp37
 70
     1
102
RTVSPropertyOp38
 70
     1
102
RTVSPropertyOp39
 70
     1
102
RTVSPropertyOp40
 70
     1
102
RTVSPropertyOp41
 70
     1
102
RTVSPropertyOp42
 70
     1
102
RTVSPropertyOp43
 70
     1
102
RTVSPropertyOp44
 70
     1
102
RTVSPropertyOp45
 70
     1
102
RTVSPropertyOp46
 70
     1
102
RTVSPropertyOp47
 70
     1
102
RTVSPropertyOp48
 70
     1
102
RTVSPropertyOp49
 70
     1
102
RTVSPropertyOp50
 70
     1
102
RTVSPropertyOp51
 70
     0
102
RTVSPropertyOp52
 70
     0
102
RTVSPropertyOp53
 70
     1
102
RTVSPropertyOp54
 70
     1
102
RTVSPropertyOp55
 70
     1
102
RTVSPropertyOp56
 70
     1
102
RTVSPropertyOp57
 70
     1
102
RTVSPost2010Prop28
280
     0
102
RTVSPost2010PropOp28
 70
     1
102
RTVSPost2010Prop29
280
     1
102
RTVSPost2010PropOp29
 70
     1
102
RTVSPost2010Prop30
280
     1
102
RTVSPost2010PropOp30
 70
     1
102
RTVSPost2010Prop31
280
     0
102
RTVSPost2010PropOp31
 70
     1
102
RTVSPost2010Prop32
280
     0
102
RTVSPost2010PropOp32
 70
     1
102
RTVSPost2010Prop33
280
     0
102
RTVSPost2010PropOp33
 70
     1
102
RTVSPost2010Prop34
280
     0
102
RTVSPost2010PropOp34
 70
     1
102
RTVSPost2010Prop35
280
     0
102
RTVSPost2010PropOp35
 70
     1
102
RTVSPost2010Prop36
280
     0
102
RTVSPost2010PropOp36
 70
     1
102
RTVSPost2010Prop37
 90
       50
102
RTVSPost2010PropOp37
 70
     1
102
RTVSPost2010Prop38
140
0.0
102
RTVSPost2010PropOp38
 70
     1
102
RTVSPost2010Prop39
140
1.0
102
RTVSPost2010PropOp39
 70
     1
102
RTVSPost2010Prop40
 90
        0
102
RTVSPost2010PropOp40
 70
     1
102
RTVSPost2010Prop41ColorIndex
 90
       18
102
RTVSPost2010Prop41ColorRGB
 90
        0
102
RTVSPost2010PropOp41
 70
     1
102
RTVSPost2010Prop42
 90
       50
102
RTVSPost2010PropOp42
 70
     1
102
RTVSPost2010Prop43
 90
        3
102
RTVSPost2010PropOp43
 70
     1
102
RTVSPost2010Prop44ColorIndex
 90
        5
102
RTVSPost2010Prop44ColorRGB
 90
      255
102
RTVSPost2010PropOp44
 70
     1
102
RTVSPost2010Prop45
280
     0
102
RTVSPost2010PropOp45
 70
     1
102
RTVSPost2010Prop46
 90
       50
102
RTVSPost2010PropOp46
 70
     1
102
RTVSPost2010Prop47
 90
       50
102
RTVSPost2010PropOp47
 70
     1
102
RTVSPost2010Prop48
 90
       50
102
RTVSPost2010PropOp48
 70
     1
102
RTVSPost2010Prop49
280
     0
102
RTVSPost2010PropOp49
 70
     1
102
RTVSPost2010Prop50
 90
       50
102
RTVSPost2010PropOp50
 70
     1
102
RTVSPost2010Prop51ColorIndex
 90
      256
102
RTVSPost2010Prop51ColorRGB
 90
-16777216
102
RTVSPost2010PropOp51
 70
     0
102
RTVSPost2010Prop52
140
1.0
102
RTVSPost2010PropOp52
 70
     0
102
RTVSPost2010Prop53
 90
        2
102
RTVSPost2010PropOp53
 70
     1
102
RTVSPost2010Prop54
  1
strokes_ogs.tif
102
RTVSPost2010PropOp54
 70
     1
102
RTVSPost2010Prop55
280
     0
102
RTVSPost2010PropOp55
 70
     1
102
RTVSPost2010Prop56
140
1.0
102
RTVSPost2010PropOp56
 70
     1
102
RTVSPost2010Prop57
140
1.0
102
RTVSPost2010PropOp57
 70
     1
  0
XRECORD
  5
6FAE
102
{ACAD_REACTORS
330
6FAD
102
}
330
6FAD
100
AcDbXrecord
280
     1
102
RTVSPropertyOp0
 70
     1
102
RTVSPropertyOp1
 70
     1
102
RTVSPropertyOp2
 70
     1
102
RTVSPropertyOp3
 70
     1
102
RTVSPropertyOp4
 70
     1
102
RTVSPropertyOp5
 70
     1
102
RTVSPropertyOp6
 70
     1
102
RTVSPropertyOp7
 70
     1
102
RTVSPropertyOp8
 70
     1
102
RTVSPropertyOp9
 70
     1
102
RTVSPropertyOp10
 70
     1
102
RTVSPropertyOp11
 70
     1
102
RTVSPropertyOp12
 70
     1
102
RTVSPropertyOp13
 70
     1
102
RTVSPropertyOp14
 70
     1
102
RTVSPropertyOp15
 70
     1
102
RTVSPropertyOp16
 70
     1
102
RTVSPropertyOp17
 70
     1
102
RTVSPropertyOp18
 70
     1
102
RTVSPropertyOp19
 70
     1
102
RTVSPropertyOp20
 70
     1
102
RTVSPropertyOp21
 70
     1
102
RTVSPropertyOp22
 70
     1
102
RTVSPropertyOp23
 70
     1
102
RTVSPropertyOp24
 70
     1
102
RTVSPropertyOp25
 70
     1
102
RTVSPropertyOp26
 70
     1
102
RTVSPropertyOp27
 70
     1
102
RTVSPropertyOp28
 70
     1
102
RTVSPropertyOp29
 70
     1
102
RTVSPropertyOp30
 70
     1
102
RTVSPropertyOp31
 70
     1
102
RTVSPropertyOp32
 70
     1
102
RTVSPropertyOp33
 70
     1
102
RTVSPropertyOp34
 70
     1
102
RTVSPropertyOp35
 70
     1
102
RTVSPropertyOp36
 70
     1
102
RTVSPropertyOp37
 70
     1
102
RTVSPropertyOp38
 70
     1
102
RTVSPropertyOp39
 70
     1
102
RTVSPropertyOp40
 70
     1
102
RTVSPropertyOp41
 70
     1
102
RTVSPropertyOp42
 70
     1
102
RTVSPropertyOp43
 70
     1
102
RTVSPropertyOp44
 70
     1
102
RTVSPropertyOp45
 70
     1
102
RTVSPropertyOp46
 70
     1
102
RTVSPropertyOp47
 70
     1
102
RTVSPropertyOp48
 70
     1
102
RTVSPropertyOp49
 70
     1
102
RTVSPropertyOp50
 70
     1
102
RTVSPropertyOp51
 70
     0
102
RTVSPropertyOp52
 70
     0
102
RTVSPropertyOp53
 70
     1
102
RTVSPropertyOp54
 70
     1
102
RTVSPropertyOp55
 70
     1
102
RTVSPropertyOp56
 70
     1
102
RTVSPropertyOp57
 70
     1
102
RTVSPost2010Prop28
280
     0
102
RTVSPost2010PropOp28
 70
     1
102
RTVSPost2010Prop29
280
     1
102
RTVSPost2010PropOp29
 70
     1
102
RTVSPost2010Prop30
280
     1
102
RTVSPost2010PropOp30
 70
     1
102
RTVSPost2010Prop31
280
     0
102
RTVSPost2010PropOp31
 70
     1
102
RTVSPost2010Prop32
280
     0
102
RTVSPost2010PropOp32
 70
     1
102
RTVSPost2010Prop33
280
     0
102
RTVSPost2010PropOp33
 70
     1
102
RTVSPost2010Prop34
280
     0
102
RTVSPost2010PropOp34
 70
     1
102
RTVSPost2010Prop35
280
     0
102
RTVSPost2010PropOp35
 70
     1
102
RTVSPost2010Prop36
280
     0
102
RTVSPost2010PropOp36
 70
     1
102
RTVSPost2010Prop37
 90
       50
102
RTVSPost2010PropOp37
 70
     1
102
RTVSPost2010Prop38
140
0.0
102
RTVSPost2010PropOp38
 70
     1
102
RTVSPost2010Prop39
140
1.0
102
RTVSPost2010PropOp39
 70
     1
102
RTVSPost2010Prop40
 90
        0
102
RTVSPost2010PropOp40
 70
     1
102
RTVSPost2010Prop41ColorIndex
 90
       18
102
RTVSPost2010Prop41ColorRGB
 90
        0
102
RTVSPost2010PropOp41
 70
     1
102
RTVSPost2010Prop42
 90
       50
102
RTVSPost2010PropOp42
 70
     1
102
RTVSPost2010Prop43
 90
        3
102
RTVSPost2010PropOp43
 70
     1
102
RTVSPost2010Prop44ColorIndex
 90
        5
102
RTVSPost2010Prop44ColorRGB
 90
      255
102
RTVSPost2010PropOp44
 70
     1
102
RTVSPost2010Prop45
280
     0
102
RTVSPost2010PropOp45
 70
     1
102
RTVSPost2010Prop46
 90
       50
102
RTVSPost2010PropOp46
 70
     1
102
RTVSPost2010Prop47
 90
       50
102
RTVSPost2010PropOp47
 70
     1
102
RTVSPost2010Prop48
 90
       50
102
RTVSPost2010PropOp48
 70
     1
102
RTVSPost2010Prop49
280
     0
102
RTVSPost2010PropOp49
 70
     1
102
RTVSPost2010Prop50
 90
       50
102
RTVSPost2010PropOp50
 70
     1
102
RTVSPost2010Prop51ColorIndex
 90
      256
102
RTVSPost2010Prop51ColorRGB
 90
-16777216
102
RTVSPost2010PropOp51
 70
     0
102
RTVSPost2010Prop52
140
1.0
102
RTVSPost2010PropOp52
 70
     0
102
RTVSPost2010Prop53
 90
        2
102
RTVSPost2010PropOp53
 70
     1
102
RTVSPost2010Prop54
  1
strokes_ogs.tif
102
RTVSPost2010PropOp54
 70
     1
102
RTVSPost2010Prop55
280
     0
102
RTVSPost2010PropOp55
 70
     1
102
RTVSPost2010Prop56
140
1.0
102
RTVSPost2010PropOp56
 70
     1
102
RTVSPost2010Prop57
140
1.0
102
RTVSPost2010PropOp57
 70
     1
  0
ENDSEC
  0
EOF
