  0
SECTION
  2
HEADER
  9
$ACADVER
  1
AC1018
  9
$ACADMAINTVER
 70
     0
  9
$DWGCODEPAGE
  3
ANSI_936
  9
$LASTSAVEDBY
  1
youyou
  9
$INSBASE
 10
0.0
 20
0.0
 30
0.0
  9
$EXTMIN
 10
-0.0000000054716372
 20
-0.0000000000000002
 30
0.0
  9
$EXTMAX
 10
88.00084000547164
 20
70.000114
 30
0.0
  9
$LIMMIN
 10
-101545.09663
 20
-9897.915434
  9
$LIMMAX
 10
101654.90337
 20
10422.084566
  9
$ORTHOMODE
 70
     0
  9
$REGENMODE
 70
     1
  9
$FILLMODE
 70
     1
  9
$QTEXTMODE
 70
     0
  9
$MIRRTEXT
 70
     1
  9
$LTSCALE
 40
1.0
  9
$ATTMODE
 70
     0
  9
$TEXTSIZE
 40
0.2
  9
$TRACEWID
 40
0.05
  9
$TEXTSTYLE
  7
STANDARD
  9
$CLAYER
  8
0
  9
$CELTYPE
  6
CONTINUOUS
  9
$CECOLOR
 62
   256
  9
$CELTSCALE
 40
1.0
  9
$DISPSILH
 70
     0
  9
$DIMSCALE
 40
1.0
  9
$DIMASZ
 40
2.5
  9
$DIMEXO
 40
0.0625
  9
$DIMDLI
 40
0.38
  9
$DIMRND
 40
0.0
  9
$DIMDLE
 40
0.0
  9
$DIMEXE
 40
0.18
  9
$DIMTP
 40
0.0
  9
$DIMTM
 40
0.0
  9
$DIMTXT
 40
2.5
  9
$DIMCEN
 40
0.09
  9
$DIMTSZ
 40
0.0
  9
$DIMTOL
 70
     0
  9
$DIMLIM
 70
     0
  9
$DIMTIH
 70
     1
  9
$DIMTOH
 70
     1
  9
$DIMSE1
 70
     0
  9
$DIMSE2
 70
     0
  9
$DIMTAD
 70
     0
  9
$DIMZIN
 70
     0
  9
$DIMBLK
  1

  9
$DIMASO
 70
     1
  9
$DIMSHO
 70
     1
  9
$DIMPOST
  1

  9
$DIMAPOST
  1

  9
$DIMALT
 70
     0
  9
$DIMALTD
 70
     2
  9
$DIMALTF
 40
25.4
  9
$DIMLFAC
 40
1.0
  9
$DIMTOFL
 70
     0
  9
$DIMTVP
 40
0.0
  9
$DIMTIX
 70
     0
  9
$DIMSOXD
 70
     0
  9
$DIMSAH
 70
     0
  9
$DIMBLK1
  1

  9
$DIMBLK2
  1

  9
$DIMSTYLE
  2
Standard
  9
$DIMCLRD
 70
     1
  9
$DIMCLRE
 70
     1
  9
$DIMCLRT
 70
     1
  9
$DIMTFAC
 40
1.0
  9
$DIMGAP
 40
0.09
  9
$DIMJUST
 70
     0
  9
$DIMSD1
 70
     0
  9
$DIMSD2
 70
     0
  9
$DIMTOLJ
 70
     1
  9
$DIMTZIN
 70
     0
  9
$DIMALTZ
 70
     0
  9
$DIMALTTZ
 70
     0
  9
$DIMUPT
 70
     0
  9
$DIMDEC
 70
     2
  9
$DIMTDEC
 70
     2
  9
$DIMALTU
 70
     2
  9
$DIMALTTD
 70
     2
  9
$DIMTXSTY
  7
STANDARD
  9
$DIMAUNIT
 70
     0
  9
$DIMADEC
 70
     0
  9
$DIMALTRND
 40
0.0
  9
$DIMAZIN
 70
     0
  9
$DIMDSEP
 70
    46
  9
$DIMATFIT
 70
     3
  9
$DIMFRAC
 70
     0
  9
$DIMLDRBLK
  1

  9
$DIMLUNIT
 70
     2
  9
$DIMLWD
 70
    -3
  9
$DIMLWE
 70
    -3
  9
$DIMTMOVE
 70
     2
  9
$LUNITS
 70
     2
  9
$LUPREC
 70
     2
  9
$SKETCHINC
 40
0.1
  9
$FILLETRAD
 40
0.5
  9
$AUNITS
 70
     0
  9
$AUPREC
 70
     0
  9
$MENU
  1
.
  9
$ELEVATION
 40
0.0
  9
$PELEVATION
 40
0.0
  9
$THICKNESS
 40
1.0795
  9
$LIMCHECK
 70
     0
  9
$CHAMFERA
 40
0.0
  9
$CHAMFERB
 40
0.0
  9
$CHAMFERC
 40
0.0
  9
$CHAMFERD
 40
0.0
  9
$SKPOLY
 70
     0
  9
$TDCREATE
 40
2461181.493246933
  9
$TDUCREATE
 40
2461181.159913599
  9
$TDUPDATE
 40
2461181.502078576
  9
$TDUUPDATE
 40
2461181.168745243
  9
$TDINDWG
 40
0.008831713
  9
$TDUSRTIMER
 40
0.0088317014
  9
$USRTIMER
 70
    71
  9
$ANGBASE
 50
0.0
  9
$ANGDIR
 70
     0
  9
$PDMODE
 70
     0
  9
$PDSIZE
 40
0.0
  9
$PLINEWID
 40
0.0
  9
$SPLFRAME
 70
     0
  9
$SPLINETYPE
 70
     6
  9
$SPLINESEGS
 70
     8
  9
$HANDSEED
  5
D1FE
  9
$SURFTAB1
 70
     6
  9
$SURFTAB2
 70
     6
  9
$SURFTYPE
 70
     6
  9
$SURFU
 70
     6
  9
$SURFV
 70
     6
  9
$UCSBASE
  2

  9
$UCSNAME
  2

  9
$UCSORG
 10
0.0
 20
0.0
 30
0.0
  9
$UCSXDIR
 10
1.0
 20
0.0
 30
0.0
  9
$UCSYDIR
 10
0.0
 20
1.0
 30
0.0
  9
$UCSORTHOREF
  2

  9
$UCSORTHOVIEW
 70
     0
  9
$UCSORGTOP
 10
0.0
 20
0.0
 30
0.0
  9
$UCSORGBOTTOM
 10
0.0
 20
0.0
 30
0.0
  9
$UCSORGLEFT
 10
0.0
 20
0.0
 30
0.0
  9
$UCSORGRIGHT
 10
0.0
 20
0.0
 30
0.0
  9
$UCSORGFRONT
 10
0.0
 20
0.0
 30
0.0
  9
$UCSORGBACK
 10
0.0
 20
0.0
 30
0.0
  9
$PUCSBASE
  2

  9
$PUCSNAME
  2

  9
$PUCSORG
 10
0.0
 20
0.0
 30
0.0
  9
$PUCSXDIR
 10
1.0
 20
0.0
 30
0.0
  9
$PUCSYDIR
 10
0.0
 20
1.0
 30
0.0
  9
$PUCSORTHOREF
  2

  9
$PUCSORTHOVIEW
 70
     0
  9
$PUCSORGTOP
 10
0.0
 20
0.0
 30
0.0
  9
$PUCSORGBOTTOM
 10
0.0
 20
0.0
 30
0.0
  9
$PUCSORGLEFT
 10
0.0
 20
0.0
 30
0.0
  9
$PUCSORGRIGHT
 10
0.0
 20
0.0
 30
0.0
  9
$PUCSORGFRONT
 10
0.0
 20
0.0
 30
0.0
  9
$PUCSORGBACK
 10
0.0
 20
0.0
 30
0.0
  9
$USERI1
 70
     0
  9
$USERI2
 70
     0
  9
$USERI3
 70
     0
  9
$USERI4
 70
     0
  9
$USERI5
 70
     0
  9
$USERR1
 40
0.0
  9
$USERR2
 40
0.0
  9
$USERR3
 40
0.0
  9
$USERR4
 40
0.0
  9
$USERR5
 40
0.0
  9
$WORLDVIEW
 70
     1
  9
$SHADEDGE
 70
     3
  9
$SHADEDIF
 70
    70
  9
$TILEMODE
 70
     1
  9
$MAXACTVP
 70
    64
  9
$PINSBASE
 10
0.0
 20
0.0
 30
0.0
  9
$PLIMCHECK
 70
     0
  9
$PEXTMIN
 10
1.000000000000000E+20
 20
1.000000000000000E+20
 30
1.000000000000000E+20
  9
$PEXTMAX
 10
-1.000000000000000E+20
 20
-1.000000000000000E+20
 30
-1.000000000000000E+20
  9
$PLIMMIN
 10
0.0
 20
0.0
  9
$PLIMMAX
 10
12.0
 20
9.0
  9
$UNITMODE
 70
     0
  9
$VISRETAIN
 70
     1
  9
$PLINEGEN
 70
     0
  9
$PSLTSCALE
 70
     1
  9
$TREEDEPTH
 70
  3020
  9
$CMLSTYLE
  2
Standard
  9
$CMLJUST
 70
     0
  9
$CMLSCALE
 40
1.0
  9
$PROXYGRAPHICS
 70
     1
  9
$MEASUREMENT
 70
     0
  9
$CELWEIGHT
370
    -1
  9
$ENDCAPS
280
     0
  9
$JOINSTYLE
280
     0
  9
$LWDISPLAY
290
     0
  9
$INSUNITS
 70
     0
  9
$HYPERLINKBASE
  1

  9
$STYLESHEET
  1

  9
$XEDIT
290
     1
  9
$CEPSNTYPE
380
     3
  9
$CEPSNID
390
11
  9
$PSTYLEMODE
290
     1
  9
$FINGERPRINTGUID
  2
{573B2D6B-4D34-4A6C-BBEC-CE5E65F46D0C}
  9
$VERSIONGUID
  2
{FAEB1C32-E019-11D5-929B-00C0DF256EC4}
  9
$EXTNAMES
290
     1
  9
$PSVPSCALE
 40
0.0
  9
$OLESTARTUP
290
     0
  9
$SORTENTS
280
   127
  9
$INDEXCTL
280
     0
  9
$HIDETEXT
280
     1
  9
$XCLIPFRAME
290
     0
  9
$HALOGAP
280
     0
  9
$OBSCOLOR
 70
   257
  9
$OBSLTYPE
280
     0
  9
$INTERSECTIONDISPLAY
280
     0
  9
$INTERSECTIONCOLOR
 70
   257
  9
$DIMASSOC
280
     2
  9
$PROJECTNAME
  1

  0
ENDSEC
  0
SECTION
  2
CLASSES
  0
CLASS
  1
ACDBDICTIONARYWDFLT
  2
AcDbDictionaryWithDefault
  3
ObjectDBX Classes
 90
        0
 91
        4
280
     0
281
     0
  0
CLASS
  1
SCALE
  2
AcDbScale
  3
ObjectDBX Classes
 90
     1153
 91
        4
280
     0
281
     0
  0
CLASS
  1
VISUALSTYLE
  2
AcDbVisualStyle
  3
ObjectDBX Classes
 90
     4095
 91
        4
280
     0
281
     0
  0
CLASS
  1
MATERIAL
  2
AcDbMaterial
  3
ObjectDBX Classes
 90
     1153
 91
        4
280
     0
281
     0
  0
CLASS
  1
TABLESTYLE
  2
AcDbTableStyle
  3
ObjectDBX Classes
 90
     4095
 91
        4
280
     0
281
     0
  0
CLASS
  1
DICTIONARYVAR
  2
AcDbDictionaryVar
  3
ObjectDBX Classes
 90
        0
 91
        4
280
     0
281
     0
  0
CLASS
  1
CELLSTYLEMAP
  2
AcDbCellStyleMap
  3
ObjectDBX Classes
 90
     1152
 91
        4
280
     0
281
     0
  0
ENDSEC
  0
SECTION
  2
TABLES
  0
TABLE
  2
VPORT
  5
8
102
{ACAD_XDICTIONARY
360
D1C2
102
}
330
0
100
AcDbSymbolTable
 70
     1
  0
VPORT
  5
D10A
330
8
100
AcDbSymbolTableRecord
100
AcDbViewportTableRecord
  2
*Active
 70
     0
 10
0.0
 20
0.0
 11
1.0
 21
1.0
 12
41.97196633901336
 22
41.81735213708851
 13
0.0
 23
0.0
 14
0.5
 24
0.5
 15
0.5
 25
0.5
 16
0.0
 26
0.0
 36
1.0
 17
0.0
 27
0.0
 37
0.0
 40
135.5974332631577
 41
2.336996336996337
 42
50.0
 43
0.0
 44
0.0
 50
0.0
 51
0.0
 71
     0
 72
   100
 73
     1
 74
     3
 75
     0
 76
     0
 77
     0
 78
     0
281
     0
 65
     1
110
0.0
120
0.0
130
0.0
111
1.0
121
0.0
131
0.0
112
0.0
122
1.0
132
0.0
 79
     0
146
0.0
  0
ENDTAB
  0
TABLE
  2
LTYPE
  5
5
330
0
100
AcDbSymbolTable
 70
     2
  0
LTYPE
  5
14
330
5
100
AcDbSymbolTableRecord
100
AcDbLinetypeTableRecord
  2
ByBlock
 70
     0
  3

 72
    65
 73
     0
 40
0.0
  0
LTYPE
  5
15
330
5
100
AcDbSymbolTableRecord
100
AcDbLinetypeTableRecord
  2
ByLayer
 70
     0
  3

 72
    65
 73
     0
 40
0.0
  0
LTYPE
  5
16
330
5
100
AcDbSymbolTableRecord
100
AcDbLinetypeTableRecord
  2
CONTINUOUS
 70
     0
  3
Solid Line
 72
    65
 73
     0
 40
0.0
  0
LTYPE
  5
D1BF
330
5
100
AcDbSymbolTableRecord
100
AcDbLinetypeTableRecord
  2
JIS_02_1.0
 70
     0
  3
HIDDEN01 _ _ _ _ _ _ _ _ _ _ _ _ _ _ _ _ _ _ _ 
 72
    65
 73
     2
 40
2.0
 49
1.0
 74
     0
 49
-1.0
 74
     0
  0
ENDTAB
  0
TABLE
  2
LAYER
  5
2
330
0
100
AcDbSymbolTable
 70
     6
  0
LAYER
  5
10
330
2
100
AcDbSymbolTableRecord
100
AcDbLayerTableRecord
  2
0
 70
     0
 62
     7
  6
CONTINUOUS
370
    -3
390
11
  0
LAYER
  5
21
330
2
100
AcDbSymbolTableRecord
100
AcDbLayerTableRecord
  2
BG_SILKSCREEN_TOP
 70
     0
 62
   212
  6
CONTINUOUS
370
    -3
390
F
  0
LAYER
  5
22
330
2
100
AcDbSymbolTableRecord
100
AcDbLayerTableRecord
  2
BG_OUTLINE
 70
     0
 62
     7
  6
CONTINUOUS
370
    -3
390
F
  0
LAYER
  5
23
330
2
100
AcDbSymbolTableRecord
100
AcDbLayerTableRecord
  2
PG_WB-SILK-R01-TOP
 70
     0
 62
    12
  6
CONTINUOUS
370
    -3
390
F
  0
LAYER
  5
24
330
2
100
AcDbSymbolTableRecord
100
AcDbLayerTableRecord
  2
PIN_TOP
 70
     0
 62
    92
  6
CONTINUOUS
370
    -3
390
F
  0
LAYER
  5
25
330
2
100
AcDbSymbolTableRecord
100
AcDbLayerTableRecord
  2
RD_SILKSCREEN_TOP
 70
     0
 62
   140
  6
CONTINUOUS
370
    -3
390
F
  0
ENDTAB
  0
TABLE
  2
STYLE
  5
3
330
0
100
AcDbSymbolTable
 70
     2
  0
STYLE
  5
12
330
3
100
AcDbSymbolTableRecord
100
AcDbTextStyleTableRecord
  2
STANDARD
 70
     0
 40
0.0
 41
1.0
 50
0.0
 71
     0
 42
0.2
  3
txt
  4

  0
STYLE
  5
D1C0
330
3
100
AcDbSymbolTableRecord
100
AcDbTextStyleTableRecord
  2
FVEXTTOOL
 70
     0
 40
0.0
 41
0.7
 50
0.0
 71
     0
 42
0.2
  3
Î¢ÈíÑÅºÚ
  4

  0
ENDTAB
  0
TABLE
  2
VIEW
  5
6
330
0
100
AcDbSymbolTable
 70
     0
  0
ENDTAB
  0
TABLE
  2
UCS
  5
7
330
0
100
AcDbSymbolTable
 70
     0
  0
ENDTAB
  0
TABLE
  2
APPID
  5
9
330
0
100
AcDbSymbolTable
 70
     1
  0
APPID
  5
13
330
9
100
AcDbSymbolTableRecord
100
AcDbRegAppTableRecord
  2
ACAD
 70
     0
  0
ENDTAB
  0
TABLE
  2
DIMSTYLE
  5
A
330
0
100
AcDbSymbolTable
 70
     1
100
AcDbDimStyleTable
  0
DIMSTYLE
105
27
330
A
100
AcDbSymbolTableRecord
100
AcDbDimStyleTableRecord
  2
Standard
 70
     0
178
     0
340
12
  0
ENDTAB
  0
TABLE
  2
BLOCK_RECORD
  5
1
330
0
100
AcDbSymbolTable
 70
     8
  0
BLOCK_RECORD
  5
1D
330
1
100
AcDbSymbolTableRecord
100
AcDbBlockTableRecord
  2
*Model_Space
340
1E
  0
BLOCK_RECORD
  5
1B
330
1
100
AcDbSymbolTableRecord
100
AcDbBlockTableRecord
  2
*Paper_Space
340
1C
  0
BLOCK_RECORD
  5
29
330
1
100
AcDbSymbolTableRecord
100
AcDbBlockTableRecord
  2
FIGURE_CIRCLE
340
0
  0
BLOCK_RECORD
  5
2D
330
1
100
AcDbSymbolTableRecord
100
AcDbBlockTableRecord
  2
FIGURE_SQUARE
340
0
  0
BLOCK_RECORD
  5
36
330
1
100
AcDbSymbolTableRecord
100
AcDbBlockTableRecord
  2
FIGURE_HEX
340
0
  0
BLOCK_RECORD
  5
41
330
1
100
AcDbSymbolTableRecord
100
AcDbBlockTableRecord
  2
FIGURE_OCT
340
0
  0
BLOCK_RECORD
  5
4E
330
1
100
AcDbSymbolTableRecord
100
AcDbBlockTableRecord
  2
FIGURE_OBLONG
340
0
  0
BLOCK_RECORD
  5
5F
330
1
100
AcDbSymbolTableRecord
100
AcDbBlockTableRecord
  2
FIGURE_TRI
340
0
  0
BLOCK_RECORD
  5
67
330
1
100
AcDbSymbolTableRecord
100
AcDbBlockTableRecord
  2
FIGURE_CROSS
340
0
  0
BLOCK_RECORD
  5
72
330
1
100
AcDbSymbolTableRecord
100
AcDbBlockTableRecord
  2
FIGURE_DIAMOND
340
0
  0
ENDTAB
  0
ENDSEC
  0
SECTION
  2
BLOCKS
  0
BLOCK
  5
D11F
330
1D
100
AcDbEntity
  8
0
100
AcDbBlockBegin
  2
*Model_Space
 70
     0
 10
0.0
 20
0.0
 30
0.0
  3
*Model_Space
  1
Acad:XRef
  0
ENDBLK
  5
D120
330
1D
100
AcDbEntity
  8
0
100
AcDbBlockEnd
  0
BLOCK
  5
D11D
330
1B
100
AcDbEntity
 67
     1
  8
0
100
AcDbBlockBegin
  2
*Paper_Space
 70
     0
 10
0.0
 20
0.0
 30
0.0
  3
*Paper_Space
  1
Acad:XRef
  0
ENDBLK
  5
D11E
330
1B
100
AcDbEntity
 67
     1
  8
0
100
AcDbBlockEnd
  0
BLOCK
  5
28
330
29
100
AcDbEntity
  8
0
100
AcDbBlockBegin
  2
FIGURE_CIRCLE
 70
     0
 10
0.0
 20
0.0
 30
0.0
  3
FIGURE_CIRCLE
  1

  0
CIRCLE
  5
2A
330
29
100
AcDbEntity
  8
0
100
AcDbCircle
 10
0.0
 20
0.0
 30
0.0
 40
0.5
  0
ENDBLK
  5
2B
330
29
100
AcDbEntity
  8
0
100
AcDbBlockEnd
  0
BLOCK
  5
2C
330
2D
100
AcDbEntity
  8
0
100
AcDbBlockBegin
  2
FIGURE_SQUARE
 70
     0
 10
0.0
 20
0.0
 30
0.0
  3
FIGURE_SQUARE
  1

  0
LWPOLYLINE
  5
2E
330
2D
100
AcDbEntity
  8
0
100
AcDbPolyline
 90
        4
 70
     1
 43
0.0
 10
-0.5
 20
-0.5
 10
-0.5
 20
0.5
 10
0.5
 20
0.5
 10
0.5
 20
-0.5
  0
ENDBLK
  5
34
330
2D
100
AcDbEntity
  8
0
100
AcDbBlockEnd
  0
BLOCK
  5
35
330
36
100
AcDbEntity
  8
0
100
AcDbBlockBegin
  2
FIGURE_HEX
 70
     0
 10
0.0
 20
0.0
 30
0.0
  3
FIGURE_HEX
  1

  0
LWPOLYLINE
  5
37
330
36
100
AcDbEntity
  8
0
100
AcDbPolyline
 90
        6
 70
     1
 43
0.0
 10
-0.5
 20
0.0
 10
-0.25
 20
0.5
 10
0.25
 20
0.5
 10
0.5
 20
0.0
 10
0.25
 20
-0.5
 10
-0.25
 20
-0.5
  0
ENDBLK
  5
3F
330
36
100
AcDbEntity
  8
0
100
AcDbBlockEnd
  0
BLOCK
  5
40
330
41
100
AcDbEntity
  8
0
100
AcDbBlockBegin
  2
FIGURE_OCT
 70
     0
 10
0.0
 20
0.0
 30
0.0
  3
FIGURE_OCT
  1

  0
LWPOLYLINE
  5
42
330
41
100
AcDbEntity
  8
0
100
AcDbPolyline
 90
        8
 70
     1
 43
0.0
 10
-0.5
 20
-0.2071
 10
-0.5
 20
0.2071
 10
-0.2071
 20
0.5
 10
0.2071
 20
0.5
 10
0.5
 20
0.2071
 10
0.5
 20
-0.2071
 10
0.2071
 20
-0.5
 10
-0.2071
 20
-0.5
  0
ENDBLK
  5
4C
330
41
100
AcDbEntity
  8
0
100
AcDbBlockEnd
  0
BLOCK
  5
4D
330
4E
100
AcDbEntity
  8
0
100
AcDbBlockBegin
  2
FIGURE_OBLONG
 70
     0
 10
0.0
 20
0.0
 30
0.0
  3
FIGURE_OBLONG
  1

  0
LWPOLYLINE
  5
4F
330
4E
100
AcDbEntity
  8
0
100
AcDbPolyline
 90
       12
 70
     1
 43
0.0
 10
-0.5
 20
-0.125
 10
-0.5
 20
0.125
 10
-0.416
 20
0.375
 10
-0.25
 20
0.5
 10
0.25
 20
0.5
 10
0.416
 20
0.375
 10
0.5
 20
0.125
 10
0.5
 20
-0.125
 10
0.416
 20
-0.375
 10
0.25
 20
-0.5
 10
-0.25
 20
-0.5
 10
-0.416
 20
-0.375
  0
ENDBLK
  5
5D
330
4E
100
AcDbEntity
  8
0
100
AcDbBlockEnd
  0
BLOCK
  5
5E
330
5F
100
AcDbEntity
  8
0
100
AcDbBlockBegin
  2
FIGURE_TRI
 70
     0
 10
0.0
 20
0.0
 30
0.0
  3
FIGURE_TRI
  1

  0
LWPOLYLINE
  5
60
330
5F
100
AcDbEntity
  8
0
100
AcDbPolyline
 90
        3
 70
     1
 43
0.0
 10
-0.5
 20
-0.5
 10
0.0
 20
0.5
 10
0.5
 20
-0.5
  0
ENDBLK
  5
65
330
5F
100
AcDbEntity
  8
0
100
AcDbBlockEnd
  0
BLOCK
  5
66
330
67
100
AcDbEntity
  8
0
100
AcDbBlockBegin
  2
FIGURE_CROSS
 70
     0
 10
0.0
 20
0.0
 30
0.0
  3
FIGURE_CROSS
  1

  0
LWPOLYLINE
  5
68
330
67
100
AcDbEntity
  8
0
100
AcDbPolyline
 90
        2
 70
     0
 43
0.0
 10
-0.5
 20
0.0
 10
0.5
 20
0.0
  0
LWPOLYLINE
  5
6C
330
67
100
AcDbEntity
  8
0
100
AcDbPolyline
 90
        2
 70
     0
 43
0.0
 10
0.0
 20
0.5
 10
0.0
 20
-0.5
  0
ENDBLK
  5
70
330
67
100
AcDbEntity
  8
0
100
AcDbBlockEnd
  0
BLOCK
  5
71
330
72
100
AcDbEntity
  8
0
100
AcDbBlockBegin
  2
FIGURE_DIAMOND
 70
     0
 10
0.0
 20
0.0
 30
0.0
  3
FIGURE_DIAMOND
  1

  0
LWPOLYLINE
  5
73
330
72
100
AcDbEntity
  8
0
100
AcDbPolyline
 90
        4
 70
     1
 43
0.0
 10
-0.5
 20
0.0
 10
0.0
 20
0.5
 10
0.5
 20
0.0
 10
0.0
 20
-0.5
  0
ENDBLK
  5
79
330
72
100
AcDbEntity
  8
0
100
AcDbBlockEnd
  0
ENDSEC
  0
SECTION
  2
ENTITIES
  0
LWPOLYLINE
  5
13A
330
1D
100
AcDbEntity
  8
PIN_TOP
100
AcDbPolyline
 90
        4
 70
     1
 43
0.0
 10
15.631414
 20
69.256275
 10
15.631414
 20
68.706365
 42
1.0
 10
16.431514
 20
68.706365
 10
16.431514
 20
69.256275
 42
1.0
  0
LWPOLYLINE
  5
140
330
1D
100
AcDbEntity
  8
PIN_TOP
100
AcDbPolyline
 90
        4
 70
     1
 43
0.0
 10
19.981418
 20
69.256275
 10
19.981418
 20
68.706365
 42
1.0
 10
20.781518
 20
68.706365
 10
20.781518
 20
69.256275
 42
1.0
  0
LWPOLYLINE
  5
146
330
1D
100
AcDbEntity
  8
PIN_TOP
100
AcDbPolyline
 90
        4
 70
     1
 43
0.0
 10
7.681214
 20
69.256275
 10
7.681214
 20
68.706365
 42
1.0
 10
8.481314
 20
68.706365
 10
8.481314
 20
69.256275
 42
1.0
  0
LWPOLYLINE
  5
14C
330
1D
100
AcDbEntity
  8
PIN_TOP
100
AcDbPolyline
 90
        4
 70
     1
 43
0.0
 10
12.031218
 20
69.256275
 10
12.031218
 20
68.706365
 42
1.0
 10
12.831318
 20
68.706365
 10
12.831318
 20
69.256275
 42
1.0
  0
LWPOLYLINE
  5
17E
330
1D
100
AcDbEntity
  8
PIN_TOP
100
AcDbPolyline
 90
        4
 70
     1
 43
0.0
 10
78.278482
 20
67.495166
 10
78.278482
 20
68.282566
 10
79.065882
 20
68.282566
 10
79.065882
 20
67.495166
  0
LWPOLYLINE
  5
184
330
1D
100
AcDbEntity
  8
PIN_TOP
100
AcDbPolyline
 90
        4
 70
     1
 43
0.0
 10
76.778358
 20
67.495166
 10
76.778358
 20
68.282566
 10
77.565758
 20
68.282566
 10
77.565758
 20
67.495166
  0
LWPOLYLINE
  5
18A
330
1D
100
AcDbEntity
  8
PG_WB-SILK-R01-TOP
100
AcDbPolyline
 90
        2
 70
     0
 10
79.27213
 20
67.549268
 40
0.254
 41
0.254
 10
79.27213
 20
68.237862
 40
0.254
 41
0.254
  0
LWPOLYLINE
  5
18E
330
1D
100
AcDbEntity
  8
PG_WB-SILK-R01-TOP
100
AcDbPolyline
 90
        2
 70
     0
 10
77.67066
 20
67.513454
 40
0.127
 41
0.127
 10
78.193646
 20
67.888358
 40
0.127
 41
0.127
  0
LWPOLYLINE
  5
192
330
1D
100
AcDbEntity
  8
PG_WB-SILK-R01-TOP
100
AcDbPolyline
 90
        2
 70
     0
 10
78.193646
 20
67.888358
 40
0.127
 41
0.127
 10
77.67066
 20
68.269358
 40
0.127
 41
0.127
  0
LWPOLYLINE
  5
196
330
1D
100
AcDbEntity
  8
PG_WB-SILK-R01-TOP
100
AcDbPolyline
 90
        2
 70
     0
 10
77.67066
 20
68.269358
 40
0.127
 41
0.127
 10
77.67066
 20
67.513454
 40
0.127
 41
0.127
  0
LWPOLYLINE
  5
19A
330
1D
100
AcDbEntity
  8
PG_WB-SILK-R01-TOP
100
AcDbPolyline
 90
        2
 70
     0
 10
78.193646
 20
67.526408
 40
0.127
 41
0.127
 10
78.193646
 20
68.215002
 40
0.127
 41
0.127
  0
LWPOLYLINE
  5
19E
330
1D
100
AcDbEntity
  8
PG_WB-SILK-R01-TOP
100
AcDbPolyline
 90
        2
 70
     0
 10
78.274672
 20
67.888358
 40
0.127
 41
0.127
 10
77.572616
 20
67.888358
 40
0.127
 41
0.127
  0
TEXT
  5
1A2
330
1D
100
AcDbEntity
  8
RD_SILKSCREEN_TOP
100
AcDbText
 10
75.184
 20
64.3636
 30
0.0
 40
0.6604
  1
RED_LED1
 41
1.115385
100
AcDbText
  0
LWPOLYLINE
  5
7E1
330
1D
100
AcDbEntity
  8
PIN_TOP
100
AcDbPolyline
 90
        4
 70
     1
 43
0.0
 10
40.76192
 20
65.298066
 10
43.961812
 20
65.298066
 10
43.961812
 20
62.098174
 10
40.76192
 20
62.098174
  0
LWPOLYLINE
  5
7E7
330
1D
100
AcDbEntity
  8
PIN_TOP
100
AcDbPolyline
 90
        4
 70
     1
 43
0.0
 10
45.362114
 20
66.197988
 10
45.362114
 20
66.397886
 10
46.237144
 20
66.397886
 10
46.237144
 20
66.197988
  0
LWPOLYLINE
  5
7ED
330
1D
100
AcDbEntity
  8
PIN_TOP
100
AcDbPolyline
 90
        4
 70
     1
 43
0.0
 10
45.362114
 20
65.797938
 10
45.362114
 20
65.997836
 10
46.237144
 20
65.997836
 10
46.237144
 20
65.797938
  0
LWPOLYLINE
  5
7F3
330
1D
100
AcDbEntity
  8
PIN_TOP
100
AcDbPolyline
 90
        4
 70
     1
 43
0.0
 10
45.362114
 20
65.398142
 10
45.362114
 20
65.59804
 10
46.237144
 20
65.59804
 10
46.237144
 20
65.398142
  0
LWPOLYLINE
  5
7F9
330
1D
100
AcDbEntity
  8
PIN_TOP
100
AcDbPolyline
 90
        4
 70
     1
 43
0.0
 10
45.362114
 20
64.998092
 10
45.362114
 20
65.19799
 10
46.237144
 20
65.19799
 10
46.237144
 20
64.998092
  0
LWPOLYLINE
  5
7FF
330
1D
100
AcDbEntity
  8
PIN_TOP
100
AcDbPolyline
 90
        4
 70
     1
 43
0.0
 10
45.362114
 20
64.598042
 10
45.362114
 20
64.79794
 10
46.237144
 20
64.79794
 10
46.237144
 20
64.598042
  0
LWPOLYLINE
  5
805
330
1D
100
AcDbEntity
  8
PIN_TOP
100
AcDbPolyline
 90
        4
 70
     1
 43
0.0
 10
45.362114
 20
64.197992
 10
45.362114
 20
64.39789
 10
46.237144
 20
64.39789
 10
46.237144
 20
64.197992
  0
LWPOLYLINE
  5
80B
330
1D
100
AcDbEntity
  8
PIN_TOP
100
AcDbPolyline
 90
        4
 70
     1
 43
0.0
 10
45.362114
 20
63.797942
 10
45.362114
 20
63.99784
 10
46.237144
 20
63.99784
 10
46.237144
 20
63.797942
  0
LWPOLYLINE
  5
811
330
1D
100
AcDbEntity
  8
PIN_TOP
100
AcDbPolyline
 90
        4
 70
     1
 43
0.0
 10
45.362114
 20
63.398146
 10
45.362114
 20
63.598044
 10
46.237144
 20
63.598044
 10
46.237144
 20
63.398146
  0
LWPOLYLINE
  5
817
330
1D
100
AcDbEntity
  8
PIN_TOP
100
AcDbPolyline
 90
        4
 70
     1
 43
0.0
 10
45.362114
 20
62.998096
 10
45.362114
 20
63.197994
 10
46.237144
 20
63.197994
 10
46.237144
 20
62.998096
  0
LWPOLYLINE
  5
81D
330
1D
100
AcDbEntity
  8
PIN_TOP
100
AcDbPolyline
 90
        4
 70
     1
 43
0.0
 10
45.362114
 20
62.598046
 10
45.362114
 20
62.797944
 10
46.237144
 20
62.797944
 10
46.237144
 20
62.598046
  0
LWPOLYLINE
  5
823
330
1D
100
AcDbEntity
  8
PIN_TOP
100
AcDbPolyline
 90
        4
 70
     1
 43
0.0
 10
45.362114
 20
62.197996
 10
45.362114
 20
62.397894
 10
46.237144
 20
62.397894
 10
46.237144
 20
62.197996
  0
LWPOLYLINE
  5
829
330
1D
100
AcDbEntity
  8
PIN_TOP
100
AcDbPolyline
 90
        4
 70
     1
 43
0.0
 10
45.362114
 20
61.797946
 10
45.362114
 20
61.997844
 10
46.237144
 20
61.997844
 10
46.237144
 20
61.797946
  0
LWPOLYLINE
  5
82F
330
1D
100
AcDbEntity
  8
PIN_TOP
100
AcDbPolyline
 90
        4
 70
     1
 43
0.0
 10
45.362114
 20
61.39815
 10
45.362114
 20
61.598048
 10
46.237144
 20
61.598048
 10
46.237144
 20
61.39815
  0
LWPOLYLINE
  5
835
330
1D
100
AcDbEntity
  8
PIN_TOP
100
AcDbPolyline
 90
        4
 70
     1
 43
0.0
 10
45.362114
 20
60.9981
 10
45.362114
 20
61.197998
 10
46.237144
 20
61.197998
 10
46.237144
 20
60.9981
  0
LWPOLYLINE
  5
83B
330
1D
100
AcDbEntity
  8
PIN_TOP
100
AcDbPolyline
 90
        4
 70
     1
 43
0.0
 10
44.861861
 20
60.697745
 10
45.061759
 20
60.697745
 10
45.061759
 20
59.822715
 10
44.861861
 20
59.822715
  0
LWPOLYLINE
  5
841
330
1D
100
AcDbEntity
  8
PIN_TOP
100
AcDbPolyline
 90
        4
 70
     1
 43
0.0
 10
44.461811
 20
60.697745
 10
44.661709
 20
60.697745
 10
44.661709
 20
59.822715
 10
44.461811
 20
59.822715
  0
LWPOLYLINE
  5
847
330
1D
100
AcDbEntity
  8
PIN_TOP
100
AcDbPolyline
 90
        4
 70
     1
 43
0.0
 10
44.062015
 20
60.697745
 10
44.261913
 20
60.697745
 10
44.261913
 20
59.822715
 10
44.062015
 20
59.822715
  0
LWPOLYLINE
  5
84D
330
1D
100
AcDbEntity
  8
PIN_TOP
100
AcDbPolyline
 90
        4
 70
     1
 43
0.0
 10
43.661965
 20
60.697745
 10
43.861863
 20
60.697745
 10
43.861863
 20
59.822715
 10
43.661965
 20
59.822715
  0
LWPOLYLINE
  5
853
330
1D
100
AcDbEntity
  8
PIN_TOP
100
AcDbPolyline
 90
        4
 70
     1
 43
0.0
 10
43.261915
 20
60.697745
 10
43.461813
 20
60.697745
 10
43.461813
 20
59.822715
 10
43.261915
 20
59.822715
  0
LWPOLYLINE
  5
859
330
1D
100
AcDbEntity
  8
PIN_TOP
100
AcDbPolyline
 90
        4
 70
     1
 43
0.0
 10
42.861865
 20
60.697745
 10
43.061763
 20
60.697745
 10
43.061763
 20
59.822715
 10
42.861865
 20
59.822715
  0
LWPOLYLINE
  5
85F
330
1D
100
AcDbEntity
  8
PIN_TOP
100
AcDbPolyline
 90
        4
 70
     1
 43
0.0
 10
42.461815
 20
60.697745
 10
42.661713
 20
60.697745
 10
42.661713
 20
59.822715
 10
42.461815
 20
59.822715
  0
LWPOLYLINE
  5
865
330
1D
100
AcDbEntity
  8
PIN_TOP
100
AcDbPolyline
 90
        4
 70
     1
 43
0.0
 10
42.062019
 20
60.697745
 10
42.261917
 20
60.697745
 10
42.261917
 20
59.822715
 10
42.062019
 20
59.822715
  0
LWPOLYLINE
  5
86B
330
1D
100
AcDbEntity
  8
PIN_TOP
100
AcDbPolyline
 90
        4
 70
     1
 43
0.0
 10
41.661969
 20
60.697745
 10
41.861867
 20
60.697745
 10
41.861867
 20
59.822715
 10
41.661969
 20
59.822715
  0
LWPOLYLINE
  5
871
330
1D
100
AcDbEntity
  8
PIN_TOP
100
AcDbPolyline
 90
        4
 70
     1
 43
0.0
 10
41.261919
 20
60.697745
 10
41.461817
 20
60.697745
 10
41.461817
 20
59.822715
 10
41.261919
 20
59.822715
  0
LWPOLYLINE
  5
877
330
1D
100
AcDbEntity
  8
PIN_TOP
100
AcDbPolyline
 90
        4
 70
     1
 43
0.0
 10
40.861869
 20
60.697745
 10
41.061767
 20
60.697745
 10
41.061767
 20
59.822715
 10
40.861869
 20
59.822715
  0
LWPOLYLINE
  5
87D
330
1D
100
AcDbEntity
  8
PIN_TOP
100
AcDbPolyline
 90
        4
 70
     1
 43
0.0
 10
40.461819
 20
60.697745
 10
40.661717
 20
60.697745
 10
40.661717
 20
59.822715
 10
40.461819
 20
59.822715
  0
LWPOLYLINE
  5
883
330
1D
100
AcDbEntity
  8
PIN_TOP
100
AcDbPolyline
 90
        4
 70
     1
 43
0.0
 10
40.062023
 20
60.697745
 10
40.261921
 20
60.697745
 10
40.261921
 20
59.822715
 10
40.062023
 20
59.822715
  0
LWPOLYLINE
  5
889
330
1D
100
AcDbEntity
  8
PIN_TOP
100
AcDbPolyline
 90
        4
 70
     1
 43
0.0
 10
39.661973
 20
60.697745
 10
39.861871
 20
60.697745
 10
39.861871
 20
59.822715
 10
39.661973
 20
59.822715
  0
LWPOLYLINE
  5
88F
330
1D
100
AcDbEntity
  8
PIN_TOP
100
AcDbPolyline
 90
        4
 70
     1
 43
0.0
 10
38.486334
 20
60.9981
 10
38.486334
 20
61.197998
 10
39.361364
 20
61.197998
 10
39.361364
 20
60.9981
  0
LWPOLYLINE
  5
895
330
1D
100
AcDbEntity
  8
PIN_TOP
100
AcDbPolyline
 90
        4
 70
     1
 43
0.0
 10
38.486334
 20
61.39815
 10
38.486334
 20
61.598048
 10
39.361364
 20
61.598048
 10
39.361364
 20
61.39815
  0
LWPOLYLINE
  5
89B
330
1D
100
AcDbEntity
  8
PIN_TOP
100
AcDbPolyline
 90
        4
 70
     1
 43
0.0
 10
38.486334
 20
61.797946
 10
38.486334
 20
61.997844
 10
39.361364
 20
61.997844
 10
39.361364
 20
61.797946
  0
LWPOLYLINE
  5
8A1
330
1D
100
AcDbEntity
  8
PIN_TOP
100
AcDbPolyline
 90
        4
 70
     1
 43
0.0
 10
38.486334
 20
62.197996
 10
38.486334
 20
62.397894
 10
39.361364
 20
62.397894
 10
39.361364
 20
62.197996
  0
LWPOLYLINE
  5
8A7
330
1D
100
AcDbEntity
  8
PIN_TOP
100
AcDbPolyline
 90
        4
 70
     1
 43
0.0
 10
38.486334
 20
62.598046
 10
38.486334
 20
62.797944
 10
39.361364
 20
62.797944
 10
39.361364
 20
62.598046
  0
LWPOLYLINE
  5
8AD
330
1D
100
AcDbEntity
  8
PIN_TOP
100
AcDbPolyline
 90
        4
 70
     1
 43
0.0
 10
38.486334
 20
62.998096
 10
38.486334
 20
63.197994
 10
39.361364
 20
63.197994
 10
39.361364
 20
62.998096
  0
LWPOLYLINE
  5
8B3
330
1D
100
AcDbEntity
  8
PIN_TOP
100
AcDbPolyline
 90
        4
 70
     1
 43
0.0
 10
38.486334
 20
63.398146
 10
38.486334
 20
63.598044
 10
39.361364
 20
63.598044
 10
39.361364
 20
63.398146
  0
LWPOLYLINE
  5
8B9
330
1D
100
AcDbEntity
  8
PIN_TOP
100
AcDbPolyline
 90
        4
 70
     1
 43
0.0
 10
38.486334
 20
63.797942
 10
38.486334
 20
63.99784
 10
39.361364
 20
63.99784
 10
39.361364
 20
63.797942
  0
LWPOLYLINE
  5
8BF
330
1D
100
AcDbEntity
  8
PIN_TOP
100
AcDbPolyline
 90
        4
 70
     1
 43
0.0
 10
38.486334
 20
64.197992
 10
38.486334
 20
64.39789
 10
39.361364
 20
64.39789
 10
39.361364
 20
64.197992
  0
LWPOLYLINE
  5
8C5
330
1D
100
AcDbEntity
  8
PIN_TOP
100
AcDbPolyline
 90
        4
 70
     1
 43
0.0
 10
38.486334
 20
64.598042
 10
38.486334
 20
64.79794
 10
39.361364
 20
64.79794
 10
39.361364
 20
64.598042
  0
LWPOLYLINE
  5
8CB
330
1D
100
AcDbEntity
  8
PIN_TOP
100
AcDbPolyline
 90
        4
 70
     1
 43
0.0
 10
38.486334
 20
64.998092
 10
38.486334
 20
65.19799
 10
39.361364
 20
65.19799
 10
39.361364
 20
64.998092
  0
LWPOLYLINE
  5
8D1
330
1D
100
AcDbEntity
  8
PIN_TOP
100
AcDbPolyline
 90
        4
 70
     1
 43
0.0
 10
38.486334
 20
65.398142
 10
38.486334
 20
65.59804
 10
39.361364
 20
65.59804
 10
39.361364
 20
65.398142
  0
LWPOLYLINE
  5
8D7
330
1D
100
AcDbEntity
  8
PIN_TOP
100
AcDbPolyline
 90
        4
 70
     1
 43
0.0
 10
38.486334
 20
65.797938
 10
38.486334
 20
65.997836
 10
39.361364
 20
65.997836
 10
39.361364
 20
65.797938
  0
LWPOLYLINE
  5
8DD
330
1D
100
AcDbEntity
  8
PIN_TOP
100
AcDbPolyline
 90
        4
 70
     1
 43
0.0
 10
38.486334
 20
66.197988
 10
38.486334
 20
66.397886
 10
39.361364
 20
66.397886
 10
39.361364
 20
66.197988
  0
LWPOLYLINE
  5
8E3
330
1D
100
AcDbEntity
  8
PIN_TOP
100
AcDbPolyline
 90
        4
 70
     1
 43
0.0
 10
39.661973
 20
67.573525
 10
39.861871
 20
67.573525
 10
39.861871
 20
66.698495
 10
39.661973
 20
66.698495
  0
LWPOLYLINE
  5
8E9
330
1D
100
AcDbEntity
  8
PIN_TOP
100
AcDbPolyline
 90
        4
 70
     1
 43
0.0
 10
40.062023
 20
67.573525
 10
40.261921
 20
67.573525
 10
40.261921
 20
66.698495
 10
40.062023
 20
66.698495
  0
LWPOLYLINE
  5
8EF
330
1D
100
AcDbEntity
  8
PIN_TOP
100
AcDbPolyline
 90
        4
 70
     1
 43
0.0
 10
40.461819
 20
67.573525
 10
40.661717
 20
67.573525
 10
40.661717
 20
66.698495
 10
40.461819
 20
66.698495
  0
LWPOLYLINE
  5
8F5
330
1D
100
AcDbEntity
  8
PIN_TOP
100
AcDbPolyline
 90
        4
 70
     1
 43
0.0
 10
40.861869
 20
67.573525
 10
41.061767
 20
67.573525
 10
41.061767
 20
66.698495
 10
40.861869
 20
66.698495
  0
LWPOLYLINE
  5
8FB
330
1D
100
AcDbEntity
  8
PIN_TOP
100
AcDbPolyline
 90
        4
 70
     1
 43
0.0
 10
41.261919
 20
67.573525
 10
41.461817
 20
67.573525
 10
41.461817
 20
66.698495
 10
41.261919
 20
66.698495
  0
LWPOLYLINE
  5
901
330
1D
100
AcDbEntity
  8
PIN_TOP
100
AcDbPolyline
 90
        4
 70
     1
 43
0.0
 10
41.661969
 20
67.573525
 10
41.861867
 20
67.573525
 10
41.861867
 20
66.698495
 10
41.661969
 20
66.698495
  0
LWPOLYLINE
  5
907
330
1D
100
AcDbEntity
  8
PIN_TOP
100
AcDbPolyline
 90
        4
 70
     1
 43
0.0
 10
42.062019
 20
67.573525
 10
42.261917
 20
67.573525
 10
42.261917
 20
66.698495
 10
42.062019
 20
66.698495
  0
LWPOLYLINE
  5
90D
330
1D
100
AcDbEntity
  8
PIN_TOP
100
AcDbPolyline
 90
        4
 70
     1
 43
0.0
 10
42.461815
 20
67.573525
 10
42.661713
 20
67.573525
 10
42.661713
 20
66.698495
 10
42.461815
 20
66.698495
  0
LWPOLYLINE
  5
913
330
1D
100
AcDbEntity
  8
PIN_TOP
100
AcDbPolyline
 90
        4
 70
     1
 43
0.0
 10
42.861865
 20
67.573525
 10
43.061763
 20
67.573525
 10
43.061763
 20
66.698495
 10
42.861865
 20
66.698495
  0
LWPOLYLINE
  5
919
330
1D
100
AcDbEntity
  8
PIN_TOP
100
AcDbPolyline
 90
        4
 70
     1
 43
0.0
 10
43.261915
 20
67.573525
 10
43.461813
 20
67.573525
 10
43.461813
 20
66.698495
 10
43.261915
 20
66.698495
  0
LWPOLYLINE
  5
91F
330
1D
100
AcDbEntity
  8
PIN_TOP
100
AcDbPolyline
 90
        4
 70
     1
 43
0.0
 10
43.661965
 20
67.573525
 10
43.861863
 20
67.573525
 10
43.861863
 20
66.698495
 10
43.661965
 20
66.698495
  0
LWPOLYLINE
  5
925
330
1D
100
AcDbEntity
  8
PIN_TOP
100
AcDbPolyline
 90
        4
 70
     1
 43
0.0
 10
44.062015
 20
67.573525
 10
44.261913
 20
67.573525
 10
44.261913
 20
66.698495
 10
44.062015
 20
66.698495
  0
LWPOLYLINE
  5
92B
330
1D
100
AcDbEntity
  8
PIN_TOP
100
AcDbPolyline
 90
        4
 70
     1
 43
0.0
 10
44.461811
 20
67.573525
 10
44.661709
 20
67.573525
 10
44.661709
 20
66.698495
 10
44.461811
 20
66.698495
  0
LWPOLYLINE
  5
931
330
1D
100
AcDbEntity
  8
PIN_TOP
100
AcDbPolyline
 90
        4
 70
     1
 43
0.0
 10
44.861861
 20
67.573525
 10
45.061759
 20
67.573525
 10
45.061759
 20
66.698495
 10
44.861861
 20
66.698495
  0
LWPOLYLINE
  5
937
330
1D
100
AcDbEntity
  8
PG_WB-SILK-R01-TOP
100
AcDbPolyline
 90
        2
 70
     0
 10
46.209966
 20
66.7004
 40
0.127
 41
0.127
 10
45.371766
 20
67.5386
 40
0.127
 41
0.127
  0
LWPOLYLINE
  5
93B
330
1D
100
AcDbEntity
  8
PG_WB-SILK-R01-TOP
100
AcDbPolyline
 90
        2
 70
     0
 10
45.079666
 20
67.7799
 40
0.127
 41
0.127
 10
44.845986
 20
67.7799
 40
0.127
 41
0.127
  0
LWPOLYLINE
  5
93F
330
1D
100
AcDbEntity
  8
PIN_TOP
100
AcDbPolyline
 90
        4
 70
     1
 43
0.0
 10
17.18056
 20
6.689598
 10
17.18056
 20
8.594598
 10
17.99336
 20
8.594598
 10
17.99336
 20
6.689598
  0
LWPOLYLINE
  5
945
330
1D
100
AcDbEntity
  8
PIN_TOP
100
AcDbPolyline
 90
        4
 70
     1
 43
0.0
 10
15.930372
 20
6.689598
 10
15.930372
 20
8.594598
 10
16.743172
 20
8.594598
 10
16.743172
 20
6.689598
  0
LWPOLYLINE
  5
94B
330
1D
100
AcDbEntity
  8
PIN_TOP
100
AcDbPolyline
 90
        4
 70
     1
 43
0.0
 10
20.930362
 20
6.689598
 10
20.930362
 20
8.594598
 10
21.743162
 20
8.594598
 10
21.743162
 20
6.689598
  0
LWPOLYLINE
  5
951
330
1D
100
AcDbEntity
  8
PIN_TOP
100
AcDbPolyline
 90
        4
 70
     1
 43
0.0
 10
18.430494
 20
6.689598
 10
18.430494
 20
8.594598
 10
19.243294
 20
8.594598
 10
19.243294
 20
6.689598
  0
LWPOLYLINE
  5
957
330
1D
100
AcDbEntity
  8
PIN_TOP
100
AcDbPolyline
 90
        4
 70
     1
 43
0.0
 10
7.816088
 20
1.036828
 10
7.816088
 20
4.389628
 10
9.136888
 20
4.389628
 10
9.136888
 20
1.036828
  0
LWPOLYLINE
  5
95D
330
1D
100
AcDbEntity
  8
PIN_TOP
100
AcDbPolyline
 90
        4
 70
     1
 43
0.0
 10
24.786844
 20
1.036828
 10
24.786844
 20
4.389628
 10
26.107644
 20
4.389628
 10
26.107644
 20
1.036828
  0
LWPOLYLINE
  5
963
330
1D
100
AcDbEntity
  8
PIN_TOP
100
AcDbPolyline
 90
        4
 70
     1
 43
0.0
 10
22.18055
 20
6.689598
 10
22.18055
 20
8.594598
 10
22.99335
 20
8.594598
 10
22.99335
 20
6.689598
  0
LWPOLYLINE
  5
969
330
1D
100
AcDbEntity
  8
PIN_TOP
100
AcDbPolyline
 90
        4
 70
     1
 43
0.0
 10
19.680428
 20
6.689598
 10
19.680428
 20
8.594598
 10
20.493228
 20
8.594598
 10
20.493228
 20
6.689598
  0
LWPOLYLINE
  5
96F
330
1D
100
AcDbEntity
  8
PIN_TOP
100
AcDbPolyline
 90
        4
 70
     1
 43
0.0
 10
14.680438
 20
6.689598
 10
14.680438
 20
8.594598
 10
15.493238
 20
8.594598
 10
15.493238
 20
6.689598
  0
LWPOLYLINE
  5
975
330
1D
100
AcDbEntity
  8
PIN_TOP
100
AcDbPolyline
 90
        4
 70
     1
 43
0.0
 10
13.430504
 20
6.689598
 10
13.430504
 20
8.594598
 10
14.243304
 20
8.594598
 10
14.243304
 20
6.689598
  0
LWPOLYLINE
  5
97B
330
1D
100
AcDbEntity
  8
PIN_TOP
100
AcDbPolyline
 90
        4
 70
     1
 43
0.0
 10
12.18057
 20
6.689598
 10
12.18057
 20
8.594598
 10
12.99337
 20
8.594598
 10
12.99337
 20
6.689598
  0
LWPOLYLINE
  5
981
330
1D
100
AcDbEntity
  8
PIN_TOP
100
AcDbPolyline
 90
        4
 70
     1
 43
0.0
 10
10.930382
 20
6.689598
 10
10.930382
 20
8.594598
 10
11.743182
 20
8.594598
 10
11.743182
 20
6.689598
  0
LWPOLYLINE
  5
987
330
1D
100
AcDbEntity
  8
PG_WB-SILK-R01-TOP
100
AcDbPolyline
 90
        2
 70
     0
 10
10.832846
 20
6.38556
 40
0.127
 41
0.127
 10
25.394666
 20
6.38556
 40
0.127
 41
0.127
  0
LWPOLYLINE
  5
98B
330
1D
100
AcDbEntity
  8
PG_WB-SILK-R01-TOP
100
AcDbPolyline
 90
        2
 70
     0
 10
25.394666
 20
6.38556
 40
0.127
 41
0.127
 10
25.394666
 20
4.5212
 40
0.127
 41
0.127
  0
LWPOLYLINE
  5
98F
330
1D
100
AcDbEntity
  8
PG_WB-SILK-R01-TOP
100
AcDbPolyline
 90
        2
 70
     0
 10
8.529066
 20
4.52882
 40
0.127
 41
0.127
 10
8.529066
 20
6.38556
 40
0.127
 41
0.127
  0
LWPOLYLINE
  5
993
330
1D
100
AcDbEntity
  8
PG_WB-SILK-R01-TOP
100
AcDbPolyline
 90
        2
 70
     0
 10
8.529066
 20
6.38556
 40
0.127
 41
0.127
 10
10.832846
 20
6.38556
 40
0.127
 41
0.127
  0
LWPOLYLINE
  5
997
330
1D
100
AcDbEntity
  8
PG_WB-SILK-R01-TOP
100
AcDbPolyline
 90
        2
 70
     0
 10
24.668226
 20
2.6162
 40
0.127
 41
0.127
 10
9.265666
 20
2.6162
 40
0.127
 41
0.127
  0
LWPOLYLINE
  5
99B
330
1D
100
AcDbEntity
  8
PG_WB-SILK-R01-TOP
100
AcDbPolyline
 90
        2
 70
     1
 43
0.0
 10
11.659362
 20
9.39292
 42
1.0
 10
10.63079
 20
9.392884
 42
1.0
  0
LWPOLYLINE
  5
9C7
330
1D
100
AcDbEntity
  8
PIN_TOP
100
AcDbPolyline
 90
        4
 70
     1
 43
0.0
 10
6.751828
 20
16.227552
 10
6.751828
 20
15.719552
 42
1.0
 10
7.513828
 20
15.719552
 10
7.513828
 20
16.227552
 42
1.0
  0
LWPOLYLINE
  5
9CD
330
1D
100
AcDbEntity
  8
PIN_TOP
100
AcDbPolyline
 90
        4
 70
     1
 43
0.0
 10
6.751828
 20
9.822688
 10
6.751828
 20
9.314688
 42
1.0
 10
7.513828
 20
9.314688
 10
7.513828
 20
9.822688
 42
1.0
  0
LWPOLYLINE
  5
9D3
330
1D
100
AcDbEntity
  8
PIN_TOP
100
AcDbPolyline
 90
        4
 70
     1
 43
0.0
 10
7.361428
 20
11.837924
 10
7.132828
 20
11.837924
 42
1.0
 10
7.132828
 20
11.304524
 10
7.361428
 20
11.304524
 42
1.0
  0
LWPOLYLINE
  5
9D9
330
1D
100
AcDbEntity
  8
PIN_TOP
100
AcDbPolyline
 90
        4
 70
     1
 43
0.0
 10
7.361428
 20
12.63777
 10
7.132828
 20
12.63777
 42
1.0
 10
7.132828
 20
12.10437
 10
7.361428
 20
12.10437
 42
1.0
  0
LWPOLYLINE
  5
9DF
330
1D
100
AcDbEntity
  8
PIN_TOP
100
AcDbPolyline
 90
        4
 70
     1
 43
0.0
 10
7.361428
 20
13.43787
 10
7.132828
 20
13.43787
 42
1.0
 10
7.132828
 20
12.90447
 10
7.361428
 20
12.90447
 42
1.0
  0
LWPOLYLINE
  5
9E5
330
1D
100
AcDbEntity
  8
PIN_TOP
100
AcDbPolyline
 90
        4
 70
     1
 43
0.0
 10
7.361428
 20
14.237716
 10
7.132828
 20
14.237716
 42
1.0
 10
7.132828
 20
13.704316
 10
7.361428
 20
13.704316
 42
1.0
  0
LWPOLYLINE
  5
9EB
330
1D
100
AcDbEntity
  8
PIN_TOP
100
AcDbPolyline
 90
        4
 70
     1
 43
0.0
 10
6.432804
 20
10.637774
 10
6.204204
 20
10.637774
 42
1.0
 10
6.204204
 20
10.104374
 10
6.432804
 20
10.104374
 42
1.0
  0
LWPOLYLINE
  5
9F1
330
1D
100
AcDbEntity
  8
PIN_TOP
100
AcDbPolyline
 90
        4
 70
     1
 43
0.0
 10
6.432804
 20
11.437874
 10
6.204204
 20
11.437874
 42
1.0
 10
6.204204
 20
10.904474
 10
6.432804
 20
10.904474
 42
1.0
  0
LWPOLYLINE
  5
9F7
330
1D
100
AcDbEntity
  8
PIN_TOP
100
AcDbPolyline
 90
        4
 70
     1
 43
0.0
 10
6.432804
 20
12.23772
 10
6.204204
 20
12.23772
 42
1.0
 10
6.204204
 20
11.70432
 10
6.432804
 20
11.70432
 42
1.0
  0
LWPOLYLINE
  5
9FD
330
1D
100
AcDbEntity
  8
PIN_TOP
100
AcDbPolyline
 90
        4
 70
     1
 43
0.0
 10
6.432804
 20
13.83792
 10
6.204204
 20
13.83792
 42
1.0
 10
6.204204
 20
13.30452
 10
6.432804
 20
13.30452
 42
1.0
  0
LWPOLYLINE
  5
A03
330
1D
100
AcDbEntity
  8
PIN_TOP
100
AcDbPolyline
 90
        4
 70
     1
 43
0.0
 10
6.432804
 20
14.637766
 10
6.204204
 20
14.637766
 42
1.0
 10
6.204204
 20
14.104366
 10
6.432804
 20
14.104366
 42
1.0
  0
LWPOLYLINE
  5
A09
330
1D
100
AcDbEntity
  8
PIN_TOP
100
AcDbPolyline
 90
        4
 70
     1
 43
0.0
 10
6.432804
 20
15.437866
 10
6.204204
 20
15.437866
 42
1.0
 10
6.204204
 20
14.904466
 10
6.432804
 20
14.904466
 42
1.0
  0
LWPOLYLINE
  5
A0F
330
1D
100
AcDbEntity
  8
PIN_TOP
100
AcDbPolyline
 90
        4
 70
     1
 43
0.0
 10
2.73939
 20
8.779256
 10
1.92659
 20
8.779256
 42
1.0
 10
1.92659
 20
7.763256
 10
2.73939
 20
7.763256
 42
1.0
  0
LWPOLYLINE
  5
A15
330
1D
100
AcDbEntity
  8
PIN_TOP
100
AcDbPolyline
 90
        4
 70
     1
 43
0.0
 10
2.73939
 20
17.778984
 10
1.92659
 20
17.778984
 42
1.0
 10
1.92659
 20
16.762984
 10
2.73939
 20
16.762984
 42
1.0
  0
LWPOLYLINE
  5
A1B
330
1D
100
AcDbEntity
  8
PIN_TOP
100
AcDbPolyline
 90
        4
 70
     1
 43
0.0
 10
8.247634
 20
8.779256
 10
7.638034
 20
8.779256
 42
1.0
 10
7.638034
 20
7.763256
 10
8.247634
 20
7.763256
 42
1.0
  0
LWPOLYLINE
  5
A21
330
1D
100
AcDbEntity
  8
PIN_TOP
100
AcDbPolyline
 90
        4
 70
     1
 43
0.0
 10
8.247634
 20
17.778984
 10
7.638034
 20
17.778984
 42
1.0
 10
7.638034
 20
16.762984
 10
8.247634
 20
16.762984
 42
1.0
  0
LWPOLYLINE
  5
A27
330
1D
100
AcDbEntity
  8
PIN_TOP
100
AcDbPolyline
 90
        4
 70
     1
 43
0.0
 10
6.102604
 20
16.64843
 10
6.102604
 20
16.34363
 42
1.0
 10
6.763004
 20
16.34363
 10
6.763004
 20
16.64843
 42
1.0
  0
CIRCLE
  5
A2D
330
1D
100
AcDbEntity
  8
PIN_TOP
100
AcDbCircle
 10
6.432804
 20
9.04621
 30
0.0
 40
0.3302
  0
CIRCLE
  5
A99
330
1D
100
AcDbEntity
  8
PIN_TOP
100
AcDbCircle
 10
2.399792
 20
39.499032
 30
0.0
 40
0.7112
  0
CIRCLE
  5
A9A
330
1D
100
AcDbEntity
  8
PIN_TOP
100
AcDbCircle
 10
9.399778
 20
39.499032
 30
0.0
 40
0.7112
  0
LWPOLYLINE
  5
A9B
330
1D
100
AcDbEntity
  8
PIN_TOP
100
AcDbPolyline
 90
        4
 70
     1
 43
0.0
 10
73.800208
 20
2.802128
 10
73.800208
 20
6.154928
 10
75.121008
 20
6.154928
 10
75.121008
 20
2.802128
  0
LWPOLYLINE
  5
AA1
330
1D
100
AcDbEntity
  8
PIN_TOP
100
AcDbPolyline
 90
        4
 70
     1
 43
0.0
 10
64.350392
 20
2.802128
 10
64.350392
 20
6.154928
 10
65.671192
 20
6.154928
 10
65.671192
 20
2.802128
  0
LWPOLYLINE
  5
AA7
330
1D
100
AcDbEntity
  8
PIN_TOP
100
AcDbPolyline
 90
        4
 70
     1
 43
0.0
 10
71.204074
 20
8.35025
 10
71.204074
 20
10.35685
 10
72.016874
 20
10.35685
 10
72.016874
 20
8.35025
  0
LWPOLYLINE
  5
AAD
330
1D
100
AcDbEntity
  8
PIN_TOP
100
AcDbPolyline
 90
        4
 70
     1
 43
0.0
 10
69.954394
 20
8.35025
 10
69.954394
 20
10.35685
 10
70.767194
 20
10.35685
 10
70.767194
 20
8.35025
  0
LWPOLYLINE
  5
AB3
330
1D
100
AcDbEntity
  8
PIN_TOP
100
AcDbPolyline
 90
        4
 70
     1
 43
0.0
 10
68.70446
 20
8.35025
 10
68.70446
 20
10.35685
 10
69.51726
 20
10.35685
 10
69.51726
 20
8.35025
  0
LWPOLYLINE
  5
AB9
330
1D
100
AcDbEntity
  8
PIN_TOP
100
AcDbPolyline
 90
        4
 70
     1
 43
0.0
 10
67.454272
 20
8.35025
 10
67.454272
 20
10.35685
 10
68.267072
 20
10.35685
 10
68.267072
 20
8.35025
  0
LWPOLYLINE
  5
ABF
330
1D
100
AcDbEntity
  8
PG_WB-SILK-R01-TOP
100
AcDbPolyline
 90
        2
 70
     0
 10
66.80581
 20
8.11403
 40
0.127
 41
0.127
 10
74.37755
 20
8.11403
 40
0.127
 41
0.127
  0
LWPOLYLINE
  5
AC3
330
1D
100
AcDbEntity
  8
PG_WB-SILK-R01-TOP
100
AcDbPolyline
 90
        2
 70
     0
 10
74.37755
 20
8.11403
 40
0.127
 41
0.127
 10
74.37755
 20
6.28777
 40
0.127
 41
0.127
  0
LWPOLYLINE
  5
AC7
330
1D
100
AcDbEntity
  8
PG_WB-SILK-R01-TOP
100
AcDbPolyline
 90
        2
 70
     0
 10
65.09385
 20
6.30809
 40
0.127
 41
0.127
 10
65.09385
 20
8.11403
 40
0.127
 41
0.127
  0
LWPOLYLINE
  5
ACB
330
1D
100
AcDbEntity
  8
PG_WB-SILK-R01-TOP
100
AcDbPolyline
 90
        2
 70
     0
 10
65.09385
 20
8.11403
 40
0.127
 41
0.127
 10
66.80581
 20
8.11403
 40
0.127
 41
0.127
  0
LWPOLYLINE
  5
ACF
330
1D
100
AcDbEntity
  8
PG_WB-SILK-R01-TOP
100
AcDbPolyline
 90
        2
 70
     0
 10
73.66
 20
4.24307
 40
0.127
 41
0.127
 10
65.8241
 20
4.24307
 40
0.127
 41
0.127
  0
LWPOLYLINE
  5
AD3
330
1D
100
AcDbEntity
  8
PG_WB-SILK-R01-TOP
100
AcDbPolyline
 90
        2
 70
     1
 43
0.0
 10
68.315586
 20
11.186668
 42
1.0
 10
67.287014
 20
11.186632
 42
1.0
  0
CIRCLE
  5
AD7
330
1D
100
AcDbEntity
  8
PIN_TOP
100
AcDbCircle
 10
71.560944
 20
59.371738
 30
0.0
 40
0.559943
  0
CIRCLE
  5
AD8
330
1D
100
AcDbEntity
  8
PIN_TOP
100
AcDbCircle
 10
71.560944
 20
57.371742
 30
0.0
 40
0.559943
  0
CIRCLE
  5
AD9
330
1D
100
AcDbEntity
  8
PIN_TOP
100
AcDbCircle
 10
71.560944
 20
55.371746
 30
0.0
 40
0.559943
  0
CIRCLE
  5
ADA
330
1D
100
AcDbEntity
  8
PIN_TOP
100
AcDbCircle
 10
71.560944
 20
53.37175
 30
0.0
 40
0.559943
  0
CIRCLE
  5
ADB
330
1D
100
AcDbEntity
  8
PIN_TOP
100
AcDbCircle
 10
71.560944
 20
51.371754
 30
0.0
 40
0.559943
  0
CIRCLE
  5
ADC
330
1D
100
AcDbEntity
  8
PIN_TOP
100
AcDbCircle
 10
74.760836
 20
59.371738
 30
0.0
 40
0.559943
  0
CIRCLE
  5
ADD
330
1D
100
AcDbEntity
  8
PIN_TOP
100
AcDbCircle
 10
74.760836
 20
57.371742
 30
0.0
 40
0.559943
  0
CIRCLE
  5
ADE
330
1D
100
AcDbEntity
  8
PIN_TOP
100
AcDbCircle
 10
74.760836
 20
55.371746
 30
0.0
 40
0.559943
  0
CIRCLE
  5
ADF
330
1D
100
AcDbEntity
  8
PIN_TOP
100
AcDbCircle
 10
74.760836
 20
53.37175
 30
0.0
 40
0.559943
  0
CIRCLE
  5
AE0
330
1D
100
AcDbEntity
  8
PIN_TOP
100
AcDbCircle
 10
74.760836
 20
51.371754
 30
0.0
 40
0.559943
  0
CIRCLE
  5
AE1
330
1D
100
AcDbEntity
  8
PIN_TOP
100
AcDbCircle
 10
73.061068
 20
56.371744
 30
0.0
 40
0.559943
  0
CIRCLE
  5
AE2
330
1D
100
AcDbEntity
  8
PIN_TOP
100
AcDbCircle
 10
73.061068
 20
54.371748
 30
0.0
 40
0.559943
  0
CIRCLE
  5
AE3
330
1D
100
AcDbEntity
  8
PIN_TOP
100
AcDbCircle
 10
76.26096
 20
56.371744
 30
0.0
 40
0.559943
  0
CIRCLE
  5
AE4
330
1D
100
AcDbEntity
  8
PIN_TOP
100
AcDbCircle
 10
76.26096
 20
54.371748
 30
0.0
 40
0.559943
  0
CIRCLE
  5
AE5
330
1D
100
AcDbEntity
  8
PIN_TOP
100
AcDbCircle
 10
73.061068
 20
58.871866
 30
0.0
 40
0.559943
  0
CIRCLE
  5
AE6
330
1D
100
AcDbEntity
  8
PIN_TOP
100
AcDbCircle
 10
73.061068
 20
51.871626
 30
0.0
 40
0.559943
  0
CIRCLE
  5
AE7
330
1D
100
AcDbEntity
  8
PIN_TOP
100
AcDbCircle
 10
76.26096
 20
58.871866
 30
0.0
 40
0.559943
  0
CIRCLE
  5
AE8
330
1D
100
AcDbEntity
  8
PIN_TOP
100
AcDbCircle
 10
76.26096
 20
51.871626
 30
0.0
 40
0.559943
  0
CIRCLE
  5
AE9
330
1D
100
AcDbEntity
  8
PIN_TOP
100
AcDbCircle
 10
72.581008
 20
61.94171
 30
0.0
 40
1.4605
  0
CIRCLE
  5
AEA
330
1D
100
AcDbEntity
  8
PIN_TOP
100
AcDbCircle
 10
72.581008
 20
48.801782
 30
0.0
 40
1.4605
  0
CIRCLE
  5
AEB
330
1D
100
AcDbEntity
  8
PIN_TOP
100
AcDbCircle
 10
78.260956
 20
61.94171
 30
0.0
 40
1.4605
  0
CIRCLE
  5
AEC
330
1D
100
AcDbEntity
  8
PIN_TOP
100
AcDbCircle
 10
78.260956
 20
48.801782
 30
0.0
 40
1.4605
  0
LWPOLYLINE
  5
59EB
330
1D
100
AcDbEntity
  8
PIN_TOP
100
AcDbPolyline
 90
        2
 70
     0
 43
0.0
 10
79.474314
 20
68.274184
 42
-0.414544
 10
79.504286
 20
68.29425
  0
LWPOLYLINE
  5
59EF
330
1D
100
AcDbEntity
  8
PIN_TOP
100
AcDbPolyline
 90
        2
 70
     0
 43
0.0
 10
79.504286
 20
68.29425
 10
79.804514
 20
68.29425
  0
LWPOLYLINE
  5
59F3
330
1D
100
AcDbEntity
  8
PIN_TOP
100
AcDbPolyline
 90
        2
 70
     0
 43
0.0
 10
79.804514
 20
68.29425
 42
-0.414544
 10
79.834486
 20
68.274184
  0
LWPOLYLINE
  5
59F7
330
1D
100
AcDbEntity
  8
PIN_TOP
100
AcDbPolyline
 90
        2
 70
     0
 43
0.0
 10
79.834486
 20
68.274184
 10
79.834486
 20
68.014088
  0
LWPOLYLINE
  5
59FB
330
1D
100
AcDbEntity
  8
PIN_TOP
100
AcDbPolyline
 90
        2
 70
     0
 43
0.0
 10
79.834486
 20
68.014088
 42
-0.414544
 10
79.804514
 20
67.994022
  0
LWPOLYLINE
  5
59FF
330
1D
100
AcDbEntity
  8
PIN_TOP
100
AcDbPolyline
 90
        2
 70
     0
 43
0.0
 10
79.804514
 20
67.994022
 10
79.504286
 20
67.994022
  0
LWPOLYLINE
  5
5A03
330
1D
100
AcDbEntity
  8
PIN_TOP
100
AcDbPolyline
 90
        2
 70
     0
 43
0.0
 10
79.504286
 20
67.994022
 42
-0.414544
 10
79.474314
 20
68.014088
  0
LWPOLYLINE
  5
5A07
330
1D
100
AcDbEntity
  8
PIN_TOP
100
AcDbPolyline
 90
        2
 70
     0
 43
0.0
 10
79.474314
 20
68.014088
 10
79.474314
 20
68.274184
  0
LWPOLYLINE
  5
5A0B
330
1D
100
AcDbEntity
  8
PIN_TOP
100
AcDbPolyline
 90
        2
 70
     0
 43
0.0
 10
79.474314
 20
67.774312
 42
-0.414544
 10
79.504286
 20
67.794378
  0
LWPOLYLINE
  5
5A0F
330
1D
100
AcDbEntity
  8
PIN_TOP
100
AcDbPolyline
 90
        2
 70
     0
 43
0.0
 10
79.504286
 20
67.794378
 10
79.804514
 20
67.794378
  0
LWPOLYLINE
  5
5A13
330
1D
100
AcDbEntity
  8
PIN_TOP
100
AcDbPolyline
 90
        2
 70
     0
 43
0.0
 10
79.804514
 20
67.794378
 42
-0.414544
 10
79.834486
 20
67.774312
  0
LWPOLYLINE
  5
5A17
330
1D
100
AcDbEntity
  8
PIN_TOP
100
AcDbPolyline
 90
        2
 70
     0
 43
0.0
 10
79.834486
 20
67.774312
 10
79.834486
 20
67.514216
  0
LWPOLYLINE
  5
5A1B
330
1D
100
AcDbEntity
  8
PIN_TOP
100
AcDbPolyline
 90
        2
 70
     0
 43
0.0
 10
79.834486
 20
67.514216
 42
-0.414544
 10
79.804514
 20
67.49415
  0
LWPOLYLINE
  5
5A1F
330
1D
100
AcDbEntity
  8
PIN_TOP
100
AcDbPolyline
 90
        2
 70
     0
 43
0.0
 10
79.804514
 20
67.49415
 10
79.504286
 20
67.49415
  0
LWPOLYLINE
  5
5A23
330
1D
100
AcDbEntity
  8
PIN_TOP
100
AcDbPolyline
 90
        2
 70
     0
 43
0.0
 10
79.504286
 20
67.49415
 42
-0.414544
 10
79.474314
 20
67.514216
  0
LWPOLYLINE
  5
5A27
330
1D
100
AcDbEntity
  8
PIN_TOP
100
AcDbPolyline
 90
        2
 70
     0
 43
0.0
 10
79.474314
 20
67.514216
 10
79.474314
 20
67.774312
  0
LWPOLYLINE
  5
5A2B
330
1D
100
AcDbEntity
  8
PG_WB-SILK-R01-TOP
100
AcDbPolyline
 90
        2
 70
     0
 10
79.4639
 20
67.9577
 40
0.127
 41
0.127
 10
79.4639
 20
67.8307
 40
0.127
 41
0.127
  0
LWPOLYLINE
  5
5A2F
330
1D
100
AcDbEntity
  8
PG_WB-SILK-R01-TOP
100
AcDbPolyline
 90
        2
 70
     0
 10
79.8449
 20
67.9577
 40
0.127
 41
0.127
 10
79.8449
 20
67.8307
 40
0.127
 41
0.127
  0
LWPOLYLINE
  5
8523
330
1D
100
AcDbEntity
  8
PIN_TOP
100
AcDbPolyline
 90
        2
 70
     0
 43
0.0
 10
40.971978
 20
68.323206
 42
-0.414544
 10
40.992044
 20
68.293234
  0
LWPOLYLINE
  5
8527
330
1D
100
AcDbEntity
  8
PIN_TOP
100
AcDbPolyline
 90
        2
 70
     0
 43
0.0
 10
40.992044
 20
68.293234
 10
40.992044
 20
67.993006
  0
LWPOLYLINE
  5
852B
330
1D
100
AcDbEntity
  8
PIN_TOP
100
AcDbPolyline
 90
        2
 70
     0
 43
0.0
 10
40.992044
 20
67.993006
 42
-0.414544
 10
40.971978
 20
67.963034
  0
LWPOLYLINE
  5
852F
330
1D
100
AcDbEntity
  8
PIN_TOP
100
AcDbPolyline
 90
        2
 70
     0
 43
0.0
 10
40.971978
 20
67.963034
 10
40.711882
 20
67.963034
  0
LWPOLYLINE
  5
8533
330
1D
100
AcDbEntity
  8
PIN_TOP
100
AcDbPolyline
 90
        2
 70
     0
 43
0.0
 10
40.711882
 20
67.963034
 42
-0.414544
 10
40.691816
 20
67.993006
  0
LWPOLYLINE
  5
8537
330
1D
100
AcDbEntity
  8
PIN_TOP
100
AcDbPolyline
 90
        2
 70
     0
 43
0.0
 10
40.691816
 20
67.993006
 10
40.691816
 20
68.293234
  0
LWPOLYLINE
  5
853B
330
1D
100
AcDbEntity
  8
PIN_TOP
100
AcDbPolyline
 90
        2
 70
     0
 43
0.0
 10
40.691816
 20
68.293234
 42
-0.414544
 10
40.711882
 20
68.323206
  0
LWPOLYLINE
  5
853F
330
1D
100
AcDbEntity
  8
PIN_TOP
100
AcDbPolyline
 90
        2
 70
     0
 43
0.0
 10
40.711882
 20
68.323206
 10
40.971978
 20
68.323206
  0
LWPOLYLINE
  5
8543
330
1D
100
AcDbEntity
  8
PIN_TOP
100
AcDbPolyline
 90
        2
 70
     0
 43
0.0
 10
41.47185
 20
68.323206
 42
-0.414544
 10
41.491916
 20
68.293234
  0
LWPOLYLINE
  5
8547
330
1D
100
AcDbEntity
  8
PIN_TOP
100
AcDbPolyline
 90
        2
 70
     0
 43
0.0
 10
41.491916
 20
68.293234
 10
41.491916
 20
67.993006
  0
LWPOLYLINE
  5
854B
330
1D
100
AcDbEntity
  8
PIN_TOP
100
AcDbPolyline
 90
        2
 70
     0
 43
0.0
 10
41.491916
 20
67.993006
 42
-0.414544
 10
41.47185
 20
67.963034
  0
LWPOLYLINE
  5
854F
330
1D
100
AcDbEntity
  8
PIN_TOP
100
AcDbPolyline
 90
        2
 70
     0
 43
0.0
 10
41.47185
 20
67.963034
 10
41.211754
 20
67.963034
  0
LWPOLYLINE
  5
8553
330
1D
100
AcDbEntity
  8
PIN_TOP
100
AcDbPolyline
 90
        2
 70
     0
 43
0.0
 10
41.211754
 20
67.963034
 42
-0.414544
 10
41.191688
 20
67.993006
  0
LWPOLYLINE
  5
8557
330
1D
100
AcDbEntity
  8
PIN_TOP
100
AcDbPolyline
 90
        2
 70
     0
 43
0.0
 10
41.191688
 20
67.993006
 10
41.191688
 20
68.293234
  0
LWPOLYLINE
  5
855B
330
1D
100
AcDbEntity
  8
PIN_TOP
100
AcDbPolyline
 90
        2
 70
     0
 43
0.0
 10
41.191688
 20
68.293234
 42
-0.414544
 10
41.211754
 20
68.323206
  0
LWPOLYLINE
  5
855F
330
1D
100
AcDbEntity
  8
PIN_TOP
100
AcDbPolyline
 90
        2
 70
     0
 43
0.0
 10
41.211754
 20
68.323206
 10
41.47185
 20
68.323206
  0
LWPOLYLINE
  5
8563
330
1D
100
AcDbEntity
  8
PG_WB-SILK-R01-TOP
100
AcDbPolyline
 90
        2
 70
     0
 10
41.155366
 20
68.33362
 40
0.127
 41
0.127
 10
41.028366
 20
68.33362
 40
0.127
 41
0.127
  0
LWPOLYLINE
  5
8567
330
1D
100
AcDbEntity
  8
PG_WB-SILK-R01-TOP
100
AcDbPolyline
 90
        2
 70
     0
 10
41.155366
 20
67.95262
 40
0.127
 41
0.127
 10
41.028366
 20
67.95262
 40
0.127
 41
0.127
  0
LWPOLYLINE
  5
868B
330
1D
100
AcDbEntity
  8
PIN_TOP
100
AcDbPolyline
 90
        2
 70
     0
 43
0.0
 10
45.402754
 20
67.963034
 42
-0.414544
 10
45.382688
 20
67.993006
  0
LWPOLYLINE
  5
868F
330
1D
100
AcDbEntity
  8
PIN_TOP
100
AcDbPolyline
 90
        2
 70
     0
 43
0.0
 10
45.382688
 20
67.993006
 10
45.382688
 20
68.293234
  0
LWPOLYLINE
  5
8693
330
1D
100
AcDbEntity
  8
PIN_TOP
100
AcDbPolyline
 90
        2
 70
     0
 43
0.0
 10
45.382688
 20
68.293234
 42
-0.414544
 10
45.402754
 20
68.323206
  0
LWPOLYLINE
  5
8697
330
1D
100
AcDbEntity
  8
PIN_TOP
100
AcDbPolyline
 90
        2
 70
     0
 43
0.0
 10
45.402754
 20
68.323206
 10
45.66285
 20
68.323206
  0
LWPOLYLINE
  5
869B
330
1D
100
AcDbEntity
  8
PIN_TOP
100
AcDbPolyline
 90
        2
 70
     0
 43
0.0
 10
45.66285
 20
68.323206
 42
-0.414544
 10
45.682916
 20
68.293234
  0
LWPOLYLINE
  5
869F
330
1D
100
AcDbEntity
  8
PIN_TOP
100
AcDbPolyline
 90
        2
 70
     0
 43
0.0
 10
45.682916
 20
68.293234
 10
45.682916
 20
67.993006
  0
LWPOLYLINE
  5
86A3
330
1D
100
AcDbEntity
  8
PIN_TOP
100
AcDbPolyline
 90
        2
 70
     0
 43
0.0
 10
45.682916
 20
67.993006
 42
-0.414544
 10
45.66285
 20
67.963034
  0
LWPOLYLINE
  5
86A7
330
1D
100
AcDbEntity
  8
PIN_TOP
100
AcDbPolyline
 90
        2
 70
     0
 43
0.0
 10
45.66285
 20
67.963034
 10
45.402754
 20
67.963034
  0
LWPOLYLINE
  5
86AB
330
1D
100
AcDbEntity
  8
PIN_TOP
100
AcDbPolyline
 90
        2
 70
     0
 43
0.0
 10
44.902882
 20
67.963034
 42
-0.414544
 10
44.882816
 20
67.993006
  0
LWPOLYLINE
  5
86AF
330
1D
100
AcDbEntity
  8
PIN_TOP
100
AcDbPolyline
 90
        2
 70
     0
 43
0.0
 10
44.882816
 20
67.993006
 10
44.882816
 20
68.293234
  0
LWPOLYLINE
  5
86B3
330
1D
100
AcDbEntity
  8
PIN_TOP
100
AcDbPolyline
 90
        2
 70
     0
 43
0.0
 10
44.882816
 20
68.293234
 42
-0.414544
 10
44.902882
 20
68.323206
  0
LWPOLYLINE
  5
86B7
330
1D
100
AcDbEntity
  8
PIN_TOP
100
AcDbPolyline
 90
        2
 70
     0
 43
0.0
 10
44.902882
 20
68.323206
 10
45.162978
 20
68.323206
  0
LWPOLYLINE
  5
86BB
330
1D
100
AcDbEntity
  8
PIN_TOP
100
AcDbPolyline
 90
        2
 70
     0
 43
0.0
 10
45.162978
 20
68.323206
 42
-0.414544
 10
45.183044
 20
68.293234
  0
LWPOLYLINE
  5
86BF
330
1D
100
AcDbEntity
  8
PIN_TOP
100
AcDbPolyline
 90
        2
 70
     0
 43
0.0
 10
45.183044
 20
68.293234
 10
45.183044
 20
67.993006
  0
LWPOLYLINE
  5
86C3
330
1D
100
AcDbEntity
  8
PIN_TOP
100
AcDbPolyline
 90
        2
 70
     0
 43
0.0
 10
45.183044
 20
67.993006
 42
-0.414544
 10
45.162978
 20
67.963034
  0
LWPOLYLINE
  5
86C7
330
1D
100
AcDbEntity
  8
PIN_TOP
100
AcDbPolyline
 90
        2
 70
     0
 43
0.0
 10
45.162978
 20
67.963034
 10
44.902882
 20
67.963034
  0
LWPOLYLINE
  5
86CB
330
1D
100
AcDbEntity
  8
PG_WB-SILK-R01-TOP
100
AcDbPolyline
 90
        2
 70
     0
 10
45.219366
 20
67.95262
 40
0.127
 41
0.127
 10
45.346366
 20
67.95262
 40
0.127
 41
0.127
  0
LWPOLYLINE
  5
86CF
330
1D
100
AcDbEntity
  8
PG_WB-SILK-R01-TOP
100
AcDbPolyline
 90
        2
 70
     0
 10
45.219366
 20
68.33362
 40
0.127
 41
0.127
 10
45.346366
 20
68.33362
 40
0.127
 41
0.127
  0
CIRCLE
  5
A64B
330
1D
100
AcDbEntity
  8
PIN_TOP
100
AcDbCircle
 10
57.320942
 20
57.3913
 30
0.0
 40
0.8001
  0
CIRCLE
  5
A64C
330
1D
100
AcDbEntity
  8
PIN_TOP
100
AcDbCircle
 10
57.320942
 20
37.39134
 30
0.0
 40
0.5588
  0
LWPOLYLINE
  5
A6BB
330
1D
100
AcDbEntity
  8
PIN_TOP
100
AcDbPolyline
 90
        4
 70
     1
 43
0.0
 10
81.110074
 20
28.544774
 10
83.091274
 20
28.544774
 42
1.0
 10
83.091274
 20
29.865574
 10
81.110074
 20
29.865574
 42
1.0
  0
LWPOLYLINE
  5
A6C1
330
1D
100
AcDbEntity
  8
PIN_TOP
100
AcDbPolyline
 90
        4
 70
     1
 43
0.0
 10
81.110074
 20
41.34485
 10
83.091274
 20
41.34485
 42
1.0
 10
83.091274
 20
42.66565
 10
81.110074
 20
42.66565
 42
1.0
  0
LWPOLYLINE
  5
A6C7
330
1D
100
AcDbEntity
  8
PIN_TOP
100
AcDbPolyline
 90
        4
 70
     1
 43
0.0
 10
75.402186
 20
28.544774
 10
76.799186
 20
28.544774
 42
1.0
 10
76.799186
 20
29.865574
 10
75.402186
 20
29.865574
 42
1.0
  0
LWPOLYLINE
  5
A6CD
330
1D
100
AcDbEntity
  8
PIN_TOP
100
AcDbPolyline
 90
        4
 70
     1
 43
0.0
 10
75.402186
 20
41.34485
 10
76.799186
 20
41.34485
 42
1.0
 10
76.799186
 20
42.66565
 10
75.402186
 20
42.66565
 42
1.0
  0
CIRCLE
  5
A6D3
330
1D
100
AcDbEntity
  8
PIN_TOP
100
AcDbCircle
 10
76.900786
 20
34.605214
 30
0.0
 40
0.508
  0
CIRCLE
  5
A6D4
330
1D
100
AcDbEntity
  8
PIN_TOP
100
AcDbCircle
 10
76.900786
 20
36.60521
 30
0.0
 40
0.508
  0
CIRCLE
  5
A6D5
330
1D
100
AcDbEntity
  8
PIN_TOP
100
AcDbCircle
 10
76.900786
 20
32.105092
 30
0.0
 40
0.508
  0
CIRCLE
  5
A6D6
330
1D
100
AcDbEntity
  8
PIN_TOP
100
AcDbCircle
 10
76.900786
 20
39.105332
 30
0.0
 40
0.508
  0
CIRCLE
  5
A6D7
330
1D
100
AcDbEntity
  8
PIN_TOP
100
AcDbCircle
 10
75.700636
 20
31.60522
 30
0.0
 40
0.508
  0
CIRCLE
  5
A6D8
330
1D
100
AcDbEntity
  8
PIN_TOP
100
AcDbCircle
 10
75.700636
 20
33.605216
 30
0.0
 40
0.508
  0
CIRCLE
  5
A6D9
330
1D
100
AcDbEntity
  8
PIN_TOP
100
AcDbCircle
 10
75.700636
 20
35.605212
 30
0.0
 40
0.508
  0
CIRCLE
  5
A6DA
330
1D
100
AcDbEntity
  8
PIN_TOP
100
AcDbCircle
 10
75.700636
 20
37.605208
 30
0.0
 40
0.508
  0
CIRCLE
  5
A6DB
330
1D
100
AcDbEntity
  8
PIN_TOP
100
AcDbCircle
 10
75.700636
 20
39.605204
 30
0.0
 40
0.508
  0
CIRCLE
  5
A6DC
330
1D
100
AcDbEntity
  8
PIN_TOP
100
AcDbCircle
 10
12.643866
 20
62.42812
 30
0.0
 40
0.508
  0
CIRCLE
  5
A6DD
330
1D
100
AcDbEntity
  8
PIN_TOP
100
AcDbCircle
 10
76.778866
 20
12.00912
 30
0.0
 40
0.508
  0
CIRCLE
  5
A6DE
330
1D
100
AcDbEntity
  8
PIN_TOP
100
AcDbCircle
 10
3.753866
 20
13.02512
 30
0.0
 40
0.508
  0
CIRCLE
  5
A6DF
330
1D
100
AcDbEntity
  8
PIN_TOP
100
AcDbCircle
 10
72.841866
 20
64.71412
 30
0.0
 40
0.508
  0
CIRCLE
  5
A6E0
330
1D
100
AcDbEntity
  8
PIN_TOP
100
AcDbCircle
 10
3.499866
 20
66.499994
 30
0.0
 40
2.7559
  0
CIRCLE
  5
A6E1
330
1D
100
AcDbEntity
  8
PIN_TOP
100
AcDbCircle
 10
84.500974
 20
3.50012
 30
0.0
 40
2.7559
  0
CIRCLE
  5
A6E2
330
1D
100
AcDbEntity
  8
PIN_TOP
100
AcDbCircle
 10
3.499866
 20
3.50012
 30
0.0
 40
2.7559
  0
CIRCLE
  5
A6E3
330
1D
100
AcDbEntity
  8
PIN_TOP
100
AcDbCircle
 10
84.500974
 20
66.499994
 30
0.0
 40
2.7559
  0
CIRCLE
  5
A6E6
330
1D
100
AcDbEntity
  8
PIN_TOP
100
AcDbCircle
 10
29.721048
 20
47.39132
 30
0.0
 40
1.6764
  0
CIRCLE
  5
ADEE
330
1D
100
AcDbEntity
  8
PIN_TOP
100
AcDbCircle
 10
3.96875
 20
29.676852
 30
0.0
 40
0.508
  0
CIRCLE
  5
ADEF
330
1D
100
AcDbEntity
  8
PIN_TOP
100
AcDbCircle
 10
3.96875
 20
21.676868
 30
0.0
 40
0.508
  0
CIRCLE
  5
ADF0
330
1D
100
AcDbEntity
  8
PIN_TOP
100
AcDbCircle
 10
9.009888
 20
61.71311
 30
0.0
 40
1.2065
  0
CIRCLE
  5
ADF1
330
1D
100
AcDbEntity
  8
PIN_TOP
100
AcDbCircle
 10
9.009888
 20
45.313346
 30
0.0
 40
1.2065
  0
CIRCLE
  5
ADF2
330
1D
100
AcDbEntity
  8
PIN_TOP
100
AcDbCircle
 10
14.579854
 20
58.083196
 30
0.0
 40
0.8128
  0
CIRCLE
  5
ADF3
330
1D
100
AcDbEntity
  8
PIN_TOP
100
AcDbCircle
 10
14.579854
 20
60.37326
 30
0.0
 40
0.8128
  0
CIRCLE
  5
ADF4
330
1D
100
AcDbEntity
  8
PIN_TOP
100
AcDbCircle
 10
14.579854
 20
46.653196
 30
0.0
 40
0.8128
  0
CIRCLE
  5
ADF5
330
1D
100
AcDbEntity
  8
PIN_TOP
100
AcDbCircle
 10
14.579854
 20
48.94326
 30
0.0
 40
0.8128
  0
CIRCLE
  5
ADF6
330
1D
100
AcDbEntity
  8
PIN_TOP
100
AcDbCircle
 10
9.769856
 20
54.02326
 30
0.0
 40
0.6604
  0
CIRCLE
  5
ADF7
330
1D
100
AcDbEntity
  8
PIN_TOP
100
AcDbCircle
 10
7.989824
 20
53.003196
 30
0.0
 40
0.6604
  0
CIRCLE
  5
ADF8
330
1D
100
AcDbEntity
  8
PIN_TOP
100
AcDbCircle
 10
7.989824
 20
50.963322
 30
0.0
 40
0.6604
  0
CIRCLE
  5
ADF9
330
1D
100
AcDbEntity
  8
PIN_TOP
100
AcDbCircle
 10
9.769856
 20
49.943258
 30
0.0
 40
0.6604
  0
CIRCLE
  5
ADFA
330
1D
100
AcDbEntity
  8
PIN_TOP
100
AcDbCircle
 10
5.449824
 20
47.163228
 30
0.0
 40
1.6256
  0
CIRCLE
  5
ADFB
330
1D
100
AcDbEntity
  8
PIN_TOP
100
AcDbCircle
 10
5.449824
 20
59.863228
 30
0.0
 40
1.6256
  0
CIRCLE
  5
ADFC
330
1D
100
AcDbEntity
  8
PIN_TOP
100
AcDbCircle
 10
7.989824
 20
55.043324
 30
0.0
 40
0.6604
  0
CIRCLE
  5
ADFD
330
1D
100
AcDbEntity
  8
PIN_TOP
100
AcDbCircle
 10
9.769856
 20
51.983132
 30
0.0
 40
0.6604
  0
CIRCLE
  5
ADFE
330
1D
100
AcDbEntity
  8
PIN_TOP
100
AcDbCircle
 10
7.989824
 20
57.083198
 30
0.0
 40
0.6604
  0
CIRCLE
  5
ADFF
330
1D
100
AcDbEntity
  8
PIN_TOP
100
AcDbCircle
 10
9.769856
 20
56.063134
 30
0.0
 40
0.6604
  0
LWPOLYLINE
  5
AE00
330
1D
100
AcDbEntity
  8
PIN_TOP
100
AcDbPolyline
 90
        4
 70
     1
 43
0.0
 10
78.529434
 20
23.018242
 10
76.243434
 20
23.018242
 42
1.0
 10
76.243434
 20
21.494242
 10
78.529434
 20
21.494242
 42
1.0
  0
LWPOLYLINE
  5
AE06
330
1D
100
AcDbEntity
  8
PIN_TOP
100
AcDbPolyline
 90
        4
 70
     1
 43
0.0
 10
78.529434
 20
8.518398
 10
76.243434
 20
8.518398
 42
1.0
 10
76.243434
 20
6.994398
 10
78.529434
 20
6.994398
 42
1.0
  0
LWPOLYLINE
  5
AE0C
330
1D
100
AcDbEntity
  8
PIN_TOP
100
AcDbPolyline
 90
        4
 70
     1
 43
0.0
 10
84.235544
 20
23.018242
 10
82.457544
 20
23.018242
 42
1.0
 10
82.457544
 20
21.494242
 10
84.235544
 20
21.494242
 42
1.0
  0
LWPOLYLINE
  5
AE12
330
1D
100
AcDbEntity
  8
PIN_TOP
100
AcDbPolyline
 90
        4
 70
     1
 43
0.0
 10
84.235544
 20
8.518398
 10
82.457544
 20
8.518398
 42
1.0
 10
82.457544
 20
6.994398
 10
84.235544
 20
6.994398
 42
1.0
  0
LWPOLYLINE
  5
B16D
330
1D
100
AcDbEntity
  8
PIN_TOP
100
AcDbPolyline
 90
        4
 70
     1
 43
0.0
 10
26.648918
 20
66.928238
 10
26.826718
 20
66.928238
 10
26.826718
 20
65.658238
 10
26.648918
 20
65.658238
  0
LWPOLYLINE
  5
B173
330
1D
100
AcDbEntity
  8
PIN_TOP
100
AcDbPolyline
 90
        4
 70
     1
 43
0.0
 10
26.648918
 20
58.436002
 10
26.826718
 20
58.436002
 10
26.826718
 20
57.166002
 10
26.648918
 20
57.166002
  0
LWPOLYLINE
  5
B179
330
1D
100
AcDbEntity
  8
PIN_TOP
100
AcDbPolyline
 90
        4
 70
     1
 43
0.0
 10
29.449014
 20
66.928238
 10
29.626814
 20
66.928238
 10
29.626814
 20
65.658238
 10
29.449014
 20
65.658238
  0
LWPOLYLINE
  5
B17F
330
1D
100
AcDbEntity
  8
PIN_TOP
100
AcDbPolyline
 90
        4
 70
     1
 43
0.0
 10
24.526748
 20
61.536072
 10
24.526748
 20
61.358272
 10
23.256748
 20
61.358272
 10
23.256748
 20
61.536072
  0
LWPOLYLINE
  5
B185
330
1D
100
AcDbEntity
  8
PIN_TOP
100
AcDbPolyline
 90
        4
 70
     1
 43
0.0
 10
29.048964
 20
66.928238
 10
29.226764
 20
66.928238
 10
29.226764
 20
65.658238
 10
29.048964
 20
65.658238
  0
LWPOLYLINE
  5
B18B
330
1D
100
AcDbEntity
  8
PIN_TOP
100
AcDbPolyline
 90
        4
 70
     1
 43
0.0
 10
33.018984
 20
60.735972
 10
33.018984
 20
60.558172
 10
31.748984
 20
60.558172
 10
31.748984
 20
60.735972
  0
LWPOLYLINE
  5
B191
330
1D
100
AcDbEntity
  8
PIN_TOP
100
AcDbPolyline
 90
        4
 70
     1
 43
0.0
 10
24.526748
 20
63.536068
 10
24.526748
 20
63.358268
 10
23.256748
 20
63.358268
 10
23.256748
 20
63.536068
  0
LWPOLYLINE
  5
B197
330
1D
100
AcDbEntity
  8
PIN_TOP
100
AcDbPolyline
 90
        4
 70
     1
 43
0.0
 10
24.526748
 20
62.335918
 10
24.526748
 20
62.158118
 10
23.256748
 20
62.158118
 10
23.256748
 20
62.335918
  0
LWPOLYLINE
  5
B19D
330
1D
100
AcDbEntity
  8
PIN_TOP
100
AcDbPolyline
 90
        4
 70
     1
 43
0.0
 10
33.018984
 20
64.735964
 10
33.018984
 20
64.558164
 10
31.748984
 20
64.558164
 10
31.748984
 20
64.735964
  0
LWPOLYLINE
  5
B1A3
330
1D
100
AcDbEntity
  8
PIN_TOP
100
AcDbPolyline
 90
        4
 70
     1
 43
0.0
 10
33.018984
 20
63.936118
 10
33.018984
 20
63.758318
 10
31.748984
 20
63.758318
 10
31.748984
 20
63.936118
  0
LWPOLYLINE
  5
B1A9
330
1D
100
AcDbEntity
  8
PIN_TOP
100
AcDbPolyline
 90
        4
 70
     1
 43
0.0
 10
28.648914
 20
66.928238
 10
28.826714
 20
66.928238
 10
28.826714
 20
65.658238
 10
28.648914
 20
65.658238
  0
LWPOLYLINE
  5
B1AF
330
1D
100
AcDbEntity
  8
PIN_TOP
100
AcDbPolyline
 90
        4
 70
     1
 43
0.0
 10
33.018984
 20
62.335918
 10
33.018984
 20
62.158118
 10
31.748984
 20
62.158118
 10
31.748984
 20
62.335918
  0
LWPOLYLINE
  5
B1B5
330
1D
100
AcDbEntity
  8
PIN_TOP
100
AcDbPolyline
 90
        4
 70
     1
 43
0.0
 10
33.018984
 20
63.536068
 10
33.018984
 20
63.358268
 10
31.748984
 20
63.358268
 10
31.748984
 20
63.536068
  0
LWPOLYLINE
  5
B1BB
330
1D
100
AcDbEntity
  8
PIN_TOP
100
AcDbPolyline
 90
        4
 70
     1
 43
0.0
 10
24.526748
 20
62.735968
 10
24.526748
 20
62.558168
 10
23.256748
 20
62.558168
 10
23.256748
 20
62.735968
  0
LWPOLYLINE
  5
B1C1
330
1D
100
AcDbEntity
  8
PIN_TOP
100
AcDbPolyline
 90
        4
 70
     1
 43
0.0
 10
24.526748
 20
65.136014
 10
24.526748
 20
64.958214
 10
23.256748
 20
64.958214
 10
23.256748
 20
65.136014
  0
LWPOLYLINE
  5
B1C7
330
1D
100
AcDbEntity
  8
PIN_TOP
100
AcDbPolyline
 90
        4
 70
     1
 43
0.0
 10
24.526748
 20
64.735964
 10
24.526748
 20
64.558164
 10
23.256748
 20
64.558164
 10
23.256748
 20
64.735964
  0
LWPOLYLINE
  5
B1CD
330
1D
100
AcDbEntity
  8
PIN_TOP
100
AcDbPolyline
 90
        4
 70
     1
 43
0.0
 10
24.526748
 20
64.335914
 10
24.526748
 20
64.158114
 10
23.256748
 20
64.158114
 10
23.256748
 20
64.335914
  0
LWPOLYLINE
  5
B1D3
330
1D
100
AcDbEntity
  8
PIN_TOP
100
AcDbPolyline
 90
        4
 70
     1
 43
0.0
 10
24.526748
 20
63.936118
 10
24.526748
 20
63.758318
 10
23.256748
 20
63.758318
 10
23.256748
 20
63.936118
  0
LWPOLYLINE
  5
B1D9
330
1D
100
AcDbEntity
  8
PIN_TOP
100
AcDbPolyline
 90
        4
 70
     1
 43
0.0
 10
25.449022
 20
66.928238
 10
25.626822
 20
66.928238
 10
25.626822
 20
65.658238
 10
25.449022
 20
65.658238
  0
LWPOLYLINE
  5
B1DF
330
1D
100
AcDbEntity
  8
PIN_TOP
100
AcDbPolyline
 90
        4
 70
     1
 43
0.0
 10
25.048972
 20
66.928238
 10
25.226772
 20
66.928238
 10
25.226772
 20
65.658238
 10
25.048972
 20
65.658238
  0
LWPOLYLINE
  5
B1E5
330
1D
100
AcDbEntity
  8
PIN_TOP
100
AcDbPolyline
 90
        4
 70
     1
 43
0.0
 10
24.526748
 20
63.136018
 10
24.526748
 20
62.958218
 10
23.256748
 20
62.958218
 10
23.256748
 20
63.136018
  0
LWPOLYLINE
  5
B1EB
330
1D
100
AcDbEntity
  8
PIN_TOP
100
AcDbPolyline
 90
        4
 70
     1
 43
0.0
 10
30.64891
 20
66.928238
 10
30.82671
 20
66.928238
 10
30.82671
 20
65.658238
 10
30.64891
 20
65.658238
  0
LWPOLYLINE
  5
B1F1
330
1D
100
AcDbEntity
  8
PIN_TOP
100
AcDbPolyline
 90
        4
 70
     1
 43
0.0
 10
29.849064
 20
66.928238
 10
30.026864
 20
66.928238
 10
30.026864
 20
65.658238
 10
29.849064
 20
65.658238
  0
LWPOLYLINE
  5
B1F7
330
1D
100
AcDbEntity
  8
PIN_TOP
100
AcDbPolyline
 90
        4
 70
     1
 43
0.0
 10
28.248864
 20
58.436002
 10
28.426664
 20
58.436002
 10
28.426664
 20
57.166002
 10
28.248864
 20
57.166002
  0
LWPOLYLINE
  5
B1FD
330
1D
100
AcDbEntity
  8
PIN_TOP
100
AcDbPolyline
 90
        4
 70
     1
 43
0.0
 10
31.04896
 20
66.928238
 10
31.22676
 20
66.928238
 10
31.22676
 20
65.658238
 10
31.04896
 20
65.658238
  0
LWPOLYLINE
  5
B203
330
1D
100
AcDbEntity
  8
PIN_TOP
100
AcDbPolyline
 90
        4
 70
     1
 43
0.0
 10
30.24886
 20
66.928238
 10
30.42666
 20
66.928238
 10
30.42666
 20
65.658238
 10
30.24886
 20
65.658238
  0
LWPOLYLINE
  5
B209
330
1D
100
AcDbEntity
  8
PIN_TOP
100
AcDbPolyline
 90
        4
 70
     1
 43
0.0
 10
27.849068
 20
58.436002
 10
28.026868
 20
58.436002
 10
28.026868
 20
57.166002
 10
27.849068
 20
57.166002
  0
LWPOLYLINE
  5
B20F
330
1D
100
AcDbEntity
  8
PIN_TOP
100
AcDbPolyline
 90
        4
 70
     1
 43
0.0
 10
29.449014
 20
58.436002
 10
29.626814
 20
58.436002
 10
29.626814
 20
57.166002
 10
29.449014
 20
57.166002
  0
LWPOLYLINE
  5
B215
330
1D
100
AcDbEntity
  8
PIN_TOP
100
AcDbPolyline
 90
        4
 70
     1
 43
0.0
 10
33.018984
 20
61.136022
 10
33.018984
 20
60.958222
 10
31.748984
 20
60.958222
 10
31.748984
 20
61.136022
  0
LWPOLYLINE
  5
B21B
330
1D
100
AcDbEntity
  8
PIN_TOP
100
AcDbPolyline
 90
        4
 70
     1
 43
0.0
 10
27.849068
 20
66.928238
 10
28.026868
 20
66.928238
 10
28.026868
 20
65.658238
 10
27.849068
 20
65.658238
  0
LWPOLYLINE
  5
B221
330
1D
100
AcDbEntity
  8
PIN_TOP
100
AcDbPolyline
 90
        4
 70
     1
 43
0.0
 10
27.449018
 20
58.436002
 10
27.626818
 20
58.436002
 10
27.626818
 20
57.166002
 10
27.449018
 20
57.166002
  0
LWPOLYLINE
  5
B227
330
1D
100
AcDbEntity
  8
PIN_TOP
100
AcDbPolyline
 90
        4
 70
     1
 43
0.0
 10
27.048968
 20
58.436002
 10
27.226768
 20
58.436002
 10
27.226768
 20
57.166002
 10
27.048968
 20
57.166002
  0
LWPOLYLINE
  5
B22D
330
1D
100
AcDbEntity
  8
PIN_TOP
100
AcDbPolyline
 90
        4
 70
     1
 43
0.0
 10
25.048972
 20
58.436002
 10
25.226772
 20
58.436002
 10
25.226772
 20
57.166002
 10
25.048972
 20
57.166002
  0
LWPOLYLINE
  5
B233
330
1D
100
AcDbEntity
  8
PIN_TOP
100
AcDbPolyline
 90
        4
 70
     1
 43
0.0
 10
28.248864
 20
66.928238
 10
28.426664
 20
66.928238
 10
28.426664
 20
65.658238
 10
28.248864
 20
65.658238
  0
LWPOLYLINE
  5
B239
330
1D
100
AcDbEntity
  8
PIN_TOP
100
AcDbPolyline
 90
        4
 70
     1
 43
0.0
 10
27.449018
 20
66.928238
 10
27.626818
 20
66.928238
 10
27.626818
 20
65.658238
 10
27.449018
 20
65.658238
  0
LWPOLYLINE
  5
B23F
330
1D
100
AcDbEntity
  8
PIN_TOP
100
AcDbPolyline
 90
        4
 70
     1
 43
0.0
 10
27.048968
 20
66.928238
 10
27.226768
 20
66.928238
 10
27.226768
 20
65.658238
 10
27.048968
 20
65.658238
  0
LWPOLYLINE
  5
B245
330
1D
100
AcDbEntity
  8
PIN_TOP
100
AcDbPolyline
 90
        4
 70
     1
 43
0.0
 10
28.648914
 20
58.436002
 10
28.826714
 20
58.436002
 10
28.826714
 20
57.166002
 10
28.648914
 20
57.166002
  0
LWPOLYLINE
  5
B24B
330
1D
100
AcDbEntity
  8
PIN_TOP
100
AcDbPolyline
 90
        4
 70
     1
 43
0.0
 10
24.526748
 20
61.136022
 10
24.526748
 20
60.958222
 10
23.256748
 20
60.958222
 10
23.256748
 20
61.136022
  0
LWPOLYLINE
  5
B251
330
1D
100
AcDbEntity
  8
PIN_TOP
100
AcDbPolyline
 90
        4
 70
     1
 43
0.0
 10
25.849072
 20
66.928238
 10
26.026872
 20
66.928238
 10
26.026872
 20
65.658238
 10
25.849072
 20
65.658238
  0
LWPOLYLINE
  5
B257
330
1D
100
AcDbEntity
  8
PIN_TOP
100
AcDbPolyline
 90
        4
 70
     1
 43
0.0
 10
25.449022
 20
58.436002
 10
25.626822
 20
58.436002
 10
25.626822
 20
57.166002
 10
25.449022
 20
57.166002
  0
LWPOLYLINE
  5
B25D
330
1D
100
AcDbEntity
  8
PIN_TOP
100
AcDbPolyline
 90
        4
 70
     1
 43
0.0
 10
26.248868
 20
58.436002
 10
26.426668
 20
58.436002
 10
26.426668
 20
57.166002
 10
26.248868
 20
57.166002
  0
LWPOLYLINE
  5
B263
330
1D
100
AcDbEntity
  8
PIN_TOP
100
AcDbPolyline
 90
        4
 70
     1
 43
0.0
 10
24.526748
 20
59.536076
 10
24.526748
 20
59.358276
 10
23.256748
 20
59.358276
 10
23.256748
 20
59.536076
  0
LWPOLYLINE
  5
B269
330
1D
100
AcDbEntity
  8
PIN_TOP
100
AcDbPolyline
 90
        4
 70
     1
 43
0.0
 10
33.018984
 20
64.335914
 10
33.018984
 20
64.158114
 10
31.748984
 20
64.158114
 10
31.748984
 20
64.335914
  0
LWPOLYLINE
  5
B26F
330
1D
100
AcDbEntity
  8
PIN_TOP
100
AcDbPolyline
 90
        4
 70
     1
 43
0.0
 10
29.048964
 20
58.436002
 10
29.226764
 20
58.436002
 10
29.226764
 20
57.166002
 10
29.048964
 20
57.166002
  0
LWPOLYLINE
  5
B275
330
1D
100
AcDbEntity
  8
PIN_TOP
100
AcDbPolyline
 90
        4
 70
     1
 43
0.0
 10
33.018984
 20
61.936122
 10
33.018984
 20
61.758322
 10
31.748984
 20
61.758322
 10
31.748984
 20
61.936122
  0
LWPOLYLINE
  5
B27B
330
1D
100
AcDbEntity
  8
PIN_TOP
100
AcDbPolyline
 90
        4
 70
     1
 43
0.0
 10
33.018984
 20
63.136018
 10
33.018984
 20
62.958218
 10
31.748984
 20
62.958218
 10
31.748984
 20
63.136018
  0
LWPOLYLINE
  5
B281
330
1D
100
AcDbEntity
  8
PIN_TOP
100
AcDbPolyline
 90
        4
 70
     1
 43
0.0
 10
24.526748
 20
59.136026
 10
24.526748
 20
58.958226
 10
23.256748
 20
58.958226
 10
23.256748
 20
59.136026
  0
LWPOLYLINE
  5
B287
330
1D
100
AcDbEntity
  8
PIN_TOP
100
AcDbPolyline
 90
        4
 70
     1
 43
0.0
 10
33.018984
 20
62.735968
 10
33.018984
 20
62.558168
 10
31.748984
 20
62.558168
 10
31.748984
 20
62.735968
  0
LWPOLYLINE
  5
B28D
330
1D
100
AcDbEntity
  8
PIN_TOP
100
AcDbPolyline
 90
        4
 70
     1
 43
0.0
 10
24.526748
 20
59.936126
 10
24.526748
 20
59.758326
 10
23.256748
 20
59.758326
 10
23.256748
 20
59.936126
  0
LWPOLYLINE
  5
B293
330
1D
100
AcDbEntity
  8
PIN_TOP
100
AcDbPolyline
 90
        4
 70
     1
 43
0.0
 10
25.849072
 20
58.436002
 10
26.026872
 20
58.436002
 10
26.026872
 20
57.166002
 10
25.849072
 20
57.166002
  0
LWPOLYLINE
  5
B299
330
1D
100
AcDbEntity
  8
PIN_TOP
100
AcDbPolyline
 90
        4
 70
     1
 43
0.0
 10
24.526748
 20
60.735972
 10
24.526748
 20
60.558172
 10
23.256748
 20
60.558172
 10
23.256748
 20
60.735972
  0
LWPOLYLINE
  5
B29F
330
1D
100
AcDbEntity
  8
PIN_TOP
100
AcDbPolyline
 90
        4
 70
     1
 43
0.0
 10
30.24886
 20
58.436002
 10
30.42666
 20
58.436002
 10
30.42666
 20
57.166002
 10
30.24886
 20
57.166002
  0
LWPOLYLINE
  5
B2A5
330
1D
100
AcDbEntity
  8
PIN_TOP
100
AcDbPolyline
 90
        4
 70
     1
 43
0.0
 10
29.849064
 20
58.436002
 10
30.026864
 20
58.436002
 10
30.026864
 20
57.166002
 10
29.849064
 20
57.166002
  0
LWPOLYLINE
  5
B2AB
330
1D
100
AcDbEntity
  8
PIN_TOP
100
AcDbPolyline
 90
        4
 70
     1
 43
0.0
 10
24.526748
 20
60.335922
 10
24.526748
 20
60.158122
 10
23.256748
 20
60.158122
 10
23.256748
 20
60.335922
  0
LWPOLYLINE
  5
B2B1
330
1D
100
AcDbEntity
  8
PIN_TOP
100
AcDbPolyline
 90
        4
 70
     1
 43
0.0
 10
24.526748
 20
61.936122
 10
24.526748
 20
61.758322
 10
23.256748
 20
61.758322
 10
23.256748
 20
61.936122
  0
LWPOLYLINE
  5
B2B7
330
1D
100
AcDbEntity
  8
PIN_TOP
100
AcDbPolyline
 90
        4
 70
     1
 43
0.0
 10
26.248868
 20
66.928238
 10
26.426668
 20
66.928238
 10
26.426668
 20
65.658238
 10
26.248868
 20
65.658238
  0
LWPOLYLINE
  5
B2BD
330
1D
100
AcDbEntity
  8
PIN_TOP
100
AcDbPolyline
 90
        4
 70
     1
 43
0.0
 10
33.018984
 20
61.536072
 10
33.018984
 20
61.358272
 10
31.748984
 20
61.358272
 10
31.748984
 20
61.536072
  0
LWPOLYLINE
  5
B2C3
330
1D
100
AcDbEntity
  8
PIN_TOP
100
AcDbPolyline
 90
        4
 70
     1
 43
0.0
 10
33.018984
 20
60.335922
 10
33.018984
 20
60.158122
 10
31.748984
 20
60.158122
 10
31.748984
 20
60.335922
  0
LWPOLYLINE
  5
B2C9
330
1D
100
AcDbEntity
  8
PIN_TOP
100
AcDbPolyline
 90
        4
 70
     1
 43
0.0
 10
33.018984
 20
59.936126
 10
33.018984
 20
59.758326
 10
31.748984
 20
59.758326
 10
31.748984
 20
59.936126
  0
LWPOLYLINE
  5
B2CF
330
1D
100
AcDbEntity
  8
PIN_TOP
100
AcDbPolyline
 90
        4
 70
     1
 43
0.0
 10
33.018984
 20
59.536076
 10
33.018984
 20
59.358276
 10
31.748984
 20
59.358276
 10
31.748984
 20
59.536076
  0
LWPOLYLINE
  5
B2D5
330
1D
100
AcDbEntity
  8
PIN_TOP
100
AcDbPolyline
 90
        4
 70
     1
 43
0.0
 10
33.018984
 20
59.136026
 10
33.018984
 20
58.958226
 10
31.748984
 20
58.958226
 10
31.748984
 20
59.136026
  0
LWPOLYLINE
  5
B2DB
330
1D
100
AcDbEntity
  8
PIN_TOP
100
AcDbPolyline
 90
        4
 70
     1
 43
0.0
 10
31.04896
 20
58.436002
 10
31.22676
 20
58.436002
 10
31.22676
 20
57.166002
 10
31.04896
 20
57.166002
  0
LWPOLYLINE
  5
B2E1
330
1D
100
AcDbEntity
  8
PIN_TOP
100
AcDbPolyline
 90
        4
 70
     1
 43
0.0
 10
33.018984
 20
65.136014
 10
33.018984
 20
64.958214
 10
31.748984
 20
64.958214
 10
31.748984
 20
65.136014
  0
LWPOLYLINE
  5
B2E7
330
1D
100
AcDbEntity
  8
PIN_TOP
100
AcDbPolyline
 90
        4
 70
     1
 43
0.0
 10
30.64891
 20
58.436002
 10
30.82671
 20
58.436002
 10
30.82671
 20
57.166002
 10
30.64891
 20
57.166002
  0
LWPOLYLINE
  5
B2ED
330
1D
100
AcDbEntity
  8
PG_WB-SILK-R01-TOP
100
AcDbPolyline
 90
        2
 70
     0
 10
32.378396
 20
65.411604
 40
0.254
 41
0.254
 10
31.489396
 20
66.300604
 40
0.254
 41
0.254
  0
CIRCLE
  5
B6CC
330
1D
100
AcDbEntity
  8
PIN_TOP
100
AcDbCircle
 10
4.642866
 20
15.69212
 30
0.0
 40
0.508
  0
CIRCLE
  5
B6CD
330
1D
100
AcDbEntity
  8
PIN_TOP
100
AcDbCircle
 10
4.642866
 20
17.47012
 30
0.0
 40
0.508
  0
LWPOLYLINE
  5
B72A
330
1D
100
AcDbEntity
  8
PIN_TOP
100
AcDbPolyline
 90
        4
 70
     1
 43
0.0
 10
8.998966
 20
16.00962
 10
8.998966
 20
16.89862
 10
9.887966
 20
16.89862
 10
9.887966
 20
16.00962
  0
LWPOLYLINE
  5
B756
330
1D
100
AcDbEntity
  8
PIN_TOP
100
AcDbPolyline
 90
        4
 70
     1
 43
0.0
 10
8.998966
 20
10.29462
 10
8.998966
 20
11.18362
 10
9.887966
 20
11.18362
 10
9.887966
 20
10.29462
  0
LWPOLYLINE
  5
B7A8
330
1D
100
AcDbEntity
  8
PIN_TOP
100
AcDbPolyline
 90
        4
 70
     1
 43
0.0
 10
8.998966
 20
12.19962
 10
8.998966
 20
13.08862
 10
9.887966
 20
13.08862
 10
9.887966
 20
12.19962
  0
LWPOLYLINE
  5
B7D4
330
1D
100
AcDbEntity
  8
PIN_TOP
100
AcDbPolyline
 90
        4
 70
     1
 43
0.0
 10
8.998966
 20
14.10462
 10
8.998966
 20
14.99362
 10
9.887966
 20
14.99362
 10
9.887966
 20
14.10462
  0
CIRCLE
  5
B800
330
1D
100
AcDbEntity
  8
PIN_TOP
100
AcDbCircle
 10
59.470798
 20
61.805058
 30
0.0
 40
0.1524
  0
CIRCLE
  5
B801
330
1D
100
AcDbEntity
  8
PIN_TOP
100
AcDbCircle
 10
59.470798
 20
61.305186
 30
0.0
 40
0.1524
  0
LWPOLYLINE
  5
B802
330
1D
100
AcDbEntity
  8
PIN_TOP
100
AcDbPolyline
 90
        4
 70
     1
 43
0.0
 10
53.945536
 20
60.432188
 10
53.996336
 20
60.432188
 42
-1.0
 10
53.996336
 20
60.178188
 10
53.945536
 20
60.178188
 42
-1.0
  0
LWPOLYLINE
  5
B808
330
1D
100
AcDbEntity
  8
PIN_TOP
100
AcDbPolyline
 90
        4
 70
     1
 43
0.0
 10
53.945536
 20
60.93206
 10
53.996336
 20
60.93206
 42
-1.0
 10
53.996336
 20
60.67806
 10
53.945536
 20
60.67806
 42
-1.0
  0
LWPOLYLINE
  5
B80E
330
1D
100
AcDbEntity
  8
PIN_TOP
100
AcDbPolyline
 90
        4
 70
     1
 43
0.0
 10
53.945536
 20
61.432186
 10
53.996336
 20
61.432186
 42
-1.0
 10
53.996336
 20
61.178186
 10
53.945536
 20
61.178186
 42
-1.0
  0
CIRCLE
  5
B814
330
1D
100
AcDbEntity
  8
PIN_TOP
100
AcDbCircle
 10
54.470808
 20
59.805062
 30
0.0
 40
0.1524
  0
CIRCLE
  5
B815
330
1D
100
AcDbEntity
  8
PIN_TOP
100
AcDbCircle
 10
54.470808
 20
60.305188
 30
0.0
 40
0.1524
  0
CIRCLE
  5
B816
330
1D
100
AcDbEntity
  8
PIN_TOP
100
AcDbCircle
 10
54.470808
 20
60.80506
 30
0.0
 40
0.1524
  0
CIRCLE
  5
B817
330
1D
100
AcDbEntity
  8
PIN_TOP
100
AcDbCircle
 10
54.470808
 20
61.305186
 30
0.0
 40
0.1524
  0
CIRCLE
  5
B818
330
1D
100
AcDbEntity
  8
PIN_TOP
100
AcDbCircle
 10
54.470808
 20
61.805058
 30
0.0
 40
0.1524
  0
CIRCLE
  5
B819
330
1D
100
AcDbEntity
  8
PIN_TOP
100
AcDbCircle
 10
57.470802
 20
61.305186
 30
0.0
 40
0.1524
  0
CIRCLE
  5
B81A
330
1D
100
AcDbEntity
  8
PIN_TOP
100
AcDbCircle
 10
58.4708
 20
61.305186
 30
0.0
 40
0.1524
  0
CIRCLE
  5
B81B
330
1D
100
AcDbEntity
  8
PIN_TOP
100
AcDbCircle
 10
59.470798
 20
60.80506
 30
0.0
 40
0.1524
  0
CIRCLE
  5
B81C
330
1D
100
AcDbEntity
  8
PIN_TOP
100
AcDbCircle
 10
59.970924
 20
60.80506
 30
0.0
 40
0.1524
  0
CIRCLE
  5
B81D
330
1D
100
AcDbEntity
  8
PIN_TOP
100
AcDbCircle
 10
60.470796
 20
60.305188
 30
0.0
 40
0.1524
  0
CIRCLE
  5
B81E
330
1D
100
AcDbEntity
  8
PIN_TOP
100
AcDbCircle
 10
60.470796
 20
61.305186
 30
0.0
 40
0.1524
  0
CIRCLE
  5
B81F
330
1D
100
AcDbEntity
  8
PIN_TOP
100
AcDbCircle
 10
54.970934
 20
61.805058
 30
0.0
 40
0.1524
  0
CIRCLE
  5
B820
330
1D
100
AcDbEntity
  8
PIN_TOP
100
AcDbCircle
 10
56.470804
 20
61.305186
 30
0.0
 40
0.1524
  0
CIRCLE
  5
B821
330
1D
100
AcDbEntity
  8
PIN_TOP
100
AcDbCircle
 10
57.970928
 20
63.805054
 30
0.0
 40
0.1524
  0
CIRCLE
  5
B822
330
1D
100
AcDbEntity
  8
PIN_TOP
100
AcDbCircle
 10
58.4708
 20
63.305182
 30
0.0
 40
0.1524
  0
CIRCLE
  5
B823
330
1D
100
AcDbEntity
  8
PIN_TOP
100
AcDbCircle
 10
55.970932
 20
61.805058
 30
0.0
 40
0.1524
  0
CIRCLE
  5
B824
330
1D
100
AcDbEntity
  8
PIN_TOP
100
AcDbCircle
 10
54.970934
 20
59.805062
 30
0.0
 40
0.1524
  0
CIRCLE
  5
B825
330
1D
100
AcDbEntity
  8
PIN_TOP
100
AcDbCircle
 10
55.970932
 20
62.305184
 30
0.0
 40
0.1524
  0
LWPOLYLINE
  5
B826
330
1D
100
AcDbEntity
  8
PIN_TOP
100
AcDbPolyline
 90
        4
 70
     1
 43
0.0
 10
53.945536
 20
61.932058
 10
53.996336
 20
61.932058
 42
-1.0
 10
53.996336
 20
61.678058
 10
53.945536
 20
61.678058
 42
-1.0
  0
CIRCLE
  5
B82C
330
1D
100
AcDbEntity
  8
PIN_TOP
100
AcDbCircle
 10
57.970928
 20
61.305186
 30
0.0
 40
0.1524
  0
CIRCLE
  5
B82D
330
1D
100
AcDbEntity
  8
PIN_TOP
100
AcDbCircle
 10
56.97093
 20
61.305186
 30
0.0
 40
0.1524
  0
CIRCLE
  5
B82E
330
1D
100
AcDbEntity
  8
PIN_TOP
100
AcDbCircle
 10
57.470802
 20
63.805054
 30
0.0
 40
0.1524
  0
CIRCLE
  5
B82F
330
1D
100
AcDbEntity
  8
PIN_TOP
100
AcDbCircle
 10
58.4708
 20
62.805056
 30
0.0
 40
0.1524
  0
CIRCLE
  5
B830
330
1D
100
AcDbEntity
  8
PIN_TOP
100
AcDbCircle
 10
59.970924
 20
59.805062
 30
0.0
 40
0.1524
  0
CIRCLE
  5
B831
330
1D
100
AcDbEntity
  8
PIN_TOP
100
AcDbCircle
 10
59.970924
 20
61.305186
 30
0.0
 40
0.1524
  0
CIRCLE
  5
B832
330
1D
100
AcDbEntity
  8
PIN_TOP
100
AcDbCircle
 10
60.470796
 20
60.80506
 30
0.0
 40
0.1524
  0
CIRCLE
  5
B833
330
1D
100
AcDbEntity
  8
PIN_TOP
100
AcDbCircle
 10
60.470796
 20
61.805058
 30
0.0
 40
0.1524
  0
CIRCLE
  5
B834
330
1D
100
AcDbEntity
  8
PIN_TOP
100
AcDbCircle
 10
54.970934
 20
60.80506
 30
0.0
 40
0.1524
  0
LWPOLYLINE
  5
B835
330
1D
100
AcDbEntity
  8
PIN_TOP
100
AcDbPolyline
 90
        4
 70
     1
 43
0.0
 10
53.945536
 20
59.43219
 10
53.996336
 20
59.43219
 42
-1.0
 10
53.996336
 20
59.17819
 10
53.945536
 20
59.17819
 42
-1.0
  0
CIRCLE
  5
B83B
330
1D
100
AcDbEntity
  8
PIN_TOP
100
AcDbCircle
 10
53.970936
 20
65.305178
 30
0.0
 40
0.1524
  0
CIRCLE
  5
B83C
330
1D
100
AcDbEntity
  8
PIN_TOP
100
AcDbCircle
 10
58.970926
 20
65.80505
 30
0.0
 40
0.1524
  0
CIRCLE
  5
B83D
330
1D
100
AcDbEntity
  8
PIN_TOP
100
AcDbCircle
 10
59.470798
 20
59.30519
 30
0.0
 40
0.1524
  0
CIRCLE
  5
B83E
330
1D
100
AcDbEntity
  8
PIN_TOP
100
AcDbCircle
 10
59.470798
 20
59.805062
 30
0.0
 40
0.1524
  0
CIRCLE
  5
B83F
330
1D
100
AcDbEntity
  8
PIN_TOP
100
AcDbCircle
 10
59.470798
 20
60.305188
 30
0.0
 40
0.1524
  0
CIRCLE
  5
B840
330
1D
100
AcDbEntity
  8
PIN_TOP
100
AcDbCircle
 10
59.470798
 20
63.305182
 30
0.0
 40
0.1524
  0
CIRCLE
  5
B841
330
1D
100
AcDbEntity
  8
PIN_TOP
100
AcDbCircle
 10
59.470798
 20
63.805054
 30
0.0
 40
0.1524
  0
CIRCLE
  5
B842
330
1D
100
AcDbEntity
  8
PIN_TOP
100
AcDbCircle
 10
59.470798
 20
64.30518
 30
0.0
 40
0.1524
  0
CIRCLE
  5
B843
330
1D
100
AcDbEntity
  8
PIN_TOP
100
AcDbCircle
 10
54.970934
 20
61.305186
 30
0.0
 40
0.1524
  0
CIRCLE
  5
B844
330
1D
100
AcDbEntity
  8
PIN_TOP
100
AcDbCircle
 10
53.970936
 20
65.80505
 30
0.0
 40
0.1524
  0
CIRCLE
  5
B845
330
1D
100
AcDbEntity
  8
PIN_TOP
100
AcDbCircle
 10
54.471062
 20
59.30519
 30
0.0
 40
0.1524
  0
CIRCLE
  5
B846
330
1D
100
AcDbEntity
  8
PIN_TOP
100
AcDbCircle
 10
54.470808
 20
62.305184
 30
0.0
 40
0.1524
  0
CIRCLE
  5
B847
330
1D
100
AcDbEntity
  8
PIN_TOP
100
AcDbCircle
 10
54.470808
 20
62.805056
 30
0.0
 40
0.1524
  0
CIRCLE
  5
B848
330
1D
100
AcDbEntity
  8
PIN_TOP
100
AcDbCircle
 10
54.470808
 20
63.305182
 30
0.0
 40
0.1524
  0
CIRCLE
  5
B849
330
1D
100
AcDbEntity
  8
PIN_TOP
100
AcDbCircle
 10
54.470808
 20
63.805054
 30
0.0
 40
0.1524
  0
CIRCLE
  5
B84A
330
1D
100
AcDbEntity
  8
PIN_TOP
100
AcDbCircle
 10
54.470808
 20
64.30518
 30
0.0
 40
0.1524
  0
CIRCLE
  5
B84B
330
1D
100
AcDbEntity
  8
PIN_TOP
100
AcDbCircle
 10
54.470808
 20
64.805052
 30
0.0
 40
0.1524
  0
CIRCLE
  5
B84C
330
1D
100
AcDbEntity
  8
PIN_TOP
100
AcDbCircle
 10
54.470808
 20
65.305178
 30
0.0
 40
0.1524
  0
LWPOLYLINE
  5
B84D
330
1D
100
AcDbEntity
  8
PIN_TOP
100
AcDbPolyline
 90
        4
 70
     1
 43
0.0
 10
53.945536
 20
59.932062
 10
53.996336
 20
59.932062
 42
-1.0
 10
53.996336
 20
59.678062
 10
53.945536
 20
59.678062
 42
-1.0
  0
CIRCLE
  5
B853
330
1D
100
AcDbEntity
  8
PIN_TOP
100
AcDbCircle
 10
54.470808
 20
65.80505
 30
0.0
 40
0.1524
  0
CIRCLE
  5
B854
330
1D
100
AcDbEntity
  8
PIN_TOP
100
AcDbCircle
 10
54.970934
 20
59.30519
 30
0.0
 40
0.1524
  0
CIRCLE
  5
B855
330
1D
100
AcDbEntity
  8
PIN_TOP
100
AcDbCircle
 10
54.970934
 20
60.305188
 30
0.0
 40
0.1524
  0
CIRCLE
  5
B856
330
1D
100
AcDbEntity
  8
PIN_TOP
100
AcDbCircle
 10
60.470796
 20
65.80505
 30
0.0
 40
0.1524
  0
CIRCLE
  5
B857
330
1D
100
AcDbEntity
  8
PIN_TOP
100
AcDbCircle
 10
54.970934
 20
62.305184
 30
0.0
 40
0.1524
  0
CIRCLE
  5
B858
330
1D
100
AcDbEntity
  8
PIN_TOP
100
AcDbCircle
 10
54.970934
 20
62.805056
 30
0.0
 40
0.1524
  0
CIRCLE
  5
B859
330
1D
100
AcDbEntity
  8
PIN_TOP
100
AcDbCircle
 10
54.970934
 20
63.305182
 30
0.0
 40
0.1524
  0
CIRCLE
  5
B85A
330
1D
100
AcDbEntity
  8
PIN_TOP
100
AcDbCircle
 10
54.970934
 20
63.805054
 30
0.0
 40
0.1524
  0
CIRCLE
  5
B85B
330
1D
100
AcDbEntity
  8
PIN_TOP
100
AcDbCircle
 10
54.970934
 20
64.30518
 30
0.0
 40
0.1524
  0
CIRCLE
  5
B85C
330
1D
100
AcDbEntity
  8
PIN_TOP
100
AcDbCircle
 10
54.970934
 20
64.805052
 30
0.0
 40
0.1524
  0
CIRCLE
  5
B85D
330
1D
100
AcDbEntity
  8
PIN_TOP
100
AcDbCircle
 10
59.470798
 20
62.305184
 30
0.0
 40
0.1524
  0
CIRCLE
  5
B85E
330
1D
100
AcDbEntity
  8
PIN_TOP
100
AcDbCircle
 10
54.970934
 20
65.305178
 30
0.0
 40
0.1524
  0
CIRCLE
  5
B85F
330
1D
100
AcDbEntity
  8
PIN_TOP
100
AcDbCircle
 10
54.970934
 20
65.80505
 30
0.0
 40
0.1524
  0
CIRCLE
  5
B860
330
1D
100
AcDbEntity
  8
PIN_TOP
100
AcDbCircle
 10
55.47106
 20
59.30519
 30
0.0
 40
0.1524
  0
CIRCLE
  5
B861
330
1D
100
AcDbEntity
  8
PIN_TOP
100
AcDbCircle
 10
55.470806
 20
59.805062
 30
0.0
 40
0.1524
  0
CIRCLE
  5
B862
330
1D
100
AcDbEntity
  8
PIN_TOP
100
AcDbCircle
 10
55.470806
 20
60.305188
 30
0.0
 40
0.1524
  0
CIRCLE
  5
B863
330
1D
100
AcDbEntity
  8
PIN_TOP
100
AcDbCircle
 10
55.470806
 20
60.80506
 30
0.0
 40
0.1524
  0
CIRCLE
  5
B864
330
1D
100
AcDbEntity
  8
PIN_TOP
100
AcDbCircle
 10
55.470806
 20
64.805052
 30
0.0
 40
0.1524
  0
CIRCLE
  5
B865
330
1D
100
AcDbEntity
  8
PIN_TOP
100
AcDbCircle
 10
55.470806
 20
65.305178
 30
0.0
 40
0.1524
  0
CIRCLE
  5
B866
330
1D
100
AcDbEntity
  8
PIN_TOP
100
AcDbCircle
 10
55.470806
 20
65.80505
 30
0.0
 40
0.1524
  0
LWPOLYLINE
  5
B867
330
1D
100
AcDbEntity
  8
PIN_TOP
100
AcDbPolyline
 90
        4
 70
     1
 43
0.0
 10
56.097932
 20
59.35599
 10
56.097932
 20
59.25439
 42
-1.0
 10
55.843932
 20
59.25439
 10
55.843932
 20
59.35599
 42
-1.0
  0
CIRCLE
  5
B86D
330
1D
100
AcDbEntity
  8
PIN_TOP
100
AcDbCircle
 10
59.470798
 20
62.805056
 30
0.0
 40
0.1524
  0
LWPOLYLINE
  5
B86E
330
1D
100
AcDbEntity
  8
PIN_TOP
100
AcDbPolyline
 90
        4
 70
     1
 43
0.0
 10
56.097932
 20
59.855862
 10
56.097932
 20
59.754262
 42
-1.0
 10
55.843932
 20
59.754262
 10
55.843932
 20
59.855862
 42
-1.0
  0
LWPOLYLINE
  5
B874
330
1D
100
AcDbEntity
  8
PIN_TOP
100
AcDbPolyline
 90
        4
 70
     1
 43
0.0
 10
56.097932
 20
60.355988
 10
56.097932
 20
60.254388
 42
-1.0
 10
55.843932
 20
60.254388
 10
55.843932
 20
60.355988
 42
-1.0
  0
CIRCLE
  5
B87A
330
1D
100
AcDbEntity
  8
PIN_TOP
100
AcDbCircle
 10
60.470796
 20
59.805062
 30
0.0
 40
0.1524
  0
CIRCLE
  5
B87B
330
1D
100
AcDbEntity
  8
PIN_TOP
100
AcDbCircle
 10
60.470796
 20
62.805056
 30
0.0
 40
0.1524
  0
CIRCLE
  5
B87C
330
1D
100
AcDbEntity
  8
PIN_TOP
100
AcDbCircle
 10
60.470796
 20
63.305182
 30
0.0
 40
0.1524
  0
CIRCLE
  5
B87D
330
1D
100
AcDbEntity
  8
PIN_TOP
100
AcDbCircle
 10
60.470796
 20
64.30518
 30
0.0
 40
0.1524
  0
CIRCLE
  5
B87E
330
1D
100
AcDbEntity
  8
PIN_TOP
100
AcDbCircle
 10
60.470796
 20
64.805052
 30
0.0
 40
0.1524
  0
CIRCLE
  5
B87F
330
1D
100
AcDbEntity
  8
PIN_TOP
100
AcDbCircle
 10
60.470796
 20
65.305178
 30
0.0
 40
0.1524
  0
CIRCLE
  5
B880
330
1D
100
AcDbEntity
  8
PIN_TOP
100
AcDbCircle
 10
55.970932
 20
64.805052
 30
0.0
 40
0.1524
  0
CIRCLE
  5
B881
330
1D
100
AcDbEntity
  8
PIN_TOP
100
AcDbCircle
 10
55.970932
 20
65.305178
 30
0.0
 40
0.1524
  0
CIRCLE
  5
B882
330
1D
100
AcDbEntity
  8
PIN_TOP
100
AcDbCircle
 10
53.970936
 20
62.805056
 30
0.0
 40
0.1524
  0
CIRCLE
  5
B883
330
1D
100
AcDbEntity
  8
PIN_TOP
100
AcDbCircle
 10
55.970932
 20
65.80505
 30
0.0
 40
0.1524
  0
LWPOLYLINE
  5
B884
330
1D
100
AcDbEntity
  8
PIN_TOP
100
AcDbPolyline
 90
        4
 70
     1
 43
0.0
 10
56.597804
 20
59.35599
 10
56.597804
 20
59.25439
 42
-1.0
 10
56.343804
 20
59.25439
 10
56.343804
 20
59.35599
 42
-1.0
  0
LWPOLYLINE
  5
B88A
330
1D
100
AcDbEntity
  8
PIN_TOP
100
AcDbPolyline
 90
        4
 70
     1
 43
0.0
 10
56.597804
 20
59.855862
 10
56.597804
 20
59.754262
 42
-1.0
 10
56.343804
 20
59.754262
 10
56.343804
 20
59.855862
 42
-1.0
  0
LWPOLYLINE
  5
B890
330
1D
100
AcDbEntity
  8
PIN_TOP
100
AcDbPolyline
 90
        4
 70
     1
 43
0.0
 10
56.597804
 20
60.355988
 10
56.597804
 20
60.254388
 42
-1.0
 10
56.343804
 20
60.254388
 10
56.343804
 20
60.355988
 42
-1.0
  0
CIRCLE
  5
B896
330
1D
100
AcDbEntity
  8
PIN_TOP
100
AcDbCircle
 10
59.970924
 20
65.80505
 30
0.0
 40
0.1524
  0
CIRCLE
  5
B897
330
1D
100
AcDbEntity
  8
PIN_TOP
100
AcDbCircle
 10
60.470796
 20
59.30519
 30
0.0
 40
0.1524
  0
CIRCLE
  5
B898
330
1D
100
AcDbEntity
  8
PIN_TOP
100
AcDbCircle
 10
56.470804
 20
64.805052
 30
0.0
 40
0.1524
  0
CIRCLE
  5
B899
330
1D
100
AcDbEntity
  8
PIN_TOP
100
AcDbCircle
 10
56.470804
 20
65.305178
 30
0.0
 40
0.1524
  0
CIRCLE
  5
B89A
330
1D
100
AcDbEntity
  8
PIN_TOP
100
AcDbCircle
 10
56.470804
 20
65.80505
 30
0.0
 40
0.1524
  0
LWPOLYLINE
  5
B89B
330
1D
100
AcDbEntity
  8
PIN_TOP
100
AcDbPolyline
 90
        4
 70
     1
 43
0.0
 10
57.09793
 20
59.35599
 10
57.09793
 20
59.25439
 42
-1.0
 10
56.84393
 20
59.25439
 10
56.84393
 20
59.35599
 42
-1.0
  0
CIRCLE
  5
B8A1
330
1D
100
AcDbEntity
  8
PIN_TOP
100
AcDbCircle
 10
53.970936
 20
63.305182
 30
0.0
 40
0.1524
  0
LWPOLYLINE
  5
B8A2
330
1D
100
AcDbEntity
  8
PIN_TOP
100
AcDbPolyline
 90
        4
 70
     1
 43
0.0
 10
57.09793
 20
59.855862
 10
57.09793
 20
59.754262
 42
-1.0
 10
56.84393
 20
59.754262
 10
56.84393
 20
59.855862
 42
-1.0
  0
CIRCLE
  5
B8A8
330
1D
100
AcDbEntity
  8
PIN_TOP
100
AcDbCircle
 10
59.970924
 20
64.30518
 30
0.0
 40
0.1524
  0
CIRCLE
  5
B8A9
330
1D
100
AcDbEntity
  8
PIN_TOP
100
AcDbCircle
 10
59.970924
 20
64.805052
 30
0.0
 40
0.1524
  0
CIRCLE
  5
B8AA
330
1D
100
AcDbEntity
  8
PIN_TOP
100
AcDbCircle
 10
59.970924
 20
65.305178
 30
0.0
 40
0.1524
  0
CIRCLE
  5
B8AB
330
1D
100
AcDbEntity
  8
PIN_TOP
100
AcDbCircle
 10
56.97093
 20
64.805052
 30
0.0
 40
0.1524
  0
CIRCLE
  5
B8AC
330
1D
100
AcDbEntity
  8
PIN_TOP
100
AcDbCircle
 10
56.97093
 20
65.305178
 30
0.0
 40
0.1524
  0
CIRCLE
  5
B8AD
330
1D
100
AcDbEntity
  8
PIN_TOP
100
AcDbCircle
 10
56.97093
 20
65.80505
 30
0.0
 40
0.1524
  0
LWPOLYLINE
  5
B8AE
330
1D
100
AcDbEntity
  8
PIN_TOP
100
AcDbPolyline
 90
        4
 70
     1
 43
0.0
 10
57.597802
 20
59.35599
 10
57.597802
 20
59.25439
 42
-1.0
 10
57.343802
 20
59.25439
 10
57.343802
 20
59.35599
 42
-1.0
  0
LWPOLYLINE
  5
B8B4
330
1D
100
AcDbEntity
  8
PIN_TOP
100
AcDbPolyline
 90
        4
 70
     1
 43
0.0
 10
57.597802
 20
59.855862
 10
57.597802
 20
59.754262
 42
-1.0
 10
57.343802
 20
59.754262
 10
57.343802
 20
59.855862
 42
-1.0
  0
LWPOLYLINE
  5
B8BA
330
1D
100
AcDbEntity
  8
PIN_TOP
100
AcDbPolyline
 90
        4
 70
     1
 43
0.0
 10
57.597802
 20
60.355988
 10
57.597802
 20
60.254388
 42
-1.0
 10
57.343802
 20
60.254388
 10
57.343802
 20
60.355988
 42
-1.0
  0
CIRCLE
  5
B8C0
330
1D
100
AcDbEntity
  8
PIN_TOP
100
AcDbCircle
 10
53.970936
 20
63.805054
 30
0.0
 40
0.1524
  0
CIRCLE
  5
B8C1
330
1D
100
AcDbEntity
  8
PIN_TOP
100
AcDbCircle
 10
59.970924
 20
63.305182
 30
0.0
 40
0.1524
  0
CIRCLE
  5
B8C2
330
1D
100
AcDbEntity
  8
PIN_TOP
100
AcDbCircle
 10
59.970924
 20
63.805054
 30
0.0
 40
0.1524
  0
CIRCLE
  5
B8C3
330
1D
100
AcDbEntity
  8
PIN_TOP
100
AcDbCircle
 10
57.470802
 20
64.805052
 30
0.0
 40
0.1524
  0
CIRCLE
  5
B8C4
330
1D
100
AcDbEntity
  8
PIN_TOP
100
AcDbCircle
 10
57.470802
 20
65.305178
 30
0.0
 40
0.1524
  0
CIRCLE
  5
B8C5
330
1D
100
AcDbEntity
  8
PIN_TOP
100
AcDbCircle
 10
57.470802
 20
65.80505
 30
0.0
 40
0.1524
  0
LWPOLYLINE
  5
B8C6
330
1D
100
AcDbEntity
  8
PIN_TOP
100
AcDbPolyline
 90
        4
 70
     1
 43
0.0
 10
58.097928
 20
59.35599
 10
58.097928
 20
59.25439
 42
-1.0
 10
57.843928
 20
59.25439
 10
57.843928
 20
59.35599
 42
-1.0
  0
LWPOLYLINE
  5
B8CC
330
1D
100
AcDbEntity
  8
PIN_TOP
100
AcDbPolyline
 90
        4
 70
     1
 43
0.0
 10
58.097928
 20
59.855862
 10
58.097928
 20
59.754262
 42
-1.0
 10
57.843928
 20
59.754262
 10
57.843928
 20
59.855862
 42
-1.0
  0
LWPOLYLINE
  5
B8D2
330
1D
100
AcDbEntity
  8
PIN_TOP
100
AcDbPolyline
 90
        4
 70
     1
 43
0.0
 10
58.097928
 20
60.355988
 10
58.097928
 20
60.254388
 42
-1.0
 10
57.843928
 20
60.254388
 10
57.843928
 20
60.355988
 42
-1.0
  0
CIRCLE
  5
B8D8
330
1D
100
AcDbEntity
  8
PIN_TOP
100
AcDbCircle
 10
59.970924
 20
62.305184
 30
0.0
 40
0.1524
  0
CIRCLE
  5
B8D9
330
1D
100
AcDbEntity
  8
PIN_TOP
100
AcDbCircle
 10
59.970924
 20
62.805056
 30
0.0
 40
0.1524
  0
CIRCLE
  5
B8DA
330
1D
100
AcDbEntity
  8
PIN_TOP
100
AcDbCircle
 10
53.970936
 20
64.30518
 30
0.0
 40
0.1524
  0
CIRCLE
  5
B8DB
330
1D
100
AcDbEntity
  8
PIN_TOP
100
AcDbCircle
 10
57.970928
 20
64.805052
 30
0.0
 40
0.1524
  0
CIRCLE
  5
B8DC
330
1D
100
AcDbEntity
  8
PIN_TOP
100
AcDbCircle
 10
57.970928
 20
65.305178
 30
0.0
 40
0.1524
  0
CIRCLE
  5
B8DD
330
1D
100
AcDbEntity
  8
PIN_TOP
100
AcDbCircle
 10
57.970928
 20
65.80505
 30
0.0
 40
0.1524
  0
LWPOLYLINE
  5
B8DE
330
1D
100
AcDbEntity
  8
PIN_TOP
100
AcDbPolyline
 90
        4
 70
     1
 43
0.0
 10
58.5978
 20
59.35599
 10
58.5978
 20
59.25439
 42
-1.0
 10
58.3438
 20
59.25439
 10
58.3438
 20
59.35599
 42
-1.0
  0
LWPOLYLINE
  5
B8E4
330
1D
100
AcDbEntity
  8
PIN_TOP
100
AcDbPolyline
 90
        4
 70
     1
 43
0.0
 10
58.5978
 20
59.855862
 10
58.5978
 20
59.754262
 42
-1.0
 10
58.3438
 20
59.754262
 10
58.3438
 20
59.855862
 42
-1.0
  0
LWPOLYLINE
  5
B8EA
330
1D
100
AcDbEntity
  8
PIN_TOP
100
AcDbPolyline
 90
        4
 70
     1
 43
0.0
 10
58.5978
 20
60.355988
 10
58.5978
 20
60.254388
 42
-1.0
 10
58.3438
 20
60.254388
 10
58.3438
 20
60.355988
 42
-1.0
  0
CIRCLE
  5
B8F0
330
1D
100
AcDbEntity
  8
PIN_TOP
100
AcDbCircle
 10
59.470798
 20
64.805052
 30
0.0
 40
0.1524
  0
CIRCLE
  5
B8F1
330
1D
100
AcDbEntity
  8
PIN_TOP
100
AcDbCircle
 10
59.470798
 20
65.305178
 30
0.0
 40
0.1524
  0
CIRCLE
  5
B8F2
330
1D
100
AcDbEntity
  8
PIN_TOP
100
AcDbCircle
 10
59.470798
 20
65.80505
 30
0.0
 40
0.1524
  0
CIRCLE
  5
B8F3
330
1D
100
AcDbEntity
  8
PIN_TOP
100
AcDbCircle
 10
59.970924
 20
59.30519
 30
0.0
 40
0.1524
  0
CIRCLE
  5
B8F4
330
1D
100
AcDbEntity
  8
PIN_TOP
100
AcDbCircle
 10
53.970936
 20
64.805052
 30
0.0
 40
0.1524
  0
CIRCLE
  5
B8F5
330
1D
100
AcDbEntity
  8
PIN_TOP
100
AcDbCircle
 10
59.970924
 20
60.305188
 30
0.0
 40
0.1524
  0
CIRCLE
  5
B8F6
330
1D
100
AcDbEntity
  8
PIN_TOP
100
AcDbCircle
 10
59.970924
 20
61.805058
 30
0.0
 40
0.1524
  0
CIRCLE
  5
B8F7
330
1D
100
AcDbEntity
  8
PIN_TOP
100
AcDbCircle
 10
58.4708
 20
64.805052
 30
0.0
 40
0.1524
  0
CIRCLE
  5
B8F8
330
1D
100
AcDbEntity
  8
PIN_TOP
100
AcDbCircle
 10
58.4708
 20
65.305178
 30
0.0
 40
0.1524
  0
CIRCLE
  5
B8F9
330
1D
100
AcDbEntity
  8
PIN_TOP
100
AcDbCircle
 10
58.4708
 20
65.80505
 30
0.0
 40
0.1524
  0
CIRCLE
  5
B8FA
330
1D
100
AcDbEntity
  8
PIN_TOP
100
AcDbCircle
 10
58.970926
 20
59.30519
 30
0.0
 40
0.1524
  0
CIRCLE
  5
B8FB
330
1D
100
AcDbEntity
  8
PIN_TOP
100
AcDbCircle
 10
58.970926
 20
59.805062
 30
0.0
 40
0.1524
  0
CIRCLE
  5
B8FC
330
1D
100
AcDbEntity
  8
PIN_TOP
100
AcDbCircle
 10
58.970926
 20
60.305188
 30
0.0
 40
0.1524
  0
CIRCLE
  5
B8FD
330
1D
100
AcDbEntity
  8
PIN_TOP
100
AcDbCircle
 10
58.970926
 20
64.805052
 30
0.0
 40
0.1524
  0
CIRCLE
  5
B8FE
330
1D
100
AcDbEntity
  8
PIN_TOP
100
AcDbCircle
 10
58.970926
 20
65.305178
 30
0.0
 40
0.1524
  0
CIRCLE
  5
B8FF
330
1D
100
AcDbEntity
  8
PIN_TOP
100
AcDbCircle
 10
60.470796
 20
62.305184
 30
0.0
 40
0.1524
  0
CIRCLE
  5
B900
330
1D
100
AcDbEntity
  8
PIN_TOP
100
AcDbCircle
 10
56.97093
 20
63.805054
 30
0.0
 40
0.1524
  0
CIRCLE
  5
B901
330
1D
100
AcDbEntity
  8
PIN_TOP
100
AcDbCircle
 10
58.4708
 20
61.805058
 30
0.0
 40
0.1524
  0
CIRCLE
  5
B902
330
1D
100
AcDbEntity
  8
PIN_TOP
100
AcDbCircle
 10
58.4708
 20
62.305184
 30
0.0
 40
0.1524
  0
CIRCLE
  5
B903
330
1D
100
AcDbEntity
  8
PIN_TOP
100
AcDbCircle
 10
58.4708
 20
63.805054
 30
0.0
 40
0.1524
  0
LWPOLYLINE
  5
B904
330
1D
100
AcDbEntity
  8
PIN_TOP
100
AcDbPolyline
 90
        4
 70
     1
 43
0.0
 10
53.945536
 20
62.432184
 10
53.996336
 20
62.432184
 42
-1.0
 10
53.996336
 20
62.178184
 10
53.945536
 20
62.178184
 42
-1.0
  0
CIRCLE
  5
B90A
330
1D
100
AcDbEntity
  8
PIN_TOP
100
AcDbCircle
 10
60.470796
 20
63.805054
 30
0.0
 40
0.1524
  0
CIRCLE
  5
B90B
330
1D
100
AcDbEntity
  8
PIN_TOP
100
AcDbCircle
 10
55.970932
 20
61.305186
 30
0.0
 40
0.1524
  0
CIRCLE
  5
B90C
330
1D
100
AcDbEntity
  8
PIN_TOP
100
AcDbCircle
 10
55.970932
 20
62.805056
 30
0.0
 40
0.1524
  0
CIRCLE
  5
B90D
330
1D
100
AcDbEntity
  8
PIN_TOP
100
AcDbCircle
 10
55.970932
 20
63.305182
 30
0.0
 40
0.1524
  0
CIRCLE
  5
B90E
330
1D
100
AcDbEntity
  8
PIN_TOP
100
AcDbCircle
 10
55.970932
 20
63.805054
 30
0.0
 40
0.1524
  0
CIRCLE
  5
B90F
330
1D
100
AcDbEntity
  8
PIN_TOP
100
AcDbCircle
 10
56.470804
 20
63.805054
 30
0.0
 40
0.1524
  0
LWPOLYLINE
  5
B910
330
1D
100
AcDbEntity
  8
PIN_TOP
100
AcDbPolyline
 90
        4
 70
     1
 43
0.0
 10
57.09793
 20
60.355988
 10
57.09793
 20
60.254388
 42
-1.0
 10
56.84393
 20
60.254388
 10
56.84393
 20
60.355988
 42
-1.0
  0
LWPOLYLINE
  5
B916
330
1D
100
AcDbEntity
  8
PG_WB-SILK-R01-TOP
100
AcDbPolyline
 90
        2
 70
     0
 43
0.0
 10
50.593752
 20
59.53379
 10
50.593752
 20
56.678068
  0
LWPOLYLINE
  5
B91A
330
1D
100
AcDbEntity
  8
PG_WB-SILK-R01-TOP
100
AcDbPolyline
 90
        2
 70
     0
 43
0.0
 10
50.593752
 20
56.678068
 10
54.034182
 20
56.678068
  0
LWPOLYLINE
  5
B91E
330
1D
100
AcDbEntity
  8
PG_WB-SILK-R01-TOP
100
AcDbPolyline
 90
        2
 70
     0
 43
0.0
 10
61.781182
 20
56.678068
 10
63.84798
 20
56.678068
  0
LWPOLYLINE
  5
B922
330
1D
100
AcDbEntity
  8
PG_WB-SILK-R01-TOP
100
AcDbPolyline
 90
        2
 70
     0
 43
0.0
 10
63.84798
 20
66.46799
 10
63.84798
 20
68.432172
  0
LWPOLYLINE
  5
B926
330
1D
100
AcDbEntity
  8
PG_WB-SILK-R01-TOP
100
AcDbPolyline
 90
        2
 70
     0
 43
0.0
 10
63.84798
 20
68.432172
 10
61.831982
 20
68.432172
  0
LWPOLYLINE
  5
B92A
330
1D
100
AcDbEntity
  8
PG_WB-SILK-R01-TOP
100
AcDbPolyline
 90
        2
 70
     0
 43
0.0
 10
52.408582
 20
68.432172
 10
50.593752
 20
68.432172
  0
LWPOLYLINE
  5
B92E
330
1D
100
AcDbEntity
  8
PG_WB-SILK-R01-TOP
100
AcDbPolyline
 90
        2
 70
     0
 43
0.0
 10
50.593752
 20
68.432172
 10
50.593752
 20
65.88379
  0
LWPOLYLINE
  5
B932
330
1D
100
AcDbEntity
  8
PG_WB-SILK-R01-TOP
100
AcDbPolyline
 90
        2
 70
     0
 10
50.170334
 20
58.760868
 40
0.127
 41
0.127
 10
50.170334
 20
56.277764
 40
0.127
 41
0.127
  0
LWPOLYLINE
  5
B936
330
1D
100
AcDbEntity
  8
PG_WB-SILK-R01-TOP
100
AcDbPolyline
 90
        2
 70
     0
 10
50.170334
 20
56.277764
 40
0.127
 41
0.127
 10
52.784756
 20
56.277764
 40
0.127
 41
0.127
  0
LWPOLYLINE
  5
B93A
330
1D
100
AcDbEntity
  8
PG_WB-SILK-R01-TOP
100
AcDbPolyline
 90
        2
 70
     0
 43
0.0
 10
63.84798
 20
56.678068
 10
63.84798
 20
59.22899
  0
CIRCLE
  5
BDF6
330
1D
100
AcDbEntity
  8
PIN_TOP
100
AcDbCircle
 10
71.02475
 20
15.28699
 30
0.0
 40
0.127
  0
CIRCLE
  5
BDF7
330
1D
100
AcDbEntity
  8
PIN_TOP
100
AcDbCircle
 10
69.8246
 20
24.087074
 30
0.0
 40
0.127
  0
CIRCLE
  5
BDF8
330
1D
100
AcDbEntity
  8
PIN_TOP
100
AcDbCircle
 10
65.424812
 20
15.28699
 30
0.0
 40
0.127
  0
CIRCLE
  5
BDF9
330
1D
100
AcDbEntity
  8
PIN_TOP
100
AcDbCircle
 10
64.224662
 20
24.087074
 30
0.0
 40
0.127
  0
CIRCLE
  5
BDFA
330
1D
100
AcDbEntity
  8
PIN_TOP
100
AcDbCircle
 10
71.02475
 20
16.08709
 30
0.0
 40
0.127
  0
CIRCLE
  5
BDFB
330
1D
100
AcDbEntity
  8
PIN_TOP
100
AcDbCircle
 10
69.8246
 20
23.286974
 30
0.0
 40
0.127
  0
CIRCLE
  5
BDFC
330
1D
100
AcDbEntity
  8
PIN_TOP
100
AcDbCircle
 10
65.424812
 20
16.08709
 30
0.0
 40
0.127
  0
CIRCLE
  5
BDFD
330
1D
100
AcDbEntity
  8
PIN_TOP
100
AcDbCircle
 10
64.224662
 20
23.286974
 30
0.0
 40
0.127
  0
CIRCLE
  5
BDFE
330
1D
100
AcDbEntity
  8
PIN_TOP
100
AcDbCircle
 10
70.6247
 20
15.68704
 30
0.0
 40
0.127
  0
CIRCLE
  5
BDFF
330
1D
100
AcDbEntity
  8
PIN_TOP
100
AcDbCircle
 10
70.22465
 20
23.687024
 30
0.0
 40
0.127
  0
CIRCLE
  5
BE00
330
1D
100
AcDbEntity
  8
PIN_TOP
100
AcDbCircle
 10
65.024762
 20
15.68704
 30
0.0
 40
0.127
  0
CIRCLE
  5
BE01
330
1D
100
AcDbEntity
  8
PIN_TOP
100
AcDbCircle
 10
64.624712
 20
23.687024
 30
0.0
 40
0.127
  0
CIRCLE
  5
BE02
330
1D
100
AcDbEntity
  8
PIN_TOP
100
AcDbCircle
 10
70.22465
 20
15.68704
 30
0.0
 40
0.127
  0
CIRCLE
  5
BE03
330
1D
100
AcDbEntity
  8
PIN_TOP
100
AcDbCircle
 10
70.6247
 20
23.687024
 30
0.0
 40
0.127
  0
CIRCLE
  5
BE04
330
1D
100
AcDbEntity
  8
PIN_TOP
100
AcDbCircle
 10
64.624712
 20
15.68704
 30
0.0
 40
0.127
  0
CIRCLE
  5
BE05
330
1D
100
AcDbEntity
  8
PIN_TOP
100
AcDbCircle
 10
65.024762
 20
23.687024
 30
0.0
 40
0.127
  0
CIRCLE
  5
BE06
330
1D
100
AcDbEntity
  8
PIN_TOP
100
AcDbCircle
 10
70.22465
 20
15.28699
 30
0.0
 40
0.127
  0
CIRCLE
  5
BE07
330
1D
100
AcDbEntity
  8
PIN_TOP
100
AcDbCircle
 10
70.6247
 20
24.087074
 30
0.0
 40
0.127
  0
CIRCLE
  5
BE08
330
1D
100
AcDbEntity
  8
PIN_TOP
100
AcDbCircle
 10
64.624712
 20
15.28699
 30
0.0
 40
0.127
  0
CIRCLE
  5
BE09
330
1D
100
AcDbEntity
  8
PIN_TOP
100
AcDbCircle
 10
65.024762
 20
24.087074
 30
0.0
 40
0.127
  0
CIRCLE
  5
BE0A
330
1D
100
AcDbEntity
  8
PIN_TOP
100
AcDbCircle
 10
69.8246
 20
16.08709
 30
0.0
 40
0.127
  0
CIRCLE
  5
BE0B
330
1D
100
AcDbEntity
  8
PIN_TOP
100
AcDbCircle
 10
71.02475
 20
23.286974
 30
0.0
 40
0.127
  0
CIRCLE
  5
BE0C
330
1D
100
AcDbEntity
  8
PIN_TOP
100
AcDbCircle
 10
64.224662
 20
16.08709
 30
0.0
 40
0.127
  0
CIRCLE
  5
BE0D
330
1D
100
AcDbEntity
  8
PIN_TOP
100
AcDbCircle
 10
65.424812
 20
23.286974
 30
0.0
 40
0.127
  0
CIRCLE
  5
BE0E
330
1D
100
AcDbEntity
  8
PIN_TOP
100
AcDbCircle
 10
69.8246
 20
15.28699
 30
0.0
 40
0.127
  0
CIRCLE
  5
BE0F
330
1D
100
AcDbEntity
  8
PIN_TOP
100
AcDbCircle
 10
71.02475
 20
24.087074
 30
0.0
 40
0.127
  0
CIRCLE
  5
BE10
330
1D
100
AcDbEntity
  8
PIN_TOP
100
AcDbCircle
 10
64.224662
 20
15.28699
 30
0.0
 40
0.127
  0
CIRCLE
  5
BE11
330
1D
100
AcDbEntity
  8
PIN_TOP
100
AcDbCircle
 10
65.424812
 20
24.087074
 30
0.0
 40
0.127
  0
CIRCLE
  5
BE12
330
1D
100
AcDbEntity
  8
PIN_TOP
100
AcDbCircle
 10
70.22465
 20
16.48714
 30
0.0
 40
0.127
  0
CIRCLE
  5
BE13
330
1D
100
AcDbEntity
  8
PIN_TOP
100
AcDbCircle
 10
70.6247
 20
22.886924
 30
0.0
 40
0.127
  0
CIRCLE
  5
BE14
330
1D
100
AcDbEntity
  8
PIN_TOP
100
AcDbCircle
 10
64.624712
 20
16.48714
 30
0.0
 40
0.127
  0
CIRCLE
  5
BE15
330
1D
100
AcDbEntity
  8
PIN_TOP
100
AcDbCircle
 10
65.024762
 20
22.886924
 30
0.0
 40
0.127
  0
CIRCLE
  5
BE16
330
1D
100
AcDbEntity
  8
PIN_TOP
100
AcDbCircle
 10
70.6247
 20
16.48714
 30
0.0
 40
0.127
  0
CIRCLE
  5
BE17
330
1D
100
AcDbEntity
  8
PIN_TOP
100
AcDbCircle
 10
70.22465
 20
22.886924
 30
0.0
 40
0.127
  0
CIRCLE
  5
BE18
330
1D
100
AcDbEntity
  8
PIN_TOP
100
AcDbCircle
 10
65.024762
 20
16.48714
 30
0.0
 40
0.127
  0
CIRCLE
  5
BE19
330
1D
100
AcDbEntity
  8
PIN_TOP
100
AcDbCircle
 10
64.624712
 20
22.886924
 30
0.0
 40
0.127
  0
CIRCLE
  5
BE1A
330
1D
100
AcDbEntity
  8
PIN_TOP
100
AcDbCircle
 10
70.6247
 20
15.28699
 30
0.0
 40
0.127
  0
CIRCLE
  5
BE1B
330
1D
100
AcDbEntity
  8
PIN_TOP
100
AcDbCircle
 10
70.22465
 20
24.087074
 30
0.0
 40
0.127
  0
CIRCLE
  5
BE1C
330
1D
100
AcDbEntity
  8
PIN_TOP
100
AcDbCircle
 10
65.024762
 20
15.28699
 30
0.0
 40
0.127
  0
CIRCLE
  5
BE1D
330
1D
100
AcDbEntity
  8
PIN_TOP
100
AcDbCircle
 10
64.624712
 20
24.087074
 30
0.0
 40
0.127
  0
CIRCLE
  5
BE1E
330
1D
100
AcDbEntity
  8
PIN_TOP
100
AcDbCircle
 10
70.6247
 20
14.88694
 30
0.0
 40
0.127
  0
CIRCLE
  5
BE1F
330
1D
100
AcDbEntity
  8
PIN_TOP
100
AcDbCircle
 10
70.22465
 20
24.487124
 30
0.0
 40
0.127
  0
CIRCLE
  5
BE20
330
1D
100
AcDbEntity
  8
PIN_TOP
100
AcDbCircle
 10
65.024762
 20
14.88694
 30
0.0
 40
0.127
  0
CIRCLE
  5
BE21
330
1D
100
AcDbEntity
  8
PIN_TOP
100
AcDbCircle
 10
64.624712
 20
24.487124
 30
0.0
 40
0.127
  0
CIRCLE
  5
BE22
330
1D
100
AcDbEntity
  8
PIN_TOP
100
AcDbCircle
 10
71.824596
 20
15.28699
 30
0.0
 40
0.127
  0
CIRCLE
  5
BE23
330
1D
100
AcDbEntity
  8
PIN_TOP
100
AcDbCircle
 10
69.024754
 20
24.087074
 30
0.0
 40
0.127
  0
CIRCLE
  5
BE24
330
1D
100
AcDbEntity
  8
PIN_TOP
100
AcDbCircle
 10
66.224658
 20
15.28699
 30
0.0
 40
0.127
  0
CIRCLE
  5
BE25
330
1D
100
AcDbEntity
  8
PIN_TOP
100
AcDbCircle
 10
63.424816
 20
24.087074
 30
0.0
 40
0.127
  0
CIRCLE
  5
BE26
330
1D
100
AcDbEntity
  8
PIN_TOP
100
AcDbCircle
 10
69.024754
 20
15.28699
 30
0.0
 40
0.127
  0
CIRCLE
  5
BE27
330
1D
100
AcDbEntity
  8
PIN_TOP
100
AcDbCircle
 10
71.824596
 20
24.087074
 30
0.0
 40
0.127
  0
CIRCLE
  5
BE28
330
1D
100
AcDbEntity
  8
PIN_TOP
100
AcDbCircle
 10
63.424816
 20
15.28699
 30
0.0
 40
0.127
  0
CIRCLE
  5
BE29
330
1D
100
AcDbEntity
  8
PIN_TOP
100
AcDbCircle
 10
66.224658
 20
24.087074
 30
0.0
 40
0.127
  0
CIRCLE
  5
BE2A
330
1D
100
AcDbEntity
  8
PIN_TOP
100
AcDbCircle
 10
73.024746
 20
16.08709
 30
0.0
 40
0.127
  0
CIRCLE
  5
BE2B
330
1D
100
AcDbEntity
  8
PIN_TOP
100
AcDbCircle
 10
67.824604
 20
23.687024
 30
0.0
 40
0.127
  0
CIRCLE
  5
BE2C
330
1D
100
AcDbEntity
  8
PIN_TOP
100
AcDbCircle
 10
67.424808
 20
15.68704
 30
0.0
 40
0.127
  0
CIRCLE
  5
BE2D
330
1D
100
AcDbEntity
  8
PIN_TOP
100
AcDbCircle
 10
62.224666
 20
23.286974
 30
0.0
 40
0.127
  0
CIRCLE
  5
BE2E
330
1D
100
AcDbEntity
  8
PIN_TOP
100
AcDbCircle
 10
68.224654
 20
16.08709
 30
0.0
 40
0.127
  0
CIRCLE
  5
BE2F
330
1D
100
AcDbEntity
  8
PIN_TOP
100
AcDbCircle
 10
72.624696
 20
23.687024
 30
0.0
 40
0.127
  0
CIRCLE
  5
BE30
330
1D
100
AcDbEntity
  8
PIN_TOP
100
AcDbCircle
 10
62.624716
 20
15.68704
 30
0.0
 40
0.127
  0
CIRCLE
  5
BE31
330
1D
100
AcDbEntity
  8
PIN_TOP
100
AcDbCircle
 10
67.024758
 20
23.286974
 30
0.0
 40
0.127
  0
CIRCLE
  5
BE32
330
1D
100
AcDbEntity
  8
PIN_TOP
100
AcDbCircle
 10
68.224654
 20
15.28699
 30
0.0
 40
0.127
  0
CIRCLE
  5
BE33
330
1D
100
AcDbEntity
  8
PIN_TOP
100
AcDbCircle
 10
72.624696
 20
24.487124
 30
0.0
 40
0.127
  0
CIRCLE
  5
BE34
330
1D
100
AcDbEntity
  8
PIN_TOP
100
AcDbCircle
 10
62.624716
 20
14.88694
 30
0.0
 40
0.127
  0
CIRCLE
  5
BE35
330
1D
100
AcDbEntity
  8
PIN_TOP
100
AcDbCircle
 10
67.024758
 20
24.087074
 30
0.0
 40
0.127
  0
CIRCLE
  5
BE36
330
1D
100
AcDbEntity
  8
PIN_TOP
100
AcDbCircle
 10
69.024754
 20
16.08709
 30
0.0
 40
0.127
  0
CIRCLE
  5
BE37
330
1D
100
AcDbEntity
  8
PIN_TOP
100
AcDbCircle
 10
71.824596
 20
23.286974
 30
0.0
 40
0.127
  0
CIRCLE
  5
BE38
330
1D
100
AcDbEntity
  8
PIN_TOP
100
AcDbCircle
 10
63.424816
 20
16.08709
 30
0.0
 40
0.127
  0
CIRCLE
  5
BE39
330
1D
100
AcDbEntity
  8
PIN_TOP
100
AcDbCircle
 10
66.224658
 20
23.286974
 30
0.0
 40
0.127
  0
CIRCLE
  5
BE3A
330
1D
100
AcDbEntity
  8
PIN_TOP
100
AcDbCircle
 10
69.424804
 20
14.88694
 30
0.0
 40
0.127
  0
CIRCLE
  5
BE3B
330
1D
100
AcDbEntity
  8
PIN_TOP
100
AcDbCircle
 10
71.4248
 20
24.487124
 30
0.0
 40
0.127
  0
CIRCLE
  5
BE3C
330
1D
100
AcDbEntity
  8
PIN_TOP
100
AcDbCircle
 10
63.824612
 20
14.88694
 30
0.0
 40
0.127
  0
CIRCLE
  5
BE3D
330
1D
100
AcDbEntity
  8
PIN_TOP
100
AcDbCircle
 10
65.824608
 20
24.487124
 30
0.0
 40
0.127
  0
CIRCLE
  5
BE3E
330
1D
100
AcDbEntity
  8
PIN_TOP
100
AcDbCircle
 10
69.424804
 20
15.68704
 30
0.0
 40
0.127
  0
CIRCLE
  5
BE3F
330
1D
100
AcDbEntity
  8
PIN_TOP
100
AcDbCircle
 10
71.4248
 20
23.687024
 30
0.0
 40
0.127
  0
CIRCLE
  5
BE40
330
1D
100
AcDbEntity
  8
PIN_TOP
100
AcDbCircle
 10
63.824612
 20
15.68704
 30
0.0
 40
0.127
  0
CIRCLE
  5
BE41
330
1D
100
AcDbEntity
  8
PIN_TOP
100
AcDbCircle
 10
65.824608
 20
23.687024
 30
0.0
 40
0.127
  0
CIRCLE
  5
BE42
330
1D
100
AcDbEntity
  8
PIN_TOP
100
AcDbCircle
 10
69.424804
 20
16.48714
 30
0.0
 40
0.127
  0
CIRCLE
  5
BE43
330
1D
100
AcDbEntity
  8
PIN_TOP
100
AcDbCircle
 10
71.4248
 20
22.886924
 30
0.0
 40
0.127
  0
CIRCLE
  5
BE44
330
1D
100
AcDbEntity
  8
PIN_TOP
100
AcDbCircle
 10
63.824612
 20
16.48714
 30
0.0
 40
0.127
  0
CIRCLE
  5
BE45
330
1D
100
AcDbEntity
  8
PIN_TOP
100
AcDbCircle
 10
65.824608
 20
22.886924
 30
0.0
 40
0.127
  0
CIRCLE
  5
BE46
330
1D
100
AcDbEntity
  8
PIN_TOP
100
AcDbCircle
 10
73.024746
 20
15.28699
 30
0.0
 40
0.127
  0
CIRCLE
  5
BE47
330
1D
100
AcDbEntity
  8
PIN_TOP
100
AcDbCircle
 10
67.824604
 20
24.487124
 30
0.0
 40
0.127
  0
CIRCLE
  5
BE48
330
1D
100
AcDbEntity
  8
PIN_TOP
100
AcDbCircle
 10
67.424808
 20
14.88694
 30
0.0
 40
0.127
  0
CIRCLE
  5
BE49
330
1D
100
AcDbEntity
  8
PIN_TOP
100
AcDbCircle
 10
62.224666
 20
24.087074
 30
0.0
 40
0.127
  0
CIRCLE
  5
BE4A
330
1D
100
AcDbEntity
  8
PIN_TOP
100
AcDbCircle
 10
72.624696
 20
15.68704
 30
0.0
 40
0.127
  0
CIRCLE
  5
BE4B
330
1D
100
AcDbEntity
  8
PIN_TOP
100
AcDbCircle
 10
68.224654
 20
23.286974
 30
0.0
 40
0.127
  0
CIRCLE
  5
BE4C
330
1D
100
AcDbEntity
  8
PIN_TOP
100
AcDbCircle
 10
67.024758
 20
16.08709
 30
0.0
 40
0.127
  0
CIRCLE
  5
BE4D
330
1D
100
AcDbEntity
  8
PIN_TOP
100
AcDbCircle
 10
62.624716
 20
23.687024
 30
0.0
 40
0.127
  0
CIRCLE
  5
BE4E
330
1D
100
AcDbEntity
  8
PIN_TOP
100
AcDbCircle
 10
72.624696
 20
14.88694
 30
0.0
 40
0.127
  0
CIRCLE
  5
BE4F
330
1D
100
AcDbEntity
  8
PIN_TOP
100
AcDbCircle
 10
68.224654
 20
24.087074
 30
0.0
 40
0.127
  0
CIRCLE
  5
BE50
330
1D
100
AcDbEntity
  8
PIN_TOP
100
AcDbCircle
 10
67.024758
 20
15.28699
 30
0.0
 40
0.127
  0
CIRCLE
  5
BE51
330
1D
100
AcDbEntity
  8
PIN_TOP
100
AcDbCircle
 10
62.624716
 20
24.487124
 30
0.0
 40
0.127
  0
CIRCLE
  5
BE52
330
1D
100
AcDbEntity
  8
PIN_TOP
100
AcDbCircle
 10
71.824596
 20
16.08709
 30
0.0
 40
0.127
  0
CIRCLE
  5
BE53
330
1D
100
AcDbEntity
  8
PIN_TOP
100
AcDbCircle
 10
69.024754
 20
23.286974
 30
0.0
 40
0.127
  0
CIRCLE
  5
BE54
330
1D
100
AcDbEntity
  8
PIN_TOP
100
AcDbCircle
 10
66.224658
 20
16.08709
 30
0.0
 40
0.127
  0
CIRCLE
  5
BE55
330
1D
100
AcDbEntity
  8
PIN_TOP
100
AcDbCircle
 10
63.424816
 20
23.286974
 30
0.0
 40
0.127
  0
CIRCLE
  5
BE56
330
1D
100
AcDbEntity
  8
PIN_TOP
100
AcDbCircle
 10
71.4248
 20
14.88694
 30
0.0
 40
0.127
  0
CIRCLE
  5
BE57
330
1D
100
AcDbEntity
  8
PIN_TOP
100
AcDbCircle
 10
69.424804
 20
24.487124
 30
0.0
 40
0.127
  0
CIRCLE
  5
BE58
330
1D
100
AcDbEntity
  8
PIN_TOP
100
AcDbCircle
 10
65.824608
 20
14.88694
 30
0.0
 40
0.127
  0
CIRCLE
  5
BE59
330
1D
100
AcDbEntity
  8
PIN_TOP
100
AcDbCircle
 10
63.824612
 20
24.487124
 30
0.0
 40
0.127
  0
CIRCLE
  5
BE5A
330
1D
100
AcDbEntity
  8
PIN_TOP
100
AcDbCircle
 10
71.4248
 20
15.68704
 30
0.0
 40
0.127
  0
CIRCLE
  5
BE5B
330
1D
100
AcDbEntity
  8
PIN_TOP
100
AcDbCircle
 10
69.424804
 20
23.687024
 30
0.0
 40
0.127
  0
CIRCLE
  5
BE5C
330
1D
100
AcDbEntity
  8
PIN_TOP
100
AcDbCircle
 10
65.824608
 20
15.68704
 30
0.0
 40
0.127
  0
CIRCLE
  5
BE5D
330
1D
100
AcDbEntity
  8
PIN_TOP
100
AcDbCircle
 10
63.824612
 20
23.687024
 30
0.0
 40
0.127
  0
CIRCLE
  5
BE5E
330
1D
100
AcDbEntity
  8
PIN_TOP
100
AcDbCircle
 10
71.4248
 20
16.48714
 30
0.0
 40
0.127
  0
CIRCLE
  5
BE5F
330
1D
100
AcDbEntity
  8
PIN_TOP
100
AcDbCircle
 10
69.424804
 20
22.886924
 30
0.0
 40
0.127
  0
CIRCLE
  5
BE60
330
1D
100
AcDbEntity
  8
PIN_TOP
100
AcDbCircle
 10
65.824608
 20
16.48714
 30
0.0
 40
0.127
  0
CIRCLE
  5
BE61
330
1D
100
AcDbEntity
  8
PIN_TOP
100
AcDbCircle
 10
63.824612
 20
22.886924
 30
0.0
 40
0.127
  0
CIRCLE
  5
BE62
330
1D
100
AcDbEntity
  8
PIN_TOP
100
AcDbCircle
 10
67.824604
 20
15.68704
 30
0.0
 40
0.127
  0
CIRCLE
  5
BE63
330
1D
100
AcDbEntity
  8
PIN_TOP
100
AcDbCircle
 10
73.024746
 20
23.286974
 30
0.0
 40
0.127
  0
CIRCLE
  5
BE64
330
1D
100
AcDbEntity
  8
PIN_TOP
100
AcDbCircle
 10
62.224666
 20
16.08709
 30
0.0
 40
0.127
  0
CIRCLE
  5
BE65
330
1D
100
AcDbEntity
  8
PIN_TOP
100
AcDbCircle
 10
67.424808
 20
23.687024
 30
0.0
 40
0.127
  0
CIRCLE
  5
BE66
330
1D
100
AcDbEntity
  8
PIN_TOP
100
AcDbCircle
 10
67.824604
 20
14.88694
 30
0.0
 40
0.127
  0
CIRCLE
  5
BE67
330
1D
100
AcDbEntity
  8
PIN_TOP
100
AcDbCircle
 10
73.024746
 20
24.087074
 30
0.0
 40
0.127
  0
CIRCLE
  5
BE68
330
1D
100
AcDbEntity
  8
PIN_TOP
100
AcDbCircle
 10
62.224666
 20
15.28699
 30
0.0
 40
0.127
  0
CIRCLE
  5
BE69
330
1D
100
AcDbEntity
  8
PIN_TOP
100
AcDbCircle
 10
67.424808
 20
24.487124
 30
0.0
 40
0.127
  0
CIRCLE
  5
BE6A
330
1D
100
AcDbEntity
  8
PIN_TOP
100
AcDbCircle
 10
72.224646
 20
15.28699
 30
0.0
 40
0.127
  0
CIRCLE
  5
BE6B
330
1D
100
AcDbEntity
  8
PIN_TOP
100
AcDbCircle
 10
68.624704
 20
24.087074
 30
0.0
 40
0.127
  0
CIRCLE
  5
BE6C
330
1D
100
AcDbEntity
  8
PIN_TOP
100
AcDbCircle
 10
66.624708
 20
15.28699
 30
0.0
 40
0.127
  0
CIRCLE
  5
BE6D
330
1D
100
AcDbEntity
  8
PIN_TOP
100
AcDbCircle
 10
63.024766
 20
24.087074
 30
0.0
 40
0.127
  0
CIRCLE
  5
BE6E
330
1D
100
AcDbEntity
  8
PIN_TOP
100
AcDbCircle
 10
72.224646
 20
14.88694
 30
0.0
 40
0.127
  0
CIRCLE
  5
BE6F
330
1D
100
AcDbEntity
  8
PIN_TOP
100
AcDbCircle
 10
68.624704
 20
24.487124
 30
0.0
 40
0.127
  0
CIRCLE
  5
BE70
330
1D
100
AcDbEntity
  8
PIN_TOP
100
AcDbCircle
 10
66.624708
 20
14.88694
 30
0.0
 40
0.127
  0
CIRCLE
  5
BE71
330
1D
100
AcDbEntity
  8
PIN_TOP
100
AcDbCircle
 10
63.024766
 20
24.487124
 30
0.0
 40
0.127
  0
CIRCLE
  5
BE72
330
1D
100
AcDbEntity
  8
PIN_TOP
100
AcDbCircle
 10
68.624704
 20
15.28699
 30
0.0
 40
0.127
  0
CIRCLE
  5
BE73
330
1D
100
AcDbEntity
  8
PIN_TOP
100
AcDbCircle
 10
72.224646
 20
24.087074
 30
0.0
 40
0.127
  0
CIRCLE
  5
BE74
330
1D
100
AcDbEntity
  8
PIN_TOP
100
AcDbCircle
 10
63.024766
 20
15.28699
 30
0.0
 40
0.127
  0
CIRCLE
  5
BE75
330
1D
100
AcDbEntity
  8
PIN_TOP
100
AcDbCircle
 10
66.624708
 20
24.087074
 30
0.0
 40
0.127
  0
CIRCLE
  5
BE76
330
1D
100
AcDbEntity
  8
PIN_TOP
100
AcDbCircle
 10
68.624704
 20
14.88694
 30
0.0
 40
0.127
  0
CIRCLE
  5
BE77
330
1D
100
AcDbEntity
  8
PIN_TOP
100
AcDbCircle
 10
72.224646
 20
24.487124
 30
0.0
 40
0.127
  0
CIRCLE
  5
BE78
330
1D
100
AcDbEntity
  8
PIN_TOP
100
AcDbCircle
 10
63.024766
 20
14.88694
 30
0.0
 40
0.127
  0
CIRCLE
  5
BE79
330
1D
100
AcDbEntity
  8
PIN_TOP
100
AcDbCircle
 10
66.624708
 20
24.487124
 30
0.0
 40
0.127
  0
CIRCLE
  5
BE7A
330
1D
100
AcDbEntity
  8
PIN_TOP
100
AcDbCircle
 10
67.424808
 20
16.48714
 30
0.0
 40
0.127
  0
CIRCLE
  5
BE7B
330
1D
100
AcDbEntity
  8
PIN_TOP
100
AcDbCircle
 10
67.824604
 20
22.886924
 30
0.0
 40
0.127
  0
CIRCLE
  5
BE7C
330
1D
100
AcDbEntity
  8
PIN_TOP
100
AcDbCircle
 10
72.224646
 20
16.08709
 30
0.0
 40
0.127
  0
CIRCLE
  5
BE7D
330
1D
100
AcDbEntity
  8
PIN_TOP
100
AcDbCircle
 10
68.624704
 20
23.286974
 30
0.0
 40
0.127
  0
CIRCLE
  5
BE7E
330
1D
100
AcDbEntity
  8
PIN_TOP
100
AcDbCircle
 10
66.624708
 20
16.08709
 30
0.0
 40
0.127
  0
CIRCLE
  5
BE7F
330
1D
100
AcDbEntity
  8
PIN_TOP
100
AcDbCircle
 10
63.024766
 20
23.286974
 30
0.0
 40
0.127
  0
CIRCLE
  5
BE80
330
1D
100
AcDbEntity
  8
PIN_TOP
100
AcDbCircle
 10
72.224646
 20
16.48714
 30
0.0
 40
0.127
  0
CIRCLE
  5
BE81
330
1D
100
AcDbEntity
  8
PIN_TOP
100
AcDbCircle
 10
68.624704
 20
22.886924
 30
0.0
 40
0.127
  0
CIRCLE
  5
BE82
330
1D
100
AcDbEntity
  8
PIN_TOP
100
AcDbCircle
 10
66.624708
 20
16.48714
 30
0.0
 40
0.127
  0
CIRCLE
  5
BE83
330
1D
100
AcDbEntity
  8
PIN_TOP
100
AcDbCircle
 10
63.024766
 20
22.886924
 30
0.0
 40
0.127
  0
CIRCLE
  5
BE84
330
1D
100
AcDbEntity
  8
PIN_TOP
100
AcDbCircle
 10
68.624704
 20
16.08709
 30
0.0
 40
0.127
  0
CIRCLE
  5
BE85
330
1D
100
AcDbEntity
  8
PIN_TOP
100
AcDbCircle
 10
72.224646
 20
23.286974
 30
0.0
 40
0.127
  0
CIRCLE
  5
BE86
330
1D
100
AcDbEntity
  8
PIN_TOP
100
AcDbCircle
 10
63.024766
 20
16.08709
 30
0.0
 40
0.127
  0
CIRCLE
  5
BE87
330
1D
100
AcDbEntity
  8
PIN_TOP
100
AcDbCircle
 10
66.624708
 20
23.286974
 30
0.0
 40
0.127
  0
CIRCLE
  5
BE88
330
1D
100
AcDbEntity
  8
PIN_TOP
100
AcDbCircle
 10
68.624704
 20
16.48714
 30
0.0
 40
0.127
  0
CIRCLE
  5
BE89
330
1D
100
AcDbEntity
  8
PIN_TOP
100
AcDbCircle
 10
72.224646
 20
22.886924
 30
0.0
 40
0.127
  0
CIRCLE
  5
BE8A
330
1D
100
AcDbEntity
  8
PIN_TOP
100
AcDbCircle
 10
63.024766
 20
16.48714
 30
0.0
 40
0.127
  0
CIRCLE
  5
BE8B
330
1D
100
AcDbEntity
  8
PIN_TOP
100
AcDbCircle
 10
66.624708
 20
22.886924
 30
0.0
 40
0.127
  0
CIRCLE
  5
BE8C
330
1D
100
AcDbEntity
  8
PIN_TOP
100
AcDbCircle
 10
67.824604
 20
16.48714
 30
0.0
 40
0.127
  0
CIRCLE
  5
BE8D
330
1D
100
AcDbEntity
  8
PIN_TOP
100
AcDbCircle
 10
67.424808
 20
22.886924
 30
0.0
 40
0.127
  0
CIRCLE
  5
BE8E
330
1D
100
AcDbEntity
  8
PIN_TOP
100
AcDbCircle
 10
73.024746
 20
14.487144
 30
0.0
 40
0.127
  0
CIRCLE
  5
BE8F
330
1D
100
AcDbEntity
  8
PIN_TOP
100
AcDbCircle
 10
72.624696
 20
24.88692
 30
0.0
 40
0.127
  0
CIRCLE
  5
BE90
330
1D
100
AcDbEntity
  8
PIN_TOP
100
AcDbCircle
 10
62.624716
 20
24.88692
 30
0.0
 40
0.127
  0
CIRCLE
  5
BE91
330
1D
100
AcDbEntity
  8
PIN_TOP
100
AcDbCircle
 10
62.224666
 20
24.88692
 30
0.0
 40
0.127
  0
CIRCLE
  5
BE92
330
1D
100
AcDbEntity
  8
PIN_TOP
100
AcDbCircle
 10
72.624696
 20
14.487144
 30
0.0
 40
0.127
  0
CIRCLE
  5
BE93
330
1D
100
AcDbEntity
  8
PIN_TOP
100
AcDbCircle
 10
62.624716
 20
14.487144
 30
0.0
 40
0.127
  0
CIRCLE
  5
BE94
330
1D
100
AcDbEntity
  8
PIN_TOP
100
AcDbCircle
 10
62.224666
 20
14.487144
 30
0.0
 40
0.127
  0
CIRCLE
  5
BE95
330
1D
100
AcDbEntity
  8
PIN_TOP
100
AcDbCircle
 10
73.024746
 20
14.88694
 30
0.0
 40
0.127
  0
CIRCLE
  5
BE96
330
1D
100
AcDbEntity
  8
PIN_TOP
100
AcDbCircle
 10
62.224666
 20
14.88694
 30
0.0
 40
0.127
  0
CIRCLE
  5
BE97
330
1D
100
AcDbEntity
  8
PIN_TOP
100
AcDbCircle
 10
73.024746
 20
24.487124
 30
0.0
 40
0.127
  0
CIRCLE
  5
BE98
330
1D
100
AcDbEntity
  8
PIN_TOP
100
AcDbCircle
 10
62.224666
 20
24.487124
 30
0.0
 40
0.127
  0
CIRCLE
  5
BE99
330
1D
100
AcDbEntity
  8
PIN_TOP
100
AcDbCircle
 10
73.024746
 20
24.88692
 30
0.0
 40
0.127
  0
CIRCLE
  5
BE9A
330
1D
100
AcDbEntity
  8
PIN_TOP
100
AcDbCircle
 10
72.224646
 20
14.487144
 30
0.0
 40
0.127
  0
CIRCLE
  5
BE9B
330
1D
100
AcDbEntity
  8
PIN_TOP
100
AcDbCircle
 10
68.224654
 20
14.487144
 30
0.0
 40
0.127
  0
CIRCLE
  5
BE9C
330
1D
100
AcDbEntity
  8
PIN_TOP
100
AcDbCircle
 10
72.624696
 20
22.487128
 30
0.0
 40
0.127
  0
CIRCLE
  5
BE9D
330
1D
100
AcDbEntity
  8
PIN_TOP
100
AcDbCircle
 10
62.624716
 20
22.487128
 30
0.0
 40
0.127
  0
CIRCLE
  5
BE9E
330
1D
100
AcDbEntity
  8
PIN_TOP
100
AcDbCircle
 10
72.224646
 20
24.88692
 30
0.0
 40
0.127
  0
CIRCLE
  5
BE9F
330
1D
100
AcDbEntity
  8
PIN_TOP
100
AcDbCircle
 10
68.224654
 20
24.88692
 30
0.0
 40
0.127
  0
CIRCLE
  5
BEA0
330
1D
100
AcDbEntity
  8
PIN_TOP
100
AcDbCircle
 10
67.024758
 20
24.88692
 30
0.0
 40
0.127
  0
CIRCLE
  5
BEA1
330
1D
100
AcDbEntity
  8
PIN_TOP
100
AcDbCircle
 10
63.024766
 20
24.88692
 30
0.0
 40
0.127
  0
CIRCLE
  5
BEA2
330
1D
100
AcDbEntity
  8
PIN_TOP
100
AcDbCircle
 10
67.024758
 20
14.487144
 30
0.0
 40
0.127
  0
CIRCLE
  5
BEA3
330
1D
100
AcDbEntity
  8
PIN_TOP
100
AcDbCircle
 10
63.024766
 20
14.487144
 30
0.0
 40
0.127
  0
CIRCLE
  5
BEA4
330
1D
100
AcDbEntity
  8
PIN_TOP
100
AcDbCircle
 10
72.624696
 20
16.886936
 30
0.0
 40
0.127
  0
CIRCLE
  5
BEA5
330
1D
100
AcDbEntity
  8
PIN_TOP
100
AcDbCircle
 10
62.624716
 20
16.886936
 30
0.0
 40
0.127
  0
CIRCLE
  5
BEA6
330
1D
100
AcDbEntity
  8
PIN_TOP
100
AcDbCircle
 10
72.624696
 20
17.286986
 30
0.0
 40
0.127
  0
CIRCLE
  5
BEA7
330
1D
100
AcDbEntity
  8
PIN_TOP
100
AcDbCircle
 10
62.624716
 20
17.286986
 30
0.0
 40
0.127
  0
CIRCLE
  5
BEA8
330
1D
100
AcDbEntity
  8
PIN_TOP
100
AcDbCircle
 10
72.624696
 20
22.087078
 30
0.0
 40
0.127
  0
CIRCLE
  5
BEA9
330
1D
100
AcDbEntity
  8
PIN_TOP
100
AcDbCircle
 10
62.624716
 20
22.087078
 30
0.0
 40
0.127
  0
CIRCLE
  5
BEAA
330
1D
100
AcDbEntity
  8
PIN_TOP
100
AcDbCircle
 10
71.824596
 20
14.487144
 30
0.0
 40
0.127
  0
CIRCLE
  5
BEAB
330
1D
100
AcDbEntity
  8
PIN_TOP
100
AcDbCircle
 10
70.22465
 20
14.487144
 30
0.0
 40
0.127
  0
CIRCLE
  5
BEAC
330
1D
100
AcDbEntity
  8
PIN_TOP
100
AcDbCircle
 10
73.024746
 20
16.886936
 30
0.0
 40
0.127
  0
CIRCLE
  5
BEAD
330
1D
100
AcDbEntity
  8
PIN_TOP
100
AcDbCircle
 10
71.4248
 20
16.886936
 30
0.0
 40
0.127
  0
CIRCLE
  5
BEAE
330
1D
100
AcDbEntity
  8
PIN_TOP
100
AcDbCircle
 10
69.8246
 20
16.886936
 30
0.0
 40
0.127
  0
CIRCLE
  5
BEAF
330
1D
100
AcDbEntity
  8
PIN_TOP
100
AcDbCircle
 10
69.024754
 20
16.886936
 30
0.0
 40
0.127
  0
CIRCLE
  5
BEB0
330
1D
100
AcDbEntity
  8
PIN_TOP
100
AcDbCircle
 10
67.824604
 20
16.886936
 30
0.0
 40
0.127
  0
CIRCLE
  5
BEB1
330
1D
100
AcDbEntity
  8
PIN_TOP
100
AcDbCircle
 10
67.424808
 20
16.886936
 30
0.0
 40
0.127
  0
CIRCLE
  5
BEB2
330
1D
100
AcDbEntity
  8
PIN_TOP
100
AcDbCircle
 10
66.224658
 20
16.886936
 30
0.0
 40
0.127
  0
CIRCLE
  5
BEB3
330
1D
100
AcDbEntity
  8
PIN_TOP
100
AcDbCircle
 10
65.824608
 20
16.886936
 30
0.0
 40
0.127
  0
CIRCLE
  5
BEB4
330
1D
100
AcDbEntity
  8
PIN_TOP
100
AcDbCircle
 10
64.224662
 20
16.886936
 30
0.0
 40
0.127
  0
CIRCLE
  5
BEB5
330
1D
100
AcDbEntity
  8
PIN_TOP
100
AcDbCircle
 10
62.224666
 20
16.886936
 30
0.0
 40
0.127
  0
CIRCLE
  5
BEB6
330
1D
100
AcDbEntity
  8
PIN_TOP
100
AcDbCircle
 10
69.424804
 20
14.487144
 30
0.0
 40
0.127
  0
CIRCLE
  5
BEB7
330
1D
100
AcDbEntity
  8
PIN_TOP
100
AcDbCircle
 10
73.024746
 20
17.286986
 30
0.0
 40
0.127
  0
CIRCLE
  5
BEB8
330
1D
100
AcDbEntity
  8
PIN_TOP
100
AcDbCircle
 10
72.224646
 20
17.286986
 30
0.0
 40
0.127
  0
CIRCLE
  5
BEB9
330
1D
100
AcDbEntity
  8
PIN_TOP
100
AcDbCircle
 10
71.824596
 20
17.286986
 30
0.0
 40
0.127
  0
CIRCLE
  5
BEBA
330
1D
100
AcDbEntity
  8
PIN_TOP
100
AcDbCircle
 10
63.424816
 20
17.286986
 30
0.0
 40
0.127
  0
CIRCLE
  5
BEBB
330
1D
100
AcDbEntity
  8
PIN_TOP
100
AcDbCircle
 10
63.024766
 20
17.286986
 30
0.0
 40
0.127
  0
CIRCLE
  5
BEBC
330
1D
100
AcDbEntity
  8
PIN_TOP
100
AcDbCircle
 10
62.224666
 20
17.286986
 30
0.0
 40
0.127
  0
CIRCLE
  5
BEBD
330
1D
100
AcDbEntity
  8
PIN_TOP
100
AcDbCircle
 10
73.024746
 20
22.087078
 30
0.0
 40
0.127
  0
CIRCLE
  5
BEBE
330
1D
100
AcDbEntity
  8
PIN_TOP
100
AcDbCircle
 10
72.224646
 20
22.087078
 30
0.0
 40
0.127
  0
CIRCLE
  5
BEBF
330
1D
100
AcDbEntity
  8
PIN_TOP
100
AcDbCircle
 10
71.824596
 20
22.087078
 30
0.0
 40
0.127
  0
CIRCLE
  5
BEC0
330
1D
100
AcDbEntity
  8
PIN_TOP
100
AcDbCircle
 10
63.424816
 20
22.087078
 30
0.0
 40
0.127
  0
CIRCLE
  5
BEC1
330
1D
100
AcDbEntity
  8
PIN_TOP
100
AcDbCircle
 10
69.024754
 20
14.487144
 30
0.0
 40
0.127
  0
CIRCLE
  5
BEC2
330
1D
100
AcDbEntity
  8
PIN_TOP
100
AcDbCircle
 10
63.024766
 20
22.087078
 30
0.0
 40
0.127
  0
CIRCLE
  5
BEC3
330
1D
100
AcDbEntity
  8
PIN_TOP
100
AcDbCircle
 10
62.224666
 20
22.087078
 30
0.0
 40
0.127
  0
CIRCLE
  5
BEC4
330
1D
100
AcDbEntity
  8
PIN_TOP
100
AcDbCircle
 10
73.024746
 20
22.487128
 30
0.0
 40
0.127
  0
CIRCLE
  5
BEC5
330
1D
100
AcDbEntity
  8
PIN_TOP
100
AcDbCircle
 10
71.4248
 20
22.487128
 30
0.0
 40
0.127
  0
CIRCLE
  5
BEC6
330
1D
100
AcDbEntity
  8
PIN_TOP
100
AcDbCircle
 10
69.8246
 20
22.487128
 30
0.0
 40
0.127
  0
CIRCLE
  5
BEC7
330
1D
100
AcDbEntity
  8
PIN_TOP
100
AcDbCircle
 10
69.024754
 20
22.487128
 30
0.0
 40
0.127
  0
CIRCLE
  5
BEC8
330
1D
100
AcDbEntity
  8
PIN_TOP
100
AcDbCircle
 10
67.824604
 20
22.487128
 30
0.0
 40
0.127
  0
CIRCLE
  5
BEC9
330
1D
100
AcDbEntity
  8
PIN_TOP
100
AcDbCircle
 10
67.424808
 20
22.487128
 30
0.0
 40
0.127
  0
CIRCLE
  5
BECA
330
1D
100
AcDbEntity
  8
PIN_TOP
100
AcDbCircle
 10
66.224658
 20
22.487128
 30
0.0
 40
0.127
  0
CIRCLE
  5
BECB
330
1D
100
AcDbEntity
  8
PIN_TOP
100
AcDbCircle
 10
65.824608
 20
22.487128
 30
0.0
 40
0.127
  0
CIRCLE
  5
BECC
330
1D
100
AcDbEntity
  8
PIN_TOP
100
AcDbCircle
 10
66.224658
 20
14.487144
 30
0.0
 40
0.127
  0
CIRCLE
  5
BECD
330
1D
100
AcDbEntity
  8
PIN_TOP
100
AcDbCircle
 10
64.224662
 20
22.487128
 30
0.0
 40
0.127
  0
CIRCLE
  5
BECE
330
1D
100
AcDbEntity
  8
PIN_TOP
100
AcDbCircle
 10
62.224666
 20
22.487128
 30
0.0
 40
0.127
  0
CIRCLE
  5
BECF
330
1D
100
AcDbEntity
  8
PIN_TOP
100
AcDbCircle
 10
70.22465
 20
23.286974
 30
0.0
 40
0.127
  0
CIRCLE
  5
BED0
330
1D
100
AcDbEntity
  8
PIN_TOP
100
AcDbCircle
 10
64.624712
 20
23.286974
 30
0.0
 40
0.127
  0
CIRCLE
  5
BED1
330
1D
100
AcDbEntity
  8
PIN_TOP
100
AcDbCircle
 10
71.824596
 20
24.88692
 30
0.0
 40
0.127
  0
CIRCLE
  5
BED2
330
1D
100
AcDbEntity
  8
PIN_TOP
100
AcDbCircle
 10
70.6247
 20
24.88692
 30
0.0
 40
0.127
  0
CIRCLE
  5
BED3
330
1D
100
AcDbEntity
  8
PIN_TOP
100
AcDbCircle
 10
69.424804
 20
24.88692
 30
0.0
 40
0.127
  0
CIRCLE
  5
BED4
330
1D
100
AcDbEntity
  8
PIN_TOP
100
AcDbCircle
 10
69.024754
 20
24.88692
 30
0.0
 40
0.127
  0
CIRCLE
  5
BED5
330
1D
100
AcDbEntity
  8
PIN_TOP
100
AcDbCircle
 10
66.224658
 20
24.88692
 30
0.0
 40
0.127
  0
CIRCLE
  5
BED6
330
1D
100
AcDbEntity
  8
PIN_TOP
100
AcDbCircle
 10
65.824608
 20
24.88692
 30
0.0
 40
0.127
  0
CIRCLE
  5
BED7
330
1D
100
AcDbEntity
  8
PIN_TOP
100
AcDbCircle
 10
65.824608
 20
14.487144
 30
0.0
 40
0.127
  0
CIRCLE
  5
BED8
330
1D
100
AcDbEntity
  8
PIN_TOP
100
AcDbCircle
 10
65.024762
 20
24.88692
 30
0.0
 40
0.127
  0
CIRCLE
  5
BED9
330
1D
100
AcDbEntity
  8
PIN_TOP
100
AcDbCircle
 10
63.424816
 20
24.88692
 30
0.0
 40
0.127
  0
CIRCLE
  5
BEDA
330
1D
100
AcDbEntity
  8
PIN_TOP
100
AcDbCircle
 10
65.024762
 20
14.487144
 30
0.0
 40
0.127
  0
CIRCLE
  5
BEDB
330
1D
100
AcDbEntity
  8
PIN_TOP
100
AcDbCircle
 10
63.424816
 20
14.487144
 30
0.0
 40
0.127
  0
CIRCLE
  5
BEDC
330
1D
100
AcDbEntity
  8
PIN_TOP
100
AcDbCircle
 10
70.6247
 20
16.08709
 30
0.0
 40
0.127
  0
CIRCLE
  5
BEDD
330
1D
100
AcDbEntity
  8
PIN_TOP
100
AcDbCircle
 10
65.024762
 20
16.08709
 30
0.0
 40
0.127
  0
CIRCLE
  5
BEDE
330
1D
100
AcDbEntity
  8
PIN_TOP
100
AcDbCircle
 10
71.4248
 20
14.487144
 30
0.0
 40
0.127
  0
CIRCLE
  5
BEDF
330
1D
100
AcDbEntity
  8
PIN_TOP
100
AcDbCircle
 10
69.8246
 20
14.487144
 30
0.0
 40
0.127
  0
CIRCLE
  5
BEE0
330
1D
100
AcDbEntity
  8
PIN_TOP
100
AcDbCircle
 10
69.424804
 20
16.886936
 30
0.0
 40
0.127
  0
CIRCLE
  5
BEE1
330
1D
100
AcDbEntity
  8
PIN_TOP
100
AcDbCircle
 10
68.224654
 20
16.886936
 30
0.0
 40
0.127
  0
CIRCLE
  5
BEE2
330
1D
100
AcDbEntity
  8
PIN_TOP
100
AcDbCircle
 10
67.024758
 20
16.886936
 30
0.0
 40
0.127
  0
CIRCLE
  5
BEE3
330
1D
100
AcDbEntity
  8
PIN_TOP
100
AcDbCircle
 10
65.424812
 20
16.886936
 30
0.0
 40
0.127
  0
CIRCLE
  5
BEE4
330
1D
100
AcDbEntity
  8
PIN_TOP
100
AcDbCircle
 10
63.824612
 20
16.886936
 30
0.0
 40
0.127
  0
CIRCLE
  5
BEE5
330
1D
100
AcDbEntity
  8
PIN_TOP
100
AcDbCircle
 10
63.024766
 20
16.886936
 30
0.0
 40
0.127
  0
CIRCLE
  5
BEE6
330
1D
100
AcDbEntity
  8
PIN_TOP
100
AcDbCircle
 10
72.224646
 20
22.487128
 30
0.0
 40
0.127
  0
CIRCLE
  5
BEE7
330
1D
100
AcDbEntity
  8
PIN_TOP
100
AcDbCircle
 10
71.02475
 20
22.487128
 30
0.0
 40
0.127
  0
CIRCLE
  5
BEE8
330
1D
100
AcDbEntity
  8
PIN_TOP
100
AcDbCircle
 10
69.424804
 20
22.487128
 30
0.0
 40
0.127
  0
CIRCLE
  5
BEE9
330
1D
100
AcDbEntity
  8
PIN_TOP
100
AcDbCircle
 10
68.224654
 20
22.487128
 30
0.0
 40
0.127
  0
CIRCLE
  5
BEEA
330
1D
100
AcDbEntity
  8
PIN_TOP
100
AcDbCircle
 10
67.824604
 20
14.487144
 30
0.0
 40
0.127
  0
CIRCLE
  5
BEEB
330
1D
100
AcDbEntity
  8
PIN_TOP
100
AcDbCircle
 10
67.024758
 20
22.487128
 30
0.0
 40
0.127
  0
CIRCLE
  5
BEEC
330
1D
100
AcDbEntity
  8
PIN_TOP
100
AcDbCircle
 10
65.424812
 20
22.487128
 30
0.0
 40
0.127
  0
CIRCLE
  5
BEED
330
1D
100
AcDbEntity
  8
PIN_TOP
100
AcDbCircle
 10
63.824612
 20
22.487128
 30
0.0
 40
0.127
  0
CIRCLE
  5
BEEE
330
1D
100
AcDbEntity
  8
PIN_TOP
100
AcDbCircle
 10
63.024766
 20
22.487128
 30
0.0
 40
0.127
  0
CIRCLE
  5
BEEF
330
1D
100
AcDbEntity
  8
PIN_TOP
100
AcDbCircle
 10
70.6247
 20
23.286974
 30
0.0
 40
0.127
  0
CIRCLE
  5
BEF0
330
1D
100
AcDbEntity
  8
PIN_TOP
100
AcDbCircle
 10
65.024762
 20
23.286974
 30
0.0
 40
0.127
  0
CIRCLE
  5
BEF1
330
1D
100
AcDbEntity
  8
PIN_TOP
100
AcDbCircle
 10
71.4248
 20
24.88692
 30
0.0
 40
0.127
  0
CIRCLE
  5
BEF2
330
1D
100
AcDbEntity
  8
PIN_TOP
100
AcDbCircle
 10
69.8246
 20
24.88692
 30
0.0
 40
0.127
  0
CIRCLE
  5
BEF3
330
1D
100
AcDbEntity
  8
PIN_TOP
100
AcDbCircle
 10
67.824604
 20
24.88692
 30
0.0
 40
0.127
  0
CIRCLE
  5
BEF4
330
1D
100
AcDbEntity
  8
PIN_TOP
100
AcDbCircle
 10
67.424808
 20
24.88692
 30
0.0
 40
0.127
  0
CIRCLE
  5
BEF5
330
1D
100
AcDbEntity
  8
PIN_TOP
100
AcDbCircle
 10
67.424808
 20
14.487144
 30
0.0
 40
0.127
  0
CIRCLE
  5
BEF6
330
1D
100
AcDbEntity
  8
PIN_TOP
100
AcDbCircle
 10
65.424812
 20
24.88692
 30
0.0
 40
0.127
  0
CIRCLE
  5
BEF7
330
1D
100
AcDbEntity
  8
PIN_TOP
100
AcDbCircle
 10
63.824612
 20
24.88692
 30
0.0
 40
0.127
  0
CIRCLE
  5
BEF8
330
1D
100
AcDbEntity
  8
PIN_TOP
100
AcDbCircle
 10
64.624712
 20
14.487144
 30
0.0
 40
0.127
  0
CIRCLE
  5
BEF9
330
1D
100
AcDbEntity
  8
PIN_TOP
100
AcDbCircle
 10
63.824612
 20
14.487144
 30
0.0
 40
0.127
  0
CIRCLE
  5
BEFA
330
1D
100
AcDbEntity
  8
PIN_TOP
100
AcDbCircle
 10
70.22465
 20
16.08709
 30
0.0
 40
0.127
  0
CIRCLE
  5
BEFB
330
1D
100
AcDbEntity
  8
PIN_TOP
100
AcDbCircle
 10
64.624712
 20
16.08709
 30
0.0
 40
0.127
  0
CIRCLE
  5
BEFC
330
1D
100
AcDbEntity
  8
PIN_TOP
100
AcDbCircle
 10
72.224646
 20
16.886936
 30
0.0
 40
0.127
  0
CIRCLE
  5
BEFD
330
1D
100
AcDbEntity
  8
PIN_TOP
100
AcDbCircle
 10
71.02475
 20
16.886936
 30
0.0
 40
0.127
  0
CIRCLE
  5
BEFE
330
1D
100
AcDbEntity
  8
PIN_TOP
100
AcDbCircle
 10
71.02475
 20
14.487144
 30
0.0
 40
0.127
  0
CIRCLE
  5
BEFF
330
1D
100
AcDbEntity
  8
PIN_TOP
100
AcDbCircle
 10
68.624704
 20
14.487144
 30
0.0
 40
0.127
  0
CIRCLE
  5
BF00
330
1D
100
AcDbEntity
  8
PIN_TOP
100
AcDbCircle
 10
73.024746
 20
15.68704
 30
0.0
 40
0.127
  0
CIRCLE
  5
BF01
330
1D
100
AcDbEntity
  8
PIN_TOP
100
AcDbCircle
 10
72.224646
 20
15.68704
 30
0.0
 40
0.127
  0
CIRCLE
  5
BF02
330
1D
100
AcDbEntity
  8
PIN_TOP
100
AcDbCircle
 10
68.624704
 20
15.68704
 30
0.0
 40
0.127
  0
CIRCLE
  5
BF03
330
1D
100
AcDbEntity
  8
PIN_TOP
100
AcDbCircle
 10
66.624708
 20
15.68704
 30
0.0
 40
0.127
  0
CIRCLE
  5
BF04
330
1D
100
AcDbEntity
  8
PIN_TOP
100
AcDbCircle
 10
63.024766
 20
15.68704
 30
0.0
 40
0.127
  0
CIRCLE
  5
BF05
330
1D
100
AcDbEntity
  8
PIN_TOP
100
AcDbCircle
 10
62.224666
 20
15.68704
 30
0.0
 40
0.127
  0
CIRCLE
  5
BF06
330
1D
100
AcDbEntity
  8
PIN_TOP
100
AcDbCircle
 10
72.624696
 20
16.08709
 30
0.0
 40
0.127
  0
CIRCLE
  5
BF07
330
1D
100
AcDbEntity
  8
PIN_TOP
100
AcDbCircle
 10
71.4248
 20
16.08709
 30
0.0
 40
0.127
  0
CIRCLE
  5
BF08
330
1D
100
AcDbEntity
  8
PIN_TOP
100
AcDbCircle
 10
69.424804
 20
16.08709
 30
0.0
 40
0.127
  0
CIRCLE
  5
BF09
330
1D
100
AcDbEntity
  8
PIN_TOP
100
AcDbCircle
 10
67.824604
 20
16.08709
 30
0.0
 40
0.127
  0
CIRCLE
  5
BF0A
330
1D
100
AcDbEntity
  8
PIN_TOP
100
AcDbCircle
 10
66.624708
 20
14.487144
 30
0.0
 40
0.127
  0
CIRCLE
  5
BF0B
330
1D
100
AcDbEntity
  8
PIN_TOP
100
AcDbCircle
 10
67.424808
 20
16.08709
 30
0.0
 40
0.127
  0
CIRCLE
  5
BF0C
330
1D
100
AcDbEntity
  8
PIN_TOP
100
AcDbCircle
 10
65.824608
 20
16.08709
 30
0.0
 40
0.127
  0
CIRCLE
  5
BF0D
330
1D
100
AcDbEntity
  8
PIN_TOP
100
AcDbCircle
 10
63.824612
 20
16.08709
 30
0.0
 40
0.127
  0
CIRCLE
  5
BF0E
330
1D
100
AcDbEntity
  8
PIN_TOP
100
AcDbCircle
 10
62.624716
 20
16.08709
 30
0.0
 40
0.127
  0
CIRCLE
  5
BF0F
330
1D
100
AcDbEntity
  8
PIN_TOP
100
AcDbCircle
 10
71.824596
 20
16.886936
 30
0.0
 40
0.127
  0
CIRCLE
  5
BF10
330
1D
100
AcDbEntity
  8
PIN_TOP
100
AcDbCircle
 10
63.424816
 20
16.886936
 30
0.0
 40
0.127
  0
CIRCLE
  5
BF11
330
1D
100
AcDbEntity
  8
PIN_TOP
100
AcDbCircle
 10
71.824596
 20
22.487128
 30
0.0
 40
0.127
  0
CIRCLE
  5
BF12
330
1D
100
AcDbEntity
  8
PIN_TOP
100
AcDbCircle
 10
63.424816
 20
22.487128
 30
0.0
 40
0.127
  0
CIRCLE
  5
BF13
330
1D
100
AcDbEntity
  8
PIN_TOP
100
AcDbCircle
 10
72.624696
 20
23.286974
 30
0.0
 40
0.127
  0
CIRCLE
  5
BF14
330
1D
100
AcDbEntity
  8
PIN_TOP
100
AcDbCircle
 10
71.4248
 20
23.286974
 30
0.0
 40
0.127
  0
CIRCLE
  5
BF15
330
1D
100
AcDbEntity
  8
PIN_TOP
100
AcDbCircle
 10
64.224662
 20
14.487144
 30
0.0
 40
0.127
  0
CIRCLE
  5
BF16
330
1D
100
AcDbEntity
  8
PIN_TOP
100
AcDbCircle
 10
69.424804
 20
23.286974
 30
0.0
 40
0.127
  0
CIRCLE
  5
BF17
330
1D
100
AcDbEntity
  8
PIN_TOP
100
AcDbCircle
 10
67.824604
 20
23.286974
 30
0.0
 40
0.127
  0
CIRCLE
  5
BF18
330
1D
100
AcDbEntity
  8
PIN_TOP
100
AcDbCircle
 10
67.424808
 20
23.286974
 30
0.0
 40
0.127
  0
CIRCLE
  5
BF19
330
1D
100
AcDbEntity
  8
PIN_TOP
100
AcDbCircle
 10
65.824608
 20
23.286974
 30
0.0
 40
0.127
  0
CIRCLE
  5
BF1A
330
1D
100
AcDbEntity
  8
PIN_TOP
100
AcDbCircle
 10
63.824612
 20
23.286974
 30
0.0
 40
0.127
  0
CIRCLE
  5
BF1B
330
1D
100
AcDbEntity
  8
PIN_TOP
100
AcDbCircle
 10
62.624716
 20
23.286974
 30
0.0
 40
0.127
  0
CIRCLE
  5
BF1C
330
1D
100
AcDbEntity
  8
PIN_TOP
100
AcDbCircle
 10
73.024746
 20
23.687024
 30
0.0
 40
0.127
  0
CIRCLE
  5
BF1D
330
1D
100
AcDbEntity
  8
PIN_TOP
100
AcDbCircle
 10
72.224646
 20
23.687024
 30
0.0
 40
0.127
  0
CIRCLE
  5
BF1E
330
1D
100
AcDbEntity
  8
PIN_TOP
100
AcDbCircle
 10
68.624704
 20
23.687024
 30
0.0
 40
0.127
  0
CIRCLE
  5
BF1F
330
1D
100
AcDbEntity
  8
PIN_TOP
100
AcDbCircle
 10
66.624708
 20
23.687024
 30
0.0
 40
0.127
  0
CIRCLE
  5
BF20
330
1D
100
AcDbEntity
  8
PIN_TOP
100
AcDbCircle
 10
71.4248
 20
15.28699
 30
0.0
 40
0.127
  0
CIRCLE
  5
BF21
330
1D
100
AcDbEntity
  8
PIN_TOP
100
AcDbCircle
 10
63.024766
 20
23.687024
 30
0.0
 40
0.127
  0
CIRCLE
  5
BF22
330
1D
100
AcDbEntity
  8
PIN_TOP
100
AcDbCircle
 10
62.224666
 20
23.687024
 30
0.0
 40
0.127
  0
CIRCLE
  5
BF23
330
1D
100
AcDbEntity
  8
PIN_TOP
100
AcDbCircle
 10
71.4248
 20
24.087074
 30
0.0
 40
0.127
  0
CIRCLE
  5
BF24
330
1D
100
AcDbEntity
  8
PIN_TOP
100
AcDbCircle
 10
69.424804
 20
24.087074
 30
0.0
 40
0.127
  0
CIRCLE
  5
BF25
330
1D
100
AcDbEntity
  8
PIN_TOP
100
AcDbCircle
 10
67.824604
 20
24.087074
 30
0.0
 40
0.127
  0
CIRCLE
  5
BF26
330
1D
100
AcDbEntity
  8
PIN_TOP
100
AcDbCircle
 10
67.424808
 20
24.087074
 30
0.0
 40
0.127
  0
CIRCLE
  5
BF27
330
1D
100
AcDbEntity
  8
PIN_TOP
100
AcDbCircle
 10
65.824608
 20
24.087074
 30
0.0
 40
0.127
  0
CIRCLE
  5
BF28
330
1D
100
AcDbEntity
  8
PIN_TOP
100
AcDbCircle
 10
63.824612
 20
24.087074
 30
0.0
 40
0.127
  0
CIRCLE
  5
BF29
330
1D
100
AcDbEntity
  8
PIN_TOP
100
AcDbCircle
 10
71.02475
 20
24.88692
 30
0.0
 40
0.127
  0
CIRCLE
  5
BF2A
330
1D
100
AcDbEntity
  8
PIN_TOP
100
AcDbCircle
 10
68.624704
 20
24.88692
 30
0.0
 40
0.127
  0
CIRCLE
  5
BF2B
330
1D
100
AcDbEntity
  8
PIN_TOP
100
AcDbCircle
 10
69.424804
 20
15.28699
 30
0.0
 40
0.127
  0
CIRCLE
  5
BF2C
330
1D
100
AcDbEntity
  8
PIN_TOP
100
AcDbCircle
 10
66.624708
 20
24.88692
 30
0.0
 40
0.127
  0
CIRCLE
  5
BF2D
330
1D
100
AcDbEntity
  8
PIN_TOP
100
AcDbCircle
 10
64.224662
 20
24.88692
 30
0.0
 40
0.127
  0
CIRCLE
  5
BF2E
330
1D
100
AcDbEntity
  8
PIN_TOP
100
AcDbCircle
 10
67.824604
 20
15.28699
 30
0.0
 40
0.127
  0
CIRCLE
  5
BF2F
330
1D
100
AcDbEntity
  8
PIN_TOP
100
AcDbCircle
 10
67.424808
 20
15.28699
 30
0.0
 40
0.127
  0
CIRCLE
  5
BF30
330
1D
100
AcDbEntity
  8
PIN_TOP
100
AcDbCircle
 10
65.824608
 20
15.28699
 30
0.0
 40
0.127
  0
CIRCLE
  5
BF31
330
1D
100
AcDbEntity
  8
PIN_TOP
100
AcDbCircle
 10
63.824612
 20
15.28699
 30
0.0
 40
0.127
  0
CIRCLE
  5
BF32
330
1D
100
AcDbEntity
  8
PIN_TOP
100
AcDbCircle
 10
70.6247
 20
14.487144
 30
0.0
 40
0.127
  0
CIRCLE
  5
BF33
330
1D
100
AcDbEntity
  8
PIN_TOP
100
AcDbCircle
 10
65.424812
 20
14.487144
 30
0.0
 40
0.127
  0
CIRCLE
  5
BF34
330
1D
100
AcDbEntity
  8
PIN_TOP
100
AcDbCircle
 10
65.424812
 20
14.88694
 30
0.0
 40
0.127
  0
CIRCLE
  5
BF35
330
1D
100
AcDbEntity
  8
PIN_TOP
100
AcDbCircle
 10
63.024766
 20
20.087082
 30
0.0
 40
0.127
  0
CIRCLE
  5
BF36
330
1D
100
AcDbEntity
  8
PIN_TOP
100
AcDbCircle
 10
62.624716
 20
20.087082
 30
0.0
 40
0.127
  0
CIRCLE
  5
BF37
330
1D
100
AcDbEntity
  8
PIN_TOP
100
AcDbCircle
 10
62.224666
 20
20.087082
 30
0.0
 40
0.127
  0
CIRCLE
  5
BF38
330
1D
100
AcDbEntity
  8
PIN_TOP
100
AcDbCircle
 10
73.024746
 20
20.487132
 30
0.0
 40
0.127
  0
CIRCLE
  5
BF39
330
1D
100
AcDbEntity
  8
PIN_TOP
100
AcDbCircle
 10
72.624696
 20
20.487132
 30
0.0
 40
0.127
  0
CIRCLE
  5
BF3A
330
1D
100
AcDbEntity
  8
PIN_TOP
100
AcDbCircle
 10
72.224646
 20
20.487132
 30
0.0
 40
0.127
  0
CIRCLE
  5
BF3B
330
1D
100
AcDbEntity
  8
PIN_TOP
100
AcDbCircle
 10
71.824596
 20
20.487132
 30
0.0
 40
0.127
  0
CIRCLE
  5
BF3C
330
1D
100
AcDbEntity
  8
PIN_TOP
100
AcDbCircle
 10
63.424816
 20
20.487132
 30
0.0
 40
0.127
  0
CIRCLE
  5
BF3D
330
1D
100
AcDbEntity
  8
PIN_TOP
100
AcDbCircle
 10
63.024766
 20
20.487132
 30
0.0
 40
0.127
  0
CIRCLE
  5
BF3E
330
1D
100
AcDbEntity
  8
PIN_TOP
100
AcDbCircle
 10
62.624716
 20
20.487132
 30
0.0
 40
0.127
  0
CIRCLE
  5
BF3F
330
1D
100
AcDbEntity
  8
PIN_TOP
100
AcDbCircle
 10
64.624712
 20
14.88694
 30
0.0
 40
0.127
  0
CIRCLE
  5
BF40
330
1D
100
AcDbEntity
  8
PIN_TOP
100
AcDbCircle
 10
62.224666
 20
20.487132
 30
0.0
 40
0.127
  0
CIRCLE
  5
BF41
330
1D
100
AcDbEntity
  8
PIN_TOP
100
AcDbCircle
 10
73.024746
 20
20.886928
 30
0.0
 40
0.127
  0
CIRCLE
  5
BF42
330
1D
100
AcDbEntity
  8
PIN_TOP
100
AcDbCircle
 10
72.624696
 20
20.886928
 30
0.0
 40
0.127
  0
CIRCLE
  5
BF43
330
1D
100
AcDbEntity
  8
PIN_TOP
100
AcDbCircle
 10
72.224646
 20
20.886928
 30
0.0
 40
0.127
  0
CIRCLE
  5
BF44
330
1D
100
AcDbEntity
  8
PIN_TOP
100
AcDbCircle
 10
71.824596
 20
20.886928
 30
0.0
 40
0.127
  0
CIRCLE
  5
BF45
330
1D
100
AcDbEntity
  8
PIN_TOP
100
AcDbCircle
 10
63.424816
 20
20.886928
 30
0.0
 40
0.127
  0
CIRCLE
  5
BF46
330
1D
100
AcDbEntity
  8
PIN_TOP
100
AcDbCircle
 10
63.024766
 20
20.886928
 30
0.0
 40
0.127
  0
CIRCLE
  5
BF47
330
1D
100
AcDbEntity
  8
PIN_TOP
100
AcDbCircle
 10
62.624716
 20
20.886928
 30
0.0
 40
0.127
  0
CIRCLE
  5
BF48
330
1D
100
AcDbEntity
  8
PIN_TOP
100
AcDbCircle
 10
62.224666
 20
20.886928
 30
0.0
 40
0.127
  0
CIRCLE
  5
BF49
330
1D
100
AcDbEntity
  8
PIN_TOP
100
AcDbCircle
 10
73.024746
 20
21.286978
 30
0.0
 40
0.127
  0
CIRCLE
  5
BF4A
330
1D
100
AcDbEntity
  8
PIN_TOP
100
AcDbCircle
 10
64.224662
 20
14.88694
 30
0.0
 40
0.127
  0
CIRCLE
  5
BF4B
330
1D
100
AcDbEntity
  8
PIN_TOP
100
AcDbCircle
 10
72.624696
 20
21.286978
 30
0.0
 40
0.127
  0
CIRCLE
  5
BF4C
330
1D
100
AcDbEntity
  8
PIN_TOP
100
AcDbCircle
 10
72.224646
 20
21.286978
 30
0.0
 40
0.127
  0
CIRCLE
  5
BF4D
330
1D
100
AcDbEntity
  8
PIN_TOP
100
AcDbCircle
 10
71.824596
 20
21.286978
 30
0.0
 40
0.127
  0
CIRCLE
  5
BF4E
330
1D
100
AcDbEntity
  8
PIN_TOP
100
AcDbCircle
 10
63.424816
 20
21.286978
 30
0.0
 40
0.127
  0
CIRCLE
  5
BF4F
330
1D
100
AcDbEntity
  8
PIN_TOP
100
AcDbCircle
 10
63.024766
 20
21.286978
 30
0.0
 40
0.127
  0
CIRCLE
  5
BF50
330
1D
100
AcDbEntity
  8
PIN_TOP
100
AcDbCircle
 10
62.624716
 20
21.286978
 30
0.0
 40
0.127
  0
CIRCLE
  5
BF51
330
1D
100
AcDbEntity
  8
PIN_TOP
100
AcDbCircle
 10
62.224666
 20
21.286978
 30
0.0
 40
0.127
  0
CIRCLE
  5
BF52
330
1D
100
AcDbEntity
  8
PIN_TOP
100
AcDbCircle
 10
73.024746
 20
21.687028
 30
0.0
 40
0.127
  0
CIRCLE
  5
BF53
330
1D
100
AcDbEntity
  8
PIN_TOP
100
AcDbCircle
 10
72.624696
 20
21.687028
 30
0.0
 40
0.127
  0
CIRCLE
  5
BF54
330
1D
100
AcDbEntity
  8
PIN_TOP
100
AcDbCircle
 10
72.224646
 20
21.687028
 30
0.0
 40
0.127
  0
CIRCLE
  5
BF55
330
1D
100
AcDbEntity
  8
PIN_TOP
100
AcDbCircle
 10
63.424816
 20
14.88694
 30
0.0
 40
0.127
  0
CIRCLE
  5
BF56
330
1D
100
AcDbEntity
  8
PIN_TOP
100
AcDbCircle
 10
71.824596
 20
21.687028
 30
0.0
 40
0.127
  0
CIRCLE
  5
BF57
330
1D
100
AcDbEntity
  8
PIN_TOP
100
AcDbCircle
 10
71.824596
 20
24.487124
 30
0.0
 40
0.127
  0
CIRCLE
  5
BF58
330
1D
100
AcDbEntity
  8
PIN_TOP
100
AcDbCircle
 10
71.02475
 20
24.487124
 30
0.0
 40
0.127
  0
CIRCLE
  5
BF59
330
1D
100
AcDbEntity
  8
PIN_TOP
100
AcDbCircle
 10
70.6247
 20
24.487124
 30
0.0
 40
0.127
  0
CIRCLE
  5
BF5A
330
1D
100
AcDbEntity
  8
PIN_TOP
100
AcDbCircle
 10
69.8246
 20
24.487124
 30
0.0
 40
0.127
  0
CIRCLE
  5
BF5B
330
1D
100
AcDbEntity
  8
PIN_TOP
100
AcDbCircle
 10
69.024754
 20
24.487124
 30
0.0
 40
0.127
  0
CIRCLE
  5
BF5C
330
1D
100
AcDbEntity
  8
PIN_TOP
100
AcDbCircle
 10
68.224654
 20
24.487124
 30
0.0
 40
0.127
  0
CIRCLE
  5
BF5D
330
1D
100
AcDbEntity
  8
PIN_TOP
100
AcDbCircle
 10
67.024758
 20
24.487124
 30
0.0
 40
0.127
  0
CIRCLE
  5
BF5E
330
1D
100
AcDbEntity
  8
PIN_TOP
100
AcDbCircle
 10
66.224658
 20
24.487124
 30
0.0
 40
0.127
  0
CIRCLE
  5
BF5F
330
1D
100
AcDbEntity
  8
PIN_TOP
100
AcDbCircle
 10
65.424812
 20
24.487124
 30
0.0
 40
0.127
  0
CIRCLE
  5
BF60
330
1D
100
AcDbEntity
  8
PIN_TOP
100
AcDbCircle
 10
72.624696
 20
15.28699
 30
0.0
 40
0.127
  0
CIRCLE
  5
BF61
330
1D
100
AcDbEntity
  8
PIN_TOP
100
AcDbCircle
 10
65.024762
 20
24.487124
 30
0.0
 40
0.127
  0
CIRCLE
  5
BF62
330
1D
100
AcDbEntity
  8
PIN_TOP
100
AcDbCircle
 10
64.224662
 20
24.487124
 30
0.0
 40
0.127
  0
CIRCLE
  5
BF63
330
1D
100
AcDbEntity
  8
PIN_TOP
100
AcDbCircle
 10
63.424816
 20
24.487124
 30
0.0
 40
0.127
  0
CIRCLE
  5
BF64
330
1D
100
AcDbEntity
  8
PIN_TOP
100
AcDbCircle
 10
70.22465
 20
24.88692
 30
0.0
 40
0.127
  0
CIRCLE
  5
BF65
330
1D
100
AcDbEntity
  8
PIN_TOP
100
AcDbCircle
 10
64.624712
 20
24.88692
 30
0.0
 40
0.127
  0
CIRCLE
  5
BF66
330
1D
100
AcDbEntity
  8
PIN_TOP
100
AcDbCircle
 10
63.424816
 20
21.687028
 30
0.0
 40
0.127
  0
CIRCLE
  5
BF67
330
1D
100
AcDbEntity
  8
PIN_TOP
100
AcDbCircle
 10
63.024766
 20
21.687028
 30
0.0
 40
0.127
  0
CIRCLE
  5
BF68
330
1D
100
AcDbEntity
  8
PIN_TOP
100
AcDbCircle
 10
62.624716
 20
21.687028
 30
0.0
 40
0.127
  0
CIRCLE
  5
BF69
330
1D
100
AcDbEntity
  8
PIN_TOP
100
AcDbCircle
 10
62.224666
 20
21.687028
 30
0.0
 40
0.127
  0
CIRCLE
  5
BF6A
330
1D
100
AcDbEntity
  8
PIN_TOP
100
AcDbCircle
 10
70.6247
 20
22.487128
 30
0.0
 40
0.127
  0
CIRCLE
  5
BF6B
330
1D
100
AcDbEntity
  8
PIN_TOP
100
AcDbCircle
 10
62.624716
 20
15.28699
 30
0.0
 40
0.127
  0
CIRCLE
  5
BF6C
330
1D
100
AcDbEntity
  8
PIN_TOP
100
AcDbCircle
 10
70.22465
 20
22.487128
 30
0.0
 40
0.127
  0
CIRCLE
  5
BF6D
330
1D
100
AcDbEntity
  8
PIN_TOP
100
AcDbCircle
 10
68.624704
 20
22.487128
 30
0.0
 40
0.127
  0
CIRCLE
  5
BF6E
330
1D
100
AcDbEntity
  8
PIN_TOP
100
AcDbCircle
 10
66.624708
 20
22.487128
 30
0.0
 40
0.127
  0
CIRCLE
  5
BF6F
330
1D
100
AcDbEntity
  8
PIN_TOP
100
AcDbCircle
 10
65.024762
 20
22.487128
 30
0.0
 40
0.127
  0
CIRCLE
  5
BF70
330
1D
100
AcDbEntity
  8
PIN_TOP
100
AcDbCircle
 10
64.624712
 20
22.487128
 30
0.0
 40
0.127
  0
CIRCLE
  5
BF71
330
1D
100
AcDbEntity
  8
PIN_TOP
100
AcDbCircle
 10
73.024746
 20
22.886924
 30
0.0
 40
0.127
  0
CIRCLE
  5
BF72
330
1D
100
AcDbEntity
  8
PIN_TOP
100
AcDbCircle
 10
72.624696
 20
22.886924
 30
0.0
 40
0.127
  0
CIRCLE
  5
BF73
330
1D
100
AcDbEntity
  8
PIN_TOP
100
AcDbCircle
 10
71.824596
 20
22.886924
 30
0.0
 40
0.127
  0
CIRCLE
  5
BF74
330
1D
100
AcDbEntity
  8
PIN_TOP
100
AcDbCircle
 10
71.02475
 20
22.886924
 30
0.0
 40
0.127
  0
CIRCLE
  5
BF75
330
1D
100
AcDbEntity
  8
PIN_TOP
100
AcDbCircle
 10
69.8246
 20
22.886924
 30
0.0
 40
0.127
  0
CIRCLE
  5
BF76
330
1D
100
AcDbEntity
  8
PIN_TOP
100
AcDbCircle
 10
71.824596
 20
15.68704
 30
0.0
 40
0.127
  0
CIRCLE
  5
BF77
330
1D
100
AcDbEntity
  8
PIN_TOP
100
AcDbCircle
 10
69.024754
 20
22.886924
 30
0.0
 40
0.127
  0
CIRCLE
  5
BF78
330
1D
100
AcDbEntity
  8
PIN_TOP
100
AcDbCircle
 10
68.224654
 20
22.886924
 30
0.0
 40
0.127
  0
CIRCLE
  5
BF79
330
1D
100
AcDbEntity
  8
PIN_TOP
100
AcDbCircle
 10
67.024758
 20
22.886924
 30
0.0
 40
0.127
  0
CIRCLE
  5
BF7A
330
1D
100
AcDbEntity
  8
PIN_TOP
100
AcDbCircle
 10
66.224658
 20
22.886924
 30
0.0
 40
0.127
  0
CIRCLE
  5
BF7B
330
1D
100
AcDbEntity
  8
PIN_TOP
100
AcDbCircle
 10
65.424812
 20
22.886924
 30
0.0
 40
0.127
  0
CIRCLE
  5
BF7C
330
1D
100
AcDbEntity
  8
PIN_TOP
100
AcDbCircle
 10
64.224662
 20
22.886924
 30
0.0
 40
0.127
  0
CIRCLE
  5
BF7D
330
1D
100
AcDbEntity
  8
PIN_TOP
100
AcDbCircle
 10
63.424816
 20
22.886924
 30
0.0
 40
0.127
  0
CIRCLE
  5
BF7E
330
1D
100
AcDbEntity
  8
PIN_TOP
100
AcDbCircle
 10
62.624716
 20
22.886924
 30
0.0
 40
0.127
  0
CIRCLE
  5
BF7F
330
1D
100
AcDbEntity
  8
PIN_TOP
100
AcDbCircle
 10
62.224666
 20
22.886924
 30
0.0
 40
0.127
  0
CIRCLE
  5
BF80
330
1D
100
AcDbEntity
  8
PIN_TOP
100
AcDbCircle
 10
71.824596
 20
23.687024
 30
0.0
 40
0.127
  0
CIRCLE
  5
BF81
330
1D
100
AcDbEntity
  8
PIN_TOP
100
AcDbCircle
 10
71.02475
 20
15.68704
 30
0.0
 40
0.127
  0
CIRCLE
  5
BF82
330
1D
100
AcDbEntity
  8
PIN_TOP
100
AcDbCircle
 10
71.02475
 20
23.687024
 30
0.0
 40
0.127
  0
CIRCLE
  5
BF83
330
1D
100
AcDbEntity
  8
PIN_TOP
100
AcDbCircle
 10
69.8246
 20
23.687024
 30
0.0
 40
0.127
  0
CIRCLE
  5
BF84
330
1D
100
AcDbEntity
  8
PIN_TOP
100
AcDbCircle
 10
69.024754
 20
23.687024
 30
0.0
 40
0.127
  0
CIRCLE
  5
BF85
330
1D
100
AcDbEntity
  8
PIN_TOP
100
AcDbCircle
 10
68.224654
 20
23.687024
 30
0.0
 40
0.127
  0
CIRCLE
  5
BF86
330
1D
100
AcDbEntity
  8
PIN_TOP
100
AcDbCircle
 10
67.024758
 20
23.687024
 30
0.0
 40
0.127
  0
CIRCLE
  5
BF87
330
1D
100
AcDbEntity
  8
PIN_TOP
100
AcDbCircle
 10
66.224658
 20
23.687024
 30
0.0
 40
0.127
  0
CIRCLE
  5
BF88
330
1D
100
AcDbEntity
  8
PIN_TOP
100
AcDbCircle
 10
65.424812
 20
23.687024
 30
0.0
 40
0.127
  0
CIRCLE
  5
BF89
330
1D
100
AcDbEntity
  8
PIN_TOP
100
AcDbCircle
 10
64.224662
 20
23.687024
 30
0.0
 40
0.127
  0
CIRCLE
  5
BF8A
330
1D
100
AcDbEntity
  8
PIN_TOP
100
AcDbCircle
 10
63.424816
 20
23.687024
 30
0.0
 40
0.127
  0
CIRCLE
  5
BF8B
330
1D
100
AcDbEntity
  8
PIN_TOP
100
AcDbCircle
 10
72.624696
 20
24.087074
 30
0.0
 40
0.127
  0
CIRCLE
  5
BF8C
330
1D
100
AcDbEntity
  8
PIN_TOP
100
AcDbCircle
 10
69.8246
 20
15.68704
 30
0.0
 40
0.127
  0
CIRCLE
  5
BF8D
330
1D
100
AcDbEntity
  8
PIN_TOP
100
AcDbCircle
 10
62.624716
 20
24.087074
 30
0.0
 40
0.127
  0
CIRCLE
  5
BF8E
330
1D
100
AcDbEntity
  8
PIN_TOP
100
AcDbCircle
 10
69.024754
 20
15.68704
 30
0.0
 40
0.127
  0
CIRCLE
  5
BF8F
330
1D
100
AcDbEntity
  8
PIN_TOP
100
AcDbCircle
 10
71.824596
 20
14.88694
 30
0.0
 40
0.127
  0
CIRCLE
  5
BF90
330
1D
100
AcDbEntity
  8
PIN_TOP
100
AcDbCircle
 10
68.224654
 20
15.68704
 30
0.0
 40
0.127
  0
CIRCLE
  5
BF91
330
1D
100
AcDbEntity
  8
PIN_TOP
100
AcDbCircle
 10
67.024758
 20
15.68704
 30
0.0
 40
0.127
  0
CIRCLE
  5
BF92
330
1D
100
AcDbEntity
  8
PIN_TOP
100
AcDbCircle
 10
66.224658
 20
15.68704
 30
0.0
 40
0.127
  0
CIRCLE
  5
BF93
330
1D
100
AcDbEntity
  8
PIN_TOP
100
AcDbCircle
 10
65.424812
 20
15.68704
 30
0.0
 40
0.127
  0
CIRCLE
  5
BF94
330
1D
100
AcDbEntity
  8
PIN_TOP
100
AcDbCircle
 10
64.224662
 20
15.68704
 30
0.0
 40
0.127
  0
CIRCLE
  5
BF95
330
1D
100
AcDbEntity
  8
PIN_TOP
100
AcDbCircle
 10
63.424816
 20
15.68704
 30
0.0
 40
0.127
  0
CIRCLE
  5
BF96
330
1D
100
AcDbEntity
  8
PIN_TOP
100
AcDbCircle
 10
73.024746
 20
16.48714
 30
0.0
 40
0.127
  0
CIRCLE
  5
BF97
330
1D
100
AcDbEntity
  8
PIN_TOP
100
AcDbCircle
 10
72.624696
 20
16.48714
 30
0.0
 40
0.127
  0
CIRCLE
  5
BF98
330
1D
100
AcDbEntity
  8
PIN_TOP
100
AcDbCircle
 10
71.824596
 20
16.48714
 30
0.0
 40
0.127
  0
CIRCLE
  5
BF99
330
1D
100
AcDbEntity
  8
PIN_TOP
100
AcDbCircle
 10
71.02475
 20
14.88694
 30
0.0
 40
0.127
  0
CIRCLE
  5
BF9A
330
1D
100
AcDbEntity
  8
PIN_TOP
100
AcDbCircle
 10
71.02475
 20
16.48714
 30
0.0
 40
0.127
  0
CIRCLE
  5
BF9B
330
1D
100
AcDbEntity
  8
PIN_TOP
100
AcDbCircle
 10
69.8246
 20
16.48714
 30
0.0
 40
0.127
  0
CIRCLE
  5
BF9C
330
1D
100
AcDbEntity
  8
PIN_TOP
100
AcDbCircle
 10
69.024754
 20
16.48714
 30
0.0
 40
0.127
  0
CIRCLE
  5
BF9D
330
1D
100
AcDbEntity
  8
PIN_TOP
100
AcDbCircle
 10
68.224654
 20
16.48714
 30
0.0
 40
0.127
  0
CIRCLE
  5
BF9E
330
1D
100
AcDbEntity
  8
PIN_TOP
100
AcDbCircle
 10
67.024758
 20
16.48714
 30
0.0
 40
0.127
  0
CIRCLE
  5
BF9F
330
1D
100
AcDbEntity
  8
PIN_TOP
100
AcDbCircle
 10
66.224658
 20
16.48714
 30
0.0
 40
0.127
  0
CIRCLE
  5
BFA0
330
1D
100
AcDbEntity
  8
PIN_TOP
100
AcDbCircle
 10
65.424812
 20
16.48714
 30
0.0
 40
0.127
  0
CIRCLE
  5
BFA1
330
1D
100
AcDbEntity
  8
PIN_TOP
100
AcDbCircle
 10
64.224662
 20
16.48714
 30
0.0
 40
0.127
  0
CIRCLE
  5
BFA2
330
1D
100
AcDbEntity
  8
PIN_TOP
100
AcDbCircle
 10
63.424816
 20
16.48714
 30
0.0
 40
0.127
  0
CIRCLE
  5
BFA3
330
1D
100
AcDbEntity
  8
PIN_TOP
100
AcDbCircle
 10
62.624716
 20
16.48714
 30
0.0
 40
0.127
  0
CIRCLE
  5
BFA4
330
1D
100
AcDbEntity
  8
PIN_TOP
100
AcDbCircle
 10
70.22465
 20
14.88694
 30
0.0
 40
0.127
  0
CIRCLE
  5
BFA5
330
1D
100
AcDbEntity
  8
PIN_TOP
100
AcDbCircle
 10
62.224666
 20
16.48714
 30
0.0
 40
0.127
  0
CIRCLE
  5
BFA6
330
1D
100
AcDbEntity
  8
PIN_TOP
100
AcDbCircle
 10
70.6247
 20
16.886936
 30
0.0
 40
0.127
  0
CIRCLE
  5
BFA7
330
1D
100
AcDbEntity
  8
PIN_TOP
100
AcDbCircle
 10
70.22465
 20
16.886936
 30
0.0
 40
0.127
  0
CIRCLE
  5
BFA8
330
1D
100
AcDbEntity
  8
PIN_TOP
100
AcDbCircle
 10
68.624704
 20
16.886936
 30
0.0
 40
0.127
  0
CIRCLE
  5
BFA9
330
1D
100
AcDbEntity
  8
PIN_TOP
100
AcDbCircle
 10
66.624708
 20
16.886936
 30
0.0
 40
0.127
  0
CIRCLE
  5
BFAA
330
1D
100
AcDbEntity
  8
PIN_TOP
100
AcDbCircle
 10
65.024762
 20
16.886936
 30
0.0
 40
0.127
  0
CIRCLE
  5
BFAB
330
1D
100
AcDbEntity
  8
PIN_TOP
100
AcDbCircle
 10
64.624712
 20
16.886936
 30
0.0
 40
0.127
  0
CIRCLE
  5
BFAC
330
1D
100
AcDbEntity
  8
PIN_TOP
100
AcDbCircle
 10
73.024746
 20
17.687036
 30
0.0
 40
0.127
  0
CIRCLE
  5
BFAD
330
1D
100
AcDbEntity
  8
PIN_TOP
100
AcDbCircle
 10
72.624696
 20
17.687036
 30
0.0
 40
0.127
  0
CIRCLE
  5
BFAE
330
1D
100
AcDbEntity
  8
PIN_TOP
100
AcDbCircle
 10
72.224646
 20
17.687036
 30
0.0
 40
0.127
  0
CIRCLE
  5
BFAF
330
1D
100
AcDbEntity
  8
PIN_TOP
100
AcDbCircle
 10
69.8246
 20
14.88694
 30
0.0
 40
0.127
  0
CIRCLE
  5
BFB0
330
1D
100
AcDbEntity
  8
PIN_TOP
100
AcDbCircle
 10
71.824596
 20
17.687036
 30
0.0
 40
0.127
  0
CIRCLE
  5
BFB1
330
1D
100
AcDbEntity
  8
PIN_TOP
100
AcDbCircle
 10
63.424816
 20
17.687036
 30
0.0
 40
0.127
  0
CIRCLE
  5
BFB2
330
1D
100
AcDbEntity
  8
PIN_TOP
100
AcDbCircle
 10
63.024766
 20
17.687036
 30
0.0
 40
0.127
  0
CIRCLE
  5
BFB3
330
1D
100
AcDbEntity
  8
PIN_TOP
100
AcDbCircle
 10
62.624716
 20
17.687036
 30
0.0
 40
0.127
  0
CIRCLE
  5
BFB4
330
1D
100
AcDbEntity
  8
PIN_TOP
100
AcDbCircle
 10
62.224666
 20
17.687036
 30
0.0
 40
0.127
  0
CIRCLE
  5
BFB5
330
1D
100
AcDbEntity
  8
PIN_TOP
100
AcDbCircle
 10
73.024746
 20
18.087086
 30
0.0
 40
0.127
  0
CIRCLE
  5
BFB6
330
1D
100
AcDbEntity
  8
PIN_TOP
100
AcDbCircle
 10
72.624696
 20
18.087086
 30
0.0
 40
0.127
  0
CIRCLE
  5
BFB7
330
1D
100
AcDbEntity
  8
PIN_TOP
100
AcDbCircle
 10
72.224646
 20
18.087086
 30
0.0
 40
0.127
  0
CIRCLE
  5
BFB8
330
1D
100
AcDbEntity
  8
PIN_TOP
100
AcDbCircle
 10
71.824596
 20
18.087086
 30
0.0
 40
0.127
  0
CIRCLE
  5
BFB9
330
1D
100
AcDbEntity
  8
PIN_TOP
100
AcDbCircle
 10
63.424816
 20
18.087086
 30
0.0
 40
0.127
  0
CIRCLE
  5
BFBA
330
1D
100
AcDbEntity
  8
PIN_TOP
100
AcDbCircle
 10
69.024754
 20
14.88694
 30
0.0
 40
0.127
  0
CIRCLE
  5
BFBB
330
1D
100
AcDbEntity
  8
PIN_TOP
100
AcDbCircle
 10
63.024766
 20
18.087086
 30
0.0
 40
0.127
  0
CIRCLE
  5
BFBC
330
1D
100
AcDbEntity
  8
PIN_TOP
100
AcDbCircle
 10
62.624716
 20
18.087086
 30
0.0
 40
0.127
  0
CIRCLE
  5
BFBD
330
1D
100
AcDbEntity
  8
PIN_TOP
100
AcDbCircle
 10
62.224666
 20
18.087086
 30
0.0
 40
0.127
  0
CIRCLE
  5
BFBE
330
1D
100
AcDbEntity
  8
PIN_TOP
100
AcDbCircle
 10
73.024746
 20
18.487136
 30
0.0
 40
0.127
  0
CIRCLE
  5
BFBF
330
1D
100
AcDbEntity
  8
PIN_TOP
100
AcDbCircle
 10
72.624696
 20
18.487136
 30
0.0
 40
0.127
  0
CIRCLE
  5
BFC0
330
1D
100
AcDbEntity
  8
PIN_TOP
100
AcDbCircle
 10
72.224646
 20
18.487136
 30
0.0
 40
0.127
  0
CIRCLE
  5
BFC1
330
1D
100
AcDbEntity
  8
PIN_TOP
100
AcDbCircle
 10
71.824596
 20
18.487136
 30
0.0
 40
0.127
  0
CIRCLE
  5
BFC2
330
1D
100
AcDbEntity
  8
PIN_TOP
100
AcDbCircle
 10
63.424816
 20
18.487136
 30
0.0
 40
0.127
  0
CIRCLE
  5
BFC3
330
1D
100
AcDbEntity
  8
PIN_TOP
100
AcDbCircle
 10
63.024766
 20
18.487136
 30
0.0
 40
0.127
  0
CIRCLE
  5
BFC4
330
1D
100
AcDbEntity
  8
PIN_TOP
100
AcDbCircle
 10
62.624716
 20
18.487136
 30
0.0
 40
0.127
  0
CIRCLE
  5
BFC5
330
1D
100
AcDbEntity
  8
PIN_TOP
100
AcDbCircle
 10
68.224654
 20
14.88694
 30
0.0
 40
0.127
  0
CIRCLE
  5
BFC6
330
1D
100
AcDbEntity
  8
PIN_TOP
100
AcDbCircle
 10
62.224666
 20
18.487136
 30
0.0
 40
0.127
  0
CIRCLE
  5
BFC7
330
1D
100
AcDbEntity
  8
PIN_TOP
100
AcDbCircle
 10
73.024746
 20
18.886932
 30
0.0
 40
0.127
  0
CIRCLE
  5
BFC8
330
1D
100
AcDbEntity
  8
PIN_TOP
100
AcDbCircle
 10
72.624696
 20
18.886932
 30
0.0
 40
0.127
  0
CIRCLE
  5
BFC9
330
1D
100
AcDbEntity
  8
PIN_TOP
100
AcDbCircle
 10
72.224646
 20
18.886932
 30
0.0
 40
0.127
  0
CIRCLE
  5
BFCA
330
1D
100
AcDbEntity
  8
PIN_TOP
100
AcDbCircle
 10
71.824596
 20
18.886932
 30
0.0
 40
0.127
  0
CIRCLE
  5
BFCB
330
1D
100
AcDbEntity
  8
PIN_TOP
100
AcDbCircle
 10
63.424816
 20
18.886932
 30
0.0
 40
0.127
  0
CIRCLE
  5
BFCC
330
1D
100
AcDbEntity
  8
PIN_TOP
100
AcDbCircle
 10
63.024766
 20
18.886932
 30
0.0
 40
0.127
  0
CIRCLE
  5
BFCD
330
1D
100
AcDbEntity
  8
PIN_TOP
100
AcDbCircle
 10
62.624716
 20
18.886932
 30
0.0
 40
0.127
  0
CIRCLE
  5
BFCE
330
1D
100
AcDbEntity
  8
PIN_TOP
100
AcDbCircle
 10
62.224666
 20
18.886932
 30
0.0
 40
0.127
  0
CIRCLE
  5
BFCF
330
1D
100
AcDbEntity
  8
PIN_TOP
100
AcDbCircle
 10
73.024746
 20
19.286982
 30
0.0
 40
0.127
  0
CIRCLE
  5
BFD0
330
1D
100
AcDbEntity
  8
PIN_TOP
100
AcDbCircle
 10
67.024758
 20
14.88694
 30
0.0
 40
0.127
  0
CIRCLE
  5
BFD1
330
1D
100
AcDbEntity
  8
PIN_TOP
100
AcDbCircle
 10
72.624696
 20
19.286982
 30
0.0
 40
0.127
  0
CIRCLE
  5
BFD2
330
1D
100
AcDbEntity
  8
PIN_TOP
100
AcDbCircle
 10
72.224646
 20
19.286982
 30
0.0
 40
0.127
  0
CIRCLE
  5
BFD3
330
1D
100
AcDbEntity
  8
PIN_TOP
100
AcDbCircle
 10
71.824596
 20
19.286982
 30
0.0
 40
0.127
  0
CIRCLE
  5
BFD4
330
1D
100
AcDbEntity
  8
PIN_TOP
100
AcDbCircle
 10
63.424816
 20
19.286982
 30
0.0
 40
0.127
  0
CIRCLE
  5
BFD5
330
1D
100
AcDbEntity
  8
PIN_TOP
100
AcDbCircle
 10
63.024766
 20
19.286982
 30
0.0
 40
0.127
  0
CIRCLE
  5
BFD6
330
1D
100
AcDbEntity
  8
PIN_TOP
100
AcDbCircle
 10
62.624716
 20
19.286982
 30
0.0
 40
0.127
  0
CIRCLE
  5
BFD7
330
1D
100
AcDbEntity
  8
PIN_TOP
100
AcDbCircle
 10
62.224666
 20
19.286982
 30
0.0
 40
0.127
  0
CIRCLE
  5
BFD8
330
1D
100
AcDbEntity
  8
PIN_TOP
100
AcDbCircle
 10
73.024746
 20
19.687032
 30
0.0
 40
0.127
  0
CIRCLE
  5
BFD9
330
1D
100
AcDbEntity
  8
PIN_TOP
100
AcDbCircle
 10
72.624696
 20
19.687032
 30
0.0
 40
0.127
  0
CIRCLE
  5
BFDA
330
1D
100
AcDbEntity
  8
PIN_TOP
100
AcDbCircle
 10
72.224646
 20
19.687032
 30
0.0
 40
0.127
  0
CIRCLE
  5
BFDB
330
1D
100
AcDbEntity
  8
PIN_TOP
100
AcDbCircle
 10
66.224658
 20
14.88694
 30
0.0
 40
0.127
  0
CIRCLE
  5
BFDC
330
1D
100
AcDbEntity
  8
PIN_TOP
100
AcDbCircle
 10
71.824596
 20
19.687032
 30
0.0
 40
0.127
  0
CIRCLE
  5
BFDD
330
1D
100
AcDbEntity
  8
PIN_TOP
100
AcDbCircle
 10
63.424816
 20
19.687032
 30
0.0
 40
0.127
  0
CIRCLE
  5
BFDE
330
1D
100
AcDbEntity
  8
PIN_TOP
100
AcDbCircle
 10
63.024766
 20
19.687032
 30
0.0
 40
0.127
  0
CIRCLE
  5
BFDF
330
1D
100
AcDbEntity
  8
PIN_TOP
100
AcDbCircle
 10
62.624716
 20
19.687032
 30
0.0
 40
0.127
  0
CIRCLE
  5
BFE0
330
1D
100
AcDbEntity
  8
PIN_TOP
100
AcDbCircle
 10
62.224666
 20
19.687032
 30
0.0
 40
0.127
  0
CIRCLE
  5
BFE1
330
1D
100
AcDbEntity
  8
PIN_TOP
100
AcDbCircle
 10
73.024746
 20
20.087082
 30
0.0
 40
0.127
  0
CIRCLE
  5
BFE2
330
1D
100
AcDbEntity
  8
PIN_TOP
100
AcDbCircle
 10
72.624696
 20
20.087082
 30
0.0
 40
0.127
  0
CIRCLE
  5
BFE3
330
1D
100
AcDbEntity
  8
PIN_TOP
100
AcDbCircle
 10
72.224646
 20
20.087082
 30
0.0
 40
0.127
  0
CIRCLE
  5
BFE4
330
1D
100
AcDbEntity
  8
PIN_TOP
100
AcDbCircle
 10
71.824596
 20
20.087082
 30
0.0
 40
0.127
  0
CIRCLE
  5
BFE5
330
1D
100
AcDbEntity
  8
PIN_TOP
100
AcDbCircle
 10
63.424816
 20
20.087082
 30
0.0
 40
0.127
  0
TEXT
  5
BFE6
330
1D
100
AcDbEntity
  8
RD_SILKSCREEN_TOP
100
AcDbText
 10
66.237866
 20
28.39212
 30
0.0
 40
1.0668
  1
UM2
 41
1.119048
100
AcDbText
  0
CIRCLE
  5
BFE7
330
1D
100
AcDbEntity
  8
PIN_TOP
100
AcDbCircle
 10
33.854136
 20
52.434236
 30
0.0
 40
0.175006
  0
CIRCLE
  5
BFE8
330
1D
100
AcDbEntity
  8
PIN_TOP
100
AcDbCircle
 10
34.47415
 20
52.434236
 30
0.0
 40
0.16256
  0
CIRCLE
  5
BFE9
330
1D
100
AcDbEntity
  8
PIN_TOP
100
AcDbCircle
 10
35.094164
 20
52.434236
 30
0.0
 40
0.149987
  0
CIRCLE
  5
BFEA
330
1D
100
AcDbEntity
  8
PIN_TOP
100
AcDbCircle
 10
35.714178
 20
52.434236
 30
0.0
 40
0.149987
  0
LWPOLYLINE
  5
BFEB
330
1D
100
AcDbEntity
  8
PIN_TOP
100
AcDbPolyline
 90
        4
 70
     1
 43
0.0
 10
36.214304
 20
52.391691
 10
36.214304
 20
52.476781
 42
-1.0
 10
36.46424
 20
52.476781
 10
36.46424
 20
52.391691
 42
-1.0
  0
LWPOLYLINE
  5
BFF1
330
1D
100
AcDbEntity
  8
PIN_TOP
100
AcDbPolyline
 90
        4
 70
     1
 43
0.0
 10
36.928171
 20
52.409217
 10
36.928171
 20
52.459255
 42
-1.0
 10
37.128069
 20
52.459255
 10
37.128069
 20
52.409217
 42
-1.0
  0
LWPOLYLINE
  5
BFF7
330
1D
100
AcDbEntity
  8
PIN_TOP
100
AcDbPolyline
 90
        4
 70
     1
 43
0.0
 10
37.558345
 20
52.134135
 10
37.558345
 20
52.184173
 42
-1.0
 10
37.758243
 20
52.184173
 10
37.758243
 20
52.134135
 42
-1.0
  0
LWPOLYLINE
  5
BFFD
330
1D
100
AcDbEntity
  8
PIN_TOP
100
AcDbPolyline
 90
        4
 70
     1
 43
0.0
 10
38.188265
 20
52.409217
 10
38.188265
 20
52.459255
 42
-1.0
 10
38.388163
 20
52.459255
 10
38.388163
 20
52.409217
 42
-1.0
  0
LWPOLYLINE
  5
C003
330
1D
100
AcDbEntity
  8
PIN_TOP
100
AcDbPolyline
 90
        4
 70
     1
 43
0.0
 10
38.818185
 20
52.134135
 10
38.818185
 20
52.184173
 42
-1.0
 10
39.018083
 20
52.184173
 10
39.018083
 20
52.134135
 42
-1.0
  0
LWPOLYLINE
  5
C009
330
1D
100
AcDbEntity
  8
PIN_TOP
100
AcDbPolyline
 90
        4
 70
     1
 43
0.0
 10
39.448359
 20
52.409217
 10
39.448359
 20
52.459255
 42
-1.0
 10
39.648257
 20
52.459255
 10
39.648257
 20
52.409217
 42
-1.0
  0
LWPOLYLINE
  5
C00F
330
1D
100
AcDbEntity
  8
PIN_TOP
100
AcDbPolyline
 90
        4
 70
     1
 43
0.0
 10
40.078279
 20
52.134135
 10
40.078279
 20
52.184173
 42
-1.0
 10
40.278177
 20
52.184173
 10
40.278177
 20
52.134135
 42
-1.0
  0
LWPOLYLINE
  5
C015
330
1D
100
AcDbEntity
  8
PIN_TOP
100
AcDbPolyline
 90
        4
 70
     1
 43
0.0
 10
40.708199
 20
52.409217
 10
40.708199
 20
52.459255
 42
-1.0
 10
40.908097
 20
52.459255
 10
40.908097
 20
52.409217
 42
-1.0
  0
LWPOLYLINE
  5
C01B
330
1D
100
AcDbEntity
  8
PIN_TOP
100
AcDbPolyline
 90
        4
 70
     1
 43
0.0
 10
41.338373
 20
52.134135
 10
41.338373
 20
52.184173
 42
-1.0
 10
41.538271
 20
52.184173
 10
41.538271
 20
52.134135
 42
-1.0
  0
LWPOLYLINE
  5
C021
330
1D
100
AcDbEntity
  8
PIN_TOP
100
AcDbPolyline
 90
        4
 70
     1
 43
0.0
 10
41.968293
 20
52.409217
 10
41.968293
 20
52.459255
 42
-1.0
 10
42.168191
 20
52.459255
 10
42.168191
 20
52.409217
 42
-1.0
  0
LWPOLYLINE
  5
C027
330
1D
100
AcDbEntity
  8
PIN_TOP
100
AcDbPolyline
 90
        4
 70
     1
 43
0.0
 10
42.596181
 20
52.134135
 10
42.596181
 20
52.184173
 42
-1.0
 10
42.796079
 20
52.184173
 10
42.796079
 20
52.134135
 42
-1.0
  0
LWPOLYLINE
  5
C02D
330
1D
100
AcDbEntity
  8
PIN_TOP
100
AcDbPolyline
 90
        4
 70
     1
 43
0.0
 10
43.228387
 20
52.409217
 10
43.228387
 20
52.459255
 42
-1.0
 10
43.428285
 20
52.459255
 10
43.428285
 20
52.409217
 42
-1.0
  0
LWPOLYLINE
  5
C033
330
1D
100
AcDbEntity
  8
PIN_TOP
100
AcDbPolyline
 90
        4
 70
     1
 43
0.0
 10
43.858307
 20
52.134135
 10
43.858307
 20
52.184173
 42
-1.0
 10
44.058205
 20
52.184173
 10
44.058205
 20
52.134135
 42
-1.0
  0
LWPOLYLINE
  5
C039
330
1D
100
AcDbEntity
  8
PIN_TOP
100
AcDbPolyline
 90
        4
 70
     1
 43
0.0
 10
44.488227
 20
52.409217
 10
44.488227
 20
52.459255
 42
-1.0
 10
44.688125
 20
52.459255
 10
44.688125
 20
52.409217
 42
-1.0
  0
LWPOLYLINE
  5
C03F
330
1D
100
AcDbEntity
  8
PIN_TOP
100
AcDbPolyline
 90
        4
 70
     1
 43
0.0
 10
45.118401
 20
52.134135
 10
45.118401
 20
52.184173
 42
-1.0
 10
45.318299
 20
52.184173
 10
45.318299
 20
52.134135
 42
-1.0
  0
LWPOLYLINE
  5
C045
330
1D
100
AcDbEntity
  8
PIN_TOP
100
AcDbPolyline
 90
        4
 70
     1
 43
0.0
 10
45.748321
 20
52.409217
 10
45.748321
 20
52.459255
 42
-1.0
 10
45.948219
 20
52.459255
 10
45.948219
 20
52.409217
 42
-1.0
  0
LWPOLYLINE
  5
C04B
330
1D
100
AcDbEntity
  8
PIN_TOP
100
AcDbPolyline
 90
        4
 70
     1
 43
0.0
 10
46.378241
 20
52.134135
 10
46.378241
 20
52.184173
 42
-1.0
 10
46.578139
 20
52.184173
 10
46.578139
 20
52.134135
 42
-1.0
  0
LWPOLYLINE
  5
C051
330
1D
100
AcDbEntity
  8
PIN_TOP
100
AcDbPolyline
 90
        4
 70
     1
 43
0.0
 10
47.008415
 20
52.409217
 10
47.008415
 20
52.459255
 42
-1.0
 10
47.208313
 20
52.459255
 10
47.208313
 20
52.409217
 42
-1.0
  0
LWPOLYLINE
  5
C057
330
1D
100
AcDbEntity
  8
PIN_TOP
100
AcDbPolyline
 90
        4
 70
     1
 43
0.0
 10
47.638335
 20
52.134135
 10
47.638335
 20
52.184173
 42
-1.0
 10
47.838233
 20
52.184173
 10
47.838233
 20
52.134135
 42
-1.0
  0
LWPOLYLINE
  5
C05D
330
1D
100
AcDbEntity
  8
PIN_TOP
100
AcDbPolyline
 90
        4
 70
     1
 43
0.0
 10
48.268255
 20
52.409217
 10
48.268255
 20
52.459255
 42
-1.0
 10
48.468153
 20
52.459255
 10
48.468153
 20
52.409217
 42
-1.0
  0
LWPOLYLINE
  5
C063
330
1D
100
AcDbEntity
  8
PIN_TOP
100
AcDbPolyline
 90
        4
 70
     1
 43
0.0
 10
48.898175
 20
52.134135
 10
48.898175
 20
52.184173
 42
-1.0
 10
49.098073
 20
52.184173
 10
49.098073
 20
52.134135
 42
-1.0
  0
LWPOLYLINE
  5
C069
330
1D
100
AcDbEntity
  8
PIN_TOP
100
AcDbPolyline
 90
        4
 70
     1
 43
0.0
 10
49.528349
 20
52.409217
 10
49.528349
 20
52.459255
 42
-1.0
 10
49.728247
 20
52.459255
 10
49.728247
 20
52.409217
 42
-1.0
  0
LWPOLYLINE
  5
C06F
330
1D
100
AcDbEntity
  8
PIN_TOP
100
AcDbPolyline
 90
        4
 70
     1
 43
0.0
 10
50.158269
 20
52.134135
 10
50.158269
 20
52.184173
 42
-1.0
 10
50.358167
 20
52.184173
 10
50.358167
 20
52.134135
 42
-1.0
  0
LWPOLYLINE
  5
C075
330
1D
100
AcDbEntity
  8
PIN_TOP
100
AcDbPolyline
 90
        4
 70
     1
 43
0.0
 10
50.788189
 20
52.409217
 10
50.788189
 20
52.459255
 42
-1.0
 10
50.988087
 20
52.459255
 10
50.988087
 20
52.409217
 42
-1.0
  0
LWPOLYLINE
  5
C07B
330
1D
100
AcDbEntity
  8
PIN_TOP
100
AcDbPolyline
 90
        4
 70
     1
 43
0.0
 10
51.418363
 20
52.134135
 10
51.418363
 20
52.184173
 42
-1.0
 10
51.618261
 20
52.184173
 10
51.618261
 20
52.134135
 42
-1.0
  0
LWPOLYLINE
  5
C081
330
1D
100
AcDbEntity
  8
PIN_TOP
100
AcDbPolyline
 90
        4
 70
     1
 43
0.0
 10
52.048283
 20
52.409217
 10
52.048283
 20
52.459255
 42
-1.0
 10
52.248181
 20
52.459255
 10
52.248181
 20
52.409217
 42
-1.0
  0
LWPOLYLINE
  5
C087
330
1D
100
AcDbEntity
  8
PIN_TOP
100
AcDbPolyline
 90
        4
 70
     1
 43
0.0
 10
52.678203
 20
52.134135
 10
52.678203
 20
52.184173
 42
-1.0
 10
52.878101
 20
52.184173
 10
52.878101
 20
52.134135
 42
-1.0
  0
LWPOLYLINE
  5
C08D
330
1D
100
AcDbEntity
  8
PIN_TOP
100
AcDbPolyline
 90
        4
 70
     1
 43
0.0
 10
53.252116
 20
52.391691
 10
53.252116
 20
52.476781
 42
-1.0
 10
53.502052
 20
52.476781
 10
53.502052
 20
52.391691
 42
-1.0
  0
CIRCLE
  5
C093
330
1D
100
AcDbEntity
  8
PIN_TOP
100
AcDbCircle
 10
53.997098
 20
52.434236
 30
0.0
 40
0.149987
  0
CIRCLE
  5
C094
330
1D
100
AcDbEntity
  8
PIN_TOP
100
AcDbCircle
 10
54.617112
 20
52.434236
 30
0.0
 40
0.149987
  0
CIRCLE
  5
C095
330
1D
100
AcDbEntity
  8
PIN_TOP
100
AcDbCircle
 10
55.237126
 20
52.434236
 30
0.0
 40
0.16256
  0
CIRCLE
  5
C096
330
1D
100
AcDbEntity
  8
PIN_TOP
100
AcDbCircle
 10
55.85714
 20
52.434236
 30
0.0
 40
0.175006
  0
CIRCLE
  5
C097
330
1D
100
AcDbEntity
  8
PIN_TOP
100
AcDbCircle
 10
33.415732
 20
51.995832
 30
0.0
 40
0.175006
  0
CIRCLE
  5
C098
330
1D
100
AcDbEntity
  8
PIN_TOP
100
AcDbCircle
 10
34.014664
 20
51.835304
 30
0.0
 40
0.16256
  0
CIRCLE
  5
C099
330
1D
100
AcDbEntity
  8
PIN_TOP
100
AcDbCircle
 10
34.67862
 20
51.848766
 30
0.0
 40
0.149987
  0
CIRCLE
  5
C09A
330
1D
100
AcDbEntity
  8
PIN_TOP
100
AcDbCircle
 10
35.404044
 20
51.89728
 30
0.0
 40
0.149987
  0
LWPOLYLINE
  5
C09B
330
1D
100
AcDbEntity
  8
PIN_TOP
100
AcDbPolyline
 90
        4
 70
     1
 43
0.0
 10
36.928171
 20
51.789203
 10
36.928171
 20
51.839241
 42
-1.0
 10
37.128069
 20
51.839241
 10
37.128069
 20
51.789203
 42
-1.0
  0
LWPOLYLINE
  5
C0A1
330
1D
100
AcDbEntity
  8
PIN_TOP
100
AcDbPolyline
 90
        4
 70
     1
 43
0.0
 10
38.188265
 20
51.789203
 10
38.188265
 20
51.839241
 42
-1.0
 10
38.388163
 20
51.839241
 10
38.388163
 20
51.789203
 42
-1.0
  0
LWPOLYLINE
  5
C0A7
330
1D
100
AcDbEntity
  8
PIN_TOP
100
AcDbPolyline
 90
        4
 70
     1
 43
0.0
 10
39.448359
 20
51.789203
 10
39.448359
 20
51.839241
 42
-1.0
 10
39.648257
 20
51.839241
 10
39.648257
 20
51.789203
 42
-1.0
  0
LWPOLYLINE
  5
C0AD
330
1D
100
AcDbEntity
  8
PIN_TOP
100
AcDbPolyline
 90
        4
 70
     1
 43
0.0
 10
40.708199
 20
51.789203
 10
40.708199
 20
51.839241
 42
-1.0
 10
40.908097
 20
51.839241
 10
40.908097
 20
51.789203
 42
-1.0
  0
LWPOLYLINE
  5
C0B3
330
1D
100
AcDbEntity
  8
PIN_TOP
100
AcDbPolyline
 90
        4
 70
     1
 43
0.0
 10
41.968293
 20
51.789203
 10
41.968293
 20
51.839241
 42
-1.0
 10
42.168191
 20
51.839241
 10
42.168191
 20
51.789203
 42
-1.0
  0
LWPOLYLINE
  5
C0B9
330
1D
100
AcDbEntity
  8
PIN_TOP
100
AcDbPolyline
 90
        4
 70
     1
 43
0.0
 10
43.228387
 20
51.789203
 10
43.228387
 20
51.839241
 42
-1.0
 10
43.428285
 20
51.839241
 10
43.428285
 20
51.789203
 42
-1.0
  0
LWPOLYLINE
  5
C0BF
330
1D
100
AcDbEntity
  8
PIN_TOP
100
AcDbPolyline
 90
        4
 70
     1
 43
0.0
 10
44.488227
 20
51.789203
 10
44.488227
 20
51.839241
 42
-1.0
 10
44.688125
 20
51.839241
 10
44.688125
 20
51.789203
 42
-1.0
  0
LWPOLYLINE
  5
C0C5
330
1D
100
AcDbEntity
  8
PIN_TOP
100
AcDbPolyline
 90
        4
 70
     1
 43
0.0
 10
45.748321
 20
51.789203
 10
45.748321
 20
51.839241
 42
-1.0
 10
45.948219
 20
51.839241
 10
45.948219
 20
51.789203
 42
-1.0
  0
LWPOLYLINE
  5
C0CB
330
1D
100
AcDbEntity
  8
PIN_TOP
100
AcDbPolyline
 90
        4
 70
     1
 43
0.0
 10
47.008415
 20
51.789203
 10
47.008415
 20
51.839241
 42
-1.0
 10
47.208313
 20
51.839241
 10
47.208313
 20
51.789203
 42
-1.0
  0
LWPOLYLINE
  5
C0D1
330
1D
100
AcDbEntity
  8
PIN_TOP
100
AcDbPolyline
 90
        4
 70
     1
 43
0.0
 10
48.268255
 20
51.789203
 10
48.268255
 20
51.839241
 42
-1.0
 10
48.468153
 20
51.839241
 10
48.468153
 20
51.789203
 42
-1.0
  0
LWPOLYLINE
  5
C0D7
330
1D
100
AcDbEntity
  8
PIN_TOP
100
AcDbPolyline
 90
        4
 70
     1
 43
0.0
 10
49.528349
 20
51.789203
 10
49.528349
 20
51.839241
 42
-1.0
 10
49.728247
 20
51.839241
 10
49.728247
 20
51.789203
 42
-1.0
  0
LWPOLYLINE
  5
C0DD
330
1D
100
AcDbEntity
  8
PIN_TOP
100
AcDbPolyline
 90
        4
 70
     1
 43
0.0
 10
50.788189
 20
51.789203
 10
50.788189
 20
51.839241
 42
-1.0
 10
50.988087
 20
51.839241
 10
50.988087
 20
51.789203
 42
-1.0
  0
LWPOLYLINE
  5
C0E3
330
1D
100
AcDbEntity
  8
PIN_TOP
100
AcDbPolyline
 90
        4
 70
     1
 43
0.0
 10
52.048283
 20
51.789203
 10
52.048283
 20
51.839241
 42
-1.0
 10
52.248181
 20
51.839241
 10
52.248181
 20
51.789203
 42
-1.0
  0
CIRCLE
  5
C0E9
330
1D
100
AcDbEntity
  8
PIN_TOP
100
AcDbCircle
 10
53.687218
 20
51.89728
 30
0.0
 40
0.149987
  0
CIRCLE
  5
C0EA
330
1D
100
AcDbEntity
  8
PIN_TOP
100
AcDbCircle
 10
54.307232
 20
51.89728
 30
0.0
 40
0.149987
  0
CIRCLE
  5
C0EB
330
1D
100
AcDbEntity
  8
PIN_TOP
100
AcDbCircle
 10
55.032656
 20
51.848766
 30
0.0
 40
0.149987
  0
CIRCLE
  5
C0EC
330
1D
100
AcDbEntity
  8
PIN_TOP
100
AcDbCircle
 10
55.696612
 20
51.835304
 30
0.0
 40
0.16256
  0
CIRCLE
  5
C0ED
330
1D
100
AcDbEntity
  8
PIN_TOP
100
AcDbCircle
 10
56.295544
 20
51.995832
 30
0.0
 40
0.175006
  0
CIRCLE
  5
C0EE
330
1D
100
AcDbEntity
  8
PIN_TOP
100
AcDbCircle
 10
33.415732
 20
51.375818
 30
0.0
 40
0.16256
  0
LWPOLYLINE
  5
C0EF
330
1D
100
AcDbEntity
  8
PIN_TOP
100
AcDbPolyline
 90
        4
 70
     1
 43
0.0
 10
36.248213
 20
51.514121
 10
36.248213
 20
51.564159
 42
-1.0
 10
36.448111
 20
51.564159
 10
36.448111
 20
51.514121
 42
-1.0
  0
LWPOLYLINE
  5
C0F5
330
1D
100
AcDbEntity
  8
PIN_TOP
100
AcDbPolyline
 90
        4
 70
     1
 43
0.0
 10
37.558345
 20
51.514121
 10
37.558345
 20
51.564159
 42
-1.0
 10
37.758243
 20
51.564159
 10
37.758243
 20
51.514121
 42
-1.0
  0
LWPOLYLINE
  5
C0FB
330
1D
100
AcDbEntity
  8
PIN_TOP
100
AcDbPolyline
 90
        4
 70
     1
 43
0.0
 10
38.818185
 20
51.514121
 10
38.818185
 20
51.564159
 42
-1.0
 10
39.018083
 20
51.564159
 10
39.018083
 20
51.514121
 42
-1.0
  0
LWPOLYLINE
  5
C101
330
1D
100
AcDbEntity
  8
PIN_TOP
100
AcDbPolyline
 90
        4
 70
     1
 43
0.0
 10
40.078279
 20
51.514121
 10
40.078279
 20
51.564159
 42
-1.0
 10
40.278177
 20
51.564159
 10
40.278177
 20
51.514121
 42
-1.0
  0
LWPOLYLINE
  5
C107
330
1D
100
AcDbEntity
  8
PIN_TOP
100
AcDbPolyline
 90
        4
 70
     1
 43
0.0
 10
41.338373
 20
51.514121
 10
41.338373
 20
51.564159
 42
-1.0
 10
41.538271
 20
51.564159
 10
41.538271
 20
51.514121
 42
-1.0
  0
LWPOLYLINE
  5
C10D
330
1D
100
AcDbEntity
  8
PIN_TOP
100
AcDbPolyline
 90
        4
 70
     1
 43
0.0
 10
42.598213
 20
51.514121
 10
42.598213
 20
51.564159
 42
-1.0
 10
42.798111
 20
51.564159
 10
42.798111
 20
51.514121
 42
-1.0
  0
LWPOLYLINE
  5
C113
330
1D
100
AcDbEntity
  8
PIN_TOP
100
AcDbPolyline
 90
        4
 70
     1
 43
0.0
 10
43.858307
 20
51.514121
 10
43.858307
 20
51.564159
 42
-1.0
 10
44.058205
 20
51.564159
 10
44.058205
 20
51.514121
 42
-1.0
  0
LWPOLYLINE
  5
C119
330
1D
100
AcDbEntity
  8
PIN_TOP
100
AcDbPolyline
 90
        4
 70
     1
 43
0.0
 10
45.118401
 20
51.514121
 10
45.118401
 20
51.564159
 42
-1.0
 10
45.318299
 20
51.564159
 10
45.318299
 20
51.514121
 42
-1.0
  0
LWPOLYLINE
  5
C11F
330
1D
100
AcDbEntity
  8
PIN_TOP
100
AcDbPolyline
 90
        4
 70
     1
 43
0.0
 10
46.378241
 20
51.514121
 10
46.378241
 20
51.564159
 42
-1.0
 10
46.578139
 20
51.564159
 10
46.578139
 20
51.514121
 42
-1.0
  0
LWPOLYLINE
  5
C125
330
1D
100
AcDbEntity
  8
PIN_TOP
100
AcDbPolyline
 90
        4
 70
     1
 43
0.0
 10
47.638335
 20
51.514121
 10
47.638335
 20
51.564159
 42
-1.0
 10
47.838233
 20
51.564159
 10
47.838233
 20
51.514121
 42
-1.0
  0
LWPOLYLINE
  5
C12B
330
1D
100
AcDbEntity
  8
PIN_TOP
100
AcDbPolyline
 90
        4
 70
     1
 43
0.0
 10
48.898175
 20
51.514121
 10
48.898175
 20
51.564159
 42
-1.0
 10
49.098073
 20
51.564159
 10
49.098073
 20
51.514121
 42
-1.0
  0
LWPOLYLINE
  5
C131
330
1D
100
AcDbEntity
  8
PIN_TOP
100
AcDbPolyline
 90
        4
 70
     1
 43
0.0
 10
50.158269
 20
51.514121
 10
50.158269
 20
51.564159
 42
-1.0
 10
50.358167
 20
51.564159
 10
50.358167
 20
51.514121
 42
-1.0
  0
LWPOLYLINE
  5
C137
330
1D
100
AcDbEntity
  8
PIN_TOP
100
AcDbPolyline
 90
        4
 70
     1
 43
0.0
 10
51.418363
 20
51.514121
 10
51.418363
 20
51.564159
 42
-1.0
 10
51.618261
 20
51.564159
 10
51.618261
 20
51.514121
 42
-1.0
  0
LWPOLYLINE
  5
C13D
330
1D
100
AcDbEntity
  8
PIN_TOP
100
AcDbPolyline
 90
        4
 70
     1
 43
0.0
 10
52.678203
 20
51.514121
 10
52.678203
 20
51.564159
 42
-1.0
 10
52.878101
 20
51.564159
 10
52.878101
 20
51.514121
 42
-1.0
  0
CIRCLE
  5
C143
330
1D
100
AcDbEntity
  8
PIN_TOP
100
AcDbCircle
 10
56.295544
 20
51.375818
 30
0.0
 40
0.16256
  0
CIRCLE
  5
C144
330
1D
100
AcDbEntity
  8
PIN_TOP
100
AcDbCircle
 10
34.001202
 20
51.171094
 30
0.0
 40
0.149987
  0
CIRCLE
  5
C145
330
1D
100
AcDbEntity
  8
PIN_TOP
100
AcDbCircle
 10
34.852864
 20
51.127914
 30
0.0
 40
0.149987
  0
CIRCLE
  5
C146
330
1D
100
AcDbEntity
  8
PIN_TOP
100
AcDbCircle
 10
35.69335
 20
51.127914
 30
0.0
 40
0.149987
  0
LWPOLYLINE
  5
C147
330
1D
100
AcDbEntity
  8
PIN_TOP
100
AcDbPolyline
 90
        4
 70
     1
 43
0.0
 10
36.928171
 20
51.169189
 10
36.928171
 20
51.219227
 42
-1.0
 10
37.128069
 20
51.219227
 10
37.128069
 20
51.169189
 42
-1.0
  0
LWPOLYLINE
  5
C14D
330
1D
100
AcDbEntity
  8
PIN_TOP
100
AcDbPolyline
 90
        4
 70
     1
 43
0.0
 10
37.558345
 20
50.894107
 10
37.558345
 20
50.944145
 42
-1.0
 10
37.758243
 20
50.944145
 10
37.758243
 20
50.894107
 42
-1.0
  0
LWPOLYLINE
  5
C153
330
1D
100
AcDbEntity
  8
PIN_TOP
100
AcDbPolyline
 90
        4
 70
     1
 43
0.0
 10
38.188265
 20
51.169189
 10
38.188265
 20
51.219227
 42
-1.0
 10
38.388163
 20
51.219227
 10
38.388163
 20
51.169189
 42
-1.0
  0
LWPOLYLINE
  5
C159
330
1D
100
AcDbEntity
  8
PIN_TOP
100
AcDbPolyline
 90
        4
 70
     1
 43
0.0
 10
39.448359
 20
51.169189
 10
39.448359
 20
51.219227
 42
-1.0
 10
39.648257
 20
51.219227
 10
39.648257
 20
51.169189
 42
-1.0
  0
LWPOLYLINE
  5
C15F
330
1D
100
AcDbEntity
  8
PIN_TOP
100
AcDbPolyline
 90
        4
 70
     1
 43
0.0
 10
40.078279
 20
50.894107
 10
40.078279
 20
50.944145
 42
-1.0
 10
40.278177
 20
50.944145
 10
40.278177
 20
50.894107
 42
-1.0
  0
LWPOLYLINE
  5
C165
330
1D
100
AcDbEntity
  8
PIN_TOP
100
AcDbPolyline
 90
        4
 70
     1
 43
0.0
 10
40.708199
 20
51.169189
 10
40.708199
 20
51.219227
 42
-1.0
 10
40.908097
 20
51.219227
 10
40.908097
 20
51.169189
 42
-1.0
  0
LWPOLYLINE
  5
C16B
330
1D
100
AcDbEntity
  8
PIN_TOP
100
AcDbPolyline
 90
        4
 70
     1
 43
0.0
 10
41.968293
 20
51.169189
 10
41.968293
 20
51.219227
 42
-1.0
 10
42.168191
 20
51.219227
 10
42.168191
 20
51.169189
 42
-1.0
  0
LWPOLYLINE
  5
C171
330
1D
100
AcDbEntity
  8
PIN_TOP
100
AcDbPolyline
 90
        4
 70
     1
 43
0.0
 10
42.598213
 20
50.894107
 10
42.598213
 20
50.944145
 42
-1.0
 10
42.798111
 20
50.944145
 10
42.798111
 20
50.894107
 42
-1.0
  0
LWPOLYLINE
  5
C177
330
1D
100
AcDbEntity
  8
PIN_TOP
100
AcDbPolyline
 90
        4
 70
     1
 43
0.0
 10
43.228387
 20
51.169189
 10
43.228387
 20
51.219227
 42
-1.0
 10
43.428285
 20
51.219227
 10
43.428285
 20
51.169189
 42
-1.0
  0
LWPOLYLINE
  5
C17D
330
1D
100
AcDbEntity
  8
PIN_TOP
100
AcDbPolyline
 90
        4
 70
     1
 43
0.0
 10
44.488227
 20
51.169189
 10
44.488227
 20
51.219227
 42
-1.0
 10
44.688125
 20
51.219227
 10
44.688125
 20
51.169189
 42
-1.0
  0
LWPOLYLINE
  5
C183
330
1D
100
AcDbEntity
  8
PIN_TOP
100
AcDbPolyline
 90
        4
 70
     1
 43
0.0
 10
45.118401
 20
50.894107
 10
45.118401
 20
50.944145
 42
-1.0
 10
45.318299
 20
50.944145
 10
45.318299
 20
50.894107
 42
-1.0
  0
LWPOLYLINE
  5
C189
330
1D
100
AcDbEntity
  8
PIN_TOP
100
AcDbPolyline
 90
        4
 70
     1
 43
0.0
 10
45.748321
 20
51.169189
 10
45.748321
 20
51.219227
 42
-1.0
 10
45.948219
 20
51.219227
 10
45.948219
 20
51.169189
 42
-1.0
  0
LWPOLYLINE
  5
C18F
330
1D
100
AcDbEntity
  8
PIN_TOP
100
AcDbPolyline
 90
        4
 70
     1
 43
0.0
 10
47.008415
 20
51.169189
 10
47.008415
 20
51.219227
 42
-1.0
 10
47.208313
 20
51.219227
 10
47.208313
 20
51.169189
 42
-1.0
  0
LWPOLYLINE
  5
C195
330
1D
100
AcDbEntity
  8
PIN_TOP
100
AcDbPolyline
 90
        4
 70
     1
 43
0.0
 10
47.638335
 20
50.894107
 10
47.638335
 20
50.944145
 42
-1.0
 10
47.838233
 20
50.944145
 10
47.838233
 20
50.894107
 42
-1.0
  0
LWPOLYLINE
  5
C19B
330
1D
100
AcDbEntity
  8
PIN_TOP
100
AcDbPolyline
 90
        4
 70
     1
 43
0.0
 10
48.268255
 20
51.169189
 10
48.268255
 20
51.219227
 42
-1.0
 10
48.468153
 20
51.219227
 10
48.468153
 20
51.169189
 42
-1.0
  0
LWPOLYLINE
  5
C1A1
330
1D
100
AcDbEntity
  8
PIN_TOP
100
AcDbPolyline
 90
        4
 70
     1
 43
0.0
 10
49.528349
 20
51.169189
 10
49.528349
 20
51.219227
 42
-1.0
 10
49.728247
 20
51.219227
 10
49.728247
 20
51.169189
 42
-1.0
  0
LWPOLYLINE
  5
C1A7
330
1D
100
AcDbEntity
  8
PIN_TOP
100
AcDbPolyline
 90
        4
 70
     1
 43
0.0
 10
50.158269
 20
50.894107
 10
50.158269
 20
50.944145
 42
-1.0
 10
50.358167
 20
50.944145
 10
50.358167
 20
50.894107
 42
-1.0
  0
LWPOLYLINE
  5
C1AD
330
1D
100
AcDbEntity
  8
PIN_TOP
100
AcDbPolyline
 90
        4
 70
     1
 43
0.0
 10
50.788189
 20
51.169189
 10
50.788189
 20
51.219227
 42
-1.0
 10
50.988087
 20
51.219227
 10
50.988087
 20
51.169189
 42
-1.0
  0
LWPOLYLINE
  5
C1B3
330
1D
100
AcDbEntity
  8
PIN_TOP
100
AcDbPolyline
 90
        4
 70
     1
 43
0.0
 10
52.048283
 20
51.169189
 10
52.048283
 20
51.219227
 42
-1.0
 10
52.248181
 20
51.219227
 10
52.248181
 20
51.169189
 42
-1.0
  0
LWPOLYLINE
  5
C1B9
330
1D
100
AcDbEntity
  8
PIN_TOP
100
AcDbPolyline
 90
        4
 70
     1
 43
0.0
 10
52.678203
 20
50.894107
 10
52.678203
 20
50.944145
 42
-1.0
 10
52.878101
 20
50.944145
 10
52.878101
 20
50.894107
 42
-1.0
  0
CIRCLE
  5
C1BF
330
1D
100
AcDbEntity
  8
PIN_TOP
100
AcDbCircle
 10
53.368194
 20
51.120802
 30
0.0
 40
0.149987
  0
CIRCLE
  5
C1C0
330
1D
100
AcDbEntity
  8
PIN_TOP
100
AcDbCircle
 10
54.294024
 20
51.120802
 30
0.0
 40
0.149987
  0
CIRCLE
  5
C1C1
330
1D
100
AcDbEntity
  8
PIN_TOP
100
AcDbCircle
 10
55.090314
 20
51.120802
 30
0.0
 40
0.149987
  0
CIRCLE
  5
C1C2
330
1D
100
AcDbEntity
  8
PIN_TOP
100
AcDbCircle
 10
55.710074
 20
51.171094
 30
0.0
 40
0.149987
  0
CIRCLE
  5
C1C3
330
1D
100
AcDbEntity
  8
PIN_TOP
100
AcDbCircle
 10
33.415732
 20
50.755804
 30
0.0
 40
0.149987
  0
CIRCLE
  5
C1C4
330
1D
100
AcDbEntity
  8
PIN_TOP
100
AcDbCircle
 10
36.348162
 20
50.554128
 30
0.0
 40
0.137541
  0
CIRCLE
  5
C1C5
330
1D
100
AcDbEntity
  8
PIN_TOP
100
AcDbCircle
 10
37.02812
 20
50.574194
 30
0.0
 40
0.137541
  0
CIRCLE
  5
C1C6
330
1D
100
AcDbEntity
  8
PIN_TOP
100
AcDbCircle
 10
38.288214
 20
50.574194
 30
0.0
 40
0.137541
  0
CIRCLE
  5
C1C7
330
1D
100
AcDbEntity
  8
PIN_TOP
100
AcDbCircle
 10
38.918134
 20
50.554128
 30
0.0
 40
0.137541
  0
CIRCLE
  5
C1C8
330
1D
100
AcDbEntity
  8
PIN_TOP
100
AcDbCircle
 10
39.548308
 20
50.574194
 30
0.0
 40
0.137541
  0
CIRCLE
  5
C1C9
330
1D
100
AcDbEntity
  8
PIN_TOP
100
AcDbCircle
 10
40.808148
 20
50.574194
 30
0.0
 40
0.137541
  0
CIRCLE
  5
C1CA
330
1D
100
AcDbEntity
  8
PIN_TOP
100
AcDbCircle
 10
41.438322
 20
50.554128
 30
0.0
 40
0.137541
  0
CIRCLE
  5
C1CB
330
1D
100
AcDbEntity
  8
PIN_TOP
100
AcDbCircle
 10
42.068242
 20
50.574194
 30
0.0
 40
0.137541
  0
CIRCLE
  5
C1CC
330
1D
100
AcDbEntity
  8
PIN_TOP
100
AcDbCircle
 10
43.328336
 20
50.574194
 30
0.0
 40
0.137541
  0
CIRCLE
  5
C1CD
330
1D
100
AcDbEntity
  8
PIN_TOP
100
AcDbCircle
 10
43.958256
 20
50.554128
 30
0.0
 40
0.137541
  0
CIRCLE
  5
C1CE
330
1D
100
AcDbEntity
  8
PIN_TOP
100
AcDbCircle
 10
44.588176
 20
50.574194
 30
0.0
 40
0.137541
  0
CIRCLE
  5
C1CF
330
1D
100
AcDbEntity
  8
PIN_TOP
100
AcDbCircle
 10
45.84827
 20
50.574194
 30
0.0
 40
0.137541
  0
CIRCLE
  5
C1D0
330
1D
100
AcDbEntity
  8
PIN_TOP
100
AcDbCircle
 10
46.47819
 20
50.554128
 30
0.0
 40
0.137541
  0
CIRCLE
  5
C1D1
330
1D
100
AcDbEntity
  8
PIN_TOP
100
AcDbCircle
 10
47.108364
 20
50.574194
 30
0.0
 40
0.137541
  0
CIRCLE
  5
C1D2
330
1D
100
AcDbEntity
  8
PIN_TOP
100
AcDbCircle
 10
48.368204
 20
50.574194
 30
0.0
 40
0.137541
  0
CIRCLE
  5
C1D3
330
1D
100
AcDbEntity
  8
PIN_TOP
100
AcDbCircle
 10
48.998124
 20
50.554128
 30
0.0
 40
0.137541
  0
CIRCLE
  5
C1D4
330
1D
100
AcDbEntity
  8
PIN_TOP
100
AcDbCircle
 10
49.628298
 20
50.574194
 30
0.0
 40
0.137541
  0
CIRCLE
  5
C1D5
330
1D
100
AcDbEntity
  8
PIN_TOP
100
AcDbCircle
 10
50.888138
 20
50.574194
 30
0.0
 40
0.137541
  0
CIRCLE
  5
C1D6
330
1D
100
AcDbEntity
  8
PIN_TOP
100
AcDbCircle
 10
51.518312
 20
50.549302
 30
0.0
 40
0.137541
  0
CIRCLE
  5
C1D7
330
1D
100
AcDbEntity
  8
PIN_TOP
100
AcDbCircle
 10
52.148232
 20
50.574194
 30
0.0
 40
0.137541
  0
CIRCLE
  5
C1D8
330
1D
100
AcDbEntity
  8
PIN_TOP
100
AcDbCircle
 10
55.710074
 20
50.551334
 30
0.0
 40
0.149987
  0
CIRCLE
  5
C1D9
330
1D
100
AcDbEntity
  8
PIN_TOP
100
AcDbCircle
 10
56.295544
 20
50.755804
 30
0.0
 40
0.149987
  0
CIRCLE
  5
C1DA
330
1D
100
AcDbEntity
  8
PIN_TOP
100
AcDbCircle
 10
33.415732
 20
50.13579
 30
0.0
 40
0.149987
  0
CIRCLE
  5
C1DB
330
1D
100
AcDbEntity
  8
PIN_TOP
100
AcDbCircle
 10
33.952688
 20
50.44567
 30
0.0
 40
0.149987
  0
CIRCLE
  5
C1DC
330
1D
100
AcDbEntity
  8
PIN_TOP
100
AcDbCircle
 10
34.852864
 20
50.487834
 30
0.0
 40
0.149987
  0
CIRCLE
  5
C1DD
330
1D
100
AcDbEntity
  8
PIN_TOP
100
AcDbCircle
 10
35.69335
 20
50.487834
 30
0.0
 40
0.149987
  0
CIRCLE
  5
C1DE
330
1D
100
AcDbEntity
  8
PIN_TOP
100
AcDbCircle
 10
53.368194
 20
50.480976
 30
0.0
 40
0.149987
  0
CIRCLE
  5
C1DF
330
1D
100
AcDbEntity
  8
PIN_TOP
100
AcDbCircle
 10
54.294024
 20
50.480976
 30
0.0
 40
0.149987
  0
CIRCLE
  5
C1E0
330
1D
100
AcDbEntity
  8
PIN_TOP
100
AcDbCircle
 10
55.090314
 20
50.480976
 30
0.0
 40
0.149987
  0
CIRCLE
  5
C1E1
330
1D
100
AcDbEntity
  8
PIN_TOP
100
AcDbCircle
 10
56.295544
 20
50.13579
 30
0.0
 40
0.149987
  0
CIRCLE
  5
C1E2
330
1D
100
AcDbEntity
  8
PIN_TOP
100
AcDbCircle
 10
34.423096
 20
50.027586
 30
0.0
 40
0.137541
  0
CIRCLE
  5
C1E3
330
1D
100
AcDbEntity
  8
PIN_TOP
100
AcDbCircle
 10
35.27298
 20
50.031904
 30
0.0
 40
0.149987
  0
CIRCLE
  5
C1E4
330
1D
100
AcDbEntity
  8
PIN_TOP
100
AcDbCircle
 10
36.05911
 20
49.805844
 30
0.0
 40
0.149987
  0
CIRCLE
  5
C1E5
330
1D
100
AcDbEntity
  8
PIN_TOP
100
AcDbCircle
 10
37.030152
 20
49.805844
 30
0.0
 40
0.149987
  0
CIRCLE
  5
C1E6
330
1D
100
AcDbEntity
  8
PIN_TOP
100
AcDbCircle
 10
38.001448
 20
49.805844
 30
0.0
 40
0.149987
  0
CIRCLE
  5
C1E7
330
1D
100
AcDbEntity
  8
PIN_TOP
100
AcDbCircle
 10
38.972744
 20
49.805844
 30
0.0
 40
0.149987
  0
CIRCLE
  5
C1E8
330
1D
100
AcDbEntity
  8
PIN_TOP
100
AcDbCircle
 10
39.953946
 20
49.790858
 30
0.0
 40
0.149987
  0
CIRCLE
  5
C1E9
330
1D
100
AcDbEntity
  8
PIN_TOP
100
AcDbCircle
 10
41.10101
 20
49.790858
 30
0.0
 40
0.149987
  0
CIRCLE
  5
C1EA
330
1D
100
AcDbEntity
  8
PIN_TOP
100
AcDbCircle
 10
42.248328
 20
49.790858
 30
0.0
 40
0.149987
  0
CIRCLE
  5
C1EB
330
1D
100
AcDbEntity
  8
PIN_TOP
100
AcDbCircle
 10
43.395392
 20
49.790858
 30
0.0
 40
0.149987
  0
CIRCLE
  5
C1EC
330
1D
100
AcDbEntity
  8
PIN_TOP
100
AcDbCircle
 10
44.54271
 20
49.790858
 30
0.0
 40
0.149987
  0
CIRCLE
  5
C1ED
330
1D
100
AcDbEntity
  8
PIN_TOP
100
AcDbCircle
 10
45.689774
 20
49.790858
 30
0.0
 40
0.149987
  0
CIRCLE
  5
C1EE
330
1D
100
AcDbEntity
  8
PIN_TOP
100
AcDbCircle
 10
46.837092
 20
49.790858
 30
0.0
 40
0.149987
  0
CIRCLE
  5
C1EF
330
1D
100
AcDbEntity
  8
PIN_TOP
100
AcDbCircle
 10
47.984156
 20
49.790858
 30
0.0
 40
0.149987
  0
CIRCLE
  5
C1F0
330
1D
100
AcDbEntity
  8
PIN_TOP
100
AcDbCircle
 10
49.131474
 20
49.790858
 30
0.0
 40
0.149987
  0
CIRCLE
  5
C1F1
330
1D
100
AcDbEntity
  8
PIN_TOP
100
AcDbCircle
 10
50.278538
 20
49.790858
 30
0.0
 40
0.149987
  0
CIRCLE
  5
C1F2
330
1D
100
AcDbEntity
  8
PIN_TOP
100
AcDbCircle
 10
51.425856
 20
49.840896
 30
0.0
 40
0.149987
  0
CIRCLE
  5
C1F3
330
1D
100
AcDbEntity
  8
PIN_TOP
100
AcDbCircle
 10
52.397152
 20
49.840896
 30
0.0
 40
0.149987
  0
CIRCLE
  5
C1F4
330
1D
100
AcDbEntity
  8
PIN_TOP
100
AcDbCircle
 10
53.368194
 20
49.840896
 30
0.0
 40
0.149987
  0
CIRCLE
  5
C1F5
330
1D
100
AcDbEntity
  8
PIN_TOP
100
AcDbCircle
 10
54.294024
 20
49.840896
 30
0.0
 40
0.149987
  0
CIRCLE
  5
C1F6
330
1D
100
AcDbEntity
  8
PIN_TOP
100
AcDbCircle
 10
55.090314
 20
49.840896
 30
0.0
 40
0.149987
  0
CIRCLE
  5
C1F7
330
1D
100
AcDbEntity
  8
PIN_TOP
100
AcDbCircle
 10
55.710074
 20
49.93132
 30
0.0
 40
0.149987
  0
LWPOLYLINE
  5
C1F8
330
1D
100
AcDbEntity
  8
PIN_TOP
100
AcDbPolyline
 90
        4
 70
     1
 43
0.0
 10
33.458277
 20
49.390808
 10
33.373187
 20
49.390808
 42
-1.0
 10
33.373187
 20
49.640744
 10
33.458277
 20
49.640744
 42
-1.0
  0
LWPOLYLINE
  5
C1FE
330
1D
100
AcDbEntity
  8
PIN_TOP
100
AcDbPolyline
 90
        4
 70
     1
 43
0.0
 10
34.335593
 20
49.306861
 10
34.285555
 20
49.306861
 42
-1.0
 10
34.285555
 20
49.506759
 10
34.335593
 20
49.506759
 42
-1.0
  0
LWPOLYLINE
  5
C204
330
1D
100
AcDbEntity
  8
PIN_TOP
100
AcDbPolyline
 90
        4
 70
     1
 43
0.0
 10
34.955607
 20
49.306861
 10
34.905569
 20
49.306861
 42
-1.0
 10
34.905569
 20
49.506759
 10
34.955607
 20
49.506759
 42
-1.0
  0
LWPOLYLINE
  5
C20A
330
1D
100
AcDbEntity
  8
PIN_TOP
100
AcDbPolyline
 90
        4
 70
     1
 43
0.0
 10
56.252999
 20
49.640744
 10
56.338089
 20
49.640744
 42
-1.0
 10
56.338089
 20
49.390808
 10
56.252999
 20
49.390808
 42
-1.0
  0
CIRCLE
  5
C210
330
1D
100
AcDbEntity
  8
PIN_TOP
100
AcDbCircle
 10
36.05911
 20
49.166018
 30
0.0
 40
0.149987
  0
CIRCLE
  5
C211
330
1D
100
AcDbEntity
  8
PIN_TOP
100
AcDbCircle
 10
37.030152
 20
49.166018
 30
0.0
 40
0.149987
  0
CIRCLE
  5
C212
330
1D
100
AcDbEntity
  8
PIN_TOP
100
AcDbCircle
 10
38.001448
 20
49.166018
 30
0.0
 40
0.149987
  0
CIRCLE
  5
C213
330
1D
100
AcDbEntity
  8
PIN_TOP
100
AcDbCircle
 10
38.972744
 20
49.166018
 30
0.0
 40
0.149987
  0
CIRCLE
  5
C214
330
1D
100
AcDbEntity
  8
PIN_TOP
100
AcDbCircle
 10
39.953946
 20
49.151032
 30
0.0
 40
0.149987
  0
CIRCLE
  5
C215
330
1D
100
AcDbEntity
  8
PIN_TOP
100
AcDbCircle
 10
41.10101
 20
49.151032
 30
0.0
 40
0.149987
  0
CIRCLE
  5
C216
330
1D
100
AcDbEntity
  8
PIN_TOP
100
AcDbCircle
 10
42.248328
 20
49.151032
 30
0.0
 40
0.149987
  0
CIRCLE
  5
C217
330
1D
100
AcDbEntity
  8
PIN_TOP
100
AcDbCircle
 10
43.395392
 20
49.151032
 30
0.0
 40
0.149987
  0
CIRCLE
  5
C218
330
1D
100
AcDbEntity
  8
PIN_TOP
100
AcDbCircle
 10
44.54271
 20
49.151032
 30
0.0
 40
0.149987
  0
CIRCLE
  5
C219
330
1D
100
AcDbEntity
  8
PIN_TOP
100
AcDbCircle
 10
45.689774
 20
49.151032
 30
0.0
 40
0.149987
  0
CIRCLE
  5
C21A
330
1D
100
AcDbEntity
  8
PIN_TOP
100
AcDbCircle
 10
46.837092
 20
49.151032
 30
0.0
 40
0.149987
  0
CIRCLE
  5
C21B
330
1D
100
AcDbEntity
  8
PIN_TOP
100
AcDbCircle
 10
47.984156
 20
49.151032
 30
0.0
 40
0.149987
  0
CIRCLE
  5
C21C
330
1D
100
AcDbEntity
  8
PIN_TOP
100
AcDbCircle
 10
49.131474
 20
49.151032
 30
0.0
 40
0.149987
  0
CIRCLE
  5
C21D
330
1D
100
AcDbEntity
  8
PIN_TOP
100
AcDbCircle
 10
50.278538
 20
49.151032
 30
0.0
 40
0.149987
  0
CIRCLE
  5
C21E
330
1D
100
AcDbEntity
  8
PIN_TOP
100
AcDbCircle
 10
51.425856
 20
49.200816
 30
0.0
 40
0.149987
  0
CIRCLE
  5
C21F
330
1D
100
AcDbEntity
  8
PIN_TOP
100
AcDbCircle
 10
52.397152
 20
49.200816
 30
0.0
 40
0.149987
  0
CIRCLE
  5
C220
330
1D
100
AcDbEntity
  8
PIN_TOP
100
AcDbCircle
 10
53.368194
 20
49.200816
 30
0.0
 40
0.149987
  0
CIRCLE
  5
C221
330
1D
100
AcDbEntity
  8
PIN_TOP
100
AcDbCircle
 10
54.435756
 20
48.895762
 30
0.0
 40
0.137541
  0
LWPOLYLINE
  5
C222
330
1D
100
AcDbEntity
  8
PIN_TOP
100
AcDbPolyline
 90
        4
 70
     1
 43
0.0
 10
55.030497
 20
48.995711
 10
55.080535
 20
48.995711
 42
-1.0
 10
55.080535
 20
48.795813
 10
55.030497
 20
48.795813
 42
-1.0
  0
LWPOLYLINE
  5
C228
330
1D
100
AcDbEntity
  8
PIN_TOP
100
AcDbPolyline
 90
        4
 70
     1
 43
0.0
 10
55.650511
 20
48.995711
 10
55.700549
 20
48.995711
 42
-1.0
 10
55.700549
 20
48.795813
 10
55.650511
 20
48.795813
 42
-1.0
  0
LWPOLYLINE
  5
C22E
330
1D
100
AcDbEntity
  8
PIN_TOP
100
AcDbPolyline
 90
        4
 70
     1
 43
0.0
 10
56.270525
 20
48.995711
 10
56.320563
 20
48.995711
 42
-1.0
 10
56.320563
 20
48.795813
 10
56.270525
 20
48.795813
 42
-1.0
  0
LWPOLYLINE
  5
C234
330
1D
100
AcDbEntity
  8
PIN_TOP
100
AcDbPolyline
 90
        4
 70
     1
 43
0.0
 10
33.440751
 20
48.726725
 10
33.390713
 20
48.726725
 42
-1.0
 10
33.390713
 20
48.926623
 10
33.440751
 20
48.926623
 42
-1.0
  0
LWPOLYLINE
  5
C23A
330
1D
100
AcDbEntity
  8
PIN_TOP
100
AcDbPolyline
 90
        4
 70
     1
 43
0.0
 10
34.060765
 20
48.726725
 10
34.010727
 20
48.726725
 42
-1.0
 10
34.010727
 20
48.926623
 10
34.060765
 20
48.926623
 42
-1.0
  0
LWPOLYLINE
  5
C240
330
1D
100
AcDbEntity
  8
PIN_TOP
100
AcDbPolyline
 90
        4
 70
     1
 43
0.0
 10
34.680779
 20
48.726725
 10
34.630741
 20
48.726725
 42
-1.0
 10
34.630741
 20
48.926623
 10
34.680779
 20
48.926623
 42
-1.0
  0
CIRCLE
  5
C246
330
1D
100
AcDbEntity
  8
PIN_TOP
100
AcDbCircle
 10
35.27552
 20
48.826674
 30
0.0
 40
0.137541
  0
CIRCLE
  5
C247
330
1D
100
AcDbEntity
  8
PIN_TOP
100
AcDbCircle
 10
36.05911
 20
48.525938
 30
0.0
 40
0.149987
  0
CIRCLE
  5
C248
330
1D
100
AcDbEntity
  8
PIN_TOP
100
AcDbCircle
 10
37.030152
 20
48.525938
 30
0.0
 40
0.149987
  0
CIRCLE
  5
C249
330
1D
100
AcDbEntity
  8
PIN_TOP
100
AcDbCircle
 10
38.001448
 20
48.525938
 30
0.0
 40
0.149987
  0
CIRCLE
  5
C24A
330
1D
100
AcDbEntity
  8
PIN_TOP
100
AcDbCircle
 10
38.972744
 20
48.525938
 30
0.0
 40
0.149987
  0
CIRCLE
  5
C24B
330
1D
100
AcDbEntity
  8
PIN_TOP
100
AcDbCircle
 10
39.953946
 20
48.510952
 30
0.0
 40
0.149987
  0
CIRCLE
  5
C24C
330
1D
100
AcDbEntity
  8
PIN_TOP
100
AcDbCircle
 10
41.10101
 20
48.510952
 30
0.0
 40
0.149987
  0
CIRCLE
  5
C24D
330
1D
100
AcDbEntity
  8
PIN_TOP
100
AcDbCircle
 10
42.248328
 20
48.510952
 30
0.0
 40
0.149987
  0
CIRCLE
  5
C24E
330
1D
100
AcDbEntity
  8
PIN_TOP
100
AcDbCircle
 10
43.395392
 20
48.510952
 30
0.0
 40
0.149987
  0
CIRCLE
  5
C24F
330
1D
100
AcDbEntity
  8
PIN_TOP
100
AcDbCircle
 10
44.54271
 20
48.510952
 30
0.0
 40
0.149987
  0
CIRCLE
  5
C250
330
1D
100
AcDbEntity
  8
PIN_TOP
100
AcDbCircle
 10
45.689774
 20
48.510952
 30
0.0
 40
0.149987
  0
CIRCLE
  5
C251
330
1D
100
AcDbEntity
  8
PIN_TOP
100
AcDbCircle
 10
46.837092
 20
48.510952
 30
0.0
 40
0.149987
  0
CIRCLE
  5
C252
330
1D
100
AcDbEntity
  8
PIN_TOP
100
AcDbCircle
 10
47.984156
 20
48.510952
 30
0.0
 40
0.149987
  0
CIRCLE
  5
C253
330
1D
100
AcDbEntity
  8
PIN_TOP
100
AcDbCircle
 10
49.131474
 20
48.510952
 30
0.0
 40
0.149987
  0
CIRCLE
  5
C254
330
1D
100
AcDbEntity
  8
PIN_TOP
100
AcDbCircle
 10
50.278538
 20
48.510952
 30
0.0
 40
0.149987
  0
CIRCLE
  5
C255
330
1D
100
AcDbEntity
  8
PIN_TOP
100
AcDbCircle
 10
51.425856
 20
48.56099
 30
0.0
 40
0.149987
  0
CIRCLE
  5
C256
330
1D
100
AcDbEntity
  8
PIN_TOP
100
AcDbCircle
 10
52.397152
 20
48.56099
 30
0.0
 40
0.149987
  0
CIRCLE
  5
C257
330
1D
100
AcDbEntity
  8
PIN_TOP
100
AcDbCircle
 10
53.368194
 20
48.56099
 30
0.0
 40
0.149987
  0
LWPOLYLINE
  5
C258
330
1D
100
AcDbEntity
  8
PIN_TOP
100
AcDbPolyline
 90
        4
 70
     1
 43
0.0
 10
33.715579
 20
48.096805
 10
33.665541
 20
48.096805
 42
-1.0
 10
33.665541
 20
48.296703
 10
33.715579
 20
48.296703
 42
-1.0
  0
LWPOLYLINE
  5
C25E
330
1D
100
AcDbEntity
  8
PIN_TOP
100
AcDbPolyline
 90
        4
 70
     1
 43
0.0
 10
34.335593
 20
48.096805
 10
34.285555
 20
48.096805
 42
-1.0
 10
34.285555
 20
48.296703
 10
34.335593
 20
48.296703
 42
-1.0
  0
CIRCLE
  5
C264
330
1D
100
AcDbEntity
  8
PIN_TOP
100
AcDbCircle
 10
35.277552
 20
48.196754
 30
0.0
 40
0.137541
  0
CIRCLE
  5
C265
330
1D
100
AcDbEntity
  8
PIN_TOP
100
AcDbCircle
 10
54.41569
 20
48.265588
 30
0.0
 40
0.137541
  0
LWPOLYLINE
  5
C266
330
1D
100
AcDbEntity
  8
PIN_TOP
100
AcDbPolyline
 90
        4
 70
     1
 43
0.0
 10
55.375683
 20
48.365537
 10
55.425721
 20
48.365537
 42
-1.0
 10
55.425721
 20
48.165639
 10
55.375683
 20
48.165639
 42
-1.0
  0
LWPOLYLINE
  5
C26C
330
1D
100
AcDbEntity
  8
PIN_TOP
100
AcDbPolyline
 90
        4
 70
     1
 43
0.0
 10
55.995697
 20
48.365537
 10
56.045735
 20
48.365537
 42
-1.0
 10
56.045735
 20
48.165639
 10
55.995697
 20
48.165639
 42
-1.0
  0
CIRCLE
  5
C272
330
1D
100
AcDbEntity
  8
PIN_TOP
100
AcDbCircle
 10
36.05911
 20
47.885858
 30
0.0
 40
0.149987
  0
CIRCLE
  5
C273
330
1D
100
AcDbEntity
  8
PIN_TOP
100
AcDbCircle
 10
37.030152
 20
47.885858
 30
0.0
 40
0.149987
  0
CIRCLE
  5
C274
330
1D
100
AcDbEntity
  8
PIN_TOP
100
AcDbCircle
 10
38.001448
 20
47.885858
 30
0.0
 40
0.149987
  0
CIRCLE
  5
C275
330
1D
100
AcDbEntity
  8
PIN_TOP
100
AcDbCircle
 10
38.972744
 20
47.885858
 30
0.0
 40
0.149987
  0
CIRCLE
  5
C276
330
1D
100
AcDbEntity
  8
PIN_TOP
100
AcDbCircle
 10
39.953946
 20
47.870872
 30
0.0
 40
0.149987
  0
CIRCLE
  5
C277
330
1D
100
AcDbEntity
  8
PIN_TOP
100
AcDbCircle
 10
41.10101
 20
47.870872
 30
0.0
 40
0.149987
  0
CIRCLE
  5
C278
330
1D
100
AcDbEntity
  8
PIN_TOP
100
AcDbCircle
 10
42.248328
 20
47.870872
 30
0.0
 40
0.149987
  0
CIRCLE
  5
C279
330
1D
100
AcDbEntity
  8
PIN_TOP
100
AcDbCircle
 10
43.395392
 20
47.870872
 30
0.0
 40
0.149987
  0
CIRCLE
  5
C27A
330
1D
100
AcDbEntity
  8
PIN_TOP
100
AcDbCircle
 10
44.54271
 20
47.870872
 30
0.0
 40
0.149987
  0
CIRCLE
  5
C27B
330
1D
100
AcDbEntity
  8
PIN_TOP
100
AcDbCircle
 10
45.689774
 20
47.870872
 30
0.0
 40
0.149987
  0
CIRCLE
  5
C27C
330
1D
100
AcDbEntity
  8
PIN_TOP
100
AcDbCircle
 10
46.837092
 20
47.870872
 30
0.0
 40
0.149987
  0
CIRCLE
  5
C27D
330
1D
100
AcDbEntity
  8
PIN_TOP
100
AcDbCircle
 10
47.984156
 20
47.870872
 30
0.0
 40
0.149987
  0
CIRCLE
  5
C27E
330
1D
100
AcDbEntity
  8
PIN_TOP
100
AcDbCircle
 10
49.131474
 20
47.870872
 30
0.0
 40
0.149987
  0
CIRCLE
  5
C27F
330
1D
100
AcDbEntity
  8
PIN_TOP
100
AcDbCircle
 10
50.278538
 20
47.870872
 30
0.0
 40
0.149987
  0
CIRCLE
  5
C280
330
1D
100
AcDbEntity
  8
PIN_TOP
100
AcDbCircle
 10
51.425856
 20
47.92091
 30
0.0
 40
0.149987
  0
CIRCLE
  5
C281
330
1D
100
AcDbEntity
  8
PIN_TOP
100
AcDbCircle
 10
52.397152
 20
47.92091
 30
0.0
 40
0.149987
  0
CIRCLE
  5
C282
330
1D
100
AcDbEntity
  8
PIN_TOP
100
AcDbCircle
 10
53.368194
 20
47.92091
 30
0.0
 40
0.149987
  0
LWPOLYLINE
  5
C283
330
1D
100
AcDbEntity
  8
PIN_TOP
100
AcDbPolyline
 90
        4
 70
     1
 43
0.0
 10
33.440751
 20
47.466885
 10
33.390713
 20
47.466885
 42
-1.0
 10
33.390713
 20
47.666783
 10
33.440751
 20
47.666783
 42
-1.0
  0
LWPOLYLINE
  5
C289
330
1D
100
AcDbEntity
  8
PIN_TOP
100
AcDbPolyline
 90
        4
 70
     1
 43
0.0
 10
34.060765
 20
47.466885
 10
34.010727
 20
47.466885
 42
-1.0
 10
34.010727
 20
47.666783
 10
34.060765
 20
47.666783
 42
-1.0
  0
LWPOLYLINE
  5
C28F
330
1D
100
AcDbEntity
  8
PIN_TOP
100
AcDbPolyline
 90
        4
 70
     1
 43
0.0
 10
34.680779
 20
47.466885
 10
34.630741
 20
47.466885
 42
-1.0
 10
34.630741
 20
47.666783
 10
34.680779
 20
47.666783
 42
-1.0
  0
CIRCLE
  5
C295
330
1D
100
AcDbEntity
  8
PIN_TOP
100
AcDbCircle
 10
35.27552
 20
47.566834
 30
0.0
 40
0.137541
  0
CIRCLE
  5
C296
330
1D
100
AcDbEntity
  8
PIN_TOP
100
AcDbCircle
 10
54.435756
 20
47.635668
 30
0.0
 40
0.137541
  0
LWPOLYLINE
  5
C297
330
1D
100
AcDbEntity
  8
PIN_TOP
100
AcDbPolyline
 90
        4
 70
     1
 43
0.0
 10
55.030497
 20
47.735617
 10
55.080535
 20
47.735617
 42
-1.0
 10
55.080535
 20
47.535719
 10
55.030497
 20
47.535719
 42
-1.0
  0
LWPOLYLINE
  5
C29D
330
1D
100
AcDbEntity
  8
PIN_TOP
100
AcDbPolyline
 90
        4
 70
     1
 43
0.0
 10
55.650511
 20
47.735617
 10
55.700549
 20
47.735617
 42
-1.0
 10
55.700549
 20
47.535719
 10
55.650511
 20
47.535719
 42
-1.0
  0
LWPOLYLINE
  5
C2A3
330
1D
100
AcDbEntity
  8
PIN_TOP
100
AcDbPolyline
 90
        4
 70
     1
 43
0.0
 10
56.270525
 20
47.735617
 10
56.320563
 20
47.735617
 42
-1.0
 10
56.320563
 20
47.535719
 10
56.270525
 20
47.535719
 42
-1.0
  0
LWPOLYLINE
  5
C2A9
330
1D
100
AcDbEntity
  8
PIN_TOP
100
AcDbPolyline
 90
        4
 70
     1
 43
0.0
 10
33.715579
 20
46.836711
 10
33.665541
 20
46.836711
 42
-1.0
 10
33.665541
 20
47.036609
 10
33.715579
 20
47.036609
 42
-1.0
  0
LWPOLYLINE
  5
C2AF
330
1D
100
AcDbEntity
  8
PIN_TOP
100
AcDbPolyline
 90
        4
 70
     1
 43
0.0
 10
34.335593
 20
46.836711
 10
34.285555
 20
46.836711
 42
-1.0
 10
34.285555
 20
47.036609
 10
34.335593
 20
47.036609
 42
-1.0
  0
LWPOLYLINE
  5
C2B5
330
1D
100
AcDbEntity
  8
PIN_TOP
100
AcDbPolyline
 90
        4
 70
     1
 43
0.0
 10
34.955607
 20
46.836711
 10
34.905569
 20
46.836711
 42
-1.0
 10
34.905569
 20
47.036609
 10
34.955607
 20
47.036609
 42
-1.0
  0
CIRCLE
  5
C2BB
330
1D
100
AcDbEntity
  8
PIN_TOP
100
AcDbCircle
 10
36.05911
 20
47.246032
 30
0.0
 40
0.149987
  0
CIRCLE
  5
C2BC
330
1D
100
AcDbEntity
  8
PIN_TOP
100
AcDbCircle
 10
37.030152
 20
47.246032
 30
0.0
 40
0.149987
  0
CIRCLE
  5
C2BD
330
1D
100
AcDbEntity
  8
PIN_TOP
100
AcDbCircle
 10
38.001448
 20
47.246032
 30
0.0
 40
0.149987
  0
CIRCLE
  5
C2BE
330
1D
100
AcDbEntity
  8
PIN_TOP
100
AcDbCircle
 10
38.972744
 20
47.246032
 30
0.0
 40
0.149987
  0
CIRCLE
  5
C2BF
330
1D
100
AcDbEntity
  8
PIN_TOP
100
AcDbCircle
 10
39.953946
 20
47.230792
 30
0.0
 40
0.149987
  0
CIRCLE
  5
C2C0
330
1D
100
AcDbEntity
  8
PIN_TOP
100
AcDbCircle
 10
41.10101
 20
47.230792
 30
0.0
 40
0.149987
  0
CIRCLE
  5
C2C1
330
1D
100
AcDbEntity
  8
PIN_TOP
100
AcDbCircle
 10
42.248328
 20
47.230792
 30
0.0
 40
0.149987
  0
CIRCLE
  5
C2C2
330
1D
100
AcDbEntity
  8
PIN_TOP
100
AcDbCircle
 10
43.395392
 20
47.230792
 30
0.0
 40
0.149987
  0
CIRCLE
  5
C2C3
330
1D
100
AcDbEntity
  8
PIN_TOP
100
AcDbCircle
 10
44.54271
 20
47.230792
 30
0.0
 40
0.149987
  0
CIRCLE
  5
C2C4
330
1D
100
AcDbEntity
  8
PIN_TOP
100
AcDbCircle
 10
45.689774
 20
47.230792
 30
0.0
 40
0.149987
  0
CIRCLE
  5
C2C5
330
1D
100
AcDbEntity
  8
PIN_TOP
100
AcDbCircle
 10
46.837092
 20
47.230792
 30
0.0
 40
0.149987
  0
CIRCLE
  5
C2C6
330
1D
100
AcDbEntity
  8
PIN_TOP
100
AcDbCircle
 10
47.984156
 20
47.230792
 30
0.0
 40
0.149987
  0
CIRCLE
  5
C2C7
330
1D
100
AcDbEntity
  8
PIN_TOP
100
AcDbCircle
 10
49.131474
 20
47.230792
 30
0.0
 40
0.149987
  0
CIRCLE
  5
C2C8
330
1D
100
AcDbEntity
  8
PIN_TOP
100
AcDbCircle
 10
50.278538
 20
47.230792
 30
0.0
 40
0.149987
  0
CIRCLE
  5
C2C9
330
1D
100
AcDbEntity
  8
PIN_TOP
100
AcDbCircle
 10
51.425856
 20
47.28083
 30
0.0
 40
0.149987
  0
CIRCLE
  5
C2CA
330
1D
100
AcDbEntity
  8
PIN_TOP
100
AcDbCircle
 10
52.397152
 20
47.28083
 30
0.0
 40
0.149987
  0
CIRCLE
  5
C2CB
330
1D
100
AcDbEntity
  8
PIN_TOP
100
AcDbCircle
 10
53.368194
 20
47.28083
 30
0.0
 40
0.149987
  0
LWPOLYLINE
  5
C2CC
330
1D
100
AcDbEntity
  8
PIN_TOP
100
AcDbPolyline
 90
        4
 70
     1
 43
0.0
 10
54.755669
 20
47.105697
 10
54.805707
 20
47.105697
 42
-1.0
 10
54.805707
 20
46.905799
 10
54.755669
 20
46.905799
 42
-1.0
  0
LWPOLYLINE
  5
C2D2
330
1D
100
AcDbEntity
  8
PIN_TOP
100
AcDbPolyline
 90
        4
 70
     1
 43
0.0
 10
55.375683
 20
47.105697
 10
55.425721
 20
47.105697
 42
-1.0
 10
55.425721
 20
46.905799
 10
55.375683
 20
46.905799
 42
-1.0
  0
LWPOLYLINE
  5
C2D8
330
1D
100
AcDbEntity
  8
PIN_TOP
100
AcDbPolyline
 90
        4
 70
     1
 43
0.0
 10
55.995697
 20
47.105697
 10
56.045735
 20
47.105697
 42
-1.0
 10
56.045735
 20
46.905799
 10
55.995697
 20
46.905799
 42
-1.0
  0
CIRCLE
  5
C2DE
330
1D
100
AcDbEntity
  8
PIN_TOP
100
AcDbCircle
 10
36.05911
 20
46.605952
 30
0.0
 40
0.149987
  0
CIRCLE
  5
C2DF
330
1D
100
AcDbEntity
  8
PIN_TOP
100
AcDbCircle
 10
37.030152
 20
46.605952
 30
0.0
 40
0.149987
  0
CIRCLE
  5
C2E0
330
1D
100
AcDbEntity
  8
PIN_TOP
100
AcDbCircle
 10
38.001448
 20
46.605952
 30
0.0
 40
0.149987
  0
CIRCLE
  5
C2E1
330
1D
100
AcDbEntity
  8
PIN_TOP
100
AcDbCircle
 10
38.972744
 20
46.605952
 30
0.0
 40
0.149987
  0
CIRCLE
  5
C2E2
330
1D
100
AcDbEntity
  8
PIN_TOP
100
AcDbCircle
 10
39.953946
 20
46.590966
 30
0.0
 40
0.149987
  0
CIRCLE
  5
C2E3
330
1D
100
AcDbEntity
  8
PIN_TOP
100
AcDbCircle
 10
41.10101
 20
46.590966
 30
0.0
 40
0.149987
  0
CIRCLE
  5
C2E4
330
1D
100
AcDbEntity
  8
PIN_TOP
100
AcDbCircle
 10
42.248328
 20
46.590966
 30
0.0
 40
0.149987
  0
CIRCLE
  5
C2E5
330
1D
100
AcDbEntity
  8
PIN_TOP
100
AcDbCircle
 10
43.395392
 20
46.590966
 30
0.0
 40
0.149987
  0
CIRCLE
  5
C2E6
330
1D
100
AcDbEntity
  8
PIN_TOP
100
AcDbCircle
 10
44.54271
 20
46.590966
 30
0.0
 40
0.149987
  0
CIRCLE
  5
C2E7
330
1D
100
AcDbEntity
  8
PIN_TOP
100
AcDbCircle
 10
45.689774
 20
46.590966
 30
0.0
 40
0.149987
  0
CIRCLE
  5
C2E8
330
1D
100
AcDbEntity
  8
PIN_TOP
100
AcDbCircle
 10
46.837092
 20
46.590966
 30
0.0
 40
0.149987
  0
CIRCLE
  5
C2E9
330
1D
100
AcDbEntity
  8
PIN_TOP
100
AcDbCircle
 10
47.984156
 20
46.590966
 30
0.0
 40
0.149987
  0
CIRCLE
  5
C2EA
330
1D
100
AcDbEntity
  8
PIN_TOP
100
AcDbCircle
 10
49.131474
 20
46.590966
 30
0.0
 40
0.149987
  0
CIRCLE
  5
C2EB
330
1D
100
AcDbEntity
  8
PIN_TOP
100
AcDbCircle
 10
50.278538
 20
46.590966
 30
0.0
 40
0.149987
  0
CIRCLE
  5
C2EC
330
1D
100
AcDbEntity
  8
PIN_TOP
100
AcDbCircle
 10
51.425856
 20
46.641004
 30
0.0
 40
0.149987
  0
CIRCLE
  5
C2ED
330
1D
100
AcDbEntity
  8
PIN_TOP
100
AcDbCircle
 10
52.397152
 20
46.641004
 30
0.0
 40
0.149987
  0
CIRCLE
  5
C2EE
330
1D
100
AcDbEntity
  8
PIN_TOP
100
AcDbCircle
 10
53.368194
 20
46.641004
 30
0.0
 40
0.149987
  0
LWPOLYLINE
  5
C2EF
330
1D
100
AcDbEntity
  8
PIN_TOP
100
AcDbPolyline
 90
        4
 70
     1
 43
0.0
 10
33.440751
 20
46.206791
 10
33.390713
 20
46.206791
 42
-1.0
 10
33.390713
 20
46.406689
 10
33.440751
 20
46.406689
 42
-1.0
  0
LWPOLYLINE
  5
C2F5
330
1D
100
AcDbEntity
  8
PIN_TOP
100
AcDbPolyline
 90
        4
 70
     1
 43
0.0
 10
34.060765
 20
46.206791
 10
34.010727
 20
46.206791
 42
-1.0
 10
34.010727
 20
46.406689
 10
34.060765
 20
46.406689
 42
-1.0
  0
LWPOLYLINE
  5
C2FB
330
1D
100
AcDbEntity
  8
PIN_TOP
100
AcDbPolyline
 90
        4
 70
     1
 43
0.0
 10
34.680779
 20
46.206791
 10
34.630741
 20
46.206791
 42
-1.0
 10
34.630741
 20
46.406689
 10
34.680779
 20
46.406689
 42
-1.0
  0
CIRCLE
  5
C301
330
1D
100
AcDbEntity
  8
PIN_TOP
100
AcDbCircle
 10
35.27552
 20
46.30674
 30
0.0
 40
0.137541
  0
CIRCLE
  5
C302
330
1D
100
AcDbEntity
  8
PIN_TOP
100
AcDbCircle
 10
54.435756
 20
46.375828
 30
0.0
 40
0.137541
  0
LWPOLYLINE
  5
C303
330
1D
100
AcDbEntity
  8
PIN_TOP
100
AcDbPolyline
 90
        4
 70
     1
 43
0.0
 10
55.030497
 20
46.475777
 10
55.080535
 20
46.475777
 42
-1.0
 10
55.080535
 20
46.275879
 10
55.030497
 20
46.275879
 42
-1.0
  0
LWPOLYLINE
  5
C309
330
1D
100
AcDbEntity
  8
PIN_TOP
100
AcDbPolyline
 90
        4
 70
     1
 43
0.0
 10
55.650511
 20
46.475777
 10
55.700549
 20
46.475777
 42
-1.0
 10
55.700549
 20
46.275879
 10
55.650511
 20
46.275879
 42
-1.0
  0
LWPOLYLINE
  5
C30F
330
1D
100
AcDbEntity
  8
PIN_TOP
100
AcDbPolyline
 90
        4
 70
     1
 43
0.0
 10
56.270525
 20
46.475777
 10
56.320563
 20
46.475777
 42
-1.0
 10
56.320563
 20
46.275879
 10
56.270525
 20
46.275879
 42
-1.0
  0
CIRCLE
  5
C315
330
1D
100
AcDbEntity
  8
PIN_TOP
100
AcDbCircle
 10
39.953946
 20
45.950886
 30
0.0
 40
0.149987
  0
CIRCLE
  5
C316
330
1D
100
AcDbEntity
  8
PIN_TOP
100
AcDbCircle
 10
41.10101
 20
45.950886
 30
0.0
 40
0.149987
  0
CIRCLE
  5
C317
330
1D
100
AcDbEntity
  8
PIN_TOP
100
AcDbCircle
 10
42.248328
 20
45.950886
 30
0.0
 40
0.149987
  0
CIRCLE
  5
C318
330
1D
100
AcDbEntity
  8
PIN_TOP
100
AcDbCircle
 10
43.395392
 20
45.950886
 30
0.0
 40
0.149987
  0
CIRCLE
  5
C319
330
1D
100
AcDbEntity
  8
PIN_TOP
100
AcDbCircle
 10
44.54271
 20
45.950886
 30
0.0
 40
0.149987
  0
CIRCLE
  5
C31A
330
1D
100
AcDbEntity
  8
PIN_TOP
100
AcDbCircle
 10
45.689774
 20
45.950886
 30
0.0
 40
0.149987
  0
CIRCLE
  5
C31B
330
1D
100
AcDbEntity
  8
PIN_TOP
100
AcDbCircle
 10
46.837092
 20
45.950886
 30
0.0
 40
0.149987
  0
CIRCLE
  5
C31C
330
1D
100
AcDbEntity
  8
PIN_TOP
100
AcDbCircle
 10
47.984156
 20
45.950886
 30
0.0
 40
0.149987
  0
CIRCLE
  5
C31D
330
1D
100
AcDbEntity
  8
PIN_TOP
100
AcDbCircle
 10
49.131474
 20
45.950886
 30
0.0
 40
0.149987
  0
CIRCLE
  5
C31E
330
1D
100
AcDbEntity
  8
PIN_TOP
100
AcDbCircle
 10
50.278538
 20
45.950886
 30
0.0
 40
0.149987
  0
CIRCLE
  5
C31F
330
1D
100
AcDbEntity
  8
PIN_TOP
100
AcDbCircle
 10
51.425856
 20
46.000924
 30
0.0
 40
0.149987
  0
CIRCLE
  5
C320
330
1D
100
AcDbEntity
  8
PIN_TOP
100
AcDbCircle
 10
52.397152
 20
46.000924
 30
0.0
 40
0.149987
  0
CIRCLE
  5
C321
330
1D
100
AcDbEntity
  8
PIN_TOP
100
AcDbCircle
 10
53.368194
 20
46.000924
 30
0.0
 40
0.149987
  0
CIRCLE
  5
C322
330
1D
100
AcDbEntity
  8
PIN_TOP
100
AcDbCircle
 10
54.41569
 20
45.745654
 30
0.0
 40
0.137541
  0
LWPOLYLINE
  5
C323
330
1D
100
AcDbEntity
  8
PIN_TOP
100
AcDbPolyline
 90
        4
 70
     1
 43
0.0
 10
55.375683
 20
45.845603
 10
55.425721
 20
45.845603
 42
-1.0
 10
55.425721
 20
45.645705
 10
55.375683
 20
45.645705
 42
-1.0
  0
LWPOLYLINE
  5
C329
330
1D
100
AcDbEntity
  8
PIN_TOP
100
AcDbPolyline
 90
        4
 70
     1
 43
0.0
 10
55.995697
 20
45.845603
 10
56.045735
 20
45.845603
 42
-1.0
 10
56.045735
 20
45.645705
 10
55.995697
 20
45.645705
 42
-1.0
  0
LWPOLYLINE
  5
C32F
330
1D
100
AcDbEntity
  8
PIN_TOP
100
AcDbPolyline
 90
        4
 70
     1
 43
0.0
 10
33.715579
 20
45.576871
 10
33.665541
 20
45.576871
 42
-1.0
 10
33.665541
 20
45.776769
 10
33.715579
 20
45.776769
 42
-1.0
  0
LWPOLYLINE
  5
C335
330
1D
100
AcDbEntity
  8
PIN_TOP
100
AcDbPolyline
 90
        4
 70
     1
 43
0.0
 10
34.335593
 20
45.576871
 10
34.285555
 20
45.576871
 42
-1.0
 10
34.285555
 20
45.776769
 10
34.335593
 20
45.776769
 42
-1.0
  0
CIRCLE
  5
C33B
330
1D
100
AcDbEntity
  8
PIN_TOP
100
AcDbCircle
 10
35.277552
 20
45.67682
 30
0.0
 40
0.137541
  0
CIRCLE
  5
C33C
330
1D
100
AcDbEntity
  8
PIN_TOP
100
AcDbCircle
 10
36.105338
 20
45.516546
 30
0.0
 40
0.149987
  0
CIRCLE
  5
C33D
330
1D
100
AcDbEntity
  8
PIN_TOP
100
AcDbCircle
 10
36.745418
 20
45.516546
 30
0.0
 40
0.149987
  0
CIRCLE
  5
C33E
330
1D
100
AcDbEntity
  8
PIN_TOP
100
AcDbCircle
 10
37.385244
 20
45.516546
 30
0.0
 40
0.149987
  0
CIRCLE
  5
C33F
330
1D
100
AcDbEntity
  8
PIN_TOP
100
AcDbCircle
 10
38.025324
 20
45.516546
 30
0.0
 40
0.149987
  0
CIRCLE
  5
C340
330
1D
100
AcDbEntity
  8
PIN_TOP
100
AcDbCircle
 10
38.665404
 20
45.516546
 30
0.0
 40
0.149987
  0
CIRCLE
  5
C341
330
1D
100
AcDbEntity
  8
PIN_TOP
100
AcDbCircle
 10
39.30523
 20
45.516546
 30
0.0
 40
0.149987
  0
CIRCLE
  5
C342
330
1D
100
AcDbEntity
  8
PIN_TOP
100
AcDbCircle
 10
39.953946
 20
45.310806
 30
0.0
 40
0.149987
  0
CIRCLE
  5
C343
330
1D
100
AcDbEntity
  8
PIN_TOP
100
AcDbCircle
 10
41.10101
 20
45.310806
 30
0.0
 40
0.149987
  0
CIRCLE
  5
C344
330
1D
100
AcDbEntity
  8
PIN_TOP
100
AcDbCircle
 10
42.248328
 20
45.310806
 30
0.0
 40
0.149987
  0
CIRCLE
  5
C345
330
1D
100
AcDbEntity
  8
PIN_TOP
100
AcDbCircle
 10
43.395392
 20
45.310806
 30
0.0
 40
0.149987
  0
CIRCLE
  5
C346
330
1D
100
AcDbEntity
  8
PIN_TOP
100
AcDbCircle
 10
44.54271
 20
45.310806
 30
0.0
 40
0.149987
  0
CIRCLE
  5
C347
330
1D
100
AcDbEntity
  8
PIN_TOP
100
AcDbCircle
 10
45.689774
 20
45.310806
 30
0.0
 40
0.149987
  0
CIRCLE
  5
C348
330
1D
100
AcDbEntity
  8
PIN_TOP
100
AcDbCircle
 10
46.837092
 20
45.310806
 30
0.0
 40
0.149987
  0
CIRCLE
  5
C349
330
1D
100
AcDbEntity
  8
PIN_TOP
100
AcDbCircle
 10
47.984156
 20
45.310806
 30
0.0
 40
0.149987
  0
CIRCLE
  5
C34A
330
1D
100
AcDbEntity
  8
PIN_TOP
100
AcDbCircle
 10
49.131474
 20
45.310806
 30
0.0
 40
0.149987
  0
CIRCLE
  5
C34B
330
1D
100
AcDbEntity
  8
PIN_TOP
100
AcDbCircle
 10
50.278538
 20
45.310806
 30
0.0
 40
0.149987
  0
LWPOLYLINE
  5
C34C
330
1D
100
AcDbEntity
  8
PIN_TOP
100
AcDbPolyline
 90
        4
 70
     1
 43
0.0
 10
33.440751
 20
44.946697
 10
33.390713
 20
44.946697
 42
-1.0
 10
33.390713
 20
45.146595
 10
33.440751
 20
45.146595
 42
-1.0
  0
LWPOLYLINE
  5
C352
330
1D
100
AcDbEntity
  8
PIN_TOP
100
AcDbPolyline
 90
        4
 70
     1
 43
0.0
 10
34.060765
 20
44.946697
 10
34.010727
 20
44.946697
 42
-1.0
 10
34.010727
 20
45.146595
 10
34.060765
 20
45.146595
 42
-1.0
  0
LWPOLYLINE
  5
C358
330
1D
100
AcDbEntity
  8
PIN_TOP
100
AcDbPolyline
 90
        4
 70
     1
 43
0.0
 10
34.680779
 20
44.946697
 10
34.630741
 20
44.946697
 42
-1.0
 10
34.630741
 20
45.146595
 10
34.680779
 20
45.146595
 42
-1.0
  0
CIRCLE
  5
C35E
330
1D
100
AcDbEntity
  8
PIN_TOP
100
AcDbCircle
 10
35.27552
 20
45.046646
 30
0.0
 40
0.137541
  0
CIRCLE
  5
C35F
330
1D
100
AcDbEntity
  8
PIN_TOP
100
AcDbCircle
 10
51.34737
 20
45.139356
 30
0.0
 40
0.149987
  0
CIRCLE
  5
C360
330
1D
100
AcDbEntity
  8
PIN_TOP
100
AcDbCircle
 10
51.98745
 20
45.139356
 30
0.0
 40
0.149987
  0
CIRCLE
  5
C361
330
1D
100
AcDbEntity
  8
PIN_TOP
100
AcDbCircle
 10
52.627276
 20
45.139356
 30
0.0
 40
0.149987
  0
CIRCLE
  5
C362
330
1D
100
AcDbEntity
  8
PIN_TOP
100
AcDbCircle
 10
53.267356
 20
45.139356
 30
0.0
 40
0.149987
  0
CIRCLE
  5
C363
330
1D
100
AcDbEntity
  8
PIN_TOP
100
AcDbCircle
 10
54.435756
 20
45.115734
 30
0.0
 40
0.137541
  0
LWPOLYLINE
  5
C364
330
1D
100
AcDbEntity
  8
PIN_TOP
100
AcDbPolyline
 90
        4
 70
     1
 43
0.0
 10
55.030497
 20
45.215683
 10
55.080535
 20
45.215683
 42
-1.0
 10
55.080535
 20
45.015785
 10
55.030497
 20
45.015785
 42
-1.0
  0
LWPOLYLINE
  5
C36A
330
1D
100
AcDbEntity
  8
PIN_TOP
100
AcDbPolyline
 90
        4
 70
     1
 43
0.0
 10
55.650511
 20
45.215683
 10
55.700549
 20
45.215683
 42
-1.0
 10
55.700549
 20
45.015785
 10
55.650511
 20
45.015785
 42
-1.0
  0
LWPOLYLINE
  5
C370
330
1D
100
AcDbEntity
  8
PIN_TOP
100
AcDbPolyline
 90
        4
 70
     1
 43
0.0
 10
56.270525
 20
45.215683
 10
56.320563
 20
45.215683
 42
-1.0
 10
56.320563
 20
45.015785
 10
56.270525
 20
45.015785
 42
-1.0
  0
CIRCLE
  5
C376
330
1D
100
AcDbEntity
  8
PIN_TOP
100
AcDbCircle
 10
36.105338
 20
44.54525
 30
0.0
 40
0.149987
  0
CIRCLE
  5
C377
330
1D
100
AcDbEntity
  8
PIN_TOP
100
AcDbCircle
 10
36.745418
 20
44.54525
 30
0.0
 40
0.149987
  0
CIRCLE
  5
C378
330
1D
100
AcDbEntity
  8
PIN_TOP
100
AcDbCircle
 10
37.385244
 20
44.54525
 30
0.0
 40
0.149987
  0
CIRCLE
  5
C379
330
1D
100
AcDbEntity
  8
PIN_TOP
100
AcDbCircle
 10
38.025324
 20
44.54525
 30
0.0
 40
0.149987
  0
CIRCLE
  5
C37A
330
1D
100
AcDbEntity
  8
PIN_TOP
100
AcDbCircle
 10
38.665404
 20
44.54525
 30
0.0
 40
0.149987
  0
CIRCLE
  5
C37B
330
1D
100
AcDbEntity
  8
PIN_TOP
100
AcDbCircle
 10
39.30523
 20
44.54525
 30
0.0
 40
0.149987
  0
CIRCLE
  5
C37C
330
1D
100
AcDbEntity
  8
PIN_TOP
100
AcDbCircle
 10
39.953946
 20
44.67098
 30
0.0
 40
0.149987
  0
CIRCLE
  5
C37D
330
1D
100
AcDbEntity
  8
PIN_TOP
100
AcDbCircle
 10
41.10101
 20
44.67098
 30
0.0
 40
0.149987
  0
CIRCLE
  5
C37E
330
1D
100
AcDbEntity
  8
PIN_TOP
100
AcDbCircle
 10
42.248328
 20
44.67098
 30
0.0
 40
0.149987
  0
CIRCLE
  5
C37F
330
1D
100
AcDbEntity
  8
PIN_TOP
100
AcDbCircle
 10
43.395392
 20
44.67098
 30
0.0
 40
0.149987
  0
CIRCLE
  5
C380
330
1D
100
AcDbEntity
  8
PIN_TOP
100
AcDbCircle
 10
44.54271
 20
44.67098
 30
0.0
 40
0.149987
  0
CIRCLE
  5
C381
330
1D
100
AcDbEntity
  8
PIN_TOP
100
AcDbCircle
 10
45.689774
 20
44.67098
 30
0.0
 40
0.149987
  0
CIRCLE
  5
C382
330
1D
100
AcDbEntity
  8
PIN_TOP
100
AcDbCircle
 10
46.837092
 20
44.67098
 30
0.0
 40
0.149987
  0
CIRCLE
  5
C383
330
1D
100
AcDbEntity
  8
PIN_TOP
100
AcDbCircle
 10
47.984156
 20
44.67098
 30
0.0
 40
0.149987
  0
CIRCLE
  5
C384
330
1D
100
AcDbEntity
  8
PIN_TOP
100
AcDbCircle
 10
49.131474
 20
44.67098
 30
0.0
 40
0.149987
  0
LWPOLYLINE
  5
C385
330
1D
100
AcDbEntity
  8
PIN_TOP
100
AcDbPolyline
 90
        4
 70
     1
 43
0.0
 10
33.715579
 20
44.316777
 10
33.665541
 20
44.316777
 42
-1.0
 10
33.665541
 20
44.516675
 10
33.715579
 20
44.516675
 42
-1.0
  0
LWPOLYLINE
  5
C38B
330
1D
100
AcDbEntity
  8
PIN_TOP
100
AcDbPolyline
 90
        4
 70
     1
 43
0.0
 10
34.335593
 20
44.316777
 10
34.285555
 20
44.316777
 42
-1.0
 10
34.285555
 20
44.516675
 10
34.335593
 20
44.516675
 42
-1.0
  0
LWPOLYLINE
  5
C391
330
1D
100
AcDbEntity
  8
PIN_TOP
100
AcDbPolyline
 90
        4
 70
     1
 43
0.0
 10
34.955607
 20
44.316777
 10
34.905569
 20
44.316777
 42
-1.0
 10
34.905569
 20
44.516675
 10
34.955607
 20
44.516675
 42
-1.0
  0
CIRCLE
  5
C397
330
1D
100
AcDbEntity
  8
PIN_TOP
100
AcDbCircle
 10
50.067464
 20
44.16806
 30
0.0
 40
0.149987
  0
CIRCLE
  5
C398
330
1D
100
AcDbEntity
  8
PIN_TOP
100
AcDbCircle
 10
50.70729
 20
44.16806
 30
0.0
 40
0.149987
  0
CIRCLE
  5
C399
330
1D
100
AcDbEntity
  8
PIN_TOP
100
AcDbCircle
 10
51.34737
 20
44.16806
 30
0.0
 40
0.149987
  0
CIRCLE
  5
C39A
330
1D
100
AcDbEntity
  8
PIN_TOP
100
AcDbCircle
 10
51.98745
 20
44.16806
 30
0.0
 40
0.149987
  0
CIRCLE
  5
C39B
330
1D
100
AcDbEntity
  8
PIN_TOP
100
AcDbCircle
 10
52.627276
 20
44.16806
 30
0.0
 40
0.149987
  0
CIRCLE
  5
C39C
330
1D
100
AcDbEntity
  8
PIN_TOP
100
AcDbCircle
 10
53.267356
 20
44.16806
 30
0.0
 40
0.149987
  0
CIRCLE
  5
C39D
330
1D
100
AcDbEntity
  8
PIN_TOP
100
AcDbCircle
 10
54.160674
 20
44.485814
 30
0.0
 40
0.137541
  0
LWPOLYLINE
  5
C39E
330
1D
100
AcDbEntity
  8
PIN_TOP
100
AcDbPolyline
 90
        4
 70
     1
 43
0.0
 10
54.755669
 20
44.585763
 10
54.805707
 20
44.585763
 42
-1.0
 10
54.805707
 20
44.385865
 10
54.755669
 20
44.385865
 42
-1.0
  0
LWPOLYLINE
  5
C3A4
330
1D
100
AcDbEntity
  8
PIN_TOP
100
AcDbPolyline
 90
        4
 70
     1
 43
0.0
 10
55.375683
 20
44.585763
 10
55.425721
 20
44.585763
 42
-1.0
 10
55.425721
 20
44.385865
 10
55.375683
 20
44.385865
 42
-1.0
  0
LWPOLYLINE
  5
C3AA
330
1D
100
AcDbEntity
  8
PIN_TOP
100
AcDbPolyline
 90
        4
 70
     1
 43
0.0
 10
55.995697
 20
44.585763
 10
56.045735
 20
44.585763
 42
-1.0
 10
56.045735
 20
44.385865
 10
55.995697
 20
44.385865
 42
-1.0
  0
LWPOLYLINE
  5
C3B0
330
1D
100
AcDbEntity
  8
PIN_TOP
100
AcDbPolyline
 90
        4
 70
     1
 43
0.0
 10
33.440751
 20
43.686857
 10
33.390713
 20
43.686857
 42
-1.0
 10
33.390713
 20
43.886755
 10
33.440751
 20
43.886755
 42
-1.0
  0
LWPOLYLINE
  5
C3B6
330
1D
100
AcDbEntity
  8
PIN_TOP
100
AcDbPolyline
 90
        4
 70
     1
 43
0.0
 10
34.060765
 20
43.686857
 10
34.010727
 20
43.686857
 42
-1.0
 10
34.010727
 20
43.886755
 10
34.060765
 20
43.886755
 42
-1.0
  0
LWPOLYLINE
  5
C3BC
330
1D
100
AcDbEntity
  8
PIN_TOP
100
AcDbPolyline
 90
        4
 70
     1
 43
0.0
 10
34.680779
 20
43.686857
 10
34.630741
 20
43.686857
 42
-1.0
 10
34.630741
 20
43.886755
 10
34.680779
 20
43.886755
 42
-1.0
  0
CIRCLE
  5
C3C2
330
1D
100
AcDbEntity
  8
PIN_TOP
100
AcDbCircle
 10
35.27552
 20
43.786806
 30
0.0
 40
0.137541
  0
CIRCLE
  5
C3C3
330
1D
100
AcDbEntity
  8
PIN_TOP
100
AcDbCircle
 10
39.953946
 20
44.0309
 30
0.0
 40
0.149987
  0
CIRCLE
  5
C3C4
330
1D
100
AcDbEntity
  8
PIN_TOP
100
AcDbCircle
 10
41.10101
 20
44.0309
 30
0.0
 40
0.149987
  0
CIRCLE
  5
C3C5
330
1D
100
AcDbEntity
  8
PIN_TOP
100
AcDbCircle
 10
42.248328
 20
44.0309
 30
0.0
 40
0.149987
  0
CIRCLE
  5
C3C6
330
1D
100
AcDbEntity
  8
PIN_TOP
100
AcDbCircle
 10
43.395392
 20
44.0309
 30
0.0
 40
0.149987
  0
CIRCLE
  5
C3C7
330
1D
100
AcDbEntity
  8
PIN_TOP
100
AcDbCircle
 10
44.54271
 20
44.0309
 30
0.0
 40
0.149987
  0
CIRCLE
  5
C3C8
330
1D
100
AcDbEntity
  8
PIN_TOP
100
AcDbCircle
 10
45.689774
 20
44.0309
 30
0.0
 40
0.149987
  0
CIRCLE
  5
C3C9
330
1D
100
AcDbEntity
  8
PIN_TOP
100
AcDbCircle
 10
46.837092
 20
44.0309
 30
0.0
 40
0.149987
  0
CIRCLE
  5
C3CA
330
1D
100
AcDbEntity
  8
PIN_TOP
100
AcDbCircle
 10
47.984156
 20
44.0309
 30
0.0
 40
0.149987
  0
CIRCLE
  5
C3CB
330
1D
100
AcDbEntity
  8
PIN_TOP
100
AcDbCircle
 10
49.131474
 20
44.0309
 30
0.0
 40
0.149987
  0
CIRCLE
  5
C3CC
330
1D
100
AcDbEntity
  8
PIN_TOP
100
AcDbCircle
 10
54.435756
 20
43.85564
 30
0.0
 40
0.137541
  0
LWPOLYLINE
  5
C3CD
330
1D
100
AcDbEntity
  8
PIN_TOP
100
AcDbPolyline
 90
        4
 70
     1
 43
0.0
 10
55.030497
 20
43.955589
 10
55.080535
 20
43.955589
 42
-1.0
 10
55.080535
 20
43.755691
 10
55.030497
 20
43.755691
 42
-1.0
  0
LWPOLYLINE
  5
C3D3
330
1D
100
AcDbEntity
  8
PIN_TOP
100
AcDbPolyline
 90
        4
 70
     1
 43
0.0
 10
55.650511
 20
43.955589
 10
55.700549
 20
43.955589
 42
-1.0
 10
55.700549
 20
43.755691
 10
55.650511
 20
43.755691
 42
-1.0
  0
LWPOLYLINE
  5
C3D9
330
1D
100
AcDbEntity
  8
PIN_TOP
100
AcDbPolyline
 90
        4
 70
     1
 43
0.0
 10
56.270525
 20
43.955589
 10
56.320563
 20
43.955589
 42
-1.0
 10
56.320563
 20
43.755691
 10
56.270525
 20
43.755691
 42
-1.0
  0
CIRCLE
  5
C3DF
330
1D
100
AcDbEntity
  8
PIN_TOP
100
AcDbCircle
 10
36.105338
 20
43.574208
 30
0.0
 40
0.149987
  0
CIRCLE
  5
C3E0
330
1D
100
AcDbEntity
  8
PIN_TOP
100
AcDbCircle
 10
36.745418
 20
43.574208
 30
0.0
 40
0.149987
  0
CIRCLE
  5
C3E1
330
1D
100
AcDbEntity
  8
PIN_TOP
100
AcDbCircle
 10
37.385244
 20
43.574208
 30
0.0
 40
0.149987
  0
CIRCLE
  5
C3E2
330
1D
100
AcDbEntity
  8
PIN_TOP
100
AcDbCircle
 10
38.025324
 20
43.574208
 30
0.0
 40
0.149987
  0
CIRCLE
  5
C3E3
330
1D
100
AcDbEntity
  8
PIN_TOP
100
AcDbCircle
 10
38.665404
 20
43.574208
 30
0.0
 40
0.149987
  0
CIRCLE
  5
C3E4
330
1D
100
AcDbEntity
  8
PIN_TOP
100
AcDbCircle
 10
39.30523
 20
43.574208
 30
0.0
 40
0.149987
  0
CIRCLE
  5
C3E5
330
1D
100
AcDbEntity
  8
PIN_TOP
100
AcDbCircle
 10
39.953946
 20
43.39082
 30
0.0
 40
0.149987
  0
CIRCLE
  5
C3E6
330
1D
100
AcDbEntity
  8
PIN_TOP
100
AcDbCircle
 10
41.10101
 20
43.39082
 30
0.0
 40
0.149987
  0
CIRCLE
  5
C3E7
330
1D
100
AcDbEntity
  8
PIN_TOP
100
AcDbCircle
 10
42.248328
 20
43.39082
 30
0.0
 40
0.149987
  0
CIRCLE
  5
C3E8
330
1D
100
AcDbEntity
  8
PIN_TOP
100
AcDbCircle
 10
43.395392
 20
43.39082
 30
0.0
 40
0.149987
  0
CIRCLE
  5
C3E9
330
1D
100
AcDbEntity
  8
PIN_TOP
100
AcDbCircle
 10
44.54271
 20
43.39082
 30
0.0
 40
0.149987
  0
CIRCLE
  5
C3EA
330
1D
100
AcDbEntity
  8
PIN_TOP
100
AcDbCircle
 10
45.689774
 20
43.39082
 30
0.0
 40
0.149987
  0
CIRCLE
  5
C3EB
330
1D
100
AcDbEntity
  8
PIN_TOP
100
AcDbCircle
 10
46.837092
 20
43.39082
 30
0.0
 40
0.149987
  0
CIRCLE
  5
C3EC
330
1D
100
AcDbEntity
  8
PIN_TOP
100
AcDbCircle
 10
47.984156
 20
43.39082
 30
0.0
 40
0.149987
  0
CIRCLE
  5
C3ED
330
1D
100
AcDbEntity
  8
PIN_TOP
100
AcDbCircle
 10
48.869854
 20
43.468544
 30
0.0
 40
0.149987
  0
LWPOLYLINE
  5
C3EE
330
1D
100
AcDbEntity
  8
PIN_TOP
100
AcDbPolyline
 90
        4
 70
     1
 43
0.0
 10
33.715579
 20
43.056683
 10
33.665541
 20
43.056683
 42
-1.0
 10
33.665541
 20
43.256581
 10
33.715579
 20
43.256581
 42
-1.0
  0
LWPOLYLINE
  5
C3F4
330
1D
100
AcDbEntity
  8
PIN_TOP
100
AcDbPolyline
 90
        4
 70
     1
 43
0.0
 10
34.335593
 20
43.056683
 10
34.285555
 20
43.056683
 42
-1.0
 10
34.285555
 20
43.256581
 10
34.335593
 20
43.256581
 42
-1.0
  0
CIRCLE
  5
C3FA
330
1D
100
AcDbEntity
  8
PIN_TOP
100
AcDbCircle
 10
35.277552
 20
43.156632
 30
0.0
 40
0.137541
  0
CIRCLE
  5
C3FB
330
1D
100
AcDbEntity
  8
PIN_TOP
100
AcDbCircle
 10
49.427384
 20
43.197018
 30
0.0
 40
0.149987
  0
CIRCLE
  5
C3FC
330
1D
100
AcDbEntity
  8
PIN_TOP
100
AcDbCircle
 10
50.067464
 20
43.197018
 30
0.0
 40
0.149987
  0
CIRCLE
  5
C3FD
330
1D
100
AcDbEntity
  8
PIN_TOP
100
AcDbCircle
 10
50.70729
 20
43.197018
 30
0.0
 40
0.149987
  0
CIRCLE
  5
C3FE
330
1D
100
AcDbEntity
  8
PIN_TOP
100
AcDbCircle
 10
51.34737
 20
43.197018
 30
0.0
 40
0.149987
  0
CIRCLE
  5
C3FF
330
1D
100
AcDbEntity
  8
PIN_TOP
100
AcDbCircle
 10
51.98745
 20
43.197018
 30
0.0
 40
0.149987
  0
CIRCLE
  5
C400
330
1D
100
AcDbEntity
  8
PIN_TOP
100
AcDbCircle
 10
52.627276
 20
43.197018
 30
0.0
 40
0.149987
  0
CIRCLE
  5
C401
330
1D
100
AcDbEntity
  8
PIN_TOP
100
AcDbCircle
 10
53.267356
 20
43.197018
 30
0.0
 40
0.149987
  0
CIRCLE
  5
C402
330
1D
100
AcDbEntity
  8
PIN_TOP
100
AcDbCircle
 10
54.41569
 20
43.22572
 30
0.0
 40
0.137541
  0
LWPOLYLINE
  5
C403
330
1D
100
AcDbEntity
  8
PIN_TOP
100
AcDbPolyline
 90
        4
 70
     1
 43
0.0
 10
55.375683
 20
43.325669
 10
55.425721
 20
43.325669
 42
-1.0
 10
55.425721
 20
43.125771
 10
55.375683
 20
43.125771
 42
-1.0
  0
LWPOLYLINE
  5
C409
330
1D
100
AcDbEntity
  8
PIN_TOP
100
AcDbPolyline
 90
        4
 70
     1
 43
0.0
 10
55.995697
 20
43.325669
 10
56.045735
 20
43.325669
 42
-1.0
 10
56.045735
 20
43.125771
 10
55.995697
 20
43.125771
 42
-1.0
  0
LWPOLYLINE
  5
C40F
330
1D
100
AcDbEntity
  8
PIN_TOP
100
AcDbPolyline
 90
        4
 70
     1
 43
0.0
 10
33.440751
 20
42.426763
 10
33.390713
 20
42.426763
 42
-1.0
 10
33.390713
 20
42.626661
 10
33.440751
 20
42.626661
 42
-1.0
  0
LWPOLYLINE
  5
C415
330
1D
100
AcDbEntity
  8
PIN_TOP
100
AcDbPolyline
 90
        4
 70
     1
 43
0.0
 10
34.060765
 20
42.426763
 10
34.010727
 20
42.426763
 42
-1.0
 10
34.010727
 20
42.626661
 10
34.060765
 20
42.626661
 42
-1.0
  0
LWPOLYLINE
  5
C41B
330
1D
100
AcDbEntity
  8
PIN_TOP
100
AcDbPolyline
 90
        4
 70
     1
 43
0.0
 10
34.680779
 20
42.426763
 10
34.630741
 20
42.426763
 42
-1.0
 10
34.630741
 20
42.626661
 10
34.680779
 20
42.626661
 42
-1.0
  0
CIRCLE
  5
C421
330
1D
100
AcDbEntity
  8
PIN_TOP
100
AcDbCircle
 10
35.27552
 20
42.526712
 30
0.0
 40
0.137541
  0
CIRCLE
  5
C422
330
1D
100
AcDbEntity
  8
PIN_TOP
100
AcDbCircle
 10
36.105338
 20
42.602912
 30
0.0
 40
0.149987
  0
CIRCLE
  5
C423
330
1D
100
AcDbEntity
  8
PIN_TOP
100
AcDbCircle
 10
36.745418
 20
42.602912
 30
0.0
 40
0.149987
  0
CIRCLE
  5
C424
330
1D
100
AcDbEntity
  8
PIN_TOP
100
AcDbCircle
 10
37.385244
 20
42.602912
 30
0.0
 40
0.149987
  0
CIRCLE
  5
C425
330
1D
100
AcDbEntity
  8
PIN_TOP
100
AcDbCircle
 10
38.025324
 20
42.602912
 30
0.0
 40
0.149987
  0
CIRCLE
  5
C426
330
1D
100
AcDbEntity
  8
PIN_TOP
100
AcDbCircle
 10
38.665404
 20
42.602912
 30
0.0
 40
0.149987
  0
CIRCLE
  5
C427
330
1D
100
AcDbEntity
  8
PIN_TOP
100
AcDbCircle
 10
39.30523
 20
42.602912
 30
0.0
 40
0.149987
  0
CIRCLE
  5
C428
330
1D
100
AcDbEntity
  8
PIN_TOP
100
AcDbCircle
 10
39.953946
 20
42.750994
 30
0.0
 40
0.149987
  0
CIRCLE
  5
C429
330
1D
100
AcDbEntity
  8
PIN_TOP
100
AcDbCircle
 10
41.10101
 20
42.750994
 30
0.0
 40
0.149987
  0
CIRCLE
  5
C42A
330
1D
100
AcDbEntity
  8
PIN_TOP
100
AcDbCircle
 10
41.674542
 20
42.514774
 30
0.0
 40
0.149987
  0
CIRCLE
  5
C42B
330
1D
100
AcDbEntity
  8
PIN_TOP
100
AcDbCircle
 10
42.248328
 20
42.750994
 30
0.0
 40
0.149987
  0
CIRCLE
  5
C42C
330
1D
100
AcDbEntity
  8
PIN_TOP
100
AcDbCircle
 10
43.395392
 20
42.750994
 30
0.0
 40
0.149987
  0
CIRCLE
  5
C42D
330
1D
100
AcDbEntity
  8
PIN_TOP
100
AcDbCircle
 10
44.54271
 20
42.750994
 30
0.0
 40
0.149987
  0
CIRCLE
  5
C42E
330
1D
100
AcDbEntity
  8
PIN_TOP
100
AcDbCircle
 10
45.689774
 20
42.750994
 30
0.0
 40
0.149987
  0
CIRCLE
  5
C42F
330
1D
100
AcDbEntity
  8
PIN_TOP
100
AcDbCircle
 10
46.837092
 20
42.750994
 30
0.0
 40
0.149987
  0
CIRCLE
  5
C430
330
1D
100
AcDbEntity
  8
PIN_TOP
100
AcDbCircle
 10
47.984156
 20
42.750994
 30
0.0
 40
0.149987
  0
CIRCLE
  5
C431
330
1D
100
AcDbEntity
  8
PIN_TOP
100
AcDbCircle
 10
49.041812
 20
42.71137
 30
0.0
 40
0.149987
  0
CIRCLE
  5
C432
330
1D
100
AcDbEntity
  8
PIN_TOP
100
AcDbCircle
 10
54.435756
 20
42.5958
 30
0.0
 40
0.137541
  0
LWPOLYLINE
  5
C433
330
1D
100
AcDbEntity
  8
PIN_TOP
100
AcDbPolyline
 90
        4
 70
     1
 43
0.0
 10
55.030497
 20
42.695749
 10
55.080535
 20
42.695749
 42
-1.0
 10
55.080535
 20
42.495851
 10
55.030497
 20
42.495851
 42
-1.0
  0
LWPOLYLINE
  5
C439
330
1D
100
AcDbEntity
  8
PIN_TOP
100
AcDbPolyline
 90
        4
 70
     1
 43
0.0
 10
55.650511
 20
42.695749
 10
55.700549
 20
42.695749
 42
-1.0
 10
55.700549
 20
42.495851
 10
55.650511
 20
42.495851
 42
-1.0
  0
LWPOLYLINE
  5
C43F
330
1D
100
AcDbEntity
  8
PIN_TOP
100
AcDbPolyline
 90
        4
 70
     1
 43
0.0
 10
56.270525
 20
42.695749
 10
56.320563
 20
42.695749
 42
-1.0
 10
56.320563
 20
42.495851
 10
56.270525
 20
42.495851
 42
-1.0
  0
CIRCLE
  5
C445
330
1D
100
AcDbEntity
  8
PIN_TOP
100
AcDbCircle
 10
40.970962
 20
42.117264
 30
0.0
 40
0.149987
  0
CIRCLE
  5
C446
330
1D
100
AcDbEntity
  8
PIN_TOP
100
AcDbCircle
 10
42.248328
 20
42.110914
 30
0.0
 40
0.149987
  0
CIRCLE
  5
C447
330
1D
100
AcDbEntity
  8
PIN_TOP
100
AcDbCircle
 10
43.395392
 20
42.110914
 30
0.0
 40
0.149987
  0
CIRCLE
  5
C448
330
1D
100
AcDbEntity
  8
PIN_TOP
100
AcDbCircle
 10
44.54271
 20
42.110914
 30
0.0
 40
0.149987
  0
CIRCLE
  5
C449
330
1D
100
AcDbEntity
  8
PIN_TOP
100
AcDbCircle
 10
45.689774
 20
42.110914
 30
0.0
 40
0.149987
  0
CIRCLE
  5
C44A
330
1D
100
AcDbEntity
  8
PIN_TOP
100
AcDbCircle
 10
46.837092
 20
42.110914
 30
0.0
 40
0.149987
  0
CIRCLE
  5
C44B
330
1D
100
AcDbEntity
  8
PIN_TOP
100
AcDbCircle
 10
47.984156
 20
42.110914
 30
0.0
 40
0.149987
  0
CIRCLE
  5
C44C
330
1D
100
AcDbEntity
  8
PIN_TOP
100
AcDbCircle
 10
49.427384
 20
42.225722
 30
0.0
 40
0.149987
  0
CIRCLE
  5
C44D
330
1D
100
AcDbEntity
  8
PIN_TOP
100
AcDbCircle
 10
50.067464
 20
42.225722
 30
0.0
 40
0.149987
  0
CIRCLE
  5
C44E
330
1D
100
AcDbEntity
  8
PIN_TOP
100
AcDbCircle
 10
50.70729
 20
42.225722
 30
0.0
 40
0.149987
  0
CIRCLE
  5
C44F
330
1D
100
AcDbEntity
  8
PIN_TOP
100
AcDbCircle
 10
51.34737
 20
42.225722
 30
0.0
 40
0.149987
  0
CIRCLE
  5
C450
330
1D
100
AcDbEntity
  8
PIN_TOP
100
AcDbCircle
 10
51.98745
 20
42.225722
 30
0.0
 40
0.149987
  0
CIRCLE
  5
C451
330
1D
100
AcDbEntity
  8
PIN_TOP
100
AcDbCircle
 10
52.627276
 20
42.225722
 30
0.0
 40
0.149987
  0
CIRCLE
  5
C452
330
1D
100
AcDbEntity
  8
PIN_TOP
100
AcDbCircle
 10
53.267356
 20
42.225722
 30
0.0
 40
0.149987
  0
LWPOLYLINE
  5
C453
330
1D
100
AcDbEntity
  8
PIN_TOP
100
AcDbPolyline
 90
        4
 70
     1
 43
0.0
 10
33.715579
 20
41.796843
 10
33.665541
 20
41.796843
 42
-1.0
 10
33.665541
 20
41.996741
 10
33.715579
 20
41.996741
 42
-1.0
  0
LWPOLYLINE
  5
C459
330
1D
100
AcDbEntity
  8
PIN_TOP
100
AcDbPolyline
 90
        4
 70
     1
 43
0.0
 10
34.335593
 20
41.796843
 10
34.285555
 20
41.796843
 42
-1.0
 10
34.285555
 20
41.996741
 10
34.335593
 20
41.996741
 42
-1.0
  0
LWPOLYLINE
  5
C45F
330
1D
100
AcDbEntity
  8
PIN_TOP
100
AcDbPolyline
 90
        4
 70
     1
 43
0.0
 10
34.955607
 20
41.796843
 10
34.905569
 20
41.796843
 42
-1.0
 10
34.905569
 20
41.996741
 10
34.955607
 20
41.996741
 42
-1.0
  0
CIRCLE
  5
C465
330
1D
100
AcDbEntity
  8
PIN_TOP
100
AcDbCircle
 10
42.82186
 20
41.874694
 30
0.0
 40
0.149987
  0
CIRCLE
  5
C466
330
1D
100
AcDbEntity
  8
PIN_TOP
100
AcDbCircle
 10
43.968924
 20
41.874694
 30
0.0
 40
0.149987
  0
CIRCLE
  5
C467
330
1D
100
AcDbEntity
  8
PIN_TOP
100
AcDbCircle
 10
45.116242
 20
41.874694
 30
0.0
 40
0.149987
  0
CIRCLE
  5
C468
330
1D
100
AcDbEntity
  8
PIN_TOP
100
AcDbCircle
 10
46.26356
 20
41.874694
 30
0.0
 40
0.149987
  0
CIRCLE
  5
C469
330
1D
100
AcDbEntity
  8
PIN_TOP
100
AcDbCircle
 10
47.410624
 20
41.874694
 30
0.0
 40
0.149987
  0
CIRCLE
  5
C46A
330
1D
100
AcDbEntity
  8
PIN_TOP
100
AcDbCircle
 10
49.041812
 20
41.740074
 30
0.0
 40
0.149987
  0
CIRCLE
  5
C46B
330
1D
100
AcDbEntity
  8
PIN_TOP
100
AcDbCircle
 10
54.160674
 20
41.965626
 30
0.0
 40
0.137541
  0
LWPOLYLINE
  5
C46C
330
1D
100
AcDbEntity
  8
PIN_TOP
100
AcDbPolyline
 90
        4
 70
     1
 43
0.0
 10
54.755669
 20
42.065575
 10
54.805707
 20
42.065575
 42
-1.0
 10
54.805707
 20
41.865677
 10
54.755669
 20
41.865677
 42
-1.0
  0
LWPOLYLINE
  5
C472
330
1D
100
AcDbEntity
  8
PIN_TOP
100
AcDbPolyline
 90
        4
 70
     1
 43
0.0
 10
55.375683
 20
42.065575
 10
55.425721
 20
42.065575
 42
-1.0
 10
55.425721
 20
41.865677
 10
55.375683
 20
41.865677
 42
-1.0
  0
LWPOLYLINE
  5
C478
330
1D
100
AcDbEntity
  8
PIN_TOP
100
AcDbPolyline
 90
        4
 70
     1
 43
0.0
 10
55.995697
 20
42.065575
 10
56.045735
 20
42.065575
 42
-1.0
 10
56.045735
 20
41.865677
 10
55.995697
 20
41.865677
 42
-1.0
  0
CIRCLE
  5
C47E
330
1D
100
AcDbEntity
  8
PIN_TOP
100
AcDbCircle
 10
36.105338
 20
41.631616
 30
0.0
 40
0.149987
  0
CIRCLE
  5
C47F
330
1D
100
AcDbEntity
  8
PIN_TOP
100
AcDbCircle
 10
36.745418
 20
41.631616
 30
0.0
 40
0.149987
  0
CIRCLE
  5
C480
330
1D
100
AcDbEntity
  8
PIN_TOP
100
AcDbCircle
 10
37.385244
 20
41.631616
 30
0.0
 40
0.149987
  0
CIRCLE
  5
C481
330
1D
100
AcDbEntity
  8
PIN_TOP
100
AcDbCircle
 10
38.025324
 20
41.631616
 30
0.0
 40
0.149987
  0
CIRCLE
  5
C482
330
1D
100
AcDbEntity
  8
PIN_TOP
100
AcDbCircle
 10
38.665404
 20
41.631616
 30
0.0
 40
0.149987
  0
CIRCLE
  5
C483
330
1D
100
AcDbEntity
  8
PIN_TOP
100
AcDbCircle
 10
39.30523
 20
41.631616
 30
0.0
 40
0.149987
  0
CIRCLE
  5
C484
330
1D
100
AcDbEntity
  8
PIN_TOP
100
AcDbCircle
 10
39.94531
 20
41.631616
 30
0.0
 40
0.149987
  0
CIRCLE
  5
C485
330
1D
100
AcDbEntity
  8
PIN_TOP
100
AcDbCircle
 10
40.58539
 20
41.631616
 30
0.0
 40
0.149987
  0
CIRCLE
  5
C486
330
1D
100
AcDbEntity
  8
PIN_TOP
100
AcDbCircle
 10
41.35628
 20
41.631616
 30
0.0
 40
0.149987
  0
CIRCLE
  5
C487
330
1D
100
AcDbEntity
  8
PIN_TOP
100
AcDbCircle
 10
42.248328
 20
41.4909
 30
0.0
 40
0.149987
  0
CIRCLE
  5
C488
330
1D
100
AcDbEntity
  8
PIN_TOP
100
AcDbCircle
 10
43.395392
 20
41.4909
 30
0.0
 40
0.149987
  0
CIRCLE
  5
C489
330
1D
100
AcDbEntity
  8
PIN_TOP
100
AcDbCircle
 10
44.54271
 20
41.4909
 30
0.0
 40
0.149987
  0
CIRCLE
  5
C48A
330
1D
100
AcDbEntity
  8
PIN_TOP
100
AcDbCircle
 10
45.689774
 20
41.4909
 30
0.0
 40
0.149987
  0
CIRCLE
  5
C48B
330
1D
100
AcDbEntity
  8
PIN_TOP
100
AcDbCircle
 10
46.837092
 20
41.4909
 30
0.0
 40
0.149987
  0
CIRCLE
  5
C48C
330
1D
100
AcDbEntity
  8
PIN_TOP
100
AcDbCircle
 10
47.984156
 20
41.4909
 30
0.0
 40
0.149987
  0
CIRCLE
  5
C48D
330
1D
100
AcDbEntity
  8
PIN_TOP
100
AcDbCircle
 10
54.435756
 20
41.335706
 30
0.0
 40
0.137541
  0
LWPOLYLINE
  5
C48E
330
1D
100
AcDbEntity
  8
PIN_TOP
100
AcDbPolyline
 90
        4
 70
     1
 43
0.0
 10
55.030497
 20
41.435655
 10
55.080535
 20
41.435655
 42
-1.0
 10
55.080535
 20
41.235757
 10
55.030497
 20
41.235757
 42
-1.0
  0
LWPOLYLINE
  5
C494
330
1D
100
AcDbEntity
  8
PIN_TOP
100
AcDbPolyline
 90
        4
 70
     1
 43
0.0
 10
55.650511
 20
41.435655
 10
55.700549
 20
41.435655
 42
-1.0
 10
55.700549
 20
41.235757
 10
55.650511
 20
41.235757
 42
-1.0
  0
LWPOLYLINE
  5
C49A
330
1D
100
AcDbEntity
  8
PIN_TOP
100
AcDbPolyline
 90
        4
 70
     1
 43
0.0
 10
56.270525
 20
41.435655
 10
56.320563
 20
41.435655
 42
-1.0
 10
56.320563
 20
41.235757
 10
56.270525
 20
41.235757
 42
-1.0
  0
LWPOLYLINE
  5
C4A0
330
1D
100
AcDbEntity
  8
PIN_TOP
100
AcDbPolyline
 90
        4
 70
     1
 43
0.0
 10
33.440751
 20
41.166669
 10
33.390713
 20
41.166669
 42
-1.0
 10
33.390713
 20
41.366567
 10
33.440751
 20
41.366567
 42
-1.0
  0
LWPOLYLINE
  5
C4A6
330
1D
100
AcDbEntity
  8
PIN_TOP
100
AcDbPolyline
 90
        4
 70
     1
 43
0.0
 10
34.060765
 20
41.166669
 10
34.010727
 20
41.166669
 42
-1.0
 10
34.010727
 20
41.366567
 10
34.060765
 20
41.366567
 42
-1.0
  0
LWPOLYLINE
  5
C4AC
330
1D
100
AcDbEntity
  8
PIN_TOP
100
AcDbPolyline
 90
        4
 70
     1
 43
0.0
 10
34.680779
 20
41.166669
 10
34.630741
 20
41.166669
 42
-1.0
 10
34.630741
 20
41.366567
 10
34.680779
 20
41.366567
 42
-1.0
  0
CIRCLE
  5
C4B2
330
1D
100
AcDbEntity
  8
PIN_TOP
100
AcDbCircle
 10
35.27552
 20
41.266618
 30
0.0
 40
0.137541
  0
CIRCLE
  5
C4B3
330
1D
100
AcDbEntity
  8
PIN_TOP
100
AcDbCircle
 10
40.970962
 20
41.146222
 30
0.0
 40
0.149987
  0
CIRCLE
  5
C4B4
330
1D
100
AcDbEntity
  8
PIN_TOP
100
AcDbCircle
 10
42.82186
 20
41.25468
 30
0.0
 40
0.149987
  0
CIRCLE
  5
C4B5
330
1D
100
AcDbEntity
  8
PIN_TOP
100
AcDbCircle
 10
43.968924
 20
41.25468
 30
0.0
 40
0.149987
  0
CIRCLE
  5
C4B6
330
1D
100
AcDbEntity
  8
PIN_TOP
100
AcDbCircle
 10
45.116242
 20
41.25468
 30
0.0
 40
0.149987
  0
CIRCLE
  5
C4B7
330
1D
100
AcDbEntity
  8
PIN_TOP
100
AcDbCircle
 10
46.26356
 20
41.25468
 30
0.0
 40
0.149987
  0
CIRCLE
  5
C4B8
330
1D
100
AcDbEntity
  8
PIN_TOP
100
AcDbCircle
 10
47.410624
 20
41.25468
 30
0.0
 40
0.149987
  0
CIRCLE
  5
C4B9
330
1D
100
AcDbEntity
  8
PIN_TOP
100
AcDbCircle
 10
48.557942
 20
41.25468
 30
0.0
 40
0.149987
  0
CIRCLE
  5
C4BA
330
1D
100
AcDbEntity
  8
PIN_TOP
100
AcDbCircle
 10
49.427384
 20
41.254426
 30
0.0
 40
0.149987
  0
CIRCLE
  5
C4BB
330
1D
100
AcDbEntity
  8
PIN_TOP
100
AcDbCircle
 10
50.067464
 20
41.254426
 30
0.0
 40
0.149987
  0
CIRCLE
  5
C4BC
330
1D
100
AcDbEntity
  8
PIN_TOP
100
AcDbCircle
 10
50.70729
 20
41.254426
 30
0.0
 40
0.149987
  0
CIRCLE
  5
C4BD
330
1D
100
AcDbEntity
  8
PIN_TOP
100
AcDbCircle
 10
51.34737
 20
41.254426
 30
0.0
 40
0.149987
  0
CIRCLE
  5
C4BE
330
1D
100
AcDbEntity
  8
PIN_TOP
100
AcDbCircle
 10
51.98745
 20
41.254426
 30
0.0
 40
0.149987
  0
CIRCLE
  5
C4BF
330
1D
100
AcDbEntity
  8
PIN_TOP
100
AcDbCircle
 10
52.627276
 20
41.254426
 30
0.0
 40
0.149987
  0
CIRCLE
  5
C4C0
330
1D
100
AcDbEntity
  8
PIN_TOP
100
AcDbCircle
 10
53.267356
 20
41.254426
 30
0.0
 40
0.149987
  0
LWPOLYLINE
  5
C4C1
330
1D
100
AcDbEntity
  8
PIN_TOP
100
AcDbPolyline
 90
        4
 70
     1
 43
0.0
 10
33.715579
 20
40.536749
 10
33.665541
 20
40.536749
 42
-1.0
 10
33.665541
 20
40.736647
 10
33.715579
 20
40.736647
 42
-1.0
  0
LWPOLYLINE
  5
C4C7
330
1D
100
AcDbEntity
  8
PIN_TOP
100
AcDbPolyline
 90
        4
 70
     1
 43
0.0
 10
34.335593
 20
40.536749
 10
34.285555
 20
40.536749
 42
-1.0
 10
34.285555
 20
40.736647
 10
34.335593
 20
40.736647
 42
-1.0
  0
CIRCLE
  5
C4CD
330
1D
100
AcDbEntity
  8
PIN_TOP
100
AcDbCircle
 10
35.277552
 20
40.636698
 30
0.0
 40
0.137541
  0
CIRCLE
  5
C4CE
330
1D
100
AcDbEntity
  8
PIN_TOP
100
AcDbCircle
 10
36.105338
 20
40.660574
 30
0.0
 40
0.149987
  0
CIRCLE
  5
C4CF
330
1D
100
AcDbEntity
  8
PIN_TOP
100
AcDbCircle
 10
36.745418
 20
40.660574
 30
0.0
 40
0.149987
  0
CIRCLE
  5
C4D0
330
1D
100
AcDbEntity
  8
PIN_TOP
100
AcDbCircle
 10
37.385244
 20
40.660574
 30
0.0
 40
0.149987
  0
CIRCLE
  5
C4D1
330
1D
100
AcDbEntity
  8
PIN_TOP
100
AcDbCircle
 10
38.025324
 20
40.660574
 30
0.0
 40
0.149987
  0
CIRCLE
  5
C4D2
330
1D
100
AcDbEntity
  8
PIN_TOP
100
AcDbCircle
 10
38.665404
 20
40.660574
 30
0.0
 40
0.149987
  0
CIRCLE
  5
C4D3
330
1D
100
AcDbEntity
  8
PIN_TOP
100
AcDbCircle
 10
39.30523
 20
40.660574
 30
0.0
 40
0.149987
  0
CIRCLE
  5
C4D4
330
1D
100
AcDbEntity
  8
PIN_TOP
100
AcDbCircle
 10
39.94531
 20
40.660574
 30
0.0
 40
0.149987
  0
CIRCLE
  5
C4D5
330
1D
100
AcDbEntity
  8
PIN_TOP
100
AcDbCircle
 10
40.58539
 20
40.660574
 30
0.0
 40
0.149987
  0
CIRCLE
  5
C4D6
330
1D
100
AcDbEntity
  8
PIN_TOP
100
AcDbCircle
 10
41.35628
 20
40.660574
 30
0.0
 40
0.149987
  0
CIRCLE
  5
C4D7
330
1D
100
AcDbEntity
  8
PIN_TOP
100
AcDbCircle
 10
49.041812
 20
40.769032
 30
0.0
 40
0.149987
  0
CIRCLE
  5
C4D8
330
1D
100
AcDbEntity
  8
PIN_TOP
100
AcDbCircle
 10
54.41569
 20
40.705786
 30
0.0
 40
0.137541
  0
LWPOLYLINE
  5
C4D9
330
1D
100
AcDbEntity
  8
PIN_TOP
100
AcDbPolyline
 90
        4
 70
     1
 43
0.0
 10
55.375683
 20
40.805735
 10
55.425721
 20
40.805735
 42
-1.0
 10
55.425721
 20
40.605837
 10
55.375683
 20
40.605837
 42
-1.0
  0
LWPOLYLINE
  5
C4DF
330
1D
100
AcDbEntity
  8
PIN_TOP
100
AcDbPolyline
 90
        4
 70
     1
 43
0.0
 10
55.995697
 20
40.805735
 10
56.045735
 20
40.805735
 42
-1.0
 10
56.045735
 20
40.605837
 10
55.995697
 20
40.605837
 42
-1.0
  0
CIRCLE
  5
C4E5
330
1D
100
AcDbEntity
  8
PIN_TOP
100
AcDbCircle
 10
40.970962
 20
40.174926
 30
0.0
 40
0.149987
  0
CIRCLE
  5
C4E6
330
1D
100
AcDbEntity
  8
PIN_TOP
100
AcDbCircle
 10
48.65624
 20
40.283384
 30
0.0
 40
0.149987
  0
CIRCLE
  5
C4E7
330
1D
100
AcDbEntity
  8
PIN_TOP
100
AcDbCircle
 10
49.427384
 20
40.283384
 30
0.0
 40
0.149987
  0
CIRCLE
  5
C4E8
330
1D
100
AcDbEntity
  8
PIN_TOP
100
AcDbCircle
 10
50.067464
 20
40.283384
 30
0.0
 40
0.149987
  0
CIRCLE
  5
C4E9
330
1D
100
AcDbEntity
  8
PIN_TOP
100
AcDbCircle
 10
50.70729
 20
40.283384
 30
0.0
 40
0.149987
  0
CIRCLE
  5
C4EA
330
1D
100
AcDbEntity
  8
PIN_TOP
100
AcDbCircle
 10
51.34737
 20
40.283384
 30
0.0
 40
0.149987
  0
CIRCLE
  5
C4EB
330
1D
100
AcDbEntity
  8
PIN_TOP
100
AcDbCircle
 10
51.98745
 20
40.283384
 30
0.0
 40
0.149987
  0
CIRCLE
  5
C4EC
330
1D
100
AcDbEntity
  8
PIN_TOP
100
AcDbCircle
 10
52.627276
 20
40.283384
 30
0.0
 40
0.149987
  0
CIRCLE
  5
C4ED
330
1D
100
AcDbEntity
  8
PIN_TOP
100
AcDbCircle
 10
53.267356
 20
40.283384
 30
0.0
 40
0.149987
  0
LWPOLYLINE
  5
C4EE
330
1D
100
AcDbEntity
  8
PIN_TOP
100
AcDbPolyline
 90
        4
 70
     1
 43
0.0
 10
33.440751
 20
39.906829
 10
33.390713
 20
39.906829
 42
-1.0
 10
33.390713
 20
40.106727
 10
33.440751
 20
40.106727
 42
-1.0
  0
LWPOLYLINE
  5
C4F4
330
1D
100
AcDbEntity
  8
PIN_TOP
100
AcDbPolyline
 90
        4
 70
     1
 43
0.0
 10
34.060765
 20
39.906829
 10
34.010727
 20
39.906829
 42
-1.0
 10
34.010727
 20
40.106727
 10
34.060765
 20
40.106727
 42
-1.0
  0
LWPOLYLINE
  5
C4FA
330
1D
100
AcDbEntity
  8
PIN_TOP
100
AcDbPolyline
 90
        4
 70
     1
 43
0.0
 10
34.680779
 20
39.906829
 10
34.630741
 20
39.906829
 42
-1.0
 10
34.630741
 20
40.106727
 10
34.680779
 20
40.106727
 42
-1.0
  0
CIRCLE
  5
C500
330
1D
100
AcDbEntity
  8
PIN_TOP
100
AcDbCircle
 10
35.27552
 20
40.006778
 30
0.0
 40
0.137541
  0
CIRCLE
  5
C501
330
1D
100
AcDbEntity
  8
PIN_TOP
100
AcDbCircle
 10
49.041812
 20
39.797736
 30
0.0
 40
0.149987
  0
CIRCLE
  5
C502
330
1D
100
AcDbEntity
  8
PIN_TOP
100
AcDbCircle
 10
54.435756
 20
40.075612
 30
0.0
 40
0.137541
  0
LWPOLYLINE
  5
C503
330
1D
100
AcDbEntity
  8
PIN_TOP
100
AcDbPolyline
 90
        4
 70
     1
 43
0.0
 10
55.030497
 20
40.175561
 10
55.080535
 20
40.175561
 42
-1.0
 10
55.080535
 20
39.975663
 10
55.030497
 20
39.975663
 42
-1.0
  0
LWPOLYLINE
  5
C509
330
1D
100
AcDbEntity
  8
PIN_TOP
100
AcDbPolyline
 90
        4
 70
     1
 43
0.0
 10
55.650511
 20
40.175561
 10
55.700549
 20
40.175561
 42
-1.0
 10
55.700549
 20
39.975663
 10
55.650511
 20
39.975663
 42
-1.0
  0
LWPOLYLINE
  5
C50F
330
1D
100
AcDbEntity
  8
PIN_TOP
100
AcDbPolyline
 90
        4
 70
     1
 43
0.0
 10
56.270525
 20
40.175561
 10
56.320563
 20
40.175561
 42
-1.0
 10
56.320563
 20
39.975663
 10
56.270525
 20
39.975663
 42
-1.0
  0
LWPOLYLINE
  5
C515
330
1D
100
AcDbEntity
  8
PIN_TOP
100
AcDbPolyline
 90
        4
 70
     1
 43
0.0
 10
33.715579
 20
39.276655
 10
33.665541
 20
39.276655
 42
-1.0
 10
33.665541
 20
39.476553
 10
33.715579
 20
39.476553
 42
-1.0
  0
LWPOLYLINE
  5
C51B
330
1D
100
AcDbEntity
  8
PIN_TOP
100
AcDbPolyline
 90
        4
 70
     1
 43
0.0
 10
34.335593
 20
39.276655
 10
34.285555
 20
39.276655
 42
-1.0
 10
34.285555
 20
39.476553
 10
34.335593
 20
39.476553
 42
-1.0
  0
LWPOLYLINE
  5
C521
330
1D
100
AcDbEntity
  8
PIN_TOP
100
AcDbPolyline
 90
        4
 70
     1
 43
0.0
 10
34.955607
 20
39.276655
 10
34.905569
 20
39.276655
 42
-1.0
 10
34.905569
 20
39.476553
 10
34.955607
 20
39.476553
 42
-1.0
  0
CIRCLE
  5
C527
330
1D
100
AcDbEntity
  8
PIN_TOP
100
AcDbCircle
 10
36.105338
 20
39.689278
 30
0.0
 40
0.149987
  0
CIRCLE
  5
C528
330
1D
100
AcDbEntity
  8
PIN_TOP
100
AcDbCircle
 10
36.745418
 20
39.689278
 30
0.0
 40
0.149987
  0
CIRCLE
  5
C529
330
1D
100
AcDbEntity
  8
PIN_TOP
100
AcDbCircle
 10
37.385244
 20
39.689278
 30
0.0
 40
0.149987
  0
CIRCLE
  5
C52A
330
1D
100
AcDbEntity
  8
PIN_TOP
100
AcDbCircle
 10
38.025324
 20
39.689278
 30
0.0
 40
0.149987
  0
CIRCLE
  5
C52B
330
1D
100
AcDbEntity
  8
PIN_TOP
100
AcDbCircle
 10
38.665404
 20
39.689278
 30
0.0
 40
0.149987
  0
CIRCLE
  5
C52C
330
1D
100
AcDbEntity
  8
PIN_TOP
100
AcDbCircle
 10
39.30523
 20
39.689278
 30
0.0
 40
0.149987
  0
CIRCLE
  5
C52D
330
1D
100
AcDbEntity
  8
PIN_TOP
100
AcDbCircle
 10
39.94531
 20
39.689278
 30
0.0
 40
0.149987
  0
CIRCLE
  5
C52E
330
1D
100
AcDbEntity
  8
PIN_TOP
100
AcDbCircle
 10
40.58539
 20
39.689278
 30
0.0
 40
0.149987
  0
CIRCLE
  5
C52F
330
1D
100
AcDbEntity
  8
PIN_TOP
100
AcDbCircle
 10
41.35628
 20
39.689278
 30
0.0
 40
0.149987
  0
CIRCLE
  5
C530
330
1D
100
AcDbEntity
  8
PIN_TOP
100
AcDbCircle
 10
48.65624
 20
39.312088
 30
0.0
 40
0.149987
  0
CIRCLE
  5
C531
330
1D
100
AcDbEntity
  8
PIN_TOP
100
AcDbCircle
 10
49.427384
 20
39.312088
 30
0.0
 40
0.149987
  0
CIRCLE
  5
C532
330
1D
100
AcDbEntity
  8
PIN_TOP
100
AcDbCircle
 10
50.067464
 20
39.312088
 30
0.0
 40
0.149987
  0
CIRCLE
  5
C533
330
1D
100
AcDbEntity
  8
PIN_TOP
100
AcDbCircle
 10
50.70729
 20
39.312088
 30
0.0
 40
0.149987
  0
CIRCLE
  5
C534
330
1D
100
AcDbEntity
  8
PIN_TOP
100
AcDbCircle
 10
51.34737
 20
39.312088
 30
0.0
 40
0.149987
  0
CIRCLE
  5
C535
330
1D
100
AcDbEntity
  8
PIN_TOP
100
AcDbCircle
 10
51.98745
 20
39.312088
 30
0.0
 40
0.149987
  0
CIRCLE
  5
C536
330
1D
100
AcDbEntity
  8
PIN_TOP
100
AcDbCircle
 10
52.627276
 20
39.312088
 30
0.0
 40
0.149987
  0
CIRCLE
  5
C537
330
1D
100
AcDbEntity
  8
PIN_TOP
100
AcDbCircle
 10
53.267356
 20
39.312088
 30
0.0
 40
0.149987
  0
CIRCLE
  5
C538
330
1D
100
AcDbEntity
  8
PIN_TOP
100
AcDbCircle
 10
54.160674
 20
39.445692
 30
0.0
 40
0.137541
  0
LWPOLYLINE
  5
C539
330
1D
100
AcDbEntity
  8
PIN_TOP
100
AcDbPolyline
 90
        4
 70
     1
 43
0.0
 10
54.755669
 20
39.545641
 10
54.805707
 20
39.545641
 42
-1.0
 10
54.805707
 20
39.345743
 10
54.755669
 20
39.345743
 42
-1.0
  0
LWPOLYLINE
  5
C53F
330
1D
100
AcDbEntity
  8
PIN_TOP
100
AcDbPolyline
 90
        4
 70
     1
 43
0.0
 10
55.375683
 20
39.545641
 10
55.425721
 20
39.545641
 42
-1.0
 10
55.425721
 20
39.345743
 10
55.375683
 20
39.345743
 42
-1.0
  0
LWPOLYLINE
  5
C545
330
1D
100
AcDbEntity
  8
PIN_TOP
100
AcDbPolyline
 90
        4
 70
     1
 43
0.0
 10
55.995697
 20
39.545641
 10
56.045735
 20
39.545641
 42
-1.0
 10
56.045735
 20
39.345743
 10
55.995697
 20
39.345743
 42
-1.0
  0
CIRCLE
  5
C54B
330
1D
100
AcDbEntity
  8
PIN_TOP
100
AcDbCircle
 10
40.970962
 20
39.20363
 30
0.0
 40
0.149987
  0
LWPOLYLINE
  5
C54C
330
1D
100
AcDbEntity
  8
PIN_TOP
100
AcDbPolyline
 90
        4
 70
     1
 43
0.0
 10
33.440751
 20
38.646735
 10
33.390713
 20
38.646735
 42
-1.0
 10
33.390713
 20
38.846633
 10
33.440751
 20
38.846633
 42
-1.0
  0
LWPOLYLINE
  5
C552
330
1D
100
AcDbEntity
  8
PIN_TOP
100
AcDbPolyline
 90
        4
 70
     1
 43
0.0
 10
34.060765
 20
38.646735
 10
34.010727
 20
38.646735
 42
-1.0
 10
34.010727
 20
38.846633
 10
34.060765
 20
38.846633
 42
-1.0
  0
LWPOLYLINE
  5
C558
330
1D
100
AcDbEntity
  8
PIN_TOP
100
AcDbPolyline
 90
        4
 70
     1
 43
0.0
 10
34.680779
 20
38.646735
 10
34.630741
 20
38.646735
 42
-1.0
 10
34.630741
 20
38.846633
 10
34.680779
 20
38.846633
 42
-1.0
  0
CIRCLE
  5
C55E
330
1D
100
AcDbEntity
  8
PIN_TOP
100
AcDbCircle
 10
35.27552
 20
38.746684
 30
0.0
 40
0.137541
  0
CIRCLE
  5
C55F
330
1D
100
AcDbEntity
  8
PIN_TOP
100
AcDbCircle
 10
36.105338
 20
38.718236
 30
0.0
 40
0.149987
  0
CIRCLE
  5
C560
330
1D
100
AcDbEntity
  8
PIN_TOP
100
AcDbCircle
 10
36.745418
 20
38.718236
 30
0.0
 40
0.149987
  0
CIRCLE
  5
C561
330
1D
100
AcDbEntity
  8
PIN_TOP
100
AcDbCircle
 10
37.385244
 20
38.718236
 30
0.0
 40
0.149987
  0
CIRCLE
  5
C562
330
1D
100
AcDbEntity
  8
PIN_TOP
100
AcDbCircle
 10
38.025324
 20
38.718236
 30
0.0
 40
0.149987
  0
CIRCLE
  5
C563
330
1D
100
AcDbEntity
  8
PIN_TOP
100
AcDbCircle
 10
38.665404
 20
38.718236
 30
0.0
 40
0.149987
  0
CIRCLE
  5
C564
330
1D
100
AcDbEntity
  8
PIN_TOP
100
AcDbCircle
 10
39.30523
 20
38.718236
 30
0.0
 40
0.149987
  0
CIRCLE
  5
C565
330
1D
100
AcDbEntity
  8
PIN_TOP
100
AcDbCircle
 10
39.94531
 20
38.718236
 30
0.0
 40
0.149987
  0
CIRCLE
  5
C566
330
1D
100
AcDbEntity
  8
PIN_TOP
100
AcDbCircle
 10
40.58539
 20
38.718236
 30
0.0
 40
0.149987
  0
CIRCLE
  5
C567
330
1D
100
AcDbEntity
  8
PIN_TOP
100
AcDbCircle
 10
41.35628
 20
38.718236
 30
0.0
 40
0.149987
  0
CIRCLE
  5
C568
330
1D
100
AcDbEntity
  8
PIN_TOP
100
AcDbCircle
 10
49.041812
 20
38.82644
 30
0.0
 40
0.149987
  0
CIRCLE
  5
C569
330
1D
100
AcDbEntity
  8
PIN_TOP
100
AcDbCircle
 10
54.435756
 20
38.815772
 30
0.0
 40
0.137541
  0
LWPOLYLINE
  5
C56A
330
1D
100
AcDbEntity
  8
PIN_TOP
100
AcDbPolyline
 90
        4
 70
     1
 43
0.0
 10
55.030497
 20
38.915721
 10
55.080535
 20
38.915721
 42
-1.0
 10
55.080535
 20
38.715823
 10
55.030497
 20
38.715823
 42
-1.0
  0
LWPOLYLINE
  5
C570
330
1D
100
AcDbEntity
  8
PIN_TOP
100
AcDbPolyline
 90
        4
 70
     1
 43
0.0
 10
55.650511
 20
38.915721
 10
55.700549
 20
38.915721
 42
-1.0
 10
55.700549
 20
38.715823
 10
55.650511
 20
38.715823
 42
-1.0
  0
LWPOLYLINE
  5
C576
330
1D
100
AcDbEntity
  8
PIN_TOP
100
AcDbPolyline
 90
        4
 70
     1
 43
0.0
 10
56.270525
 20
38.915721
 10
56.320563
 20
38.915721
 42
-1.0
 10
56.320563
 20
38.715823
 10
56.270525
 20
38.715823
 42
-1.0
  0
LWPOLYLINE
  5
C57C
330
1D
100
AcDbEntity
  8
PIN_TOP
100
AcDbPolyline
 90
        4
 70
     1
 43
0.0
 10
33.715579
 20
38.016815
 10
33.665541
 20
38.016815
 42
-1.0
 10
33.665541
 20
38.216713
 10
33.715579
 20
38.216713
 42
-1.0
  0
LWPOLYLINE
  5
C582
330
1D
100
AcDbEntity
  8
PIN_TOP
100
AcDbPolyline
 90
        4
 70
     1
 43
0.0
 10
34.335593
 20
38.016815
 10
34.285555
 20
38.016815
 42
-1.0
 10
34.285555
 20
38.216713
 10
34.335593
 20
38.216713
 42
-1.0
  0
CIRCLE
  5
C588
330
1D
100
AcDbEntity
  8
PIN_TOP
100
AcDbCircle
 10
35.277552
 20
38.116764
 30
0.0
 40
0.137541
  0
CIRCLE
  5
C589
330
1D
100
AcDbEntity
  8
PIN_TOP
100
AcDbCircle
 10
40.970962
 20
38.232588
 30
0.0
 40
0.149987
  0
CIRCLE
  5
C58A
330
1D
100
AcDbEntity
  8
PIN_TOP
100
AcDbCircle
 10
48.65624
 20
38.340792
 30
0.0
 40
0.149987
  0
CIRCLE
  5
C58B
330
1D
100
AcDbEntity
  8
PIN_TOP
100
AcDbCircle
 10
49.427384
 20
38.340792
 30
0.0
 40
0.149987
  0
CIRCLE
  5
C58C
330
1D
100
AcDbEntity
  8
PIN_TOP
100
AcDbCircle
 10
50.067464
 20
38.340792
 30
0.0
 40
0.149987
  0
CIRCLE
  5
C58D
330
1D
100
AcDbEntity
  8
PIN_TOP
100
AcDbCircle
 10
50.70729
 20
38.340792
 30
0.0
 40
0.149987
  0
CIRCLE
  5
C58E
330
1D
100
AcDbEntity
  8
PIN_TOP
100
AcDbCircle
 10
51.34737
 20
38.340792
 30
0.0
 40
0.149987
  0
CIRCLE
  5
C58F
330
1D
100
AcDbEntity
  8
PIN_TOP
100
AcDbCircle
 10
51.98745
 20
38.340792
 30
0.0
 40
0.149987
  0
CIRCLE
  5
C590
330
1D
100
AcDbEntity
  8
PIN_TOP
100
AcDbCircle
 10
52.627276
 20
38.340792
 30
0.0
 40
0.149987
  0
CIRCLE
  5
C591
330
1D
100
AcDbEntity
  8
PIN_TOP
100
AcDbCircle
 10
53.267356
 20
38.340792
 30
0.0
 40
0.149987
  0
CIRCLE
  5
C592
330
1D
100
AcDbEntity
  8
PIN_TOP
100
AcDbCircle
 10
54.41569
 20
38.185598
 30
0.0
 40
0.137541
  0
LWPOLYLINE
  5
C593
330
1D
100
AcDbEntity
  8
PIN_TOP
100
AcDbPolyline
 90
        4
 70
     1
 43
0.0
 10
55.375683
 20
38.285547
 10
55.425721
 20
38.285547
 42
-1.0
 10
55.425721
 20
38.085649
 10
55.375683
 20
38.085649
 42
-1.0
  0
LWPOLYLINE
  5
C599
330
1D
100
AcDbEntity
  8
PIN_TOP
100
AcDbPolyline
 90
        4
 70
     1
 43
0.0
 10
55.995697
 20
38.285547
 10
56.045735
 20
38.285547
 42
-1.0
 10
56.045735
 20
38.085649
 10
55.995697
 20
38.085649
 42
-1.0
  0
CIRCLE
  5
C59F
330
1D
100
AcDbEntity
  8
PIN_TOP
100
AcDbCircle
 10
36.105338
 20
37.74694
 30
0.0
 40
0.149987
  0
CIRCLE
  5
C5A0
330
1D
100
AcDbEntity
  8
PIN_TOP
100
AcDbCircle
 10
36.745418
 20
37.74694
 30
0.0
 40
0.149987
  0
CIRCLE
  5
C5A1
330
1D
100
AcDbEntity
  8
PIN_TOP
100
AcDbCircle
 10
37.385244
 20
37.74694
 30
0.0
 40
0.149987
  0
CIRCLE
  5
C5A2
330
1D
100
AcDbEntity
  8
PIN_TOP
100
AcDbCircle
 10
38.025324
 20
37.74694
 30
0.0
 40
0.149987
  0
CIRCLE
  5
C5A3
330
1D
100
AcDbEntity
  8
PIN_TOP
100
AcDbCircle
 10
38.665404
 20
37.74694
 30
0.0
 40
0.149987
  0
CIRCLE
  5
C5A4
330
1D
100
AcDbEntity
  8
PIN_TOP
100
AcDbCircle
 10
39.30523
 20
37.74694
 30
0.0
 40
0.149987
  0
CIRCLE
  5
C5A5
330
1D
100
AcDbEntity
  8
PIN_TOP
100
AcDbCircle
 10
39.94531
 20
37.74694
 30
0.0
 40
0.149987
  0
CIRCLE
  5
C5A6
330
1D
100
AcDbEntity
  8
PIN_TOP
100
AcDbCircle
 10
40.58539
 20
37.74694
 30
0.0
 40
0.149987
  0
CIRCLE
  5
C5A7
330
1D
100
AcDbEntity
  8
PIN_TOP
100
AcDbCircle
 10
41.35628
 20
37.74694
 30
0.0
 40
0.149987
  0
CIRCLE
  5
C5A8
330
1D
100
AcDbEntity
  8
PIN_TOP
100
AcDbCircle
 10
49.041812
 20
37.855398
 30
0.0
 40
0.149987
  0
LWPOLYLINE
  5
C5A9
330
1D
100
AcDbEntity
  8
PIN_TOP
100
AcDbPolyline
 90
        4
 70
     1
 43
0.0
 10
33.440751
 20
37.386641
 10
33.390713
 20
37.386641
 42
-1.0
 10
33.390713
 20
37.586539
 10
33.440751
 20
37.586539
 42
-1.0
  0
LWPOLYLINE
  5
C5AF
330
1D
100
AcDbEntity
  8
PIN_TOP
100
AcDbPolyline
 90
        4
 70
     1
 43
0.0
 10
34.060765
 20
37.386641
 10
34.010727
 20
37.386641
 42
-1.0
 10
34.010727
 20
37.586539
 10
34.060765
 20
37.586539
 42
-1.0
  0
LWPOLYLINE
  5
C5B5
330
1D
100
AcDbEntity
  8
PIN_TOP
100
AcDbPolyline
 90
        4
 70
     1
 43
0.0
 10
34.680779
 20
37.386641
 10
34.630741
 20
37.386641
 42
-1.0
 10
34.630741
 20
37.586539
 10
34.680779
 20
37.586539
 42
-1.0
  0
CIRCLE
  5
C5BB
330
1D
100
AcDbEntity
  8
PIN_TOP
100
AcDbCircle
 10
48.65624
 20
37.36975
 30
0.0
 40
0.149987
  0
CIRCLE
  5
C5BC
330
1D
100
AcDbEntity
  8
PIN_TOP
100
AcDbCircle
 10
49.427384
 20
37.36975
 30
0.0
 40
0.149987
  0
CIRCLE
  5
C5BD
330
1D
100
AcDbEntity
  8
PIN_TOP
100
AcDbCircle
 10
50.067464
 20
37.36975
 30
0.0
 40
0.149987
  0
CIRCLE
  5
C5BE
330
1D
100
AcDbEntity
  8
PIN_TOP
100
AcDbCircle
 10
50.70729
 20
37.36975
 30
0.0
 40
0.149987
  0
CIRCLE
  5
C5BF
330
1D
100
AcDbEntity
  8
PIN_TOP
100
AcDbCircle
 10
51.34737
 20
37.36975
 30
0.0
 40
0.149987
  0
CIRCLE
  5
C5C0
330
1D
100
AcDbEntity
  8
PIN_TOP
100
AcDbCircle
 10
51.98745
 20
37.36975
 30
0.0
 40
0.149987
  0
CIRCLE
  5
C5C1
330
1D
100
AcDbEntity
  8
PIN_TOP
100
AcDbCircle
 10
52.627276
 20
37.36975
 30
0.0
 40
0.149987
  0
CIRCLE
  5
C5C2
330
1D
100
AcDbEntity
  8
PIN_TOP
100
AcDbCircle
 10
53.267356
 20
37.36975
 30
0.0
 40
0.149987
  0
CIRCLE
  5
C5C3
330
1D
100
AcDbEntity
  8
PIN_TOP
100
AcDbCircle
 10
54.435756
 20
37.555678
 30
0.0
 40
0.137541
  0
LWPOLYLINE
  5
C5C4
330
1D
100
AcDbEntity
  8
PIN_TOP
100
AcDbPolyline
 90
        4
 70
     1
 43
0.0
 10
55.030497
 20
37.655627
 10
55.080535
 20
37.655627
 42
-1.0
 10
55.080535
 20
37.455729
 10
55.030497
 20
37.455729
 42
-1.0
  0
LWPOLYLINE
  5
C5CA
330
1D
100
AcDbEntity
  8
PIN_TOP
100
AcDbPolyline
 90
        4
 70
     1
 43
0.0
 10
55.650511
 20
37.655627
 10
55.700549
 20
37.655627
 42
-1.0
 10
55.700549
 20
37.455729
 10
55.650511
 20
37.455729
 42
-1.0
  0
LWPOLYLINE
  5
C5D0
330
1D
100
AcDbEntity
  8
PIN_TOP
100
AcDbPolyline
 90
        4
 70
     1
 43
0.0
 10
56.270525
 20
37.655627
 10
56.320563
 20
37.655627
 42
-1.0
 10
56.320563
 20
37.455729
 10
56.270525
 20
37.455729
 42
-1.0
  0
CIRCLE
  5
C5D6
330
1D
100
AcDbEntity
  8
PIN_TOP
100
AcDbCircle
 10
40.970962
 20
37.261292
 30
0.0
 40
0.149987
  0
CIRCLE
  5
C5D7
330
1D
100
AcDbEntity
  8
PIN_TOP
100
AcDbCircle
 10
54.160674
 20
36.925758
 30
0.0
 40
0.137541
  0
LWPOLYLINE
  5
C5D8
330
1D
100
AcDbEntity
  8
PIN_TOP
100
AcDbPolyline
 90
        4
 70
     1
 43
0.0
 10
54.755669
 20
37.025707
 10
54.805707
 20
37.025707
 42
-1.0
 10
54.805707
 20
36.825809
 10
54.755669
 20
36.825809
 42
-1.0
  0
LWPOLYLINE
  5
C5DE
330
1D
100
AcDbEntity
  8
PIN_TOP
100
AcDbPolyline
 90
        4
 70
     1
 43
0.0
 10
55.375683
 20
37.025707
 10
55.425721
 20
37.025707
 42
-1.0
 10
55.425721
 20
36.825809
 10
55.375683
 20
36.825809
 42
-1.0
  0
LWPOLYLINE
  5
C5E4
330
1D
100
AcDbEntity
  8
PIN_TOP
100
AcDbPolyline
 90
        4
 70
     1
 43
0.0
 10
55.995697
 20
37.025707
 10
56.045735
 20
37.025707
 42
-1.0
 10
56.045735
 20
36.825809
 10
55.995697
 20
36.825809
 42
-1.0
  0
LWPOLYLINE
  5
C5EA
330
1D
100
AcDbEntity
  8
PIN_TOP
100
AcDbPolyline
 90
        4
 70
     1
 43
0.0
 10
33.46577
 20
36.605845
 10
33.365694
 20
36.605845
 42
-1.0
 10
33.365694
 20
36.805743
 10
33.46577
 20
36.805743
 42
-1.0
  0
LWPOLYLINE
  5
C5F0
330
1D
100
AcDbEntity
  8
PIN_TOP
100
AcDbPolyline
 90
        4
 70
     1
 43
0.0
 10
34.085784
 20
36.605845
 10
33.985708
 20
36.605845
 42
-1.0
 10
33.985708
 20
36.805743
 10
34.085784
 20
36.805743
 42
-1.0
  0
CIRCLE
  5
C5F6
330
1D
100
AcDbEntity
  8
PIN_TOP
100
AcDbCircle
 10
34.825432
 20
36.775644
 30
0.0
 40
0.149987
  0
CIRCLE
  5
C5F7
330
1D
100
AcDbEntity
  8
PIN_TOP
100
AcDbCircle
 10
35.465258
 20
36.775644
 30
0.0
 40
0.149987
  0
CIRCLE
  5
C5F8
330
1D
100
AcDbEntity
  8
PIN_TOP
100
AcDbCircle
 10
36.105338
 20
36.775644
 30
0.0
 40
0.149987
  0
CIRCLE
  5
C5F9
330
1D
100
AcDbEntity
  8
PIN_TOP
100
AcDbCircle
 10
36.745418
 20
36.775644
 30
0.0
 40
0.149987
  0
CIRCLE
  5
C5FA
330
1D
100
AcDbEntity
  8
PIN_TOP
100
AcDbCircle
 10
37.385244
 20
36.775644
 30
0.0
 40
0.149987
  0
CIRCLE
  5
C5FB
330
1D
100
AcDbEntity
  8
PIN_TOP
100
AcDbCircle
 10
38.025324
 20
36.775644
 30
0.0
 40
0.149987
  0
CIRCLE
  5
C5FC
330
1D
100
AcDbEntity
  8
PIN_TOP
100
AcDbCircle
 10
38.665404
 20
36.775644
 30
0.0
 40
0.149987
  0
CIRCLE
  5
C5FD
330
1D
100
AcDbEntity
  8
PIN_TOP
100
AcDbCircle
 10
39.30523
 20
36.775644
 30
0.0
 40
0.149987
  0
CIRCLE
  5
C5FE
330
1D
100
AcDbEntity
  8
PIN_TOP
100
AcDbCircle
 10
39.94531
 20
36.775644
 30
0.0
 40
0.149987
  0
CIRCLE
  5
C5FF
330
1D
100
AcDbEntity
  8
PIN_TOP
100
AcDbCircle
 10
40.58539
 20
36.775644
 30
0.0
 40
0.149987
  0
CIRCLE
  5
C600
330
1D
100
AcDbEntity
  8
PIN_TOP
100
AcDbCircle
 10
41.35628
 20
36.775644
 30
0.0
 40
0.149987
  0
CIRCLE
  5
C601
330
1D
100
AcDbEntity
  8
PIN_TOP
100
AcDbCircle
 10
49.041812
 20
36.884102
 30
0.0
 40
0.149987
  0
CIRCLE
  5
C602
330
1D
100
AcDbEntity
  8
PIN_TOP
100
AcDbCircle
 10
40.970962
 20
36.289996
 30
0.0
 40
0.149987
  0
CIRCLE
  5
C603
330
1D
100
AcDbEntity
  8
PIN_TOP
100
AcDbCircle
 10
49.427384
 20
36.398454
 30
0.0
 40
0.149987
  0
CIRCLE
  5
C604
330
1D
100
AcDbEntity
  8
PIN_TOP
100
AcDbCircle
 10
50.067464
 20
36.398454
 30
0.0
 40
0.149987
  0
CIRCLE
  5
C605
330
1D
100
AcDbEntity
  8
PIN_TOP
100
AcDbCircle
 10
50.70729
 20
36.398454
 30
0.0
 40
0.149987
  0
CIRCLE
  5
C606
330
1D
100
AcDbEntity
  8
PIN_TOP
100
AcDbCircle
 10
51.34737
 20
36.398454
 30
0.0
 40
0.149987
  0
CIRCLE
  5
C607
330
1D
100
AcDbEntity
  8
PIN_TOP
100
AcDbCircle
 10
51.98745
 20
36.398454
 30
0.0
 40
0.149987
  0
CIRCLE
  5
C608
330
1D
100
AcDbEntity
  8
PIN_TOP
100
AcDbCircle
 10
52.627276
 20
36.398454
 30
0.0
 40
0.149987
  0
CIRCLE
  5
C609
330
1D
100
AcDbEntity
  8
PIN_TOP
100
AcDbCircle
 10
53.267356
 20
36.398454
 30
0.0
 40
0.149987
  0
CIRCLE
  5
C60A
330
1D
100
AcDbEntity
  8
PIN_TOP
100
AcDbCircle
 10
54.435756
 20
36.295838
 30
0.0
 40
0.137541
  0
LWPOLYLINE
  5
C60B
330
1D
100
AcDbEntity
  8
PIN_TOP
100
AcDbPolyline
 90
        4
 70
     1
 43
0.0
 10
55.030497
 20
36.395787
 10
55.080535
 20
36.395787
 42
-1.0
 10
55.080535
 20
36.195889
 10
55.030497
 20
36.195889
 42
-1.0
  0
LWPOLYLINE
  5
C611
330
1D
100
AcDbEntity
  8
PIN_TOP
100
AcDbPolyline
 90
        4
 70
     1
 43
0.0
 10
55.650511
 20
36.395787
 10
55.700549
 20
36.395787
 42
-1.0
 10
55.700549
 20
36.195889
 10
55.650511
 20
36.195889
 42
-1.0
  0
LWPOLYLINE
  5
C617
330
1D
100
AcDbEntity
  8
PIN_TOP
100
AcDbPolyline
 90
        4
 70
     1
 43
0.0
 10
56.270525
 20
36.395787
 10
56.320563
 20
36.395787
 42
-1.0
 10
56.320563
 20
36.195889
 10
56.270525
 20
36.195889
 42
-1.0
  0
LWPOLYLINE
  5
C61D
330
1D
100
AcDbEntity
  8
PIN_TOP
100
AcDbPolyline
 90
        4
 70
     1
 43
0.0
 10
33.46577
 20
35.941889
 10
33.365694
 20
35.941889
 42
-1.0
 10
33.365694
 20
36.141787
 10
33.46577
 20
36.141787
 42
-1.0
  0
LWPOLYLINE
  5
C623
330
1D
100
AcDbEntity
  8
PIN_TOP
100
AcDbPolyline
 90
        4
 70
     1
 43
0.0
 10
34.085784
 20
35.941889
 10
33.985708
 20
35.941889
 42
-1.0
 10
33.985708
 20
36.141787
 10
34.085784
 20
36.141787
 42
-1.0
  0
CIRCLE
  5
C629
330
1D
100
AcDbEntity
  8
PIN_TOP
100
AcDbCircle
 10
34.825432
 20
35.804602
 30
0.0
 40
0.149987
  0
CIRCLE
  5
C62A
330
1D
100
AcDbEntity
  8
PIN_TOP
100
AcDbCircle
 10
35.465258
 20
35.804602
 30
0.0
 40
0.149987
  0
CIRCLE
  5
C62B
330
1D
100
AcDbEntity
  8
PIN_TOP
100
AcDbCircle
 10
36.105338
 20
35.804602
 30
0.0
 40
0.149987
  0
CIRCLE
  5
C62C
330
1D
100
AcDbEntity
  8
PIN_TOP
100
AcDbCircle
 10
36.745418
 20
35.804602
 30
0.0
 40
0.149987
  0
CIRCLE
  5
C62D
330
1D
100
AcDbEntity
  8
PIN_TOP
100
AcDbCircle
 10
37.385244
 20
35.804602
 30
0.0
 40
0.149987
  0
CIRCLE
  5
C62E
330
1D
100
AcDbEntity
  8
PIN_TOP
100
AcDbCircle
 10
38.025324
 20
35.804602
 30
0.0
 40
0.149987
  0
CIRCLE
  5
C62F
330
1D
100
AcDbEntity
  8
PIN_TOP
100
AcDbCircle
 10
38.665404
 20
35.804602
 30
0.0
 40
0.149987
  0
CIRCLE
  5
C630
330
1D
100
AcDbEntity
  8
PIN_TOP
100
AcDbCircle
 10
39.30523
 20
35.804602
 30
0.0
 40
0.149987
  0
CIRCLE
  5
C631
330
1D
100
AcDbEntity
  8
PIN_TOP
100
AcDbCircle
 10
39.94531
 20
35.804602
 30
0.0
 40
0.149987
  0
CIRCLE
  5
C632
330
1D
100
AcDbEntity
  8
PIN_TOP
100
AcDbCircle
 10
40.58539
 20
35.804602
 30
0.0
 40
0.149987
  0
CIRCLE
  5
C633
330
1D
100
AcDbEntity
  8
PIN_TOP
100
AcDbCircle
 10
41.35628
 20
35.804602
 30
0.0
 40
0.149987
  0
LWPOLYLINE
  5
C634
330
1D
100
AcDbEntity
  8
PIN_TOP
100
AcDbPolyline
 90
        4
 70
     1
 43
0.0
 10
33.46577
 20
35.277933
 10
33.365694
 20
35.277933
 42
-1.0
 10
33.365694
 20
35.477831
 10
33.46577
 20
35.477831
 42
-1.0
  0
LWPOLYLINE
  5
C63A
330
1D
100
AcDbEntity
  8
PIN_TOP
100
AcDbPolyline
 90
        4
 70
     1
 43
0.0
 10
34.085784
 20
35.277933
 10
33.985708
 20
35.277933
 42
-1.0
 10
33.985708
 20
35.477831
 10
34.085784
 20
35.477831
 42
-1.0
  0
CIRCLE
  5
C640
330
1D
100
AcDbEntity
  8
PIN_TOP
100
AcDbCircle
 10
49.29632
 20
35.427412
 30
0.0
 40
0.149987
  0
CIRCLE
  5
C641
330
1D
100
AcDbEntity
  8
PIN_TOP
100
AcDbCircle
 10
50.067464
 20
35.427412
 30
0.0
 40
0.149987
  0
CIRCLE
  5
C642
330
1D
100
AcDbEntity
  8
PIN_TOP
100
AcDbCircle
 10
50.70729
 20
35.427412
 30
0.0
 40
0.149987
  0
CIRCLE
  5
C643
330
1D
100
AcDbEntity
  8
PIN_TOP
100
AcDbCircle
 10
51.34737
 20
35.427412
 30
0.0
 40
0.149987
  0
CIRCLE
  5
C644
330
1D
100
AcDbEntity
  8
PIN_TOP
100
AcDbCircle
 10
51.98745
 20
35.427412
 30
0.0
 40
0.149987
  0
CIRCLE
  5
C645
330
1D
100
AcDbEntity
  8
PIN_TOP
100
AcDbCircle
 10
52.627276
 20
35.427412
 30
0.0
 40
0.149987
  0
CIRCLE
  5
C646
330
1D
100
AcDbEntity
  8
PIN_TOP
100
AcDbCircle
 10
53.267356
 20
35.427412
 30
0.0
 40
0.149987
  0
CIRCLE
  5
C647
330
1D
100
AcDbEntity
  8
PIN_TOP
100
AcDbCircle
 10
54.41569
 20
35.665664
 30
0.0
 40
0.137541
  0
LWPOLYLINE
  5
C648
330
1D
100
AcDbEntity
  8
PIN_TOP
100
AcDbPolyline
 90
        4
 70
     1
 43
0.0
 10
55.375683
 20
35.765613
 10
55.425721
 20
35.765613
 42
-1.0
 10
55.425721
 20
35.565715
 10
55.375683
 20
35.565715
 42
-1.0
  0
LWPOLYLINE
  5
C64E
330
1D
100
AcDbEntity
  8
PIN_TOP
100
AcDbPolyline
 90
        4
 70
     1
 43
0.0
 10
55.995697
 20
35.765613
 10
56.045735
 20
35.765613
 42
-1.0
 10
56.045735
 20
35.565715
 10
55.995697
 20
35.565715
 42
-1.0
  0
CIRCLE
  5
C654
330
1D
100
AcDbEntity
  8
PIN_TOP
100
AcDbCircle
 10
37.705284
 20
35.273234
 30
0.0
 40
0.149987
  0
CIRCLE
  5
C655
330
1D
100
AcDbEntity
  8
PIN_TOP
100
AcDbCircle
 10
38.345364
 20
35.273234
 30
0.0
 40
0.149987
  0
CIRCLE
  5
C656
330
1D
100
AcDbEntity
  8
PIN_TOP
100
AcDbCircle
 10
38.985444
 20
35.273234
 30
0.0
 40
0.149987
  0
CIRCLE
  5
C657
330
1D
100
AcDbEntity
  8
PIN_TOP
100
AcDbCircle
 10
39.62527
 20
35.273234
 30
0.0
 40
0.149987
  0
CIRCLE
  5
C658
330
1D
100
AcDbEntity
  8
PIN_TOP
100
AcDbCircle
 10
40.26535
 20
35.273234
 30
0.0
 40
0.149987
  0
CIRCLE
  5
C659
330
1D
100
AcDbEntity
  8
PIN_TOP
100
AcDbCircle
 10
40.90543
 20
35.273234
 30
0.0
 40
0.149987
  0
CIRCLE
  5
C65A
330
1D
100
AcDbEntity
  8
PIN_TOP
100
AcDbCircle
 10
49.681892
 20
34.941764
 30
0.0
 40
0.149987
  0
LWPOLYLINE
  5
C65B
330
1D
100
AcDbEntity
  8
PIN_TOP
100
AcDbPolyline
 90
        4
 70
     1
 43
0.0
 10
54.372891
 20
35.116389
 10
54.422929
 20
35.116389
 42
-1.0
 10
54.422929
 20
34.916491
 10
54.372891
 20
34.916491
 42
-1.0
  0
LWPOLYLINE
  5
C661
330
1D
100
AcDbEntity
  8
PIN_TOP
100
AcDbPolyline
 90
        4
 70
     1
 43
0.0
 10
54.992905
 20
35.116389
 10
55.042943
 20
35.116389
 42
-1.0
 10
55.042943
 20
34.916491
 10
54.992905
 20
34.916491
 42
-1.0
  0
LWPOLYLINE
  5
C667
330
1D
100
AcDbEntity
  8
PIN_TOP
100
AcDbPolyline
 90
        4
 70
     1
 43
0.0
 10
55.850409
 20
35.096323
 10
55.900447
 20
35.096323
 42
-1.0
 10
55.900447
 20
34.896425
 10
55.850409
 20
34.896425
 42
-1.0
  0
LWPOLYLINE
  5
C66D
330
1D
100
AcDbEntity
  8
PIN_TOP
100
AcDbPolyline
 90
        4
 70
     1
 43
0.0
 10
33.46577
 20
34.613977
 10
33.365694
 20
34.613977
 42
-1.0
 10
33.365694
 20
34.813875
 10
33.46577
 20
34.813875
 42
-1.0
  0
LWPOLYLINE
  5
C673
330
1D
100
AcDbEntity
  8
PIN_TOP
100
AcDbPolyline
 90
        4
 70
     1
 43
0.0
 10
34.085784
 20
34.613977
 10
33.985708
 20
34.613977
 42
-1.0
 10
33.985708
 20
34.813875
 10
34.085784
 20
34.813875
 42
-1.0
  0
CIRCLE
  5
C679
330
1D
100
AcDbEntity
  8
PIN_TOP
100
AcDbCircle
 10
34.825432
 20
34.833306
 30
0.0
 40
0.149987
  0
CIRCLE
  5
C67A
330
1D
100
AcDbEntity
  8
PIN_TOP
100
AcDbCircle
 10
35.465258
 20
34.833306
 30
0.0
 40
0.149987
  0
CIRCLE
  5
C67B
330
1D
100
AcDbEntity
  8
PIN_TOP
100
AcDbCircle
 10
36.105338
 20
34.833306
 30
0.0
 40
0.149987
  0
CIRCLE
  5
C67C
330
1D
100
AcDbEntity
  8
PIN_TOP
100
AcDbCircle
 10
36.745418
 20
34.833306
 30
0.0
 40
0.149987
  0
CIRCLE
  5
C67D
330
1D
100
AcDbEntity
  8
PIN_TOP
100
AcDbCircle
 10
37.516308
 20
34.68243
 30
0.0
 40
0.149987
  0
LWPOLYLINE
  5
C67E
330
1D
100
AcDbEntity
  8
PIN_TOP
100
AcDbPolyline
 90
        4
 70
     1
 43
0.0
 10
55.485538
 20
34.457767
 10
55.385462
 20
34.457767
 42
-1.0
 10
55.385462
 20
34.657665
 10
55.485538
 20
34.657665
 42
-1.0
  0
LWPOLYLINE
  5
C684
330
1D
100
AcDbEntity
  8
PIN_TOP
100
AcDbPolyline
 90
        4
 70
     1
 43
0.0
 10
56.345582
 20
34.430843
 10
56.245506
 20
34.430843
 42
-1.0
 10
56.245506
 20
34.630741
 10
56.345582
 20
34.630741
 42
-1.0
  0
CIRCLE
  5
C68A
330
1D
100
AcDbEntity
  8
PIN_TOP
100
AcDbCircle
 10
37.90188
 20
34.196782
 30
0.0
 40
0.149987
  0
CIRCLE
  5
C68B
330
1D
100
AcDbEntity
  8
PIN_TOP
100
AcDbCircle
 10
49.29632
 20
34.456116
 30
0.0
 40
0.149987
  0
CIRCLE
  5
C68C
330
1D
100
AcDbEntity
  8
PIN_TOP
100
AcDbCircle
 10
50.067464
 20
34.456116
 30
0.0
 40
0.149987
  0
CIRCLE
  5
C68D
330
1D
100
AcDbEntity
  8
PIN_TOP
100
AcDbCircle
 10
50.70729
 20
34.456116
 30
0.0
 40
0.149987
  0
CIRCLE
  5
C68E
330
1D
100
AcDbEntity
  8
PIN_TOP
100
AcDbCircle
 10
51.34737
 20
34.456116
 30
0.0
 40
0.149987
  0
CIRCLE
  5
C68F
330
1D
100
AcDbEntity
  8
PIN_TOP
100
AcDbCircle
 10
51.98745
 20
34.456116
 30
0.0
 40
0.149987
  0
CIRCLE
  5
C690
330
1D
100
AcDbEntity
  8
PIN_TOP
100
AcDbCircle
 10
52.627276
 20
34.456116
 30
0.0
 40
0.149987
  0
CIRCLE
  5
C691
330
1D
100
AcDbEntity
  8
PIN_TOP
100
AcDbCircle
 10
53.267356
 20
34.456116
 30
0.0
 40
0.149987
  0
LWPOLYLINE
  5
C692
330
1D
100
AcDbEntity
  8
PIN_TOP
100
AcDbPolyline
 90
        4
 70
     1
 43
0.0
 10
54.304565
 20
34.220658
 10
54.389655
 20
34.220658
 42
-1.0
 10
54.389655
 20
33.970722
 10
54.304565
 20
33.970722
 42
-1.0
  0
LWPOLYLINE
  5
C698
330
1D
100
AcDbEntity
  8
PIN_TOP
100
AcDbPolyline
 90
        4
 70
     1
 43
0.0
 10
54.924579
 20
34.254694
 10
55.009669
 20
34.254694
 42
-1.0
 10
55.009669
 20
34.004758
 10
54.924579
 20
34.004758
 42
-1.0
  0
LWPOLYLINE
  5
C69E
330
1D
100
AcDbEntity
  8
PIN_TOP
100
AcDbPolyline
 90
        4
 70
     1
 43
0.0
 10
33.46577
 20
33.949767
 10
33.365694
 20
33.949767
 42
-1.0
 10
33.365694
 20
34.149665
 10
33.46577
 20
34.149665
 42
-1.0
  0
LWPOLYLINE
  5
C6A4
330
1D
100
AcDbEntity
  8
PIN_TOP
100
AcDbPolyline
 90
        4
 70
     1
 43
0.0
 10
34.085784
 20
33.949767
 10
33.985708
 20
33.949767
 42
-1.0
 10
33.985708
 20
34.149665
 10
34.085784
 20
34.149665
 42
-1.0
  0
CIRCLE
  5
C6AA
330
1D
100
AcDbEntity
  8
PIN_TOP
100
AcDbCircle
 10
34.825432
 20
33.86201
 30
0.0
 40
0.149987
  0
CIRCLE
  5
C6AB
330
1D
100
AcDbEntity
  8
PIN_TOP
100
AcDbCircle
 10
35.465258
 20
33.86201
 30
0.0
 40
0.149987
  0
CIRCLE
  5
C6AC
330
1D
100
AcDbEntity
  8
PIN_TOP
100
AcDbCircle
 10
36.105338
 20
33.86201
 30
0.0
 40
0.149987
  0
CIRCLE
  5
C6AD
330
1D
100
AcDbEntity
  8
PIN_TOP
100
AcDbCircle
 10
36.745418
 20
33.86201
 30
0.0
 40
0.149987
  0
CIRCLE
  5
C6AE
330
1D
100
AcDbEntity
  8
PIN_TOP
100
AcDbCircle
 10
37.516308
 20
33.711134
 30
0.0
 40
0.149987
  0
CIRCLE
  5
C6AF
330
1D
100
AcDbEntity
  8
PIN_TOP
100
AcDbCircle
 10
49.681892
 20
33.970468
 30
0.0
 40
0.149987
  0
LWPOLYLINE
  5
C6B0
330
1D
100
AcDbEntity
  8
PIN_TOP
100
AcDbPolyline
 90
        4
 70
     1
 43
0.0
 10
55.903114
 20
33.977707
 10
55.803038
 20
33.977707
 42
-1.0
 10
55.803038
 20
34.177605
 10
55.903114
 20
34.177605
 42
-1.0
  0
LWPOLYLINE
  5
C6B6
330
1D
100
AcDbEntity
  8
PIN_TOP
100
AcDbPolyline
 90
        4
 70
     1
 43
0.0
 10
33.46577
 20
33.285811
 10
33.365694
 20
33.285811
 42
-1.0
 10
33.365694
 20
33.485709
 10
33.46577
 20
33.485709
 42
-1.0
  0
LWPOLYLINE
  5
C6BC
330
1D
100
AcDbEntity
  8
PIN_TOP
100
AcDbPolyline
 90
        4
 70
     1
 43
0.0
 10
34.085784
 20
33.285811
 10
33.985708
 20
33.285811
 42
-1.0
 10
33.985708
 20
33.485709
 10
34.085784
 20
33.485709
 42
-1.0
  0
CIRCLE
  5
C6C2
330
1D
100
AcDbEntity
  8
PIN_TOP
100
AcDbCircle
 10
49.29632
 20
33.48482
 30
0.0
 40
0.149987
  0
CIRCLE
  5
C6C3
330
1D
100
AcDbEntity
  8
PIN_TOP
100
AcDbCircle
 10
50.067464
 20
33.48482
 30
0.0
 40
0.149987
  0
CIRCLE
  5
C6C4
330
1D
100
AcDbEntity
  8
PIN_TOP
100
AcDbCircle
 10
50.70729
 20
33.48482
 30
0.0
 40
0.149987
  0
CIRCLE
  5
C6C5
330
1D
100
AcDbEntity
  8
PIN_TOP
100
AcDbCircle
 10
51.34737
 20
33.48482
 30
0.0
 40
0.149987
  0
CIRCLE
  5
C6C6
330
1D
100
AcDbEntity
  8
PIN_TOP
100
AcDbCircle
 10
51.98745
 20
33.48482
 30
0.0
 40
0.149987
  0
CIRCLE
  5
C6C7
330
1D
100
AcDbEntity
  8
PIN_TOP
100
AcDbCircle
 10
52.627276
 20
33.48482
 30
0.0
 40
0.149987
  0
CIRCLE
  5
C6C8
330
1D
100
AcDbEntity
  8
PIN_TOP
100
AcDbCircle
 10
53.267356
 20
33.48482
 30
0.0
 40
0.149987
  0
CIRCLE
  5
C6C9
330
1D
100
AcDbEntity
  8
PIN_TOP
100
AcDbCircle
 10
54.218332
 20
33.48863
 30
0.0
 40
0.149987
  0
LWPOLYLINE
  5
C6CA
330
1D
100
AcDbEntity
  8
PIN_TOP
100
AcDbPolyline
 90
        4
 70
     1
 43
0.0
 10
55.342155
 20
33.796224
 10
55.427245
 20
33.796224
 42
-1.0
 10
55.427245
 20
33.546288
 10
55.342155
 20
33.546288
 42
-1.0
  0
LWPOLYLINE
  5
C6D0
330
1D
100
AcDbEntity
  8
PIN_TOP
100
AcDbPolyline
 90
        4
 70
     1
 43
0.0
 10
56.345582
 20
33.380807
 10
56.245506
 20
33.380807
 42
-1.0
 10
56.245506
 20
33.580705
 10
56.345582
 20
33.580705
 42
-1.0
  0
CIRCLE
  5
C6D6
330
1D
100
AcDbEntity
  8
PIN_TOP
100
AcDbCircle
 10
37.130736
 20
33.225486
 30
0.0
 40
0.149987
  0
CIRCLE
  5
C6D7
330
1D
100
AcDbEntity
  8
PIN_TOP
100
AcDbCircle
 10
37.90188
 20
33.225486
 30
0.0
 40
0.149987
  0
CIRCLE
  5
C6D8
330
1D
100
AcDbEntity
  8
PIN_TOP
100
AcDbCircle
 10
49.681892
 20
32.999426
 30
0.0
 40
0.149987
  0
CIRCLE
  5
C6D9
330
1D
100
AcDbEntity
  8
PIN_TOP
100
AcDbCircle
 10
54.770528
 20
33.170622
 30
0.0
 40
0.149987
  0
LWPOLYLINE
  5
C6DA
330
1D
100
AcDbEntity
  8
PIN_TOP
100
AcDbPolyline
 90
        4
 70
     1
 43
0.0
 10
55.715789
 20
33.29559
 10
55.800879
 20
33.29559
 42
-1.0
 10
55.800879
 20
33.045654
 10
55.715789
 20
33.045654
 42
-1.0
  0
LWPOLYLINE
  5
C6E0
330
1D
100
AcDbEntity
  8
PIN_TOP
100
AcDbPolyline
 90
        4
 70
     1
 43
0.0
 10
33.46577
 20
32.621855
 10
33.365694
 20
32.621855
 42
-1.0
 10
33.365694
 20
32.821753
 10
33.46577
 20
32.821753
 42
-1.0
  0
LWPOLYLINE
  5
C6E6
330
1D
100
AcDbEntity
  8
PIN_TOP
100
AcDbPolyline
 90
        4
 70
     1
 43
0.0
 10
34.085784
 20
32.621855
 10
33.985708
 20
32.621855
 42
-1.0
 10
33.985708
 20
32.821753
 10
34.085784
 20
32.821753
 42
-1.0
  0
CIRCLE
  5
C6EC
330
1D
100
AcDbEntity
  8
PIN_TOP
100
AcDbCircle
 10
34.825432
 20
32.739838
 30
0.0
 40
0.149987
  0
CIRCLE
  5
C6ED
330
1D
100
AcDbEntity
  8
PIN_TOP
100
AcDbCircle
 10
35.465258
 20
32.739838
 30
0.0
 40
0.149987
  0
CIRCLE
  5
C6EE
330
1D
100
AcDbEntity
  8
PIN_TOP
100
AcDbCircle
 10
36.105338
 20
32.739838
 30
0.0
 40
0.149987
  0
CIRCLE
  5
C6EF
330
1D
100
AcDbEntity
  8
PIN_TOP
100
AcDbCircle
 10
36.745418
 20
32.739838
 30
0.0
 40
0.149987
  0
CIRCLE
  5
C6F0
330
1D
100
AcDbEntity
  8
PIN_TOP
100
AcDbCircle
 10
37.516308
 20
32.739838
 30
0.0
 40
0.149987
  0
CIRCLE
  5
C6F1
330
1D
100
AcDbEntity
  8
PIN_TOP
100
AcDbCircle
 10
49.29632
 20
32.513778
 30
0.0
 40
0.149987
  0
CIRCLE
  5
C6F2
330
1D
100
AcDbEntity
  8
PIN_TOP
100
AcDbCircle
 10
50.067464
 20
32.513778
 30
0.0
 40
0.149987
  0
CIRCLE
  5
C6F3
330
1D
100
AcDbEntity
  8
PIN_TOP
100
AcDbCircle
 10
50.70729
 20
32.513778
 30
0.0
 40
0.149987
  0
CIRCLE
  5
C6F4
330
1D
100
AcDbEntity
  8
PIN_TOP
100
AcDbCircle
 10
51.34737
 20
32.513778
 30
0.0
 40
0.149987
  0
CIRCLE
  5
C6F5
330
1D
100
AcDbEntity
  8
PIN_TOP
100
AcDbCircle
 10
51.98745
 20
32.513778
 30
0.0
 40
0.149987
  0
CIRCLE
  5
C6F6
330
1D
100
AcDbEntity
  8
PIN_TOP
100
AcDbCircle
 10
52.627276
 20
32.513778
 30
0.0
 40
0.149987
  0
CIRCLE
  5
C6F7
330
1D
100
AcDbEntity
  8
PIN_TOP
100
AcDbCircle
 10
53.267356
 20
32.513778
 30
0.0
 40
0.149987
  0
CIRCLE
  5
C6F8
330
1D
100
AcDbEntity
  8
PIN_TOP
100
AcDbCircle
 10
54.218332
 20
32.852868
 30
0.0
 40
0.149987
  0
LWPOLYLINE
  5
C6F9
330
1D
100
AcDbEntity
  8
PIN_TOP
100
AcDbPolyline
 90
        4
 70
     1
 43
0.0
 10
55.342155
 20
32.79521
 10
55.427245
 20
32.79521
 42
-1.0
 10
55.427245
 20
32.545274
 10
55.342155
 20
32.545274
 42
-1.0
  0
LWPOLYLINE
  5
C6FF
330
1D
100
AcDbEntity
  8
PIN_TOP
100
AcDbPolyline
 90
        4
 70
     1
 43
0.0
 10
56.345582
 20
32.760793
 10
56.245506
 20
32.760793
 42
-1.0
 10
56.245506
 20
32.960691
 10
56.345582
 20
32.960691
 42
-1.0
  0
CIRCLE
  5
C705
330
1D
100
AcDbEntity
  8
PIN_TOP
100
AcDbCircle
 10
37.130736
 20
32.25419
 30
0.0
 40
0.149987
  0
CIRCLE
  5
C706
330
1D
100
AcDbEntity
  8
PIN_TOP
100
AcDbCircle
 10
37.90188
 20
32.25419
 30
0.0
 40
0.149987
  0
LWPOLYLINE
  5
C707
330
1D
100
AcDbEntity
  8
PIN_TOP
100
AcDbPolyline
 90
        4
 70
     1
 43
0.0
 10
54.304565
 20
32.370776
 10
54.389655
 20
32.370776
 42
-1.0
 10
54.389655
 20
32.12084
 10
54.304565
 20
32.12084
 42
-1.0
  0
LWPOLYLINE
  5
C70D
330
1D
100
AcDbEntity
  8
PIN_TOP
100
AcDbPolyline
 90
        4
 70
     1
 43
0.0
 10
54.924579
 20
32.33674
 10
55.009669
 20
32.33674
 42
-1.0
 10
55.009669
 20
32.086804
 10
54.924579
 20
32.086804
 42
-1.0
  0
LWPOLYLINE
  5
C713
330
1D
100
AcDbEntity
  8
PIN_TOP
100
AcDbPolyline
 90
        4
 70
     1
 43
0.0
 10
55.903114
 20
32.163639
 10
55.803038
 20
32.163639
 42
-1.0
 10
55.803038
 20
32.363537
 10
55.903114
 20
32.363537
 42
-1.0
  0
LWPOLYLINE
  5
C719
330
1D
100
AcDbEntity
  8
PIN_TOP
100
AcDbPolyline
 90
        4
 70
     1
 43
0.0
 10
33.46577
 20
31.957899
 10
33.365694
 20
31.957899
 42
-1.0
 10
33.365694
 20
32.157797
 10
33.46577
 20
32.157797
 42
-1.0
  0
LWPOLYLINE
  5
C71F
330
1D
100
AcDbEntity
  8
PIN_TOP
100
AcDbPolyline
 90
        4
 70
     1
 43
0.0
 10
34.085784
 20
31.957899
 10
33.985708
 20
31.957899
 42
-1.0
 10
33.985708
 20
32.157797
 10
34.085784
 20
32.157797
 42
-1.0
  0
CIRCLE
  5
C725
330
1D
100
AcDbEntity
  8
PIN_TOP
100
AcDbCircle
 10
34.825432
 20
31.768796
 30
0.0
 40
0.149987
  0
CIRCLE
  5
C726
330
1D
100
AcDbEntity
  8
PIN_TOP
100
AcDbCircle
 10
35.465258
 20
31.768796
 30
0.0
 40
0.149987
  0
CIRCLE
  5
C727
330
1D
100
AcDbEntity
  8
PIN_TOP
100
AcDbCircle
 10
36.105338
 20
31.768796
 30
0.0
 40
0.149987
  0
CIRCLE
  5
C728
330
1D
100
AcDbEntity
  8
PIN_TOP
100
AcDbCircle
 10
36.745418
 20
31.768796
 30
0.0
 40
0.149987
  0
CIRCLE
  5
C729
330
1D
100
AcDbEntity
  8
PIN_TOP
100
AcDbCircle
 10
37.516308
 20
31.768796
 30
0.0
 40
0.149987
  0
CIRCLE
  5
C72A
330
1D
100
AcDbEntity
  8
PIN_TOP
100
AcDbCircle
 10
49.681892
 20
32.02813
 30
0.0
 40
0.149987
  0
LWPOLYLINE
  5
C72B
330
1D
100
AcDbEntity
  8
PIN_TOP
100
AcDbPolyline
 90
        4
 70
     1
 43
0.0
 10
55.392955
 20
31.930086
 10
55.478045
 20
31.930086
 42
-1.0
 10
55.478045
 20
31.68015
 10
55.392955
 20
31.68015
 42
-1.0
  0
LWPOLYLINE
  5
C731
330
1D
100
AcDbEntity
  8
PIN_TOP
100
AcDbPolyline
 90
        4
 70
     1
 43
0.0
 10
56.345582
 20
31.705169
 10
56.245506
 20
31.705169
 42
-1.0
 10
56.245506
 20
31.905067
 10
56.345582
 20
31.905067
 42
-1.0
  0
LWPOLYLINE
  5
C737
330
1D
100
AcDbEntity
  8
PIN_TOP
100
AcDbPolyline
 90
        4
 70
     1
 43
0.0
 10
33.46577
 20
31.293943
 10
33.365694
 20
31.293943
 42
-1.0
 10
33.365694
 20
31.493841
 10
33.46577
 20
31.493841
 42
-1.0
  0
LWPOLYLINE
  5
C73D
330
1D
100
AcDbEntity
  8
PIN_TOP
100
AcDbPolyline
 90
        4
 70
     1
 43
0.0
 10
34.085784
 20
31.293943
 10
33.985708
 20
31.293943
 42
-1.0
 10
33.985708
 20
31.493841
 10
34.085784
 20
31.493841
 42
-1.0
  0
CIRCLE
  5
C743
330
1D
100
AcDbEntity
  8
PIN_TOP
100
AcDbCircle
 10
49.29632
 20
31.542482
 30
0.0
 40
0.149987
  0
CIRCLE
  5
C744
330
1D
100
AcDbEntity
  8
PIN_TOP
100
AcDbCircle
 10
50.067464
 20
31.542482
 30
0.0
 40
0.149987
  0
CIRCLE
  5
C745
330
1D
100
AcDbEntity
  8
PIN_TOP
100
AcDbCircle
 10
50.70729
 20
31.542482
 30
0.0
 40
0.149987
  0
CIRCLE
  5
C746
330
1D
100
AcDbEntity
  8
PIN_TOP
100
AcDbCircle
 10
51.34737
 20
31.542482
 30
0.0
 40
0.149987
  0
CIRCLE
  5
C747
330
1D
100
AcDbEntity
  8
PIN_TOP
100
AcDbCircle
 10
51.98745
 20
31.542482
 30
0.0
 40
0.149987
  0
CIRCLE
  5
C748
330
1D
100
AcDbEntity
  8
PIN_TOP
100
AcDbCircle
 10
52.627276
 20
31.542482
 30
0.0
 40
0.149987
  0
CIRCLE
  5
C749
330
1D
100
AcDbEntity
  8
PIN_TOP
100
AcDbCircle
 10
53.267356
 20
31.542482
 30
0.0
 40
0.149987
  0
LWPOLYLINE
  5
C74A
330
1D
100
AcDbEntity
  8
PIN_TOP
100
AcDbPolyline
 90
        4
 70
     1
 43
0.0
 10
54.304565
 20
31.452566
 10
54.389655
 20
31.452566
 42
-1.0
 10
54.389655
 20
31.20263
 10
54.304565
 20
31.20263
 42
-1.0
  0
LWPOLYLINE
  5
C750
330
1D
100
AcDbEntity
  8
PIN_TOP
100
AcDbPolyline
 90
        4
 70
     1
 43
0.0
 10
55.903114
 20
31.246191
 10
55.803038
 20
31.246191
 42
-1.0
 10
55.803038
 20
31.446089
 10
55.903114
 20
31.446089
 42
-1.0
  0
CIRCLE
  5
C756
330
1D
100
AcDbEntity
  8
PIN_TOP
100
AcDbCircle
 10
37.130736
 20
31.283148
 30
0.0
 40
0.149987
  0
CIRCLE
  5
C757
330
1D
100
AcDbEntity
  8
PIN_TOP
100
AcDbCircle
 10
37.90188
 20
31.283148
 30
0.0
 40
0.149987
  0
CIRCLE
  5
C758
330
1D
100
AcDbEntity
  8
PIN_TOP
100
AcDbCircle
 10
49.681892
 20
31.056834
 30
0.0
 40
0.149987
  0
LWPOLYLINE
  5
C759
330
1D
100
AcDbEntity
  8
PIN_TOP
100
AcDbPolyline
 90
        4
 70
     1
 43
0.0
 10
54.924579
 20
31.419038
 10
55.009669
 20
31.419038
 42
-1.0
 10
55.009669
 20
31.169102
 10
54.924579
 20
31.169102
 42
-1.0
  0
LWPOLYLINE
  5
C75F
330
1D
100
AcDbEntity
  8
PIN_TOP
100
AcDbPolyline
 90
        4
 70
     1
 43
0.0
 10
33.46577
 20
30.629987
 10
33.365694
 20
30.629987
 42
-1.0
 10
33.365694
 20
30.829885
 10
33.46577
 20
30.829885
 42
-1.0
  0
LWPOLYLINE
  5
C765
330
1D
100
AcDbEntity
  8
PIN_TOP
100
AcDbPolyline
 90
        4
 70
     1
 43
0.0
 10
34.085784
 20
30.629987
 10
33.985708
 20
30.629987
 42
-1.0
 10
33.985708
 20
30.829885
 10
34.085784
 20
30.829885
 42
-1.0
  0
CIRCLE
  5
C76B
330
1D
100
AcDbEntity
  8
PIN_TOP
100
AcDbCircle
 10
34.825432
 20
30.7975
 30
0.0
 40
0.149987
  0
CIRCLE
  5
C76C
330
1D
100
AcDbEntity
  8
PIN_TOP
100
AcDbCircle
 10
35.465258
 20
30.7975
 30
0.0
 40
0.149987
  0
CIRCLE
  5
C76D
330
1D
100
AcDbEntity
  8
PIN_TOP
100
AcDbCircle
 10
36.105338
 20
30.7975
 30
0.0
 40
0.149987
  0
CIRCLE
  5
C76E
330
1D
100
AcDbEntity
  8
PIN_TOP
100
AcDbCircle
 10
36.745418
 20
30.7975
 30
0.0
 40
0.149987
  0
CIRCLE
  5
C76F
330
1D
100
AcDbEntity
  8
PIN_TOP
100
AcDbCircle
 10
37.516308
 20
30.7975
 30
0.0
 40
0.149987
  0
CIRCLE
  5
C770
330
1D
100
AcDbEntity
  8
PIN_TOP
100
AcDbCircle
 10
49.29632
 20
30.57144
 30
0.0
 40
0.149987
  0
CIRCLE
  5
C771
330
1D
100
AcDbEntity
  8
PIN_TOP
100
AcDbCircle
 10
50.067464
 20
30.57144
 30
0.0
 40
0.149987
  0
CIRCLE
  5
C772
330
1D
100
AcDbEntity
  8
PIN_TOP
100
AcDbCircle
 10
50.70729
 20
30.57144
 30
0.0
 40
0.149987
  0
CIRCLE
  5
C773
330
1D
100
AcDbEntity
  8
PIN_TOP
100
AcDbCircle
 10
51.34737
 20
30.57144
 30
0.0
 40
0.149987
  0
CIRCLE
  5
C774
330
1D
100
AcDbEntity
  8
PIN_TOP
100
AcDbCircle
 10
51.98745
 20
30.57144
 30
0.0
 40
0.149987
  0
CIRCLE
  5
C775
330
1D
100
AcDbEntity
  8
PIN_TOP
100
AcDbCircle
 10
52.627276
 20
30.57144
 30
0.0
 40
0.149987
  0
CIRCLE
  5
C776
330
1D
100
AcDbEntity
  8
PIN_TOP
100
AcDbCircle
 10
53.267356
 20
30.57144
 30
0.0
 40
0.149987
  0
CIRCLE
  5
C777
330
1D
100
AcDbEntity
  8
PIN_TOP
100
AcDbCircle
 10
54.34711
 20
30.513274
 30
0.0
 40
0.149987
  0
LWPOLYLINE
  5
C778
330
1D
100
AcDbEntity
  8
PIN_TOP
100
AcDbPolyline
 90
        4
 70
     1
 43
0.0
 10
55.485538
 20
30.786959
 10
55.385462
 20
30.786959
 42
-1.0
 10
55.385462
 20
30.986857
 10
55.485538
 20
30.986857
 42
-1.0
  0
LWPOLYLINE
  5
C77E
330
1D
100
AcDbEntity
  8
PIN_TOP
100
AcDbPolyline
 90
        4
 70
     1
 43
0.0
 10
56.345582
 20
30.786959
 10
56.245506
 20
30.786959
 42
-1.0
 10
56.245506
 20
30.986857
 10
56.345582
 20
30.986857
 42
-1.0
  0
CIRCLE
  5
C784
330
1D
100
AcDbEntity
  8
PIN_TOP
100
AcDbCircle
 10
37.130736
 20
30.311852
 30
0.0
 40
0.149987
  0
CIRCLE
  5
C785
330
1D
100
AcDbEntity
  8
PIN_TOP
100
AcDbCircle
 10
37.90188
 20
30.311852
 30
0.0
 40
0.149987
  0
LWPOLYLINE
  5
C786
330
1D
100
AcDbEntity
  8
PIN_TOP
100
AcDbPolyline
 90
        4
 70
     1
 43
0.0
 10
54.924579
 20
30.604968
 10
55.009669
 20
30.604968
 42
-1.0
 10
55.009669
 20
30.355032
 10
54.924579
 20
30.355032
 42
-1.0
  0
LWPOLYLINE
  5
C78C
330
1D
100
AcDbEntity
  8
PIN_TOP
100
AcDbPolyline
 90
        4
 70
     1
 43
0.0
 10
55.903114
 20
30.327981
 10
55.803038
 20
30.327981
 42
-1.0
 10
55.803038
 20
30.527879
 10
55.903114
 20
30.527879
 42
-1.0
  0
LWPOLYLINE
  5
C792
330
1D
100
AcDbEntity
  8
PIN_TOP
100
AcDbPolyline
 90
        4
 70
     1
 43
0.0
 10
33.46577
 20
29.965777
 10
33.365694
 20
29.965777
 42
-1.0
 10
33.365694
 20
30.165675
 10
33.46577
 20
30.165675
 42
-1.0
  0
LWPOLYLINE
  5
C798
330
1D
100
AcDbEntity
  8
PIN_TOP
100
AcDbPolyline
 90
        4
 70
     1
 43
0.0
 10
34.085784
 20
29.965777
 10
33.985708
 20
29.965777
 42
-1.0
 10
33.985708
 20
30.165675
 10
34.085784
 20
30.165675
 42
-1.0
  0
CIRCLE
  5
C79E
330
1D
100
AcDbEntity
  8
PIN_TOP
100
AcDbCircle
 10
34.825432
 20
29.826204
 30
0.0
 40
0.149987
  0
CIRCLE
  5
C79F
330
1D
100
AcDbEntity
  8
PIN_TOP
100
AcDbCircle
 10
35.465258
 20
29.826204
 30
0.0
 40
0.149987
  0
CIRCLE
  5
C7A0
330
1D
100
AcDbEntity
  8
PIN_TOP
100
AcDbCircle
 10
36.105338
 20
29.826204
 30
0.0
 40
0.149987
  0
CIRCLE
  5
C7A1
330
1D
100
AcDbEntity
  8
PIN_TOP
100
AcDbCircle
 10
36.745418
 20
29.826204
 30
0.0
 40
0.149987
  0
CIRCLE
  5
C7A2
330
1D
100
AcDbEntity
  8
PIN_TOP
100
AcDbCircle
 10
37.516308
 20
29.826204
 30
0.0
 40
0.149987
  0
CIRCLE
  5
C7A3
330
1D
100
AcDbEntity
  8
PIN_TOP
100
AcDbCircle
 10
49.681892
 20
30.085792
 30
0.0
 40
0.149987
  0
LWPOLYLINE
  5
C7A4
330
1D
100
AcDbEntity
  8
PIN_TOP
100
AcDbPolyline
 90
        4
 70
     1
 43
0.0
 10
54.722141
 20
30.014672
 10
54.807231
 20
30.014672
 42
-1.0
 10
54.807231
 20
29.764736
 10
54.722141
 20
29.764736
 42
-1.0
  0
LWPOLYLINE
  5
C7AA
330
1D
100
AcDbEntity
  8
PIN_TOP
100
AcDbPolyline
 90
        4
 70
     1
 43
0.0
 10
55.434738
 20
29.789755
 10
55.334662
 20
29.789755
 42
-1.0
 10
55.334662
 20
29.989653
 10
55.434738
 20
29.989653
 42
-1.0
  0
LWPOLYLINE
  5
C7B0
330
1D
100
AcDbEntity
  8
PIN_TOP
100
AcDbPolyline
 90
        4
 70
     1
 43
0.0
 10
33.46577
 20
29.301821
 10
33.365694
 20
29.301821
 42
-1.0
 10
33.365694
 20
29.501719
 10
33.46577
 20
29.501719
 42
-1.0
  0
LWPOLYLINE
  5
C7B6
330
1D
100
AcDbEntity
  8
PIN_TOP
100
AcDbPolyline
 90
        4
 70
     1
 43
0.0
 10
34.085784
 20
29.301821
 10
33.985708
 20
29.301821
 42
-1.0
 10
33.985708
 20
29.501719
 10
34.085784
 20
29.501719
 42
-1.0
  0
CIRCLE
  5
C7BC
330
1D
100
AcDbEntity
  8
PIN_TOP
100
AcDbCircle
 10
37.130736
 20
29.34081
 30
0.0
 40
0.149987
  0
CIRCLE
  5
C7BD
330
1D
100
AcDbEntity
  8
PIN_TOP
100
AcDbCircle
 10
37.90188
 20
29.34081
 30
0.0
 40
0.149987
  0
CIRCLE
  5
C7BE
330
1D
100
AcDbEntity
  8
PIN_TOP
100
AcDbCircle
 10
49.29632
 20
29.600144
 30
0.0
 40
0.149987
  0
CIRCLE
  5
C7BF
330
1D
100
AcDbEntity
  8
PIN_TOP
100
AcDbCircle
 10
50.067464
 20
29.600144
 30
0.0
 40
0.149987
  0
CIRCLE
  5
C7C0
330
1D
100
AcDbEntity
  8
PIN_TOP
100
AcDbCircle
 10
50.70729
 20
29.600144
 30
0.0
 40
0.149987
  0
CIRCLE
  5
C7C1
330
1D
100
AcDbEntity
  8
PIN_TOP
100
AcDbCircle
 10
51.34737
 20
29.600144
 30
0.0
 40
0.149987
  0
CIRCLE
  5
C7C2
330
1D
100
AcDbEntity
  8
PIN_TOP
100
AcDbCircle
 10
51.98745
 20
29.600144
 30
0.0
 40
0.149987
  0
CIRCLE
  5
C7C3
330
1D
100
AcDbEntity
  8
PIN_TOP
100
AcDbCircle
 10
52.627276
 20
29.600144
 30
0.0
 40
0.149987
  0
CIRCLE
  5
C7C4
330
1D
100
AcDbEntity
  8
PIN_TOP
100
AcDbCircle
 10
53.267356
 20
29.600144
 30
0.0
 40
0.149987
  0
CIRCLE
  5
C7C5
330
1D
100
AcDbEntity
  8
PIN_TOP
100
AcDbCircle
 10
54.226714
 20
29.569918
 30
0.0
 40
0.149987
  0
LWPOLYLINE
  5
C7C6
330
1D
100
AcDbEntity
  8
PIN_TOP
100
AcDbPolyline
 90
        4
 70
     1
 43
0.0
 10
55.808372
 20
29.195141
 10
55.708296
 20
29.195141
 42
-1.0
 10
55.708296
 20
29.395039
 10
55.808372
 20
29.395039
 42
-1.0
  0
LWPOLYLINE
  5
C7CC
330
1D
100
AcDbEntity
  8
PIN_TOP
100
AcDbPolyline
 90
        4
 70
     1
 43
0.0
 10
56.345582
 20
29.505275
 10
56.245506
 20
29.505275
 42
-1.0
 10
56.245506
 20
29.705173
 10
56.345582
 20
29.705173
 42
-1.0
  0
CIRCLE
  5
C7D2
330
1D
100
AcDbEntity
  8
PIN_TOP
100
AcDbCircle
 10
49.681892
 20
29.114496
 30
0.0
 40
0.149987
  0
LWPOLYLINE
  5
C7D3
330
1D
100
AcDbEntity
  8
PIN_TOP
100
AcDbPolyline
 90
        4
 70
     1
 43
0.0
 10
54.095777
 20
29.080206
 10
54.180867
 20
29.080206
 42
-1.0
 10
54.180867
 20
28.83027
 10
54.095777
 20
28.83027
 42
-1.0
  0
LWPOLYLINE
  5
C7D9
330
1D
100
AcDbEntity
  8
PIN_TOP
100
AcDbPolyline
 90
        4
 70
     1
 43
0.0
 10
54.727983
 20
29.390086
 10
54.813073
 20
29.390086
 42
-1.0
 10
54.813073
 20
29.14015
 10
54.727983
 20
29.14015
 42
-1.0
  0
LWPOLYLINE
  5
C7DF
330
1D
100
AcDbEntity
  8
PIN_TOP
100
AcDbPolyline
 90
        4
 70
     1
 43
0.0
 10
56.345582
 20
28.885261
 10
56.245506
 20
28.885261
 42
-1.0
 10
56.245506
 20
29.085159
 10
56.345582
 20
29.085159
 42
-1.0
  0
LWPOLYLINE
  5
C7E5
330
1D
100
AcDbEntity
  8
PIN_TOP
100
AcDbPolyline
 90
        4
 70
     1
 43
0.0
 10
33.46577
 20
28.637865
 10
33.365694
 20
28.637865
 42
-1.0
 10
33.365694
 20
28.837763
 10
33.46577
 20
28.837763
 42
-1.0
  0
LWPOLYLINE
  5
C7EB
330
1D
100
AcDbEntity
  8
PIN_TOP
100
AcDbPolyline
 90
        4
 70
     1
 43
0.0
 10
34.085784
 20
28.637865
 10
33.985708
 20
28.637865
 42
-1.0
 10
33.985708
 20
28.837763
 10
34.085784
 20
28.837763
 42
-1.0
  0
CIRCLE
  5
C7F1
330
1D
100
AcDbEntity
  8
PIN_TOP
100
AcDbCircle
 10
34.825432
 20
28.855162
 30
0.0
 40
0.149987
  0
CIRCLE
  5
C7F2
330
1D
100
AcDbEntity
  8
PIN_TOP
100
AcDbCircle
 10
35.465258
 20
28.855162
 30
0.0
 40
0.149987
  0
CIRCLE
  5
C7F3
330
1D
100
AcDbEntity
  8
PIN_TOP
100
AcDbCircle
 10
36.105338
 20
28.855162
 30
0.0
 40
0.149987
  0
CIRCLE
  5
C7F4
330
1D
100
AcDbEntity
  8
PIN_TOP
100
AcDbCircle
 10
36.745418
 20
28.855162
 30
0.0
 40
0.149987
  0
CIRCLE
  5
C7F5
330
1D
100
AcDbEntity
  8
PIN_TOP
100
AcDbCircle
 10
37.516308
 20
28.855162
 30
0.0
 40
0.149987
  0
CIRCLE
  5
C7F6
330
1D
100
AcDbEntity
  8
PIN_TOP
100
AcDbCircle
 10
47.953168
 20
28.741116
 30
0.0
 40
0.149987
  0
CIRCLE
  5
C7F7
330
1D
100
AcDbEntity
  8
PIN_TOP
100
AcDbCircle
 10
48.924464
 20
28.741116
 30
0.0
 40
0.149987
  0
CIRCLE
  5
C7F8
330
1D
100
AcDbEntity
  8
PIN_TOP
100
AcDbCircle
 10
50.067464
 20
28.628848
 30
0.0
 40
0.149987
  0
CIRCLE
  5
C7F9
330
1D
100
AcDbEntity
  8
PIN_TOP
100
AcDbCircle
 10
50.70729
 20
28.628848
 30
0.0
 40
0.149987
  0
CIRCLE
  5
C7FA
330
1D
100
AcDbEntity
  8
PIN_TOP
100
AcDbCircle
 10
51.34737
 20
28.628848
 30
0.0
 40
0.149987
  0
CIRCLE
  5
C7FB
330
1D
100
AcDbEntity
  8
PIN_TOP
100
AcDbCircle
 10
51.98745
 20
28.628848
 30
0.0
 40
0.149987
  0
CIRCLE
  5
C7FC
330
1D
100
AcDbEntity
  8
PIN_TOP
100
AcDbCircle
 10
52.627276
 20
28.628848
 30
0.0
 40
0.149987
  0
CIRCLE
  5
C7FD
330
1D
100
AcDbEntity
  8
PIN_TOP
100
AcDbCircle
 10
53.267356
 20
28.628848
 30
0.0
 40
0.149987
  0
LWPOLYLINE
  5
C7FE
330
1D
100
AcDbEntity
  8
PIN_TOP
100
AcDbPolyline
 90
        4
 70
     1
 43
0.0
 10
55.342155
 20
28.919678
 10
55.427245
 20
28.919678
 42
-1.0
 10
55.427245
 20
28.669742
 10
55.342155
 20
28.669742
 42
-1.0
  0
CIRCLE
  5
C804
330
1D
100
AcDbEntity
  8
PIN_TOP
100
AcDbCircle
 10
37.130736
 20
28.369514
 30
0.0
 40
0.149987
  0
CIRCLE
  5
C805
330
1D
100
AcDbEntity
  8
PIN_TOP
100
AcDbCircle
 10
37.90188
 20
28.369514
 30
0.0
 40
0.149987
  0
CIRCLE
  5
C806
330
1D
100
AcDbEntity
  8
PIN_TOP
100
AcDbCircle
 10
47.46752
 20
28.355544
 30
0.0
 40
0.149987
  0
CIRCLE
  5
C807
330
1D
100
AcDbEntity
  8
PIN_TOP
100
AcDbCircle
 10
48.438816
 20
28.355544
 30
0.0
 40
0.149987
  0
CIRCLE
  5
C808
330
1D
100
AcDbEntity
  8
PIN_TOP
100
AcDbCircle
 10
49.681892
 20
28.1432
 30
0.0
 40
0.149987
  0
LWPOLYLINE
  5
C809
330
1D
100
AcDbEntity
  8
PIN_TOP
100
AcDbPolyline
 90
        4
 70
     1
 43
0.0
 10
54.304565
 20
28.494482
 10
54.389655
 20
28.494482
 42
-1.0
 10
54.389655
 20
28.244546
 10
54.304565
 20
28.244546
 42
-1.0
  0
LWPOLYLINE
  5
C80F
330
1D
100
AcDbEntity
  8
PIN_TOP
100
AcDbPolyline
 90
        4
 70
     1
 43
0.0
 10
54.924579
 20
28.461208
 10
55.009669
 20
28.461208
 42
-1.0
 10
55.009669
 20
28.211272
 10
54.924579
 20
28.211272
 42
-1.0
  0
LWPOLYLINE
  5
C815
330
1D
100
AcDbEntity
  8
PIN_TOP
100
AcDbPolyline
 90
        4
 70
     1
 43
0.0
 10
55.90413
 20
28.289123
 10
55.804054
 20
28.289123
 42
-1.0
 10
55.804054
 20
28.489021
 10
55.90413
 20
28.489021
 42
-1.0
  0
LWPOLYLINE
  5
C81B
330
1D
100
AcDbEntity
  8
PIN_TOP
100
AcDbPolyline
 90
        4
 70
     1
 43
0.0
 10
33.46577
 20
27.973909
 10
33.365694
 20
27.973909
 42
-1.0
 10
33.365694
 20
28.173807
 10
33.46577
 20
28.173807
 42
-1.0
  0
LWPOLYLINE
  5
C821
330
1D
100
AcDbEntity
  8
PIN_TOP
100
AcDbPolyline
 90
        4
 70
     1
 43
0.0
 10
34.085784
 20
27.973909
 10
33.985708
 20
27.973909
 42
-1.0
 10
33.985708
 20
28.173807
 10
34.085784
 20
28.173807
 42
-1.0
  0
CIRCLE
  5
C827
330
1D
100
AcDbEntity
  8
PIN_TOP
100
AcDbCircle
 10
34.825432
 20
27.883866
 30
0.0
 40
0.149987
  0
CIRCLE
  5
C828
330
1D
100
AcDbEntity
  8
PIN_TOP
100
AcDbCircle
 10
35.465258
 20
27.883866
 30
0.0
 40
0.149987
  0
CIRCLE
  5
C829
330
1D
100
AcDbEntity
  8
PIN_TOP
100
AcDbCircle
 10
36.105338
 20
27.883866
 30
0.0
 40
0.149987
  0
CIRCLE
  5
C82A
330
1D
100
AcDbEntity
  8
PIN_TOP
100
AcDbCircle
 10
36.745418
 20
27.883866
 30
0.0
 40
0.149987
  0
CIRCLE
  5
C82B
330
1D
100
AcDbEntity
  8
PIN_TOP
100
AcDbCircle
 10
37.516308
 20
27.883866
 30
0.0
 40
0.149987
  0
CIRCLE
  5
C82C
330
1D
100
AcDbEntity
  8
PIN_TOP
100
AcDbCircle
 10
47.953168
 20
27.969972
 30
0.0
 40
0.149987
  0
CIRCLE
  5
C82D
330
1D
100
AcDbEntity
  8
PIN_TOP
100
AcDbCircle
 10
48.924464
 20
27.969972
 30
0.0
 40
0.149987
  0
LWPOLYLINE
  5
C82E
330
1D
100
AcDbEntity
  8
PIN_TOP
100
AcDbPolyline
 90
        4
 70
     1
 43
0.0
 10
55.392955
 20
28.054046
 10
55.478045
 20
28.054046
 42
-1.0
 10
55.478045
 20
27.80411
 10
55.392955
 20
27.80411
 42
-1.0
  0
LWPOLYLINE
  5
C834
330
1D
100
AcDbEntity
  8
PIN_TOP
100
AcDbPolyline
 90
        4
 70
     1
 43
0.0
 10
56.345582
 20
27.829129
 10
56.245506
 20
27.829129
 42
-1.0
 10
56.245506
 20
28.029027
 10
56.345582
 20
28.029027
 42
-1.0
  0
LWPOLYLINE
  5
C83A
330
1D
100
AcDbEntity
  8
PIN_TOP
100
AcDbPolyline
 90
        4
 70
     1
 43
0.0
 10
33.46577
 20
27.309953
 10
33.365694
 20
27.309953
 42
-1.0
 10
33.365694
 20
27.509851
 10
33.46577
 20
27.509851
 42
-1.0
  0
LWPOLYLINE
  5
C840
330
1D
100
AcDbEntity
  8
PIN_TOP
100
AcDbPolyline
 90
        4
 70
     1
 43
0.0
 10
34.085784
 20
27.309953
 10
33.985708
 20
27.309953
 42
-1.0
 10
33.985708
 20
27.509851
 10
34.085784
 20
27.509851
 42
-1.0
  0
CIRCLE
  5
C846
330
1D
100
AcDbEntity
  8
PIN_TOP
100
AcDbCircle
 10
37.130736
 20
27.398218
 30
0.0
 40
0.149987
  0
CIRCLE
  5
C847
330
1D
100
AcDbEntity
  8
PIN_TOP
100
AcDbCircle
 10
43.582844
 20
27.5844
 30
0.0
 40
0.149987
  0
CIRCLE
  5
C848
330
1D
100
AcDbEntity
  8
PIN_TOP
100
AcDbCircle
 10
44.553886
 20
27.5844
 30
0.0
 40
0.149987
  0
CIRCLE
  5
C849
330
1D
100
AcDbEntity
  8
PIN_TOP
100
AcDbCircle
 10
45.525182
 20
27.5844
 30
0.0
 40
0.149987
  0
CIRCLE
  5
C84A
330
1D
100
AcDbEntity
  8
PIN_TOP
100
AcDbCircle
 10
46.496224
 20
27.5844
 30
0.0
 40
0.149987
  0
CIRCLE
  5
C84B
330
1D
100
AcDbEntity
  8
PIN_TOP
100
AcDbCircle
 10
47.46752
 20
27.5844
 30
0.0
 40
0.149987
  0
CIRCLE
  5
C84C
330
1D
100
AcDbEntity
  8
PIN_TOP
100
AcDbCircle
 10
48.438816
 20
27.5844
 30
0.0
 40
0.149987
  0
CIRCLE
  5
C84D
330
1D
100
AcDbEntity
  8
PIN_TOP
100
AcDbCircle
 10
50.067464
 20
27.657806
 30
0.0
 40
0.149987
  0
CIRCLE
  5
C84E
330
1D
100
AcDbEntity
  8
PIN_TOP
100
AcDbCircle
 10
50.70729
 20
27.657806
 30
0.0
 40
0.149987
  0
CIRCLE
  5
C84F
330
1D
100
AcDbEntity
  8
PIN_TOP
100
AcDbCircle
 10
51.34737
 20
27.657806
 30
0.0
 40
0.149987
  0
CIRCLE
  5
C850
330
1D
100
AcDbEntity
  8
PIN_TOP
100
AcDbCircle
 10
51.98745
 20
27.657806
 30
0.0
 40
0.149987
  0
CIRCLE
  5
C851
330
1D
100
AcDbEntity
  8
PIN_TOP
100
AcDbCircle
 10
52.627276
 20
27.657806
 30
0.0
 40
0.149987
  0
CIRCLE
  5
C852
330
1D
100
AcDbEntity
  8
PIN_TOP
100
AcDbCircle
 10
53.267356
 20
27.657806
 30
0.0
 40
0.149987
  0
LWPOLYLINE
  5
C853
330
1D
100
AcDbEntity
  8
PIN_TOP
100
AcDbPolyline
 90
        4
 70
     1
 43
0.0
 10
54.304565
 20
27.576272
 10
54.389655
 20
27.576272
 42
-1.0
 10
54.389655
 20
27.326336
 10
54.304565
 20
27.326336
 42
-1.0
  0
LWPOLYLINE
  5
C859
330
1D
100
AcDbEntity
  8
PIN_TOP
100
AcDbPolyline
 90
        4
 70
     1
 43
0.0
 10
54.924579
 20
27.542998
 10
55.009669
 20
27.542998
 42
-1.0
 10
55.009669
 20
27.293062
 10
54.924579
 20
27.293062
 42
-1.0
  0
LWPOLYLINE
  5
C85F
330
1D
100
AcDbEntity
  8
PIN_TOP
100
AcDbPolyline
 90
        4
 70
     1
 43
0.0
 10
55.903114
 20
27.369897
 10
55.803038
 20
27.369897
 42
-1.0
 10
55.803038
 20
27.569795
 10
55.903114
 20
27.569795
 42
-1.0
  0
CIRCLE
  5
C865
330
1D
100
AcDbEntity
  8
PIN_TOP
100
AcDbCircle
 10
34.825432
 20
26.912824
 30
0.0
 40
0.149987
  0
CIRCLE
  5
C866
330
1D
100
AcDbEntity
  8
PIN_TOP
100
AcDbCircle
 10
35.465258
 20
26.912824
 30
0.0
 40
0.149987
  0
CIRCLE
  5
C867
330
1D
100
AcDbEntity
  8
PIN_TOP
100
AcDbCircle
 10
36.105338
 20
26.912824
 30
0.0
 40
0.149987
  0
CIRCLE
  5
C868
330
1D
100
AcDbEntity
  8
PIN_TOP
100
AcDbCircle
 10
36.745418
 20
26.912824
 30
0.0
 40
0.149987
  0
CIRCLE
  5
C869
330
1D
100
AcDbEntity
  8
PIN_TOP
100
AcDbCircle
 10
37.516308
 20
26.912824
 30
0.0
 40
0.149987
  0
CIRCLE
  5
C86A
330
1D
100
AcDbEntity
  8
PIN_TOP
100
AcDbCircle
 10
38.241224
 20
27.199082
 30
0.0
 40
0.149987
  0
CIRCLE
  5
C86B
330
1D
100
AcDbEntity
  8
PIN_TOP
100
AcDbCircle
 10
39.212266
 20
27.199082
 30
0.0
 40
0.149987
  0
CIRCLE
  5
C86C
330
1D
100
AcDbEntity
  8
PIN_TOP
100
AcDbCircle
 10
40.183562
 20
27.199082
 30
0.0
 40
0.149987
  0
CIRCLE
  5
C86D
330
1D
100
AcDbEntity
  8
PIN_TOP
100
AcDbCircle
 10
41.154858
 20
27.199082
 30
0.0
 40
0.149987
  0
CIRCLE
  5
C86E
330
1D
100
AcDbEntity
  8
PIN_TOP
100
AcDbCircle
 10
42.1259
 20
27.199082
 30
0.0
 40
0.149987
  0
CIRCLE
  5
C86F
330
1D
100
AcDbEntity
  8
PIN_TOP
100
AcDbCircle
 10
43.097196
 20
27.199082
 30
0.0
 40
0.149987
  0
CIRCLE
  5
C870
330
1D
100
AcDbEntity
  8
PIN_TOP
100
AcDbCircle
 10
44.068238
 20
27.199082
 30
0.0
 40
0.149987
  0
CIRCLE
  5
C871
330
1D
100
AcDbEntity
  8
PIN_TOP
100
AcDbCircle
 10
45.039534
 20
27.199082
 30
0.0
 40
0.149987
  0
CIRCLE
  5
C872
330
1D
100
AcDbEntity
  8
PIN_TOP
100
AcDbCircle
 10
46.01083
 20
27.199082
 30
0.0
 40
0.149987
  0
CIRCLE
  5
C873
330
1D
100
AcDbEntity
  8
PIN_TOP
100
AcDbCircle
 10
46.981872
 20
27.199082
 30
0.0
 40
0.149987
  0
CIRCLE
  5
C874
330
1D
100
AcDbEntity
  8
PIN_TOP
100
AcDbCircle
 10
47.953168
 20
27.199082
 30
0.0
 40
0.149987
  0
CIRCLE
  5
C875
330
1D
100
AcDbEntity
  8
PIN_TOP
100
AcDbCircle
 10
48.924464
 20
27.199082
 30
0.0
 40
0.149987
  0
CIRCLE
  5
C876
330
1D
100
AcDbEntity
  8
PIN_TOP
100
AcDbCircle
 10
49.681892
 20
27.172158
 30
0.0
 40
0.149987
  0
LWPOLYLINE
  5
C877
330
1D
100
AcDbEntity
  8
PIN_TOP
100
AcDbPolyline
 90
        4
 70
     1
 43
0.0
 10
55.485538
 20
26.910919
 10
55.385462
 20
26.910919
 42
-1.0
 10
55.385462
 20
27.110817
 10
55.485538
 20
27.110817
 42
-1.0
  0
LWPOLYLINE
  5
C87D
330
1D
100
AcDbEntity
  8
PIN_TOP
100
AcDbPolyline
 90
        4
 70
     1
 43
0.0
 10
56.345582
 20
26.910919
 10
56.245506
 20
26.910919
 42
-1.0
 10
56.245506
 20
27.110817
 10
56.345582
 20
27.110817
 42
-1.0
  0
LWPOLYLINE
  5
C883
330
1D
100
AcDbEntity
  8
PIN_TOP
100
AcDbPolyline
 90
        4
 70
     1
 43
0.0
 10
33.46577
 20
26.645743
 10
33.365694
 20
26.645743
 42
-1.0
 10
33.365694
 20
26.845641
 10
33.46577
 20
26.845641
 42
-1.0
  0
LWPOLYLINE
  5
C889
330
1D
100
AcDbEntity
  8
PIN_TOP
100
AcDbPolyline
 90
        4
 70
     1
 43
0.0
 10
34.085784
 20
26.645743
 10
33.985708
 20
26.645743
 42
-1.0
 10
33.985708
 20
26.845641
 10
34.085784
 20
26.845641
 42
-1.0
  0
CIRCLE
  5
C88F
330
1D
100
AcDbEntity
  8
PIN_TOP
100
AcDbCircle
 10
38.726618
 20
26.81351
 30
0.0
 40
0.149987
  0
CIRCLE
  5
C890
330
1D
100
AcDbEntity
  8
PIN_TOP
100
AcDbCircle
 10
39.697914
 20
26.81351
 30
0.0
 40
0.149987
  0
CIRCLE
  5
C891
330
1D
100
AcDbEntity
  8
PIN_TOP
100
AcDbCircle
 10
40.66921
 20
26.81351
 30
0.0
 40
0.149987
  0
CIRCLE
  5
C892
330
1D
100
AcDbEntity
  8
PIN_TOP
100
AcDbCircle
 10
41.640252
 20
26.81351
 30
0.0
 40
0.149987
  0
CIRCLE
  5
C893
330
1D
100
AcDbEntity
  8
PIN_TOP
100
AcDbCircle
 10
42.611548
 20
26.81351
 30
0.0
 40
0.149987
  0
CIRCLE
  5
C894
330
1D
100
AcDbEntity
  8
PIN_TOP
100
AcDbCircle
 10
43.582844
 20
26.81351
 30
0.0
 40
0.149987
  0
CIRCLE
  5
C895
330
1D
100
AcDbEntity
  8
PIN_TOP
100
AcDbCircle
 10
44.553886
 20
26.81351
 30
0.0
 40
0.149987
  0
CIRCLE
  5
C896
330
1D
100
AcDbEntity
  8
PIN_TOP
100
AcDbCircle
 10
45.525182
 20
26.81351
 30
0.0
 40
0.149987
  0
CIRCLE
  5
C897
330
1D
100
AcDbEntity
  8
PIN_TOP
100
AcDbCircle
 10
46.496224
 20
26.81351
 30
0.0
 40
0.149987
  0
CIRCLE
  5
C898
330
1D
100
AcDbEntity
  8
PIN_TOP
100
AcDbCircle
 10
47.46752
 20
26.81351
 30
0.0
 40
0.149987
  0
CIRCLE
  5
C899
330
1D
100
AcDbEntity
  8
PIN_TOP
100
AcDbCircle
 10
48.438816
 20
26.81351
 30
0.0
 40
0.149987
  0
CIRCLE
  5
C89A
330
1D
100
AcDbEntity
  8
PIN_TOP
100
AcDbCircle
 10
50.067464
 20
26.68651
 30
0.0
 40
0.149987
  0
CIRCLE
  5
C89B
330
1D
100
AcDbEntity
  8
PIN_TOP
100
AcDbCircle
 10
50.70729
 20
26.68651
 30
0.0
 40
0.149987
  0
CIRCLE
  5
C89C
330
1D
100
AcDbEntity
  8
PIN_TOP
100
AcDbCircle
 10
51.34737
 20
26.68651
 30
0.0
 40
0.149987
  0
CIRCLE
  5
C89D
330
1D
100
AcDbEntity
  8
PIN_TOP
100
AcDbCircle
 10
51.98745
 20
26.68651
 30
0.0
 40
0.149987
  0
CIRCLE
  5
C89E
330
1D
100
AcDbEntity
  8
PIN_TOP
100
AcDbCircle
 10
52.627276
 20
26.68651
 30
0.0
 40
0.149987
  0
CIRCLE
  5
C89F
330
1D
100
AcDbEntity
  8
PIN_TOP
100
AcDbCircle
 10
53.267356
 20
26.68651
 30
0.0
 40
0.149987
  0
CIRCLE
  5
C8A0
330
1D
100
AcDbEntity
  8
PIN_TOP
100
AcDbCircle
 10
54.34711
 20
26.637234
 30
0.0
 40
0.149987
  0
LWPOLYLINE
  5
C8A1
330
1D
100
AcDbEntity
  8
PIN_TOP
100
AcDbPolyline
 90
        4
 70
     1
 43
0.0
 10
54.924579
 20
26.728674
 10
55.009669
 20
26.728674
 42
-1.0
 10
55.009669
 20
26.478738
 10
54.924579
 20
26.478738
 42
-1.0
  0
LWPOLYLINE
  5
C8A7
330
1D
100
AcDbEntity
  8
PIN_TOP
100
AcDbPolyline
 90
        4
 70
     1
 43
0.0
 10
55.903114
 20
26.451687
 10
55.803038
 20
26.451687
 42
-1.0
 10
55.803038
 20
26.651585
 10
55.903114
 20
26.651585
 42
-1.0
  0
CIRCLE
  5
C8AD
330
1D
100
AcDbEntity
  8
PIN_TOP
100
AcDbCircle
 10
37.130736
 20
26.427176
 30
0.0
 40
0.149987
  0
CIRCLE
  5
C8AE
330
1D
100
AcDbEntity
  8
PIN_TOP
100
AcDbCircle
 10
38.241224
 20
26.427938
 30
0.0
 40
0.149987
  0
CIRCLE
  5
C8AF
330
1D
100
AcDbEntity
  8
PIN_TOP
100
AcDbCircle
 10
39.212266
 20
26.427938
 30
0.0
 40
0.149987
  0
CIRCLE
  5
C8B0
330
1D
100
AcDbEntity
  8
PIN_TOP
100
AcDbCircle
 10
40.183562
 20
26.427938
 30
0.0
 40
0.149987
  0
CIRCLE
  5
C8B1
330
1D
100
AcDbEntity
  8
PIN_TOP
100
AcDbCircle
 10
41.154858
 20
26.427938
 30
0.0
 40
0.149987
  0
CIRCLE
  5
C8B2
330
1D
100
AcDbEntity
  8
PIN_TOP
100
AcDbCircle
 10
42.1259
 20
26.427938
 30
0.0
 40
0.149987
  0
CIRCLE
  5
C8B3
330
1D
100
AcDbEntity
  8
PIN_TOP
100
AcDbCircle
 10
43.097196
 20
26.427938
 30
0.0
 40
0.149987
  0
CIRCLE
  5
C8B4
330
1D
100
AcDbEntity
  8
PIN_TOP
100
AcDbCircle
 10
44.068238
 20
26.427938
 30
0.0
 40
0.149987
  0
CIRCLE
  5
C8B5
330
1D
100
AcDbEntity
  8
PIN_TOP
100
AcDbCircle
 10
45.039534
 20
26.427938
 30
0.0
 40
0.149987
  0
CIRCLE
  5
C8B6
330
1D
100
AcDbEntity
  8
PIN_TOP
100
AcDbCircle
 10
46.01083
 20
26.427938
 30
0.0
 40
0.149987
  0
LWPOLYLINE
  5
C8B7
330
1D
100
AcDbEntity
  8
PIN_TOP
100
AcDbPolyline
 90
        4
 70
     1
 43
0.0
 10
33.46577
 20
25.981787
 10
33.365694
 20
25.981787
 42
-1.0
 10
33.365694
 20
26.181685
 10
33.46577
 20
26.181685
 42
-1.0
  0
LWPOLYLINE
  5
C8BD
330
1D
100
AcDbEntity
  8
PIN_TOP
100
AcDbPolyline
 90
        4
 70
     1
 43
0.0
 10
34.085784
 20
25.981787
 10
33.985708
 20
25.981787
 42
-1.0
 10
33.985708
 20
26.181685
 10
34.085784
 20
26.181685
 42
-1.0
  0
CIRCLE
  5
C8C3
330
1D
100
AcDbEntity
  8
PIN_TOP
100
AcDbCircle
 10
34.825432
 20
25.941528
 30
0.0
 40
0.149987
  0
CIRCLE
  5
C8C4
330
1D
100
AcDbEntity
  8
PIN_TOP
100
AcDbCircle
 10
35.465258
 20
25.941528
 30
0.0
 40
0.149987
  0
CIRCLE
  5
C8C5
330
1D
100
AcDbEntity
  8
PIN_TOP
100
AcDbCircle
 10
36.105338
 20
25.941528
 30
0.0
 40
0.149987
  0
CIRCLE
  5
C8C6
330
1D
100
AcDbEntity
  8
PIN_TOP
100
AcDbCircle
 10
36.745418
 20
25.941528
 30
0.0
 40
0.149987
  0
CIRCLE
  5
C8C7
330
1D
100
AcDbEntity
  8
PIN_TOP
100
AcDbCircle
 10
37.755576
 20
26.04262
 30
0.0
 40
0.149987
  0
CIRCLE
  5
C8C8
330
1D
100
AcDbEntity
  8
PIN_TOP
100
AcDbCircle
 10
38.726618
 20
26.04262
 30
0.0
 40
0.149987
  0
CIRCLE
  5
C8C9
330
1D
100
AcDbEntity
  8
PIN_TOP
100
AcDbCircle
 10
39.697914
 20
26.04262
 30
0.0
 40
0.149987
  0
CIRCLE
  5
C8CA
330
1D
100
AcDbEntity
  8
PIN_TOP
100
AcDbCircle
 10
40.66921
 20
26.04262
 30
0.0
 40
0.149987
  0
CIRCLE
  5
C8CB
330
1D
100
AcDbEntity
  8
PIN_TOP
100
AcDbCircle
 10
41.640252
 20
26.04262
 30
0.0
 40
0.149987
  0
CIRCLE
  5
C8CC
330
1D
100
AcDbEntity
  8
PIN_TOP
100
AcDbCircle
 10
42.611548
 20
26.04262
 30
0.0
 40
0.149987
  0
CIRCLE
  5
C8CD
330
1D
100
AcDbEntity
  8
PIN_TOP
100
AcDbCircle
 10
43.582844
 20
26.04262
 30
0.0
 40
0.149987
  0
CIRCLE
  5
C8CE
330
1D
100
AcDbEntity
  8
PIN_TOP
100
AcDbCircle
 10
44.553886
 20
26.04262
 30
0.0
 40
0.149987
  0
CIRCLE
  5
C8CF
330
1D
100
AcDbEntity
  8
PIN_TOP
100
AcDbCircle
 10
45.525182
 20
26.04262
 30
0.0
 40
0.149987
  0
CIRCLE
  5
C8D0
330
1D
100
AcDbEntity
  8
PIN_TOP
100
AcDbCircle
 10
46.496224
 20
26.04262
 30
0.0
 40
0.149987
  0
CIRCLE
  5
C8D1
330
1D
100
AcDbEntity
  8
PIN_TOP
100
AcDbCircle
 10
47.46752
 20
26.04262
 30
0.0
 40
0.149987
  0
CIRCLE
  5
C8D2
330
1D
100
AcDbEntity
  8
PIN_TOP
100
AcDbCircle
 10
48.438816
 20
26.04262
 30
0.0
 40
0.149987
  0
CIRCLE
  5
C8D3
330
1D
100
AcDbEntity
  8
PIN_TOP
100
AcDbCircle
 10
49.409858
 20
26.04262
 30
0.0
 40
0.149987
  0
CIRCLE
  5
C8D4
330
1D
100
AcDbEntity
  8
PIN_TOP
100
AcDbCircle
 10
50.167286
 20
26.066496
 30
0.0
 40
0.149987
  0
CIRCLE
  5
C8D5
330
1D
100
AcDbEntity
  8
PIN_TOP
100
AcDbCircle
 10
50.70729
 20
25.715214
 30
0.0
 40
0.149987
  0
CIRCLE
  5
C8D6
330
1D
100
AcDbEntity
  8
PIN_TOP
100
AcDbCircle
 10
51.34737
 20
25.715214
 30
0.0
 40
0.149987
  0
CIRCLE
  5
C8D7
330
1D
100
AcDbEntity
  8
PIN_TOP
100
AcDbCircle
 10
51.98745
 20
25.715214
 30
0.0
 40
0.149987
  0
CIRCLE
  5
C8D8
330
1D
100
AcDbEntity
  8
PIN_TOP
100
AcDbCircle
 10
52.627276
 20
25.715214
 30
0.0
 40
0.149987
  0
CIRCLE
  5
C8D9
330
1D
100
AcDbEntity
  8
PIN_TOP
100
AcDbCircle
 10
53.267356
 20
25.715214
 30
0.0
 40
0.149987
  0
LWPOLYLINE
  5
C8DA
330
1D
100
AcDbEntity
  8
PIN_TOP
100
AcDbPolyline
 90
        4
 70
     1
 43
0.0
 10
54.722141
 20
26.138378
 10
54.807231
 20
26.138378
 42
-1.0
 10
54.807231
 20
25.888442
 10
54.722141
 20
25.888442
 42
-1.0
  0
LWPOLYLINE
  5
C8E0
330
1D
100
AcDbEntity
  8
PIN_TOP
100
AcDbPolyline
 90
        4
 70
     1
 43
0.0
 10
55.434738
 20
25.913461
 10
55.334662
 20
25.913461
 42
-1.0
 10
55.334662
 20
26.113359
 10
55.434738
 20
26.113359
 42
-1.0
  0
LWPOLYLINE
  5
C8E6
330
1D
100
AcDbEntity
  8
PIN_TOP
100
AcDbPolyline
 90
        4
 70
     1
 43
0.0
 10
56.345582
 20
25.628981
 10
56.245506
 20
25.628981
 42
-1.0
 10
56.245506
 20
25.828879
 10
56.345582
 20
25.828879
 42
-1.0
  0
LWPOLYLINE
  5
C8EC
330
1D
100
AcDbEntity
  8
PIN_TOP
100
AcDbPolyline
 90
        4
 70
     1
 43
0.0
 10
33.46577
 20
25.317831
 10
33.365694
 20
25.317831
 42
-1.0
 10
33.365694
 20
25.517729
 10
33.46577
 20
25.517729
 42
-1.0
  0
LWPOLYLINE
  5
C8F2
330
1D
100
AcDbEntity
  8
PIN_TOP
100
AcDbPolyline
 90
        4
 70
     1
 43
0.0
 10
34.085784
 20
25.317831
 10
33.985708
 20
25.317831
 42
-1.0
 10
33.985708
 20
25.517729
 10
34.085784
 20
25.517729
 42
-1.0
  0
CIRCLE
  5
C8F8
330
1D
100
AcDbEntity
  8
PIN_TOP
100
AcDbCircle
 10
37.130736
 20
25.45588
 30
0.0
 40
0.149987
  0
CIRCLE
  5
C8F9
330
1D
100
AcDbEntity
  8
PIN_TOP
100
AcDbCircle
 10
37.755576
 20
25.40254
 30
0.0
 40
0.149987
  0
CIRCLE
  5
C8FA
330
1D
100
AcDbEntity
  8
PIN_TOP
100
AcDbCircle
 10
38.726618
 20
25.40254
 30
0.0
 40
0.149987
  0
CIRCLE
  5
C8FB
330
1D
100
AcDbEntity
  8
PIN_TOP
100
AcDbCircle
 10
39.697914
 20
25.40254
 30
0.0
 40
0.149987
  0
CIRCLE
  5
C8FC
330
1D
100
AcDbEntity
  8
PIN_TOP
100
AcDbCircle
 10
40.66921
 20
25.40254
 30
0.0
 40
0.149987
  0
CIRCLE
  5
C8FD
330
1D
100
AcDbEntity
  8
PIN_TOP
100
AcDbCircle
 10
41.640252
 20
25.40254
 30
0.0
 40
0.149987
  0
CIRCLE
  5
C8FE
330
1D
100
AcDbEntity
  8
PIN_TOP
100
AcDbCircle
 10
42.611548
 20
25.40254
 30
0.0
 40
0.149987
  0
CIRCLE
  5
C8FF
330
1D
100
AcDbEntity
  8
PIN_TOP
100
AcDbCircle
 10
43.582844
 20
25.40254
 30
0.0
 40
0.149987
  0
CIRCLE
  5
C900
330
1D
100
AcDbEntity
  8
PIN_TOP
100
AcDbCircle
 10
44.553886
 20
25.40254
 30
0.0
 40
0.149987
  0
CIRCLE
  5
C901
330
1D
100
AcDbEntity
  8
PIN_TOP
100
AcDbCircle
 10
45.525182
 20
25.40254
 30
0.0
 40
0.149987
  0
CIRCLE
  5
C902
330
1D
100
AcDbEntity
  8
PIN_TOP
100
AcDbCircle
 10
46.496224
 20
25.40254
 30
0.0
 40
0.149987
  0
CIRCLE
  5
C903
330
1D
100
AcDbEntity
  8
PIN_TOP
100
AcDbCircle
 10
47.46752
 20
25.40254
 30
0.0
 40
0.149987
  0
CIRCLE
  5
C904
330
1D
100
AcDbEntity
  8
PIN_TOP
100
AcDbCircle
 10
48.438816
 20
25.40254
 30
0.0
 40
0.149987
  0
CIRCLE
  5
C905
330
1D
100
AcDbEntity
  8
PIN_TOP
100
AcDbCircle
 10
49.409858
 20
25.40254
 30
0.0
 40
0.149987
  0
CIRCLE
  5
C906
330
1D
100
AcDbEntity
  8
PIN_TOP
100
AcDbCircle
 10
54.226714
 20
25.693624
 30
0.0
 40
0.149987
  0
LWPOLYLINE
  5
C907
330
1D
100
AcDbEntity
  8
PIN_TOP
100
AcDbPolyline
 90
        4
 70
     1
 43
0.0
 10
54.727983
 20
25.513792
 10
54.813073
 20
25.513792
 42
-1.0
 10
54.813073
 20
25.263856
 10
54.727983
 20
25.263856
 42
-1.0
  0
LWPOLYLINE
  5
C90D
330
1D
100
AcDbEntity
  8
PIN_TOP
100
AcDbPolyline
 90
        4
 70
     1
 43
0.0
 10
55.808372
 20
25.318847
 10
55.708296
 20
25.318847
 42
-1.0
 10
55.708296
 20
25.518745
 10
55.808372
 20
25.518745
 42
-1.0
  0
CIRCLE
  5
C913
330
1D
100
AcDbEntity
  8
PIN_TOP
100
AcDbCircle
 10
34.825432
 20
24.970232
 30
0.0
 40
0.149987
  0
CIRCLE
  5
C914
330
1D
100
AcDbEntity
  8
PIN_TOP
100
AcDbCircle
 10
35.465258
 20
24.970232
 30
0.0
 40
0.149987
  0
CIRCLE
  5
C915
330
1D
100
AcDbEntity
  8
PIN_TOP
100
AcDbCircle
 10
36.105338
 20
24.970232
 30
0.0
 40
0.149987
  0
CIRCLE
  5
C916
330
1D
100
AcDbEntity
  8
PIN_TOP
100
AcDbCircle
 10
36.745418
 20
24.970232
 30
0.0
 40
0.149987
  0
CIRCLE
  5
C917
330
1D
100
AcDbEntity
  8
PIN_TOP
100
AcDbCircle
 10
50.321718
 20
25.22982
 30
0.0
 40
0.149987
  0
LWPOLYLINE
  5
C918
330
1D
100
AcDbEntity
  8
PIN_TOP
100
AcDbPolyline
 90
        4
 70
     1
 43
0.0
 10
54.095777
 20
25.203912
 10
54.180867
 20
25.203912
 42
-1.0
 10
54.180867
 20
24.953976
 10
54.095777
 20
24.953976
 42
-1.0
  0
LWPOLYLINE
  5
C91E
330
1D
100
AcDbEntity
  8
PIN_TOP
100
AcDbPolyline
 90
        4
 70
     1
 43
0.0
 10
55.342155
 20
25.043384
 10
55.427245
 20
25.043384
 42
-1.0
 10
55.427245
 20
24.793448
 10
55.342155
 20
24.793448
 42
-1.0
  0
LWPOLYLINE
  5
C924
330
1D
100
AcDbEntity
  8
PIN_TOP
100
AcDbPolyline
 90
        4
 70
     1
 43
0.0
 10
56.345582
 20
25.008967
 10
56.245506
 20
25.008967
 42
-1.0
 10
56.245506
 20
25.208865
 10
56.345582
 20
25.208865
 42
-1.0
  0
LWPOLYLINE
  5
C92A
330
1D
100
AcDbEntity
  8
PIN_TOP
100
AcDbPolyline
 90
        4
 70
     1
 43
0.0
 10
33.46577
 20
24.653875
 10
33.365694
 20
24.653875
 42
-1.0
 10
33.365694
 20
24.853773
 10
33.46577
 20
24.853773
 42
-1.0
  0
LWPOLYLINE
  5
C930
330
1D
100
AcDbEntity
  8
PIN_TOP
100
AcDbPolyline
 90
        4
 70
     1
 43
0.0
 10
34.085784
 20
24.653875
 10
33.985708
 20
24.653875
 42
-1.0
 10
33.985708
 20
24.853773
 10
34.085784
 20
24.853773
 42
-1.0
  0
CIRCLE
  5
C936
330
1D
100
AcDbEntity
  8
PIN_TOP
100
AcDbCircle
 10
37.755576
 20
24.76246
 30
0.0
 40
0.149987
  0
CIRCLE
  5
C937
330
1D
100
AcDbEntity
  8
PIN_TOP
100
AcDbCircle
 10
38.726618
 20
24.76246
 30
0.0
 40
0.149987
  0
CIRCLE
  5
C938
330
1D
100
AcDbEntity
  8
PIN_TOP
100
AcDbCircle
 10
39.697914
 20
24.76246
 30
0.0
 40
0.149987
  0
CIRCLE
  5
C939
330
1D
100
AcDbEntity
  8
PIN_TOP
100
AcDbCircle
 10
40.66921
 20
24.76246
 30
0.0
 40
0.149987
  0
CIRCLE
  5
C93A
330
1D
100
AcDbEntity
  8
PIN_TOP
100
AcDbCircle
 10
41.640252
 20
24.76246
 30
0.0
 40
0.149987
  0
CIRCLE
  5
C93B
330
1D
100
AcDbEntity
  8
PIN_TOP
100
AcDbCircle
 10
42.611548
 20
24.76246
 30
0.0
 40
0.149987
  0
CIRCLE
  5
C93C
330
1D
100
AcDbEntity
  8
PIN_TOP
100
AcDbCircle
 10
43.582844
 20
24.76246
 30
0.0
 40
0.149987
  0
CIRCLE
  5
C93D
330
1D
100
AcDbEntity
  8
PIN_TOP
100
AcDbCircle
 10
44.553886
 20
24.76246
 30
0.0
 40
0.149987
  0
CIRCLE
  5
C93E
330
1D
100
AcDbEntity
  8
PIN_TOP
100
AcDbCircle
 10
45.525182
 20
24.76246
 30
0.0
 40
0.149987
  0
CIRCLE
  5
C93F
330
1D
100
AcDbEntity
  8
PIN_TOP
100
AcDbCircle
 10
46.496224
 20
24.76246
 30
0.0
 40
0.149987
  0
CIRCLE
  5
C940
330
1D
100
AcDbEntity
  8
PIN_TOP
100
AcDbCircle
 10
47.46752
 20
24.76246
 30
0.0
 40
0.149987
  0
CIRCLE
  5
C941
330
1D
100
AcDbEntity
  8
PIN_TOP
100
AcDbCircle
 10
48.438816
 20
24.76246
 30
0.0
 40
0.149987
  0
CIRCLE
  5
C942
330
1D
100
AcDbEntity
  8
PIN_TOP
100
AcDbCircle
 10
49.409858
 20
24.76246
 30
0.0
 40
0.149987
  0
CIRCLE
  5
C943
330
1D
100
AcDbEntity
  8
PIN_TOP
100
AcDbCircle
 10
50.70729
 20
24.744172
 30
0.0
 40
0.149987
  0
CIRCLE
  5
C944
330
1D
100
AcDbEntity
  8
PIN_TOP
100
AcDbCircle
 10
51.34737
 20
24.744172
 30
0.0
 40
0.149987
  0
CIRCLE
  5
C945
330
1D
100
AcDbEntity
  8
PIN_TOP
100
AcDbCircle
 10
51.98745
 20
24.744172
 30
0.0
 40
0.149987
  0
CIRCLE
  5
C946
330
1D
100
AcDbEntity
  8
PIN_TOP
100
AcDbCircle
 10
52.627276
 20
24.744172
 30
0.0
 40
0.149987
  0
CIRCLE
  5
C947
330
1D
100
AcDbEntity
  8
PIN_TOP
100
AcDbCircle
 10
53.267356
 20
24.744172
 30
0.0
 40
0.149987
  0
LWPOLYLINE
  5
C948
330
1D
100
AcDbEntity
  8
PIN_TOP
100
AcDbPolyline
 90
        4
 70
     1
 43
0.0
 10
55.90413
 20
24.413083
 10
55.804054
 20
24.413083
 42
-1.0
 10
55.804054
 20
24.612981
 10
55.90413
 20
24.612981
 42
-1.0
  0
CIRCLE
  5
C94E
330
1D
100
AcDbEntity
  8
PIN_TOP
100
AcDbCircle
 10
37.130736
 20
24.484838
 30
0.0
 40
0.149987
  0
CIRCLE
  5
C94F
330
1D
100
AcDbEntity
  8
PIN_TOP
100
AcDbCircle
 10
37.755576
 20
24.122634
 30
0.0
 40
0.149987
  0
CIRCLE
  5
C950
330
1D
100
AcDbEntity
  8
PIN_TOP
100
AcDbCircle
 10
38.726618
 20
24.122634
 30
0.0
 40
0.149987
  0
CIRCLE
  5
C951
330
1D
100
AcDbEntity
  8
PIN_TOP
100
AcDbCircle
 10
39.697914
 20
24.122634
 30
0.0
 40
0.149987
  0
CIRCLE
  5
C952
330
1D
100
AcDbEntity
  8
PIN_TOP
100
AcDbCircle
 10
40.66921
 20
24.122634
 30
0.0
 40
0.149987
  0
CIRCLE
  5
C953
330
1D
100
AcDbEntity
  8
PIN_TOP
100
AcDbCircle
 10
41.640252
 20
24.122634
 30
0.0
 40
0.149987
  0
CIRCLE
  5
C954
330
1D
100
AcDbEntity
  8
PIN_TOP
100
AcDbCircle
 10
42.611548
 20
24.122634
 30
0.0
 40
0.149987
  0
CIRCLE
  5
C955
330
1D
100
AcDbEntity
  8
PIN_TOP
100
AcDbCircle
 10
43.582844
 20
24.122634
 30
0.0
 40
0.149987
  0
CIRCLE
  5
C956
330
1D
100
AcDbEntity
  8
PIN_TOP
100
AcDbCircle
 10
44.553886
 20
24.122634
 30
0.0
 40
0.149987
  0
CIRCLE
  5
C957
330
1D
100
AcDbEntity
  8
PIN_TOP
100
AcDbCircle
 10
45.525182
 20
24.122634
 30
0.0
 40
0.149987
  0
CIRCLE
  5
C958
330
1D
100
AcDbEntity
  8
PIN_TOP
100
AcDbCircle
 10
46.496224
 20
24.122634
 30
0.0
 40
0.149987
  0
CIRCLE
  5
C959
330
1D
100
AcDbEntity
  8
PIN_TOP
100
AcDbCircle
 10
47.46752
 20
24.122634
 30
0.0
 40
0.149987
  0
CIRCLE
  5
C95A
330
1D
100
AcDbEntity
  8
PIN_TOP
100
AcDbCircle
 10
48.438816
 20
24.122634
 30
0.0
 40
0.149987
  0
CIRCLE
  5
C95B
330
1D
100
AcDbEntity
  8
PIN_TOP
100
AcDbCircle
 10
49.409858
 20
24.122634
 30
0.0
 40
0.149987
  0
CIRCLE
  5
C95C
330
1D
100
AcDbEntity
  8
PIN_TOP
100
AcDbCircle
 10
50.381154
 20
24.122634
 30
0.0
 40
0.149987
  0
CIRCLE
  5
C95D
330
1D
100
AcDbEntity
  8
PIN_TOP
100
AcDbCircle
 10
51.35245
 20
24.122634
 30
0.0
 40
0.149987
  0
CIRCLE
  5
C95E
330
1D
100
AcDbEntity
  8
PIN_TOP
100
AcDbCircle
 10
52.323492
 20
24.122634
 30
0.0
 40
0.149987
  0
CIRCLE
  5
C95F
330
1D
100
AcDbEntity
  8
PIN_TOP
100
AcDbCircle
 10
53.294788
 20
24.122634
 30
0.0
 40
0.149987
  0
LWPOLYLINE
  5
C960
330
1D
100
AcDbEntity
  8
PIN_TOP
100
AcDbPolyline
 90
        4
 70
     1
 43
0.0
 10
54.304565
 20
24.618188
 10
54.389655
 20
24.618188
 42
-1.0
 10
54.389655
 20
24.368252
 10
54.304565
 20
24.368252
 42
-1.0
  0
LWPOLYLINE
  5
C966
330
1D
100
AcDbEntity
  8
PIN_TOP
100
AcDbPolyline
 90
        4
 70
     1
 43
0.0
 10
54.924579
 20
24.584914
 10
55.009669
 20
24.584914
 42
-1.0
 10
55.009669
 20
24.334978
 10
54.924579
 20
24.334978
 42
-1.0
  0
LWPOLYLINE
  5
C96C
330
1D
100
AcDbEntity
  8
PIN_TOP
100
AcDbPolyline
 90
        4
 70
     1
 43
0.0
 10
33.46577
 20
23.989919
 10
33.365694
 20
23.989919
 42
-1.0
 10
33.365694
 20
24.189817
 10
33.46577
 20
24.189817
 42
-1.0
  0
LWPOLYLINE
  5
C972
330
1D
100
AcDbEntity
  8
PIN_TOP
100
AcDbPolyline
 90
        4
 70
     1
 43
0.0
 10
34.085784
 20
23.989919
 10
33.985708
 20
23.989919
 42
-1.0
 10
33.985708
 20
24.189817
 10
34.085784
 20
24.189817
 42
-1.0
  0
CIRCLE
  5
C978
330
1D
100
AcDbEntity
  8
PIN_TOP
100
AcDbCircle
 10
34.825432
 20
23.99919
 30
0.0
 40
0.149987
  0
CIRCLE
  5
C979
330
1D
100
AcDbEntity
  8
PIN_TOP
100
AcDbCircle
 10
35.465258
 20
23.99919
 30
0.0
 40
0.149987
  0
CIRCLE
  5
C97A
330
1D
100
AcDbEntity
  8
PIN_TOP
100
AcDbCircle
 10
36.105338
 20
23.99919
 30
0.0
 40
0.149987
  0
CIRCLE
  5
C97B
330
1D
100
AcDbEntity
  8
PIN_TOP
100
AcDbCircle
 10
36.745418
 20
23.99919
 30
0.0
 40
0.149987
  0
LWPOLYLINE
  5
C97C
330
1D
100
AcDbEntity
  8
PIN_TOP
100
AcDbPolyline
 90
        4
 70
     1
 43
0.0
 10
55.392955
 20
24.177752
 10
55.478045
 20
24.177752
 42
-1.0
 10
55.478045
 20
23.927816
 10
55.392955
 20
23.927816
 42
-1.0
  0
LWPOLYLINE
  5
C982
330
1D
100
AcDbEntity
  8
PIN_TOP
100
AcDbPolyline
 90
        4
 70
     1
 43
0.0
 10
56.345582
 20
23.952835
 10
56.245506
 20
23.952835
 42
-1.0
 10
56.245506
 20
24.152733
 10
56.345582
 20
24.152733
 42
-1.0
  0
LWPOLYLINE
  5
C988
330
1D
100
AcDbEntity
  8
PIN_TOP
100
AcDbPolyline
 90
        4
 70
     1
 43
0.0
 10
33.46577
 20
23.325963
 10
33.365694
 20
23.325963
 42
-1.0
 10
33.365694
 20
23.525861
 10
33.46577
 20
23.525861
 42
-1.0
  0
LWPOLYLINE
  5
C98E
330
1D
100
AcDbEntity
  8
PIN_TOP
100
AcDbPolyline
 90
        4
 70
     1
 43
0.0
 10
34.085784
 20
23.325963
 10
33.985708
 20
23.325963
 42
-1.0
 10
33.985708
 20
23.525861
 10
34.085784
 20
23.525861
 42
-1.0
  0
CIRCLE
  5
C994
330
1D
100
AcDbEntity
  8
PIN_TOP
100
AcDbCircle
 10
37.130736
 20
23.513542
 30
0.0
 40
0.149987
  0
CIRCLE
  5
C995
330
1D
100
AcDbEntity
  8
PIN_TOP
100
AcDbCircle
 10
37.755576
 20
23.482554
 30
0.0
 40
0.149987
  0
CIRCLE
  5
C996
330
1D
100
AcDbEntity
  8
PIN_TOP
100
AcDbCircle
 10
38.726618
 20
23.482554
 30
0.0
 40
0.149987
  0
CIRCLE
  5
C997
330
1D
100
AcDbEntity
  8
PIN_TOP
100
AcDbCircle
 10
39.697914
 20
23.482554
 30
0.0
 40
0.149987
  0
CIRCLE
  5
C998
330
1D
100
AcDbEntity
  8
PIN_TOP
100
AcDbCircle
 10
40.66921
 20
23.482554
 30
0.0
 40
0.149987
  0
CIRCLE
  5
C999
330
1D
100
AcDbEntity
  8
PIN_TOP
100
AcDbCircle
 10
41.640252
 20
23.482554
 30
0.0
 40
0.149987
  0
CIRCLE
  5
C99A
330
1D
100
AcDbEntity
  8
PIN_TOP
100
AcDbCircle
 10
42.611548
 20
23.482554
 30
0.0
 40
0.149987
  0
CIRCLE
  5
C99B
330
1D
100
AcDbEntity
  8
PIN_TOP
100
AcDbCircle
 10
43.582844
 20
23.482554
 30
0.0
 40
0.149987
  0
CIRCLE
  5
C99C
330
1D
100
AcDbEntity
  8
PIN_TOP
100
AcDbCircle
 10
44.553886
 20
23.482554
 30
0.0
 40
0.149987
  0
CIRCLE
  5
C99D
330
1D
100
AcDbEntity
  8
PIN_TOP
100
AcDbCircle
 10
45.525182
 20
23.482554
 30
0.0
 40
0.149987
  0
CIRCLE
  5
C99E
330
1D
100
AcDbEntity
  8
PIN_TOP
100
AcDbCircle
 10
46.496224
 20
23.482554
 30
0.0
 40
0.149987
  0
CIRCLE
  5
C99F
330
1D
100
AcDbEntity
  8
PIN_TOP
100
AcDbCircle
 10
47.46752
 20
23.482554
 30
0.0
 40
0.149987
  0
CIRCLE
  5
C9A0
330
1D
100
AcDbEntity
  8
PIN_TOP
100
AcDbCircle
 10
48.438816
 20
23.482554
 30
0.0
 40
0.149987
  0
CIRCLE
  5
C9A1
330
1D
100
AcDbEntity
  8
PIN_TOP
100
AcDbCircle
 10
49.409858
 20
23.482554
 30
0.0
 40
0.149987
  0
CIRCLE
  5
C9A2
330
1D
100
AcDbEntity
  8
PIN_TOP
100
AcDbCircle
 10
50.381154
 20
23.482554
 30
0.0
 40
0.149987
  0
CIRCLE
  5
C9A3
330
1D
100
AcDbEntity
  8
PIN_TOP
100
AcDbCircle
 10
51.35245
 20
23.482554
 30
0.0
 40
0.149987
  0
CIRCLE
  5
C9A4
330
1D
100
AcDbEntity
  8
PIN_TOP
100
AcDbCircle
 10
52.323492
 20
23.482554
 30
0.0
 40
0.149987
  0
CIRCLE
  5
C9A5
330
1D
100
AcDbEntity
  8
PIN_TOP
100
AcDbCircle
 10
53.294788
 20
23.482554
 30
0.0
 40
0.149987
  0
LWPOLYLINE
  5
C9A6
330
1D
100
AcDbEntity
  8
PIN_TOP
100
AcDbPolyline
 90
        4
 70
     1
 43
0.0
 10
54.304565
 20
23.736808
 10
54.389655
 20
23.736808
 42
-1.0
 10
54.389655
 20
23.486872
 10
54.304565
 20
23.486872
 42
-1.0
  0
LWPOLYLINE
  5
C9AC
330
1D
100
AcDbEntity
  8
PIN_TOP
100
AcDbPolyline
 90
        4
 70
     1
 43
0.0
 10
54.924579
 20
23.77059
 10
55.009669
 20
23.77059
 42
-1.0
 10
55.009669
 20
23.520654
 10
54.924579
 20
23.520654
 42
-1.0
  0
LWPOLYLINE
  5
C9B2
330
1D
100
AcDbEntity
  8
PIN_TOP
100
AcDbPolyline
 90
        4
 70
     1
 43
0.0
 10
55.903114
 20
23.493857
 10
55.803038
 20
23.493857
 42
-1.0
 10
55.803038
 20
23.693755
 10
55.903114
 20
23.693755
 42
-1.0
  0
CIRCLE
  5
C9B8
330
1D
100
AcDbEntity
  8
PIN_TOP
100
AcDbCircle
 10
34.825432
 20
23.027894
 30
0.0
 40
0.149987
  0
CIRCLE
  5
C9B9
330
1D
100
AcDbEntity
  8
PIN_TOP
100
AcDbCircle
 10
35.465258
 20
23.027894
 30
0.0
 40
0.149987
  0
CIRCLE
  5
C9BA
330
1D
100
AcDbEntity
  8
PIN_TOP
100
AcDbCircle
 10
36.105338
 20
23.027894
 30
0.0
 40
0.149987
  0
CIRCLE
  5
C9BB
330
1D
100
AcDbEntity
  8
PIN_TOP
100
AcDbCircle
 10
36.745418
 20
23.027894
 30
0.0
 40
0.149987
  0
CIRCLE
  5
C9BC
330
1D
100
AcDbEntity
  8
PIN_TOP
100
AcDbCircle
 10
54.218332
 20
23.004526
 30
0.0
 40
0.149987
  0
LWPOLYLINE
  5
C9BD
330
1D
100
AcDbEntity
  8
PIN_TOP
100
AcDbPolyline
 90
        4
 70
     1
 43
0.0
 10
55.342155
 20
23.31212
 10
55.427245
 20
23.31212
 42
-1.0
 10
55.427245
 20
23.062184
 10
55.342155
 20
23.062184
 42
-1.0
  0
LWPOLYLINE
  5
C9C3
330
1D
100
AcDbEntity
  8
PIN_TOP
100
AcDbPolyline
 90
        4
 70
     1
 43
0.0
 10
56.345582
 20
22.896703
 10
56.245506
 20
22.896703
 42
-1.0
 10
56.245506
 20
23.096601
 10
56.345582
 20
23.096601
 42
-1.0
  0
LWPOLYLINE
  5
C9C9
330
1D
100
AcDbEntity
  8
PIN_TOP
100
AcDbPolyline
 90
        4
 70
     1
 43
0.0
 10
33.46577
 20
22.661753
 10
33.365694
 20
22.661753
 42
-1.0
 10
33.365694
 20
22.861651
 10
33.46577
 20
22.861651
 42
-1.0
  0
LWPOLYLINE
  5
C9CF
330
1D
100
AcDbEntity
  8
PIN_TOP
100
AcDbPolyline
 90
        4
 70
     1
 43
0.0
 10
34.085784
 20
22.661753
 10
33.985708
 20
22.661753
 42
-1.0
 10
33.985708
 20
22.861651
 10
34.085784
 20
22.861651
 42
-1.0
  0
CIRCLE
  5
C9D5
330
1D
100
AcDbEntity
  8
PIN_TOP
100
AcDbCircle
 10
37.130736
 20
22.542246
 30
0.0
 40
0.149987
  0
CIRCLE
  5
C9D6
330
1D
100
AcDbEntity
  8
PIN_TOP
100
AcDbCircle
 10
37.755576
 20
22.842474
 30
0.0
 40
0.149987
  0
CIRCLE
  5
C9D7
330
1D
100
AcDbEntity
  8
PIN_TOP
100
AcDbCircle
 10
38.726618
 20
22.842474
 30
0.0
 40
0.149987
  0
CIRCLE
  5
C9D8
330
1D
100
AcDbEntity
  8
PIN_TOP
100
AcDbCircle
 10
39.697914
 20
22.842474
 30
0.0
 40
0.149987
  0
CIRCLE
  5
C9D9
330
1D
100
AcDbEntity
  8
PIN_TOP
100
AcDbCircle
 10
40.66921
 20
22.842474
 30
0.0
 40
0.149987
  0
CIRCLE
  5
C9DA
330
1D
100
AcDbEntity
  8
PIN_TOP
100
AcDbCircle
 10
41.640252
 20
22.842474
 30
0.0
 40
0.149987
  0
CIRCLE
  5
C9DB
330
1D
100
AcDbEntity
  8
PIN_TOP
100
AcDbCircle
 10
42.611548
 20
22.842474
 30
0.0
 40
0.149987
  0
CIRCLE
  5
C9DC
330
1D
100
AcDbEntity
  8
PIN_TOP
100
AcDbCircle
 10
43.582844
 20
22.842474
 30
0.0
 40
0.149987
  0
CIRCLE
  5
C9DD
330
1D
100
AcDbEntity
  8
PIN_TOP
100
AcDbCircle
 10
44.553886
 20
22.842474
 30
0.0
 40
0.149987
  0
CIRCLE
  5
C9DE
330
1D
100
AcDbEntity
  8
PIN_TOP
100
AcDbCircle
 10
45.525182
 20
22.842474
 30
0.0
 40
0.149987
  0
CIRCLE
  5
C9DF
330
1D
100
AcDbEntity
  8
PIN_TOP
100
AcDbCircle
 10
46.496224
 20
22.842474
 30
0.0
 40
0.149987
  0
CIRCLE
  5
C9E0
330
1D
100
AcDbEntity
  8
PIN_TOP
100
AcDbCircle
 10
47.46752
 20
22.842474
 30
0.0
 40
0.149987
  0
CIRCLE
  5
C9E1
330
1D
100
AcDbEntity
  8
PIN_TOP
100
AcDbCircle
 10
48.438816
 20
22.842474
 30
0.0
 40
0.149987
  0
CIRCLE
  5
C9E2
330
1D
100
AcDbEntity
  8
PIN_TOP
100
AcDbCircle
 10
49.409858
 20
22.842474
 30
0.0
 40
0.149987
  0
CIRCLE
  5
C9E3
330
1D
100
AcDbEntity
  8
PIN_TOP
100
AcDbCircle
 10
50.381154
 20
22.842474
 30
0.0
 40
0.149987
  0
CIRCLE
  5
C9E4
330
1D
100
AcDbEntity
  8
PIN_TOP
100
AcDbCircle
 10
51.35245
 20
22.842474
 30
0.0
 40
0.149987
  0
CIRCLE
  5
C9E5
330
1D
100
AcDbEntity
  8
PIN_TOP
100
AcDbCircle
 10
52.323492
 20
22.842474
 30
0.0
 40
0.149987
  0
CIRCLE
  5
C9E6
330
1D
100
AcDbEntity
  8
PIN_TOP
100
AcDbCircle
 10
53.294788
 20
22.842474
 30
0.0
 40
0.149987
  0
CIRCLE
  5
C9E7
330
1D
100
AcDbEntity
  8
PIN_TOP
100
AcDbCircle
 10
54.770528
 20
22.686772
 30
0.0
 40
0.149987
  0
LWPOLYLINE
  5
C9E8
330
1D
100
AcDbEntity
  8
PIN_TOP
100
AcDbPolyline
 90
        4
 70
     1
 43
0.0
 10
55.715789
 20
22.81174
 10
55.800879
 20
22.81174
 42
-1.0
 10
55.800879
 20
22.561804
 10
55.715789
 20
22.561804
 42
-1.0
  0
LWPOLYLINE
  5
C9EE
330
1D
100
AcDbEntity
  8
PIN_TOP
100
AcDbPolyline
 90
        4
 70
     1
 43
0.0
 10
33.46577
 20
21.997797
 10
33.365694
 20
21.997797
 42
-1.0
 10
33.365694
 20
22.197695
 10
33.46577
 20
22.197695
 42
-1.0
  0
LWPOLYLINE
  5
C9F4
330
1D
100
AcDbEntity
  8
PIN_TOP
100
AcDbPolyline
 90
        4
 70
     1
 43
0.0
 10
34.085784
 20
21.997797
 10
33.985708
 20
21.997797
 42
-1.0
 10
33.985708
 20
22.197695
 10
34.085784
 20
22.197695
 42
-1.0
  0
CIRCLE
  5
C9FA
330
1D
100
AcDbEntity
  8
PIN_TOP
100
AcDbCircle
 10
37.755576
 20
22.202394
 30
0.0
 40
0.149987
  0
CIRCLE
  5
C9FB
330
1D
100
AcDbEntity
  8
PIN_TOP
100
AcDbCircle
 10
38.726618
 20
22.202394
 30
0.0
 40
0.149987
  0
CIRCLE
  5
C9FC
330
1D
100
AcDbEntity
  8
PIN_TOP
100
AcDbCircle
 10
39.697914
 20
22.202394
 30
0.0
 40
0.149987
  0
CIRCLE
  5
C9FD
330
1D
100
AcDbEntity
  8
PIN_TOP
100
AcDbCircle
 10
40.66921
 20
22.202394
 30
0.0
 40
0.149987
  0
CIRCLE
  5
C9FE
330
1D
100
AcDbEntity
  8
PIN_TOP
100
AcDbCircle
 10
41.640252
 20
22.202394
 30
0.0
 40
0.149987
  0
CIRCLE
  5
C9FF
330
1D
100
AcDbEntity
  8
PIN_TOP
100
AcDbCircle
 10
42.611548
 20
22.202394
 30
0.0
 40
0.149987
  0
CIRCLE
  5
CA00
330
1D
100
AcDbEntity
  8
PIN_TOP
100
AcDbCircle
 10
43.582844
 20
22.202394
 30
0.0
 40
0.149987
  0
CIRCLE
  5
CA01
330
1D
100
AcDbEntity
  8
PIN_TOP
100
AcDbCircle
 10
44.553886
 20
22.202394
 30
0.0
 40
0.149987
  0
CIRCLE
  5
CA02
330
1D
100
AcDbEntity
  8
PIN_TOP
100
AcDbCircle
 10
45.525182
 20
22.202394
 30
0.0
 40
0.149987
  0
CIRCLE
  5
CA03
330
1D
100
AcDbEntity
  8
PIN_TOP
100
AcDbCircle
 10
46.496224
 20
22.202394
 30
0.0
 40
0.149987
  0
CIRCLE
  5
CA04
330
1D
100
AcDbEntity
  8
PIN_TOP
100
AcDbCircle
 10
47.46752
 20
22.202394
 30
0.0
 40
0.149987
  0
CIRCLE
  5
CA05
330
1D
100
AcDbEntity
  8
PIN_TOP
100
AcDbCircle
 10
48.438816
 20
22.202394
 30
0.0
 40
0.149987
  0
CIRCLE
  5
CA06
330
1D
100
AcDbEntity
  8
PIN_TOP
100
AcDbCircle
 10
49.409858
 20
22.202394
 30
0.0
 40
0.149987
  0
CIRCLE
  5
CA07
330
1D
100
AcDbEntity
  8
PIN_TOP
100
AcDbCircle
 10
50.381154
 20
22.202394
 30
0.0
 40
0.149987
  0
CIRCLE
  5
CA08
330
1D
100
AcDbEntity
  8
PIN_TOP
100
AcDbCircle
 10
51.35245
 20
22.202394
 30
0.0
 40
0.149987
  0
CIRCLE
  5
CA09
330
1D
100
AcDbEntity
  8
PIN_TOP
100
AcDbCircle
 10
52.323492
 20
22.202394
 30
0.0
 40
0.149987
  0
CIRCLE
  5
CA0A
330
1D
100
AcDbEntity
  8
PIN_TOP
100
AcDbCircle
 10
53.294788
 20
22.202394
 30
0.0
 40
0.149987
  0
CIRCLE
  5
CA0B
330
1D
100
AcDbEntity
  8
PIN_TOP
100
AcDbCircle
 10
54.218332
 20
22.368764
 30
0.0
 40
0.149987
  0
LWPOLYLINE
  5
CA0C
330
1D
100
AcDbEntity
  8
PIN_TOP
100
AcDbPolyline
 90
        4
 70
     1
 43
0.0
 10
55.342155
 20
22.311106
 10
55.427245
 20
22.311106
 42
-1.0
 10
55.427245
 20
22.06117
 10
55.342155
 20
22.06117
 42
-1.0
  0
LWPOLYLINE
  5
CA12
330
1D
100
AcDbEntity
  8
PIN_TOP
100
AcDbPolyline
 90
        4
 70
     1
 43
0.0
 10
56.345582
 20
22.276689
 10
56.245506
 20
22.276689
 42
-1.0
 10
56.245506
 20
22.476587
 10
56.345582
 20
22.476587
 42
-1.0
  0
CIRCLE
  5
CA18
330
1D
100
AcDbEntity
  8
PIN_TOP
100
AcDbCircle
 10
34.825432
 20
22.056598
 30
0.0
 40
0.149987
  0
CIRCLE
  5
CA19
330
1D
100
AcDbEntity
  8
PIN_TOP
100
AcDbCircle
 10
35.465258
 20
22.056598
 30
0.0
 40
0.149987
  0
CIRCLE
  5
CA1A
330
1D
100
AcDbEntity
  8
PIN_TOP
100
AcDbCircle
 10
36.105338
 20
22.056598
 30
0.0
 40
0.149987
  0
CIRCLE
  5
CA1B
330
1D
100
AcDbEntity
  8
PIN_TOP
100
AcDbCircle
 10
36.745418
 20
22.056598
 30
0.0
 40
0.149987
  0
LWPOLYLINE
  5
CA1C
330
1D
100
AcDbEntity
  8
PIN_TOP
100
AcDbPolyline
 90
        4
 70
     1
 43
0.0
 10
54.304565
 20
21.886672
 10
54.389655
 20
21.886672
 42
-1.0
 10
54.389655
 20
21.636736
 10
54.304565
 20
21.636736
 42
-1.0
  0
LWPOLYLINE
  5
CA22
330
1D
100
AcDbEntity
  8
PIN_TOP
100
AcDbPolyline
 90
        4
 70
     1
 43
0.0
 10
54.924579
 20
21.852636
 10
55.009669
 20
21.852636
 42
-1.0
 10
55.009669
 20
21.6027
 10
54.924579
 20
21.6027
 42
-1.0
  0
LWPOLYLINE
  5
CA28
330
1D
100
AcDbEntity
  8
PIN_TOP
100
AcDbPolyline
 90
        4
 70
     1
 43
0.0
 10
55.903114
 20
21.679789
 10
55.803038
 20
21.679789
 42
-1.0
 10
55.803038
 20
21.879687
 10
55.903114
 20
21.879687
 42
-1.0
  0
LWPOLYLINE
  5
CA2E
330
1D
100
AcDbEntity
  8
PIN_TOP
100
AcDbPolyline
 90
        4
 70
     1
 43
0.0
 10
33.458277
 20
21.352764
 10
33.373187
 20
21.352764
 42
-1.0
 10
33.373187
 20
21.6027
 10
33.458277
 20
21.6027
 42
-1.0
  0
LWPOLYLINE
  5
CA34
330
1D
100
AcDbEntity
  8
PIN_TOP
100
AcDbPolyline
 90
        4
 70
     1
 43
0.0
 10
34.078291
 20
21.352764
 10
33.993201
 20
21.352764
 42
-1.0
 10
33.993201
 20
21.6027
 10
34.078291
 20
21.6027
 42
-1.0
  0
CIRCLE
  5
CA3A
330
1D
100
AcDbEntity
  8
PIN_TOP
100
AcDbCircle
 10
37.130736
 20
21.571204
 30
0.0
 40
0.149987
  0
CIRCLE
  5
CA3B
330
1D
100
AcDbEntity
  8
PIN_TOP
100
AcDbCircle
 10
37.755576
 20
21.562568
 30
0.0
 40
0.149987
  0
CIRCLE
  5
CA3C
330
1D
100
AcDbEntity
  8
PIN_TOP
100
AcDbCircle
 10
38.726618
 20
21.562568
 30
0.0
 40
0.149987
  0
CIRCLE
  5
CA3D
330
1D
100
AcDbEntity
  8
PIN_TOP
100
AcDbCircle
 10
39.697914
 20
21.562568
 30
0.0
 40
0.149987
  0
CIRCLE
  5
CA3E
330
1D
100
AcDbEntity
  8
PIN_TOP
100
AcDbCircle
 10
40.66921
 20
21.562568
 30
0.0
 40
0.149987
  0
CIRCLE
  5
CA3F
330
1D
100
AcDbEntity
  8
PIN_TOP
100
AcDbCircle
 10
41.640252
 20
21.562568
 30
0.0
 40
0.149987
  0
CIRCLE
  5
CA40
330
1D
100
AcDbEntity
  8
PIN_TOP
100
AcDbCircle
 10
42.611548
 20
21.562568
 30
0.0
 40
0.149987
  0
CIRCLE
  5
CA41
330
1D
100
AcDbEntity
  8
PIN_TOP
100
AcDbCircle
 10
43.582844
 20
21.562568
 30
0.0
 40
0.149987
  0
CIRCLE
  5
CA42
330
1D
100
AcDbEntity
  8
PIN_TOP
100
AcDbCircle
 10
44.553886
 20
21.562568
 30
0.0
 40
0.149987
  0
CIRCLE
  5
CA43
330
1D
100
AcDbEntity
  8
PIN_TOP
100
AcDbCircle
 10
45.525182
 20
21.562568
 30
0.0
 40
0.149987
  0
CIRCLE
  5
CA44
330
1D
100
AcDbEntity
  8
PIN_TOP
100
AcDbCircle
 10
46.496224
 20
21.562568
 30
0.0
 40
0.149987
  0
CIRCLE
  5
CA45
330
1D
100
AcDbEntity
  8
PIN_TOP
100
AcDbCircle
 10
47.46752
 20
21.562568
 30
0.0
 40
0.149987
  0
CIRCLE
  5
CA46
330
1D
100
AcDbEntity
  8
PIN_TOP
100
AcDbCircle
 10
48.438816
 20
21.562568
 30
0.0
 40
0.149987
  0
CIRCLE
  5
CA47
330
1D
100
AcDbEntity
  8
PIN_TOP
100
AcDbCircle
 10
49.409858
 20
21.562568
 30
0.0
 40
0.149987
  0
CIRCLE
  5
CA48
330
1D
100
AcDbEntity
  8
PIN_TOP
100
AcDbCircle
 10
50.381154
 20
21.562568
 30
0.0
 40
0.149987
  0
CIRCLE
  5
CA49
330
1D
100
AcDbEntity
  8
PIN_TOP
100
AcDbCircle
 10
51.35245
 20
21.562568
 30
0.0
 40
0.149987
  0
CIRCLE
  5
CA4A
330
1D
100
AcDbEntity
  8
PIN_TOP
100
AcDbCircle
 10
52.323492
 20
21.562568
 30
0.0
 40
0.149987
  0
CIRCLE
  5
CA4B
330
1D
100
AcDbEntity
  8
PIN_TOP
100
AcDbCircle
 10
53.294788
 20
21.562568
 30
0.0
 40
0.149987
  0
LWPOLYLINE
  5
CA4C
330
1D
100
AcDbEntity
  8
PIN_TOP
100
AcDbPolyline
 90
        4
 70
     1
 43
0.0
 10
56.252999
 20
21.446236
 10
56.338089
 20
21.446236
 42
-1.0
 10
56.338089
 20
21.1963
 10
56.252999
 20
21.1963
 42
-1.0
  0
CIRCLE
  5
CA52
330
1D
100
AcDbEntity
  8
PIN_TOP
100
AcDbCircle
 10
34.825432
 20
21.085556
 30
0.0
 40
0.149987
  0
CIRCLE
  5
CA53
330
1D
100
AcDbEntity
  8
PIN_TOP
100
AcDbCircle
 10
35.465258
 20
21.085556
 30
0.0
 40
0.149987
  0
CIRCLE
  5
CA54
330
1D
100
AcDbEntity
  8
PIN_TOP
100
AcDbCircle
 10
36.105338
 20
21.085556
 30
0.0
 40
0.149987
  0
CIRCLE
  5
CA55
330
1D
100
AcDbEntity
  8
PIN_TOP
100
AcDbCircle
 10
36.745418
 20
21.085556
 30
0.0
 40
0.149987
  0
CIRCLE
  5
CA56
330
1D
100
AcDbEntity
  8
PIN_TOP
100
AcDbCircle
 10
37.414454
 20
21.0185
 30
0.0
 40
0.149987
  0
CIRCLE
  5
CA57
330
1D
100
AcDbEntity
  8
PIN_TOP
100
AcDbCircle
 10
38.48989
 20
20.947634
 30
0.0
 40
0.149987
  0
CIRCLE
  5
CA58
330
1D
100
AcDbEntity
  8
PIN_TOP
100
AcDbCircle
 10
55.758588
 20
21.011134
 30
0.0
 40
0.149987
  0
CIRCLE
  5
CA59
330
1D
100
AcDbEntity
  8
PIN_TOP
100
AcDbCircle
 10
33.415732
 20
20.852638
 30
0.0
 40
0.149987
  0
CIRCLE
  5
CA5A
330
1D
100
AcDbEntity
  8
PIN_TOP
100
AcDbCircle
 10
33.952688
 20
20.542758
 30
0.0
 40
0.149987
  0
LWPOLYLINE
  5
CA5B
330
1D
100
AcDbEntity
  8
PIN_TOP
100
AcDbPolyline
 90
        4
 70
     1
 43
0.0
 10
38.179502
 20
20.545425
 10
38.179502
 20
20.460335
 42
-1.0
 10
37.929566
 20
20.460335
 10
37.929566
 20
20.545425
 42
-1.0
  0
LWPOLYLINE
  5
CA61
330
1D
100
AcDbEntity
  8
PIN_TOP
100
AcDbPolyline
 90
        4
 70
     1
 43
0.0
 10
39.061898
 20
20.545425
 10
39.061898
 20
20.460335
 42
-1.0
 10
38.811962
 20
20.460335
 10
38.811962
 20
20.545425
 42
-1.0
  0
CIRCLE
  5
CA67
330
1D
100
AcDbEntity
  8
PIN_TOP
100
AcDbCircle
 10
39.54399
 20
20.631404
 30
0.0
 40
0.149987
  0
CIRCLE
  5
CA68
330
1D
100
AcDbEntity
  8
PIN_TOP
100
AcDbCircle
 10
40.179752
 20
20.631404
 30
0.0
 40
0.149987
  0
LWPOLYLINE
  5
CA69
330
1D
100
AcDbEntity
  8
PIN_TOP
100
AcDbPolyline
 90
        4
 70
     1
 43
0.0
 10
40.91178
 20
20.545425
 10
40.91178
 20
20.460335
 42
-1.0
 10
40.661844
 20
20.460335
 10
40.661844
 20
20.545425
 42
-1.0
  0
LWPOLYLINE
  5
CA6F
330
1D
100
AcDbEntity
  8
PIN_TOP
100
AcDbPolyline
 90
        4
 70
     1
 43
0.0
 10
41.793922
 20
20.545425
 10
41.793922
 20
20.460335
 42
-1.0
 10
41.543986
 20
20.460335
 10
41.543986
 20
20.545425
 42
-1.0
  0
CIRCLE
  5
CA75
330
1D
100
AcDbEntity
  8
PIN_TOP
100
AcDbCircle
 10
42.276014
 20
20.631404
 30
0.0
 40
0.149987
  0
CIRCLE
  5
CA76
330
1D
100
AcDbEntity
  8
PIN_TOP
100
AcDbCircle
 10
42.91203
 20
20.631404
 30
0.0
 40
0.149987
  0
LWPOLYLINE
  5
CA77
330
1D
100
AcDbEntity
  8
PIN_TOP
100
AcDbPolyline
 90
        4
 70
     1
 43
0.0
 10
43.644058
 20
20.545425
 10
43.644058
 20
20.460335
 42
-1.0
 10
43.394122
 20
20.460335
 10
43.394122
 20
20.545425
 42
-1.0
  0
LWPOLYLINE
  5
CA7D
330
1D
100
AcDbEntity
  8
PIN_TOP
100
AcDbPolyline
 90
        4
 70
     1
 43
0.0
 10
44.5262
 20
20.545425
 10
44.5262
 20
20.460335
 42
-1.0
 10
44.276264
 20
20.460335
 10
44.276264
 20
20.545425
 42
-1.0
  0
CIRCLE
  5
CA83
330
1D
100
AcDbEntity
  8
PIN_TOP
100
AcDbCircle
 10
45.008292
 20
20.631404
 30
0.0
 40
0.149987
  0
CIRCLE
  5
CA84
330
1D
100
AcDbEntity
  8
PIN_TOP
100
AcDbCircle
 10
45.644054
 20
20.631404
 30
0.0
 40
0.149987
  0
LWPOLYLINE
  5
CA85
330
1D
100
AcDbEntity
  8
PIN_TOP
100
AcDbPolyline
 90
        4
 70
     1
 43
0.0
 10
46.376082
 20
20.545425
 10
46.376082
 20
20.460335
 42
-1.0
 10
46.126146
 20
20.460335
 10
46.126146
 20
20.545425
 42
-1.0
  0
LWPOLYLINE
  5
CA8B
330
1D
100
AcDbEntity
  8
PIN_TOP
100
AcDbPolyline
 90
        4
 70
     1
 43
0.0
 10
47.257716
 20
20.545425
 10
47.257716
 20
20.460335
 42
-1.0
 10
47.00778
 20
20.460335
 10
47.00778
 20
20.545425
 42
-1.0
  0
LWPOLYLINE
  5
CA91
330
1D
100
AcDbEntity
  8
PIN_TOP
100
AcDbPolyline
 90
        4
 70
     1
 43
0.0
 10
47.84344
 20
20.753959
 10
47.84344
 20
20.668869
 42
-1.0
 10
47.593504
 20
20.668869
 10
47.593504
 20
20.753959
 42
-1.0
  0
CIRCLE
  5
CA97
330
1D
100
AcDbEntity
  8
PIN_TOP
100
AcDbCircle
 10
48.333152
 20
20.623276
 30
0.0
 40
0.149987
  0
CIRCLE
  5
CA98
330
1D
100
AcDbEntity
  8
PIN_TOP
100
AcDbCircle
 10
49.276762
 20
20.50288
 30
0.0
 40
0.149987
  0
LWPOLYLINE
  5
CA99
330
1D
100
AcDbEntity
  8
PIN_TOP
100
AcDbPolyline
 90
        4
 70
     1
 43
0.0
 10
50.2158
 20
20.545425
 10
50.2158
 20
20.460335
 42
-1.0
 10
49.965864
 20
20.460335
 10
49.965864
 20
20.545425
 42
-1.0
  0
LWPOLYLINE
  5
CA9F
330
1D
100
AcDbEntity
  8
PIN_TOP
100
AcDbPolyline
 90
        4
 70
     1
 43
0.0
 10
51.13401
 20
20.545425
 10
51.13401
 20
20.460335
 42
-1.0
 10
50.884074
 20
20.460335
 10
50.884074
 20
20.545425
 42
-1.0
  0
LWPOLYLINE
  5
CAA5
330
1D
100
AcDbEntity
  8
PIN_TOP
100
AcDbPolyline
 90
        4
 70
     1
 43
0.0
 10
51.719734
 20
20.753959
 10
51.719734
 20
20.668869
 42
-1.0
 10
51.469798
 20
20.668869
 10
51.469798
 20
20.753959
 42
-1.0
  0
CIRCLE
  5
CAAB
330
1D
100
AcDbEntity
  8
PIN_TOP
100
AcDbCircle
 10
52.209446
 20
20.623276
 30
0.0
 40
0.149987
  0
CIRCLE
  5
CAAC
330
1D
100
AcDbEntity
  8
PIN_TOP
100
AcDbCircle
 10
53.06314
 20
20.840446
 30
0.0
 40
0.149987
  0
CIRCLE
  5
CAAD
330
1D
100
AcDbEntity
  8
PIN_TOP
100
AcDbCircle
 10
53.70322
 20
20.840446
 30
0.0
 40
0.149987
  0
CIRCLE
  5
CAAE
330
1D
100
AcDbEntity
  8
PIN_TOP
100
AcDbCircle
 10
54.3433
 20
20.840446
 30
0.0
 40
0.149987
  0
CIRCLE
  5
CAAF
330
1D
100
AcDbEntity
  8
PIN_TOP
100
AcDbCircle
 10
54.983126
 20
20.840446
 30
0.0
 40
0.149987
  0
CIRCLE
  5
CAB0
330
1D
100
AcDbEntity
  8
PIN_TOP
100
AcDbCircle
 10
56.295544
 20
20.701254
 30
0.0
 40
0.149987
  0
CIRCLE
  5
CAB1
330
1D
100
AcDbEntity
  8
PIN_TOP
100
AcDbCircle
 10
33.415732
 20
20.232624
 30
0.0
 40
0.149987
  0
CIRCLE
  5
CAB2
330
1D
100
AcDbEntity
  8
PIN_TOP
100
AcDbCircle
 10
34.825432
 20
20.11426
 30
0.0
 40
0.149987
  0
CIRCLE
  5
CAB3
330
1D
100
AcDbEntity
  8
PIN_TOP
100
AcDbCircle
 10
35.465258
 20
20.11426
 30
0.0
 40
0.149987
  0
CIRCLE
  5
CAB4
330
1D
100
AcDbEntity
  8
PIN_TOP
100
AcDbCircle
 10
36.105338
 20
20.11426
 30
0.0
 40
0.149987
  0
CIRCLE
  5
CAB5
330
1D
100
AcDbEntity
  8
PIN_TOP
100
AcDbCircle
 10
36.745418
 20
20.11426
 30
0.0
 40
0.149987
  0
CIRCLE
  5
CAB6
330
1D
100
AcDbEntity
  8
PIN_TOP
100
AcDbCircle
 10
37.414454
 20
20.398486
 30
0.0
 40
0.149987
  0
CIRCLE
  5
CAB7
330
1D
100
AcDbEntity
  8
PIN_TOP
100
AcDbCircle
 10
55.758588
 20
20.39112
 30
0.0
 40
0.149987
  0
CIRCLE
  5
CAB8
330
1D
100
AcDbEntity
  8
PIN_TOP
100
AcDbCircle
 10
34.001202
 20
19.817334
 30
0.0
 40
0.149987
  0
CIRCLE
  5
CAB9
330
1D
100
AcDbEntity
  8
PIN_TOP
100
AcDbCircle
 10
37.414454
 20
19.778472
 30
0.0
 40
0.149987
  0
LWPOLYLINE
  5
CABA
330
1D
100
AcDbEntity
  8
PIN_TOP
100
AcDbPolyline
 90
        4
 70
     1
 43
0.0
 10
38.213538
 20
19.925411
 10
38.213538
 20
19.840321
 42
-1.0
 10
37.963602
 20
19.840321
 10
37.963602
 20
19.925411
 42
-1.0
  0
LWPOLYLINE
  5
CAC0
330
1D
100
AcDbEntity
  8
PIN_TOP
100
AcDbPolyline
 90
        4
 70
     1
 43
0.0
 10
39.027862
 20
19.925411
 10
39.027862
 20
19.840321
 42
-1.0
 10
38.777926
 20
19.840321
 10
38.777926
 20
19.925411
 42
-1.0
  0
CIRCLE
  5
CAC6
330
1D
100
AcDbEntity
  8
PIN_TOP
100
AcDbCircle
 10
39.861744
 20
20.079208
 30
0.0
 40
0.149987
  0
LWPOLYLINE
  5
CAC7
330
1D
100
AcDbEntity
  8
PIN_TOP
100
AcDbPolyline
 90
        4
 70
     1
 43
0.0
 10
40.945816
 20
19.925411
 10
40.945816
 20
19.840321
 42
-1.0
 10
40.69588
 20
19.840321
 10
40.69588
 20
19.925411
 42
-1.0
  0
LWPOLYLINE
  5
CACD
330
1D
100
AcDbEntity
  8
PIN_TOP
100
AcDbPolyline
 90
        4
 70
     1
 43
0.0
 10
41.759886
 20
19.925411
 10
41.759886
 20
19.840321
 42
-1.0
 10
41.50995
 20
19.840321
 10
41.50995
 20
19.925411
 42
-1.0
  0
CIRCLE
  5
CAD3
330
1D
100
AcDbEntity
  8
PIN_TOP
100
AcDbCircle
 10
42.594022
 20
20.079208
 30
0.0
 40
0.149987
  0
LWPOLYLINE
  5
CAD4
330
1D
100
AcDbEntity
  8
PIN_TOP
100
AcDbPolyline
 90
        4
 70
     1
 43
0.0
 10
43.678094
 20
19.925411
 10
43.678094
 20
19.840321
 42
-1.0
 10
43.428158
 20
19.840321
 10
43.428158
 20
19.925411
 42
-1.0
  0
LWPOLYLINE
  5
CADA
330
1D
100
AcDbEntity
  8
PIN_TOP
100
AcDbPolyline
 90
        4
 70
     1
 43
0.0
 10
44.492164
 20
19.925411
 10
44.492164
 20
19.840321
 42
-1.0
 10
44.242228
 20
19.840321
 10
44.242228
 20
19.925411
 42
-1.0
  0
CIRCLE
  5
CAE0
330
1D
100
AcDbEntity
  8
PIN_TOP
100
AcDbCircle
 10
45.3263
 20
20.079208
 30
0.0
 40
0.149987
  0
LWPOLYLINE
  5
CAE1
330
1D
100
AcDbEntity
  8
PIN_TOP
100
AcDbPolyline
 90
        4
 70
     1
 43
0.0
 10
46.410118
 20
19.925411
 10
46.410118
 20
19.840321
 42
-1.0
 10
46.160182
 20
19.840321
 10
46.160182
 20
19.925411
 42
-1.0
  0
LWPOLYLINE
  5
CAE7
330
1D
100
AcDbEntity
  8
PIN_TOP
100
AcDbPolyline
 90
        4
 70
     1
 43
0.0
 10
47.224442
 20
19.925411
 10
47.224442
 20
19.840321
 42
-1.0
 10
46.974506
 20
19.840321
 10
46.974506
 20
19.925411
 42
-1.0
  0
LWPOLYLINE
  5
CAED
330
1D
100
AcDbEntity
  8
PIN_TOP
100
AcDbPolyline
 90
        4
 70
     1
 43
0.0
 10
48.15332
 20
20.121753
 10
48.15332
 20
20.036663
 42
-1.0
 10
47.903384
 20
20.036663
 10
47.903384
 20
20.121753
 42
-1.0
  0
LWPOLYLINE
  5
CAF3
330
1D
100
AcDbEntity
  8
PIN_TOP
100
AcDbPolyline
 90
        4
 70
     1
 43
0.0
 10
48.777906
 20
20.127595
 10
48.777906
 20
20.042505
 42
-1.0
 10
48.52797
 20
20.042505
 10
48.52797
 20
20.127595
 42
-1.0
  0
LWPOLYLINE
  5
CAF9
330
1D
100
AcDbEntity
  8
PIN_TOP
100
AcDbPolyline
 90
        4
 70
     1
 43
0.0
 10
49.368202
 20
19.925411
 10
49.368202
 20
19.840321
 42
-1.0
 10
49.118266
 20
19.840321
 10
49.118266
 20
19.925411
 42
-1.0
  0
LWPOLYLINE
  5
CAFF
330
1D
100
AcDbEntity
  8
PIN_TOP
100
AcDbPolyline
 90
        4
 70
     1
 43
0.0
 10
50.182526
 20
19.925411
 10
50.182526
 20
19.840321
 42
-1.0
 10
49.93259
 20
19.840321
 10
49.93259
 20
19.925411
 42
-1.0
  0
LWPOLYLINE
  5
CB05
330
1D
100
AcDbEntity
  8
PIN_TOP
100
AcDbPolyline
 90
        4
 70
     1
 43
0.0
 10
51.100482
 20
19.925411
 10
51.100482
 20
19.840321
 42
-1.0
 10
50.850546
 20
19.840321
 10
50.850546
 20
19.925411
 42
-1.0
  0
LWPOLYLINE
  5
CB0B
330
1D
100
AcDbEntity
  8
PIN_TOP
100
AcDbPolyline
 90
        4
 70
     1
 43
0.0
 10
52.029614
 20
20.121753
 10
52.029614
 20
20.036663
 42
-1.0
 10
51.779678
 20
20.036663
 10
51.779678
 20
20.121753
 42
-1.0
  0
LWPOLYLINE
  5
CB11
330
1D
100
AcDbEntity
  8
PIN_TOP
100
AcDbPolyline
 90
        4
 70
     1
 43
0.0
 10
52.6542
 20
20.127595
 10
52.6542
 20
20.042505
 42
-1.0
 10
52.404264
 20
20.042505
 10
52.404264
 20
20.127595
 42
-1.0
  0
CIRCLE
  5
CB17
330
1D
100
AcDbEntity
  8
PIN_TOP
100
AcDbCircle
 10
53.093112
 20
19.799808
 30
0.0
 40
0.149987
  0
CIRCLE
  5
CB18
330
1D
100
AcDbEntity
  8
PIN_TOP
100
AcDbCircle
 10
53.70322
 20
19.99996
 30
0.0
 40
0.149987
  0
CIRCLE
  5
CB19
330
1D
100
AcDbEntity
  8
PIN_TOP
100
AcDbCircle
 10
54.3433
 20
19.99996
 30
0.0
 40
0.149987
  0
CIRCLE
  5
CB1A
330
1D
100
AcDbEntity
  8
PIN_TOP
100
AcDbCircle
 10
54.983126
 20
19.99996
 30
0.0
 40
0.149987
  0
CIRCLE
  5
CB1B
330
1D
100
AcDbEntity
  8
PIN_TOP
100
AcDbCircle
 10
55.758588
 20
19.771106
 30
0.0
 40
0.16256
  0
CIRCLE
  5
CB1C
330
1D
100
AcDbEntity
  8
PIN_TOP
100
AcDbCircle
 10
56.295544
 20
20.08124
 30
0.0
 40
0.16256
  0
CIRCLE
  5
CB1D
330
1D
100
AcDbEntity
  8
PIN_TOP
100
AcDbCircle
 10
33.415732
 20
19.61261
 30
0.0
 40
0.16256
  0
LWPOLYLINE
  5
CB1E
330
1D
100
AcDbEntity
  8
PIN_TOP
100
AcDbPolyline
 90
        4
 70
     1
 43
0.0
 10
38.395783
 20
19.364452
 10
38.395783
 20
19.464528
 42
-1.0
 10
38.595681
 20
19.464528
 10
38.595681
 20
19.364452
 42
-1.0
  0
LWPOLYLINE
  5
CB24
330
1D
100
AcDbEntity
  8
PIN_TOP
100
AcDbPolyline
 90
        4
 70
     1
 43
0.0
 10
39.486332
 20
19.507581
 10
39.486332
 20
19.422491
 42
-1.0
 10
39.236396
 20
19.422491
 10
39.236396
 20
19.507581
 42
-1.0
  0
LWPOLYLINE
  5
CB2A
330
1D
100
AcDbEntity
  8
PIN_TOP
100
AcDbPolyline
 90
        4
 70
     1
 43
0.0
 10
40.487346
 20
19.507581
 10
40.487346
 20
19.422491
 42
-1.0
 10
40.23741
 20
19.422491
 10
40.23741
 20
19.507581
 42
-1.0
  0
LWPOLYLINE
  5
CB30
330
1D
100
AcDbEntity
  8
PIN_TOP
100
AcDbPolyline
 90
        4
 70
     1
 43
0.0
 10
41.128061
 20
19.364452
 10
41.128061
 20
19.464528
 42
-1.0
 10
41.327959
 20
19.464528
 10
41.327959
 20
19.364452
 42
-1.0
  0
LWPOLYLINE
  5
CB36
330
1D
100
AcDbEntity
  8
PIN_TOP
100
AcDbPolyline
 90
        4
 70
     1
 43
0.0
 10
42.21861
 20
19.507581
 10
42.21861
 20
19.422491
 42
-1.0
 10
41.968674
 20
19.422491
 10
41.968674
 20
19.507581
 42
-1.0
  0
LWPOLYLINE
  5
CB3C
330
1D
100
AcDbEntity
  8
PIN_TOP
100
AcDbPolyline
 90
        4
 70
     1
 43
0.0
 10
43.219624
 20
19.507581
 10
43.219624
 20
19.422491
 42
-1.0
 10
42.969688
 20
19.422491
 10
42.969688
 20
19.507581
 42
-1.0
  0
LWPOLYLINE
  5
CB42
330
1D
100
AcDbEntity
  8
PIN_TOP
100
AcDbPolyline
 90
        4
 70
     1
 43
0.0
 10
43.860085
 20
19.364452
 10
43.860085
 20
19.464528
 42
-1.0
 10
44.059983
 20
19.464528
 10
44.059983
 20
19.364452
 42
-1.0
  0
LWPOLYLINE
  5
CB48
330
1D
100
AcDbEntity
  8
PIN_TOP
100
AcDbPolyline
 90
        4
 70
     1
 43
0.0
 10
44.950634
 20
19.507581
 10
44.950634
 20
19.422491
 42
-1.0
 10
44.700698
 20
19.422491
 10
44.700698
 20
19.507581
 42
-1.0
  0
LWPOLYLINE
  5
CB4E
330
1D
100
AcDbEntity
  8
PIN_TOP
100
AcDbPolyline
 90
        4
 70
     1
 43
0.0
 10
45.951648
 20
19.507581
 10
45.951648
 20
19.422491
 42
-1.0
 10
45.701712
 20
19.422491
 10
45.701712
 20
19.507581
 42
-1.0
  0
LWPOLYLINE
  5
CB54
330
1D
100
AcDbEntity
  8
PIN_TOP
100
AcDbPolyline
 90
        4
 70
     1
 43
0.0
 10
46.592363
 20
19.364452
 10
46.592363
 20
19.464528
 42
-1.0
 10
46.792261
 20
19.464528
 10
46.792261
 20
19.364452
 42
-1.0
  0
LWPOLYLINE
  5
CB5A
330
1D
100
AcDbEntity
  8
PIN_TOP
100
AcDbPolyline
 90
        4
 70
     1
 43
0.0
 10
47.682912
 20
19.507581
 10
47.682912
 20
19.422491
 42
-1.0
 10
47.432976
 20
19.422491
 10
47.432976
 20
19.507581
 42
-1.0
  0
LWPOLYLINE
  5
CB60
330
1D
100
AcDbEntity
  8
PIN_TOP
100
AcDbPolyline
 90
        4
 70
     1
 43
0.0
 10
48.552989
 20
19.414998
 10
48.552989
 20
19.515074
 42
-1.0
 10
48.752887
 20
19.515074
 10
48.752887
 20
19.414998
 42
-1.0
  0
LWPOLYLINE
  5
CB66
330
1D
100
AcDbEntity
  8
PIN_TOP
100
AcDbPolyline
 90
        4
 70
     1
 43
0.0
 10
49.550447
 20
19.364452
 10
49.550447
 20
19.464528
 42
-1.0
 10
49.750345
 20
19.464528
 10
49.750345
 20
19.364452
 42
-1.0
  0
LWPOLYLINE
  5
CB6C
330
1D
100
AcDbEntity
  8
PIN_TOP
100
AcDbPolyline
 90
        4
 70
     1
 43
0.0
 10
50.693574
 20
19.457035
 10
50.693574
 20
19.371945
 42
-1.0
 10
50.443638
 20
19.371945
 10
50.443638
 20
19.457035
 42
-1.0
  0
LWPOLYLINE
  5
CB72
330
1D
100
AcDbEntity
  8
PIN_TOP
100
AcDbPolyline
 90
        4
 70
     1
 43
0.0
 10
51.559206
 20
19.507581
 10
51.559206
 20
19.422491
 42
-1.0
 10
51.30927
 20
19.422491
 10
51.30927
 20
19.507581
 42
-1.0
  0
LWPOLYLINE
  5
CB78
330
1D
100
AcDbEntity
  8
PIN_TOP
100
AcDbPolyline
 90
        4
 70
     1
 43
0.0
 10
52.429283
 20
19.414998
 10
52.429283
 20
19.515074
 42
-1.0
 10
52.629181
 20
19.515074
 10
52.629181
 20
19.414998
 42
-1.0
  0
CIRCLE
  5
CB7E
330
1D
100
AcDbEntity
  8
PIN_TOP
100
AcDbCircle
 10
56.295544
 20
19.461226
 30
0.0
 40
0.175006
  0
CIRCLE
  5
CB7F
330
1D
100
AcDbEntity
  8
PIN_TOP
100
AcDbCircle
 10
33.415732
 20
18.992596
 30
0.0
 40
0.175006
  0
CIRCLE
  5
CB80
330
1D
100
AcDbEntity
  8
PIN_TOP
100
AcDbCircle
 10
34.014664
 20
19.153124
 30
0.0
 40
0.16256
  0
CIRCLE
  5
CB81
330
1D
100
AcDbEntity
  8
PIN_TOP
100
AcDbCircle
 10
34.825432
 20
19.143218
 30
0.0
 40
0.149987
  0
CIRCLE
  5
CB82
330
1D
100
AcDbEntity
  8
PIN_TOP
100
AcDbCircle
 10
35.465258
 20
19.143218
 30
0.0
 40
0.149987
  0
CIRCLE
  5
CB83
330
1D
100
AcDbEntity
  8
PIN_TOP
100
AcDbCircle
 10
36.105338
 20
19.143218
 30
0.0
 40
0.149987
  0
CIRCLE
  5
CB84
330
1D
100
AcDbEntity
  8
PIN_TOP
100
AcDbCircle
 10
36.745418
 20
19.143218
 30
0.0
 40
0.149987
  0
CIRCLE
  5
CB85
330
1D
100
AcDbEntity
  8
PIN_TOP
100
AcDbCircle
 10
37.414454
 20
19.158458
 30
0.0
 40
0.149987
  0
LWPOLYLINE
  5
CB86
330
1D
100
AcDbEntity
  8
PIN_TOP
100
AcDbPolyline
 90
        4
 70
     1
 43
0.0
 10
37.936805
 20
18.946876
 10
37.936805
 20
19.046952
 42
-1.0
 10
38.136703
 20
19.046952
 10
38.136703
 20
18.946876
 42
-1.0
  0
LWPOLYLINE
  5
CB8C
330
1D
100
AcDbEntity
  8
PIN_TOP
100
AcDbPolyline
 90
        4
 70
     1
 43
0.0
 10
38.855015
 20
18.946876
 10
38.855015
 20
19.046952
 42
-1.0
 10
39.054913
 20
19.046952
 10
39.054913
 20
18.946876
 42
-1.0
  0
LWPOLYLINE
  5
CB92
330
1D
100
AcDbEntity
  8
PIN_TOP
100
AcDbPolyline
 90
        4
 70
     1
 43
0.0
 10
39.986712
 20
19.134201
 10
39.986712
 20
19.049111
 42
-1.0
 10
39.736776
 20
19.049111
 10
39.736776
 20
19.134201
 42
-1.0
  0
LWPOLYLINE
  5
CB98
330
1D
100
AcDbEntity
  8
PIN_TOP
100
AcDbPolyline
 90
        4
 70
     1
 43
0.0
 10
40.668829
 20
18.946876
 10
40.668829
 20
19.046952
 42
-1.0
 10
40.868727
 20
19.046952
 10
40.868727
 20
18.946876
 42
-1.0
  0
LWPOLYLINE
  5
CB9E
330
1D
100
AcDbEntity
  8
PIN_TOP
100
AcDbPolyline
 90
        4
 70
     1
 43
0.0
 10
41.587039
 20
18.946876
 10
41.587039
 20
19.046952
 42
-1.0
 10
41.786937
 20
19.046952
 10
41.786937
 20
18.946876
 42
-1.0
  0
LWPOLYLINE
  5
CBA4
330
1D
100
AcDbEntity
  8
PIN_TOP
100
AcDbPolyline
 90
        4
 70
     1
 43
0.0
 10
42.71899
 20
19.134201
 10
42.71899
 20
19.049111
 42
-1.0
 10
42.469054
 20
19.049111
 10
42.469054
 20
19.134201
 42
-1.0
  0
LWPOLYLINE
  5
CBAA
330
1D
100
AcDbEntity
  8
PIN_TOP
100
AcDbPolyline
 90
        4
 70
     1
 43
0.0
 10
43.401107
 20
18.946876
 10
43.401107
 20
19.046952
 42
-1.0
 10
43.601005
 20
19.046952
 10
43.601005
 20
18.946876
 42
-1.0
  0
LWPOLYLINE
  5
CBB0
330
1D
100
AcDbEntity
  8
PIN_TOP
100
AcDbPolyline
 90
        4
 70
     1
 43
0.0
 10
44.319317
 20
18.946876
 10
44.319317
 20
19.046952
 42
-1.0
 10
44.519215
 20
19.046952
 10
44.519215
 20
18.946876
 42
-1.0
  0
LWPOLYLINE
  5
CBB6
330
1D
100
AcDbEntity
  8
PIN_TOP
100
AcDbPolyline
 90
        4
 70
     1
 43
0.0
 10
45.451268
 20
19.134201
 10
45.451268
 20
19.049111
 42
-1.0
 10
45.201332
 20
19.049111
 10
45.201332
 20
19.134201
 42
-1.0
  0
LWPOLYLINE
  5
CBBC
330
1D
100
AcDbEntity
  8
PIN_TOP
100
AcDbPolyline
 90
        4
 70
     1
 43
0.0
 10
46.133385
 20
18.946876
 10
46.133385
 20
19.046952
 42
-1.0
 10
46.333283
 20
19.046952
 10
46.333283
 20
18.946876
 42
-1.0
  0
LWPOLYLINE
  5
CBC2
330
1D
100
AcDbEntity
  8
PIN_TOP
100
AcDbPolyline
 90
        4
 70
     1
 43
0.0
 10
47.052611
 20
18.94586
 10
47.052611
 20
19.045936
 42
-1.0
 10
47.252509
 20
19.045936
 10
47.252509
 20
18.94586
 42
-1.0
  0
LWPOLYLINE
  5
CBC8
330
1D
100
AcDbEntity
  8
PIN_TOP
100
AcDbPolyline
 90
        4
 70
     1
 43
0.0
 10
47.958375
 20
19.041618
 10
47.958375
 20
19.141694
 42
-1.0
 10
48.158273
 20
19.141694
 10
48.158273
 20
19.041618
 42
-1.0
  0
LWPOLYLINE
  5
CBCE
330
1D
100
AcDbEntity
  8
PIN_TOP
100
AcDbPolyline
 90
        4
 70
     1
 43
0.0
 10
49.091215
 20
18.946876
 10
49.091215
 20
19.046952
 42
-1.0
 10
49.291113
 20
19.046952
 10
49.291113
 20
18.946876
 42
-1.0
  0
LWPOLYLINE
  5
CBD4
330
1D
100
AcDbEntity
  8
PIN_TOP
100
AcDbPolyline
 90
        4
 70
     1
 43
0.0
 10
50.009425
 20
18.946876
 10
50.009425
 20
19.046952
 42
-1.0
 10
50.209323
 20
19.046952
 10
50.209323
 20
18.946876
 42
-1.0
  0
LWPOLYLINE
  5
CBDA
330
1D
100
AcDbEntity
  8
PIN_TOP
100
AcDbPolyline
 90
        4
 70
     1
 43
0.0
 10
50.928651
 20
18.94586
 10
50.928651
 20
19.045936
 42
-1.0
 10
51.128549
 20
19.045936
 10
51.128549
 20
18.94586
 42
-1.0
  0
LWPOLYLINE
  5
CBE0
330
1D
100
AcDbEntity
  8
PIN_TOP
100
AcDbPolyline
 90
        4
 70
     1
 43
0.0
 10
51.834669
 20
19.041618
 10
51.834669
 20
19.141694
 42
-1.0
 10
52.034567
 20
19.141694
 10
52.034567
 20
19.041618
 42
-1.0
  0
CIRCLE
  5
CBE6
330
1D
100
AcDbEntity
  8
PIN_TOP
100
AcDbCircle
 10
53.218588
 20
19.091148
 30
0.0
 40
0.149987
  0
CIRCLE
  5
CBE7
330
1D
100
AcDbEntity
  8
PIN_TOP
100
AcDbCircle
 10
53.838602
 20
19.091148
 30
0.0
 40
0.149987
  0
CIRCLE
  5
CBE8
330
1D
100
AcDbEntity
  8
PIN_TOP
100
AcDbCircle
 10
54.458616
 20
19.091148
 30
0.0
 40
0.149987
  0
CIRCLE
  5
CBE9
330
1D
100
AcDbEntity
  8
PIN_TOP
100
AcDbCircle
 10
55.07863
 20
19.091148
 30
0.0
 40
0.16256
  0
CIRCLE
  5
CBEA
330
1D
100
AcDbEntity
  8
PIN_TOP
100
AcDbCircle
 10
55.696612
 20
19.153124
 30
0.0
 40
0.175006
  0
CIRCLE
  5
CBEB
330
1D
100
AcDbEntity
  8
PIN_TOP
100
AcDbCircle
 10
33.854136
 20
18.554192
 30
0.0
 40
0.175006
  0
CIRCLE
  5
CBEC
330
1D
100
AcDbEntity
  8
PIN_TOP
100
AcDbCircle
 10
34.47415
 20
18.554192
 30
0.0
 40
0.16256
  0
CIRCLE
  5
CBED
330
1D
100
AcDbEntity
  8
PIN_TOP
100
AcDbCircle
 10
35.094164
 20
18.554192
 30
0.0
 40
0.149987
  0
CIRCLE
  5
CBEE
330
1D
100
AcDbEntity
  8
PIN_TOP
100
AcDbCircle
 10
35.714178
 20
18.554192
 30
0.0
 40
0.149987
  0
LWPOLYLINE
  5
CBEF
330
1D
100
AcDbEntity
  8
PIN_TOP
100
AcDbPolyline
 90
        4
 70
     1
 43
0.0
 10
36.45916
 20
18.596737
 10
36.45916
 20
18.511647
 42
-1.0
 10
36.209224
 20
18.511647
 10
36.209224
 20
18.596737
 42
-1.0
  0
LWPOLYLINE
  5
CBF5
330
1D
100
AcDbEntity
  8
PIN_TOP
100
AcDbPolyline
 90
        4
 70
     1
 43
0.0
 10
37.079174
 20
18.596737
 10
37.079174
 20
18.511647
 42
-1.0
 10
36.829238
 20
18.511647
 10
36.829238
 20
18.596737
 42
-1.0
  0
LWPOLYLINE
  5
CBFB
330
1D
100
AcDbEntity
  8
PIN_TOP
100
AcDbPolyline
 90
        4
 70
     1
 43
0.0
 10
37.474271
 20
18.504154
 10
37.474271
 20
18.60423
 42
-1.0
 10
37.674169
 20
18.60423
 10
37.674169
 20
18.504154
 42
-1.0
  0
LWPOLYLINE
  5
CC01
330
1D
100
AcDbEntity
  8
PIN_TOP
100
AcDbPolyline
 90
        4
 70
     1
 43
0.0
 10
38.395783
 20
18.504154
 10
38.395783
 20
18.60423
 42
-1.0
 10
38.595681
 20
18.60423
 10
38.595681
 20
18.504154
 42
-1.0
  0
LWPOLYLINE
  5
CC07
330
1D
100
AcDbEntity
  8
PIN_TOP
100
AcDbPolyline
 90
        4
 70
     1
 43
0.0
 10
39.451915
 20
18.504154
 10
39.451915
 20
18.60423
 42
-1.0
 10
39.651813
 20
18.60423
 10
39.651813
 20
18.504154
 42
-1.0
  0
LWPOLYLINE
  5
CC0D
330
1D
100
AcDbEntity
  8
PIN_TOP
100
AcDbPolyline
 90
        4
 70
     1
 43
0.0
 10
40.071929
 20
18.504154
 10
40.071929
 20
18.60423
 42
-1.0
 10
40.271827
 20
18.60423
 10
40.271827
 20
18.504154
 42
-1.0
  0
LWPOLYLINE
  5
CC13
330
1D
100
AcDbEntity
  8
PIN_TOP
100
AcDbPolyline
 90
        4
 70
     1
 43
0.0
 10
41.128061
 20
18.504154
 10
41.128061
 20
18.60423
 42
-1.0
 10
41.327959
 20
18.60423
 10
41.327959
 20
18.504154
 42
-1.0
  0
LWPOLYLINE
  5
CC19
330
1D
100
AcDbEntity
  8
PIN_TOP
100
AcDbPolyline
 90
        4
 70
     1
 43
0.0
 10
42.184193
 20
18.504154
 10
42.184193
 20
18.60423
 42
-1.0
 10
42.384091
 20
18.60423
 10
42.384091
 20
18.504154
 42
-1.0
  0
LWPOLYLINE
  5
CC1F
330
1D
100
AcDbEntity
  8
PIN_TOP
100
AcDbPolyline
 90
        4
 70
     1
 43
0.0
 10
42.804207
 20
18.504154
 10
42.804207
 20
18.60423
 42
-1.0
 10
43.004105
 20
18.60423
 10
43.004105
 20
18.504154
 42
-1.0
  0
LWPOLYLINE
  5
CC25
330
1D
100
AcDbEntity
  8
PIN_TOP
100
AcDbPolyline
 90
        4
 70
     1
 43
0.0
 10
43.860085
 20
18.504154
 10
43.860085
 20
18.60423
 42
-1.0
 10
44.059983
 20
18.60423
 10
44.059983
 20
18.504154
 42
-1.0
  0
LWPOLYLINE
  5
CC2B
330
1D
100
AcDbEntity
  8
PIN_TOP
100
AcDbPolyline
 90
        4
 70
     1
 43
0.0
 10
44.916217
 20
18.504154
 10
44.916217
 20
18.60423
 42
-1.0
 10
45.116115
 20
18.60423
 10
45.116115
 20
18.504154
 42
-1.0
  0
LWPOLYLINE
  5
CC31
330
1D
100
AcDbEntity
  8
PIN_TOP
100
AcDbPolyline
 90
        4
 70
     1
 43
0.0
 10
45.536231
 20
18.504154
 10
45.536231
 20
18.60423
 42
-1.0
 10
45.736129
 20
18.60423
 10
45.736129
 20
18.504154
 42
-1.0
  0
LWPOLYLINE
  5
CC37
330
1D
100
AcDbEntity
  8
PIN_TOP
100
AcDbPolyline
 90
        4
 70
     1
 43
0.0
 10
46.592363
 20
18.504154
 10
46.592363
 20
18.60423
 42
-1.0
 10
46.792261
 20
18.60423
 10
46.792261
 20
18.504154
 42
-1.0
  0
LWPOLYLINE
  5
CC3D
330
1D
100
AcDbEntity
  8
PIN_TOP
100
AcDbPolyline
 90
        4
 70
     1
 43
0.0
 10
47.648495
 20
18.504154
 10
47.648495
 20
18.60423
 42
-1.0
 10
47.848393
 20
18.60423
 10
47.848393
 20
18.504154
 42
-1.0
  0
LWPOLYLINE
  5
CC43
330
1D
100
AcDbEntity
  8
PIN_TOP
100
AcDbPolyline
 90
        4
 70
     1
 43
0.0
 10
48.268509
 20
18.504154
 10
48.268509
 20
18.60423
 42
-1.0
 10
48.468407
 20
18.60423
 10
48.468407
 20
18.504154
 42
-1.0
  0
LWPOLYLINE
  5
CC49
330
1D
100
AcDbEntity
  8
PIN_TOP
100
AcDbPolyline
 90
        4
 70
     1
 43
0.0
 10
49.550447
 20
18.504154
 10
49.550447
 20
18.60423
 42
-1.0
 10
49.750345
 20
18.60423
 10
49.750345
 20
18.504154
 42
-1.0
  0
LWPOLYLINE
  5
CC4F
330
1D
100
AcDbEntity
  8
PIN_TOP
100
AcDbPolyline
 90
        4
 70
     1
 43
0.0
 10
50.468657
 20
18.504154
 10
50.468657
 20
18.60423
 42
-1.0
 10
50.668555
 20
18.60423
 10
50.668555
 20
18.504154
 42
-1.0
  0
LWPOLYLINE
  5
CC55
330
1D
100
AcDbEntity
  8
PIN_TOP
100
AcDbPolyline
 90
        4
 70
     1
 43
0.0
 10
51.524789
 20
18.504154
 10
51.524789
 20
18.60423
 42
-1.0
 10
51.724687
 20
18.60423
 10
51.724687
 20
18.504154
 42
-1.0
  0
LWPOLYLINE
  5
CC5B
330
1D
100
AcDbEntity
  8
PIN_TOP
100
AcDbPolyline
 90
        4
 70
     1
 43
0.0
 10
52.144803
 20
18.504154
 10
52.144803
 20
18.60423
 42
-1.0
 10
52.344701
 20
18.60423
 10
52.344701
 20
18.504154
 42
-1.0
  0
LWPOLYLINE
  5
CC61
330
1D
100
AcDbEntity
  8
PIN_TOP
100
AcDbPolyline
 90
        4
 70
     1
 43
0.0
 10
52.808759
 20
18.504154
 10
52.808759
 20
18.60423
 42
-1.0
 10
53.008657
 20
18.60423
 10
53.008657
 20
18.504154
 42
-1.0
  0
LWPOLYLINE
  5
CC67
330
1D
100
AcDbEntity
  8
PIN_TOP
100
AcDbPolyline
 90
        4
 70
     1
 43
0.0
 10
53.65369
 20
18.596737
 10
53.65369
 20
18.511647
 42
-1.0
 10
53.403754
 20
18.511647
 10
53.403754
 20
18.596737
 42
-1.0
  0
CIRCLE
  5
CC6D
330
1D
100
AcDbEntity
  8
PIN_TOP
100
AcDbCircle
 10
54.148736
 20
18.554192
 30
0.0
 40
0.149987
  0
CIRCLE
  5
CC6E
330
1D
100
AcDbEntity
  8
PIN_TOP
100
AcDbCircle
 10
54.76875
 20
18.554192
 30
0.0
 40
0.16256
  0
CIRCLE
  5
CC6F
330
1D
100
AcDbEntity
  8
PIN_TOP
100
AcDbCircle
 10
55.388764
 20
18.554192
 30
0.0
 40
0.175006
  0
TEXT
  5
CC70
330
1D
100
AcDbEntity
  8
RD_SILKSCREEN_TOP
100
AcDbText
 10
30.525466
 20
20.87372
 30
0.0
 40
0.6604
  1
U1
 41
1.115385
100
AcDbText
  0
LWPOLYLINE
  5
CC95
330
1D
100
AcDbEntity
  8
PG_WB-SILK-R01-TOP
100
AcDbPolyline
 90
        2
 70
     0
 10
52.252626
 20
17.994122
 40
0.127
 41
0.127
 10
56.855614
 20
17.994122
 40
0.127
 41
0.127
  0
LWPOLYLINE
  5
CC99
330
1D
100
AcDbEntity
  8
PG_WB-SILK-R01-TOP
100
AcDbPolyline
 90
        2
 70
     0
 10
54.762146
 20
17.340072
 40
0.127
 41
0.127
 10
57.487566
 20
17.340072
 40
0.127
 41
0.127
  0
LWPOLYLINE
  5
CC9D
330
1D
100
AcDbEntity
  8
PG_WB-SILK-R01-TOP
100
AcDbPolyline
 90
        2
 70
     0
 10
57.487566
 20
17.340072
 40
0.127
 41
0.127
 10
57.487566
 20
20.098512
 40
0.127
 41
0.127
  0
LWPOLYLINE
  5
CCA1
330
1D
100
AcDbEntity
  8
PG_WB-SILK-R01-TOP
100
AcDbPolyline
 90
        2
 70
     0
 10
56.855614
 20
17.994122
 40
0.127
 41
0.127
 10
56.855614
 20
22.572472
 40
0.127
 41
0.127
  0
LWPOLYLINE
  5
CCA5
330
1D
100
AcDbEntity
  8
PG_WB-SILK-R01-TOP
100
AcDbPolyline
 90
        2
 70
     0
 10
62.324742
 20
25.886918
 40
0.127
 41
0.127
 10
60.62472
 20
25.886918
 40
0.127
 41
0.127
  0
LWPOLYLINE
  5
CCA9
330
1D
100
AcDbEntity
  8
PG_WB-SILK-R01-TOP
100
AcDbPolyline
 90
        2
 70
     0
 10
60.62472
 20
25.886918
 40
0.127
 41
0.127
 10
60.62472
 20
24.292052
 40
0.127
 41
0.127
  0
LWPOLYLINE
  5
CCAD
330
1D
100
AcDbEntity
  8
PG_WB-SILK-R01-TOP
100
AcDbPolyline
 90
        2
 70
     0
 10
74.624692
 20
24.39797
 40
0.127
 41
0.127
 10
74.624692
 20
25.886918
 40
0.127
 41
0.127
  0
LWPOLYLINE
  5
CCB1
330
1D
100
AcDbEntity
  8
PG_WB-SILK-R01-TOP
100
AcDbPolyline
 90
        2
 70
     0
 10
74.624692
 20
25.886918
 40
0.127
 41
0.127
 10
72.800718
 20
25.886918
 40
0.127
 41
0.127
  0
LWPOLYLINE
  5
CCB5
330
1D
100
AcDbEntity
  8
PG_WB-SILK-R01-TOP
100
AcDbPolyline
 90
        2
 70
     0
 10
72.90181
 20
13.487146
 40
0.127
 41
0.127
 10
74.624692
 20
13.487146
 40
0.127
 41
0.127
  0
LWPOLYLINE
  5
CCB9
330
1D
100
AcDbEntity
  8
PG_WB-SILK-R01-TOP
100
AcDbPolyline
 90
        2
 70
     0
 10
74.624692
 20
13.487146
 40
0.127
 41
0.127
 10
74.624692
 20
14.948916
 40
0.127
 41
0.127
  0
LWPOLYLINE
  5
CCBD
330
1D
100
AcDbEntity
  8
PG_WB-SILK-R01-TOP
100
AcDbPolyline
 90
        2
 70
     0
 10
60.62472
 20
14.955012
 40
0.127
 41
0.127
 10
60.62472
 20
13.487146
 40
0.127
 41
0.127
  0
LWPOLYLINE
  5
CCC1
330
1D
100
AcDbEntity
  8
PG_WB-SILK-R01-TOP
100
AcDbPolyline
 90
        2
 70
     0
 10
60.62472
 20
13.487146
 40
0.127
 41
0.127
 10
62.415674
 20
13.487146
 40
0.127
 41
0.127
  0
LWPOLYLINE
  5
CCC5
330
1D
100
AcDbEntity
  8
PG_WB-SILK-R01-TOP
100
AcDbPolyline
 90
        2
 70
     0
 10
73.010522
 20
13.072872
 40
0.127
 41
0.127
 10
75.051666
 20
13.072872
 40
0.127
 41
0.127
  0
LWPOLYLINE
  5
CCC9
330
1D
100
AcDbEntity
  8
PG_WB-SILK-R01-TOP
100
AcDbPolyline
 90
        2
 70
     0
 10
75.051666
 20
13.072872
 40
0.127
 41
0.127
 10
75.051666
 20
14.81074
 40
0.127
 41
0.127
  0
LWPOLYLINE
  5
CCCD
330
1D
100
AcDbEntity
  8
PG_WB-SILK-R01-TOP
100
AcDbPolyline
 90
        2
 70
     0
 10
56.855614
 20
48.396652
 40
0.127
 41
0.127
 10
56.855614
 20
52.994306
 40
0.127
 41
0.127
  0
LWPOLYLINE
  5
CCD1
330
1D
100
AcDbEntity
  8
PG_WB-SILK-R01-TOP
100
AcDbPolyline
 90
        2
 70
     0
 10
56.855614
 20
52.994306
 40
0.127
 41
0.127
 10
52.252626
 20
52.994306
 40
0.127
 41
0.127
  0
LWPOLYLINE
  5
CCD5
330
1D
100
AcDbEntity
  8
PG_WB-SILK-R01-TOP
100
AcDbPolyline
 90
        2
 70
     0
 10
37.444426
 20
52.994306
 40
0.127
 41
0.127
 10
32.855662
 20
52.994306
 40
0.127
 41
0.127
  0
LWPOLYLINE
  5
CCD9
330
1D
100
AcDbEntity
  8
PG_WB-SILK-R01-TOP
100
AcDbPolyline
 90
        2
 70
     0
 10
32.855662
 20
52.994306
 40
0.127
 41
0.127
 10
32.855662
 20
48.383952
 40
0.127
 41
0.127
  0
LWPOLYLINE
  5
CCDD
330
1D
100
AcDbEntity
  8
PG_WB-SILK-R01-TOP
100
AcDbPolyline
 90
        2
 70
     0
 10
32.855662
 20
17.994122
 40
0.127
 41
0.127
 10
37.454586
 20
17.994122
 40
0.127
 41
0.127
  0
LWPOLYLINE
  5
CCE1
330
1D
100
AcDbEntity
  8
PG_WB-SILK-R01-TOP
100
AcDbPolyline
 90
        2
 70
     0
 10
32.855662
 20
22.635972
 40
0.127
 41
0.127
 10
32.855662
 20
17.994122
 40
0.127
 41
0.127
  0
LWPOLYLINE
  5
CCE5
330
1D
100
AcDbEntity
  8
BG_SILKSCREEN_TOP
100
AcDbPolyline
 90
        2
 70
     0
 43
0.0
 10
29.542486
 20
17.430496
 10
29.542486
 20
16.590518
  0
LWPOLYLINE
  5
CCE9
330
1D
100
AcDbEntity
  8
BG_SILKSCREEN_TOP
100
AcDbPolyline
 90
        2
 70
     0
 43
0.0
 10
29.542486
 20
16.590518
 42
-0.412788
 10
29.027628
 20
16.152368
  0
LWPOLYLINE
  5
CCED
330
1D
100
AcDbEntity
  8
BG_SILKSCREEN_TOP
100
AcDbPolyline
 90
        2
 70
     0
 43
0.0
 10
29.027628
 20
16.152368
 10
28.07081
 20
16.152368
  0
LWPOLYLINE
  5
CCF1
330
1D
100
AcDbEntity
  8
BG_SILKSCREEN_TOP
100
AcDbPolyline
 90
        2
 70
     0
 43
0.0
 10
28.07081
 20
16.152368
 10
28.07081
 20
17.947894
  0
LWPOLYLINE
  5
CCF5
330
1D
100
AcDbEntity
  8
BG_SILKSCREEN_TOP
100
AcDbPolyline
 90
        2
 70
     0
 43
0.0
 10
28.07081
 20
17.947894
 10
29.025342
 20
17.947894
  0
LWPOLYLINE
  5
CCF9
330
1D
100
AcDbEntity
  8
BG_SILKSCREEN_TOP
100
AcDbPolyline
 90
        2
 70
     0
 43
0.0
 10
29.025342
 20
17.947894
 42
-0.463657
 10
29.542486
 20
17.430496
  0
LWPOLYLINE
  5
CCFD
330
1D
100
AcDbEntity
  8
BG_SILKSCREEN_TOP
100
AcDbPolyline
 90
        2
 70
     0
 43
0.0
 10
29.045154
 20
17.492726
 42
-0.414734
 10
29.110178
 20
17.427702
  0
LWPOLYLINE
  5
CD01
330
1D
100
AcDbEntity
  8
BG_SILKSCREEN_TOP
100
AcDbPolyline
 90
        2
 70
     0
 43
0.0
 10
29.110178
 20
17.427702
 10
29.11348
 20
17.427702
  0
LWPOLYLINE
  5
CD05
330
1D
100
AcDbEntity
  8
BG_SILKSCREEN_TOP
100
AcDbPolyline
 90
        2
 70
     0
 43
0.0
 10
29.11348
 20
17.427702
 10
29.11348
 20
16.712692
  0
LWPOLYLINE
  5
CD09
330
1D
100
AcDbEntity
  8
BG_SILKSCREEN_TOP
100
AcDbPolyline
 90
        2
 70
     0
 43
0.0
 10
29.11348
 20
16.712692
 10
29.110178
 20
16.712692
  0
LWPOLYLINE
  5
CD0D
330
1D
100
AcDbEntity
  8
BG_SILKSCREEN_TOP
100
AcDbPolyline
 90
        2
 70
     0
 43
0.0
 10
29.110178
 20
16.712692
 42
-0.414346
 10
29.045154
 20
16.647668
  0
LWPOLYLINE
  5
CD11
330
1D
100
AcDbEntity
  8
BG_SILKSCREEN_TOP
100
AcDbPolyline
 90
        2
 70
     0
 43
0.0
 10
29.045154
 20
16.647668
 10
29.045154
 20
16.64462
  0
LWPOLYLINE
  5
CD15
330
1D
100
AcDbEntity
  8
BG_SILKSCREEN_TOP
100
AcDbPolyline
 90
        2
 70
     0
 43
0.0
 10
29.045154
 20
16.64462
 10
28.529534
 20
16.64462
  0
LWPOLYLINE
  5
CD19
330
1D
100
AcDbEntity
  8
BG_SILKSCREEN_TOP
100
AcDbPolyline
 90
        2
 70
     0
 43
0.0
 10
28.529534
 20
16.64462
 10
28.529534
 20
17.496028
  0
LWPOLYLINE
  5
CD1D
330
1D
100
AcDbEntity
  8
BG_SILKSCREEN_TOP
100
AcDbPolyline
 90
        2
 70
     0
 43
0.0
 10
28.529534
 20
17.496028
 10
29.045154
 20
17.496028
  0
LWPOLYLINE
  5
CD21
330
1D
100
AcDbEntity
  8
BG_SILKSCREEN_TOP
100
AcDbPolyline
 90
        2
 70
     0
 43
0.0
 10
29.045154
 20
17.496028
 10
29.045154
 20
17.492726
  0
LWPOLYLINE
  5
CD25
330
1D
100
AcDbEntity
  8
BG_SILKSCREEN_TOP
100
AcDbPolyline
 90
        2
 70
     0
 43
0.0
 10
20.875752
 20
17.496028
 10
20.875752
 20
16.152368
  0
LWPOLYLINE
  5
CD29
330
1D
100
AcDbEntity
  8
BG_SILKSCREEN_TOP
100
AcDbPolyline
 90
        2
 70
     0
 43
0.0
 10
20.875752
 20
16.152368
 10
21.355558
 20
16.152368
  0
LWPOLYLINE
  5
CD2D
330
1D
100
AcDbEntity
  8
BG_SILKSCREEN_TOP
100
AcDbPolyline
 90
        2
 70
     0
 43
0.0
 10
21.355558
 20
16.152368
 10
21.355558
 20
17.496028
  0
LWPOLYLINE
  5
CD31
330
1D
100
AcDbEntity
  8
BG_SILKSCREEN_TOP
100
AcDbPolyline
 90
        2
 70
     0
 43
0.0
 10
21.355558
 20
17.496028
 10
21.734272
 20
17.496028
  0
LWPOLYLINE
  5
CD35
330
1D
100
AcDbEntity
  8
BG_SILKSCREEN_TOP
100
AcDbPolyline
 90
        2
 70
     0
 43
0.0
 10
21.734272
 20
17.496028
 10
21.734272
 20
17.947894
  0
LWPOLYLINE
  5
CD39
330
1D
100
AcDbEntity
  8
BG_SILKSCREEN_TOP
100
AcDbPolyline
 90
        2
 70
     0
 43
0.0
 10
21.734272
 20
17.947894
 10
20.52447
 20
17.947894
  0
LWPOLYLINE
  5
CD3D
330
1D
100
AcDbEntity
  8
BG_SILKSCREEN_TOP
100
AcDbPolyline
 90
        2
 70
     0
 43
0.0
 10
20.52447
 20
17.947894
 10
20.52447
 20
17.496028
  0
LWPOLYLINE
  5
CD41
330
1D
100
AcDbEntity
  8
BG_SILKSCREEN_TOP
100
AcDbPolyline
 90
        2
 70
     0
 43
0.0
 10
20.52447
 20
17.496028
 10
20.875752
 20
17.496028
  0
LWPOLYLINE
  5
CD45
330
1D
100
AcDbEntity
  8
BG_SILKSCREEN_TOP
100
AcDbPolyline
 90
        2
 70
     0
 43
0.0
 10
19.54911
 20
17.496028
 10
19.54911
 20
16.152368
  0
LWPOLYLINE
  5
CD49
330
1D
100
AcDbEntity
  8
BG_SILKSCREEN_TOP
100
AcDbPolyline
 90
        2
 70
     0
 43
0.0
 10
19.54911
 20
16.152368
 10
20.047458
 20
16.152368
  0
LWPOLYLINE
  5
CD4D
330
1D
100
AcDbEntity
  8
BG_SILKSCREEN_TOP
100
AcDbPolyline
 90
        2
 70
     0
 43
0.0
 10
20.047458
 20
16.152368
 10
20.047458
 20
17.496028
  0
LWPOLYLINE
  5
CD51
330
1D
100
AcDbEntity
  8
BG_SILKSCREEN_TOP
100
AcDbPolyline
 90
        2
 70
     0
 43
0.0
 10
20.047458
 20
17.496028
 10
20.421346
 20
17.496028
  0
LWPOLYLINE
  5
CD55
330
1D
100
AcDbEntity
  8
BG_SILKSCREEN_TOP
100
AcDbPolyline
 90
        2
 70
     0
 43
0.0
 10
20.421346
 20
17.496028
 10
20.421346
 20
17.947894
  0
LWPOLYLINE
  5
CD59
330
1D
100
AcDbEntity
  8
BG_SILKSCREEN_TOP
100
AcDbPolyline
 90
        2
 70
     0
 43
0.0
 10
20.421346
 20
17.947894
 10
19.192494
 20
17.947894
  0
LWPOLYLINE
  5
CD5D
330
1D
100
AcDbEntity
  8
BG_SILKSCREEN_TOP
100
AcDbPolyline
 90
        2
 70
     0
 43
0.0
 10
19.192494
 20
17.947894
 10
19.192494
 20
17.496028
  0
LWPOLYLINE
  5
CD61
330
1D
100
AcDbEntity
  8
BG_SILKSCREEN_TOP
100
AcDbPolyline
 90
        2
 70
     0
 43
0.0
 10
19.192494
 20
17.496028
 10
19.54911
 20
17.496028
  0
LWPOLYLINE
  5
CD65
330
1D
100
AcDbEntity
  8
BG_SILKSCREEN_TOP
100
AcDbPolyline
 90
        2
 70
     0
 43
0.0
 10
16.89354
 20
16.647414
 42
-0.414791
 10
16.828516
 20
16.712438
  0
LWPOLYLINE
  5
CD69
330
1D
100
AcDbEntity
  8
BG_SILKSCREEN_TOP
100
AcDbPolyline
 90
        2
 70
     0
 43
0.0
 10
16.828516
 20
16.712438
 10
16.825214
 20
16.712438
  0
LWPOLYLINE
  5
CD6D
330
1D
100
AcDbEntity
  8
BG_SILKSCREEN_TOP
100
AcDbPolyline
 90
        2
 70
     0
 43
0.0
 10
16.825214
 20
16.712438
 10
16.825214
 20
17.947894
  0
LWPOLYLINE
  5
CD71
330
1D
100
AcDbEntity
  8
BG_SILKSCREEN_TOP
100
AcDbPolyline
 90
        2
 70
     0
 43
0.0
 10
16.825214
 20
17.947894
 10
16.376904
 20
17.947894
  0
LWPOLYLINE
  5
CD75
330
1D
100
AcDbEntity
  8
BG_SILKSCREEN_TOP
100
AcDbPolyline
 90
        2
 70
     0
 43
0.0
 10
16.376904
 20
17.947894
 10
16.376904
 20
16.698214
  0
LWPOLYLINE
  5
CD79
330
1D
100
AcDbEntity
  8
BG_SILKSCREEN_TOP
100
AcDbPolyline
 90
        2
 70
     0
 43
0.0
 10
16.376904
 20
16.698214
 10
16.378428
 20
16.698214
  0
LWPOLYLINE
  5
CD7D
330
1D
100
AcDbEntity
  8
BG_SILKSCREEN_TOP
100
AcDbPolyline
 90
        2
 70
     0
 43
0.0
 10
16.378428
 20
16.698214
 42
0.414141
 10
16.92275
 20
16.154146
  0
LWPOLYLINE
  5
CD81
330
1D
100
AcDbEntity
  8
BG_SILKSCREEN_TOP
100
AcDbPolyline
 90
        2
 70
     0
 43
0.0
 10
16.92275
 20
16.154146
 10
16.92275
 20
16.152368
  0
LWPOLYLINE
  5
CD85
330
1D
100
AcDbEntity
  8
BG_SILKSCREEN_TOP
100
AcDbPolyline
 90
        2
 70
     0
 43
0.0
 10
16.92275
 20
16.152368
 10
17.502124
 20
16.152368
  0
LWPOLYLINE
  5
CD89
330
1D
100
AcDbEntity
  8
BG_SILKSCREEN_TOP
100
AcDbPolyline
 90
        2
 70
     0
 43
0.0
 10
17.502124
 20
16.152368
 10
17.502124
 20
16.644112
  0
LWPOLYLINE
  5
CD8D
330
1D
100
AcDbEntity
  8
BG_SILKSCREEN_TOP
100
AcDbPolyline
 90
        2
 70
     0
 43
0.0
 10
17.502124
 20
16.644112
 10
16.89354
 20
16.644112
  0
LWPOLYLINE
  5
CD91
330
1D
100
AcDbEntity
  8
BG_SILKSCREEN_TOP
100
AcDbPolyline
 90
        2
 70
     0
 43
0.0
 10
16.89354
 20
16.644112
 10
16.89354
 20
16.647414
  0
LWPOLYLINE
  5
CD95
330
1D
100
AcDbEntity
  8
BG_SILKSCREEN_TOP
100
AcDbPolyline
 90
        2
 70
     0
 43
0.0
 10
22.3647
 20
17.492726
 42
0.413444
 10
22.29993
 20
17.427702
  0
LWPOLYLINE
  5
CD99
330
1D
100
AcDbEntity
  8
BG_SILKSCREEN_TOP
100
AcDbPolyline
 90
        2
 70
     0
 43
0.0
 10
22.29993
 20
17.427702
 10
22.296628
 20
17.427702
  0
LWPOLYLINE
  5
CD9D
330
1D
100
AcDbEntity
  8
BG_SILKSCREEN_TOP
100
AcDbPolyline
 90
        2
 70
     0
 43
0.0
 10
22.296628
 20
17.427702
 10
22.296628
 20
17.296638
  0
LWPOLYLINE
  5
CDA1
330
1D
100
AcDbEntity
  8
BG_SILKSCREEN_TOP
100
AcDbPolyline
 90
        2
 70
     0
 43
0.0
 10
22.296628
 20
17.296638
 10
23.085806
 20
17.296638
  0
LWPOLYLINE
  5
CDA5
330
1D
100
AcDbEntity
  8
BG_SILKSCREEN_TOP
100
AcDbPolyline
 90
        2
 70
     0
 43
0.0
 10
23.085806
 20
17.296638
 10
23.085806
 20
16.824198
  0
LWPOLYLINE
  5
CDA9
330
1D
100
AcDbEntity
  8
BG_SILKSCREEN_TOP
100
AcDbPolyline
 90
        2
 70
     0
 43
0.0
 10
23.085806
 20
16.824198
 10
22.296628
 20
16.824198
  0
LWPOLYLINE
  5
CDAD
330
1D
100
AcDbEntity
  8
BG_SILKSCREEN_TOP
100
AcDbPolyline
 90
        2
 70
     0
 43
0.0
 10
22.296628
 20
16.824198
 10
22.296628
 20
16.712438
  0
LWPOLYLINE
  5
CDB1
330
1D
100
AcDbEntity
  8
BG_SILKSCREEN_TOP
100
AcDbPolyline
 90
        2
 70
     0
 43
0.0
 10
22.296628
 20
16.712438
 10
22.29993
 20
16.712438
  0
LWPOLYLINE
  5
CDB5
330
1D
100
AcDbEntity
  8
BG_SILKSCREEN_TOP
100
AcDbPolyline
 90
        2
 70
     0
 43
0.0
 10
22.29993
 20
16.712438
 42
0.413932
 10
22.3647
 20
16.647414
  0
LWPOLYLINE
  5
CDB9
330
1D
100
AcDbEntity
  8
BG_SILKSCREEN_TOP
100
AcDbPolyline
 90
        2
 70
     0
 43
0.0
 10
22.3647
 20
16.647414
 10
22.3647
 20
16.644112
  0
LWPOLYLINE
  5
CDBD
330
1D
100
AcDbEntity
  8
BG_SILKSCREEN_TOP
100
AcDbPolyline
 90
        2
 70
     0
 43
0.0
 10
22.3647
 20
16.644112
 10
23.085806
 20
16.644112
  0
LWPOLYLINE
  5
CDC1
330
1D
100
AcDbEntity
  8
BG_SILKSCREEN_TOP
100
AcDbPolyline
 90
        2
 70
     0
 43
0.0
 10
23.085806
 20
16.644112
 10
23.085806
 20
16.152368
  0
LWPOLYLINE
  5
CDC5
330
1D
100
AcDbEntity
  8
BG_SILKSCREEN_TOP
100
AcDbPolyline
 90
        2
 70
     0
 43
0.0
 10
23.085806
 20
16.152368
 10
22.35327
 20
16.152368
  0
LWPOLYLINE
  5
CDC9
330
1D
100
AcDbEntity
  8
BG_SILKSCREEN_TOP
100
AcDbPolyline
 90
        2
 70
     0
 43
0.0
 10
22.35327
 20
16.152368
 42
-0.412733
 10
21.838412
 20
16.590518
  0
LWPOLYLINE
  5
CDCD
330
1D
100
AcDbEntity
  8
BG_SILKSCREEN_TOP
100
AcDbPolyline
 90
        2
 70
     0
 43
0.0
 10
21.838412
 20
16.590518
 10
21.838412
 20
17.430496
  0
LWPOLYLINE
  5
CDD1
330
1D
100
AcDbEntity
  8
BG_SILKSCREEN_TOP
100
AcDbPolyline
 90
        2
 70
     0
 43
0.0
 10
21.838412
 20
17.430496
 42
-0.46376
 10
22.35581
 20
17.947894
  0
LWPOLYLINE
  5
CDD5
330
1D
100
AcDbEntity
  8
BG_SILKSCREEN_TOP
100
AcDbPolyline
 90
        2
 70
     0
 43
0.0
 10
22.35581
 20
17.947894
 10
23.085806
 20
17.947894
  0
LWPOLYLINE
  5
CDD9
330
1D
100
AcDbEntity
  8
BG_SILKSCREEN_TOP
100
AcDbPolyline
 90
        2
 70
     0
 43
0.0
 10
23.085806
 20
17.947894
 10
23.085806
 20
17.496028
  0
LWPOLYLINE
  5
CDDD
330
1D
100
AcDbEntity
  8
BG_SILKSCREEN_TOP
100
AcDbPolyline
 90
        2
 70
     0
 43
0.0
 10
23.085806
 20
17.496028
 10
22.3647
 20
17.496028
  0
LWPOLYLINE
  5
CDE1
330
1D
100
AcDbEntity
  8
BG_SILKSCREEN_TOP
100
AcDbPolyline
 90
        2
 70
     0
 43
0.0
 10
22.3647
 20
17.496028
 10
22.3647
 20
17.492726
  0
LWPOLYLINE
  5
CDE5
330
1D
100
AcDbEntity
  8
BG_SILKSCREEN_TOP
100
AcDbPolyline
 90
        2
 70
     0
 43
0.0
 10
31.119572
 20
16.152368
 10
31.119572
 20
17.430496
  0
LWPOLYLINE
  5
CDE9
330
1D
100
AcDbEntity
  8
BG_SILKSCREEN_TOP
100
AcDbPolyline
 90
        2
 70
     0
 43
0.0
 10
31.119572
 20
17.430496
 42
0.463652
 10
30.602428
 20
17.947894
  0
LWPOLYLINE
  5
CDED
330
1D
100
AcDbEntity
  8
BG_SILKSCREEN_TOP
100
AcDbPolyline
 90
        2
 70
     0
 43
0.0
 10
30.602428
 20
17.947894
 10
30.16631
 20
17.947894
  0
LWPOLYLINE
  5
CDF1
330
1D
100
AcDbEntity
  8
BG_SILKSCREEN_TOP
100
AcDbPolyline
 90
        2
 70
     0
 43
0.0
 10
30.16631
 20
17.947894
 42
0.463728
 10
29.648912
 20
17.430496
  0
LWPOLYLINE
  5
CDF5
330
1D
100
AcDbEntity
  8
BG_SILKSCREEN_TOP
100
AcDbPolyline
 90
        2
 70
     0
 43
0.0
 10
29.648912
 20
17.430496
 10
29.648912
 20
16.152368
  0
LWPOLYLINE
  5
CDF9
330
1D
100
AcDbEntity
  8
BG_SILKSCREEN_TOP
100
AcDbPolyline
 90
        2
 70
     0
 43
0.0
 10
29.648912
 20
16.152368
 10
30.107382
 20
16.152368
  0
LWPOLYLINE
  5
CDFD
330
1D
100
AcDbEntity
  8
BG_SILKSCREEN_TOP
100
AcDbPolyline
 90
        2
 70
     0
 43
0.0
 10
30.107382
 20
16.152368
 10
30.107382
 20
16.712692
  0
LWPOLYLINE
  5
CE01
330
1D
100
AcDbEntity
  8
BG_SILKSCREEN_TOP
100
AcDbPolyline
 90
        2
 70
     0
 43
0.0
 10
30.107382
 20
16.712692
 10
30.609286
 20
16.712692
  0
LWPOLYLINE
  5
CE05
330
1D
100
AcDbEntity
  8
BG_SILKSCREEN_TOP
100
AcDbPolyline
 90
        2
 70
     0
 43
0.0
 10
30.609286
 20
16.712692
 10
30.609286
 20
17.146524
  0
LWPOLYLINE
  5
CE09
330
1D
100
AcDbEntity
  8
BG_SILKSCREEN_TOP
100
AcDbPolyline
 90
        2
 70
     0
 43
0.0
 10
30.609286
 20
17.146524
 10
30.107382
 20
17.146524
  0
LWPOLYLINE
  5
CE0D
330
1D
100
AcDbEntity
  8
BG_SILKSCREEN_TOP
100
AcDbPolyline
 90
        2
 70
     0
 43
0.0
 10
30.107382
 20
17.146524
 10
30.107382
 20
17.402048
  0
LWPOLYLINE
  5
CE11
330
1D
100
AcDbEntity
  8
BG_SILKSCREEN_TOP
100
AcDbPolyline
 90
        2
 70
     0
 43
0.0
 10
30.107382
 20
17.402048
 10
30.110684
 20
17.402048
  0
LWPOLYLINE
  5
CE15
330
1D
100
AcDbEntity
  8
BG_SILKSCREEN_TOP
100
AcDbPolyline
 90
        2
 70
     0
 43
0.0
 10
30.110684
 20
17.402048
 42
-0.414239
 10
30.175708
 20
17.467072
  0
LWPOLYLINE
  5
CE19
330
1D
100
AcDbEntity
  8
BG_SILKSCREEN_TOP
100
AcDbPolyline
 90
        2
 70
     0
 43
0.0
 10
30.175708
 20
17.467072
 10
30.175708
 20
17.47012
  0
LWPOLYLINE
  5
CE1D
330
1D
100
AcDbEntity
  8
BG_SILKSCREEN_TOP
100
AcDbPolyline
 90
        2
 70
     0
 43
0.0
 10
30.175708
 20
17.47012
 10
30.610302
 20
17.47012
  0
LWPOLYLINE
  5
CE21
330
1D
100
AcDbEntity
  8
BG_SILKSCREEN_TOP
100
AcDbPolyline
 90
        2
 70
     0
 43
0.0
 10
30.610302
 20
17.47012
 10
30.610302
 20
17.467072
  0
LWPOLYLINE
  5
CE25
330
1D
100
AcDbEntity
  8
BG_SILKSCREEN_TOP
100
AcDbPolyline
 90
        2
 70
     0
 43
0.0
 10
30.610302
 20
17.467072
 42
-0.414155
 10
30.675326
 20
17.402048
  0
LWPOLYLINE
  5
CE29
330
1D
100
AcDbEntity
  8
BG_SILKSCREEN_TOP
100
AcDbPolyline
 90
        2
 70
     0
 43
0.0
 10
30.675326
 20
17.402048
 10
30.678628
 20
17.402048
  0
LWPOLYLINE
  5
CE2D
330
1D
100
AcDbEntity
  8
BG_SILKSCREEN_TOP
100
AcDbPolyline
 90
        2
 70
     0
 43
0.0
 10
30.678628
 20
17.402048
 10
30.678628
 20
16.152368
  0
LWPOLYLINE
  5
CE31
330
1D
100
AcDbEntity
  8
BG_SILKSCREEN_TOP
100
AcDbPolyline
 90
        2
 70
     0
 43
0.0
 10
30.678628
 20
16.152368
 10
31.119572
 20
16.152368
  0
LWPOLYLINE
  5
CE35
330
1D
100
AcDbEntity
  8
BG_SILKSCREEN_TOP
100
AcDbPolyline
 90
        2
 70
     0
 43
0.0
 10
23.70582
 20
17.492726
 42
0.413455
 10
23.64105
 20
17.427702
  0
LWPOLYLINE
  5
CE39
330
1D
100
AcDbEntity
  8
BG_SILKSCREEN_TOP
100
AcDbPolyline
 90
        2
 70
     0
 43
0.0
 10
23.64105
 20
17.427702
 10
23.637748
 20
17.427702
  0
LWPOLYLINE
  5
CE3D
330
1D
100
AcDbEntity
  8
BG_SILKSCREEN_TOP
100
AcDbPolyline
 90
        2
 70
     0
 43
0.0
 10
23.637748
 20
17.427702
 10
23.637748
 20
16.152368
  0
LWPOLYLINE
  5
CE41
330
1D
100
AcDbEntity
  8
BG_SILKSCREEN_TOP
100
AcDbPolyline
 90
        2
 70
     0
 43
0.0
 10
23.637748
 20
16.152368
 10
23.1902
 20
16.152368
  0
LWPOLYLINE
  5
CE45
330
1D
100
AcDbEntity
  8
BG_SILKSCREEN_TOP
100
AcDbPolyline
 90
        2
 70
     0
 43
0.0
 10
23.1902
 20
16.152368
 10
23.1902
 20
17.430496
  0
LWPOLYLINE
  5
CE49
330
1D
100
AcDbEntity
  8
BG_SILKSCREEN_TOP
100
AcDbPolyline
 90
        2
 70
     0
 43
0.0
 10
23.1902
 20
17.430496
 42
-0.463843
 10
23.707852
 20
17.947894
  0
LWPOLYLINE
  5
CE4D
330
1D
100
AcDbEntity
  8
BG_SILKSCREEN_TOP
100
AcDbPolyline
 90
        2
 70
     0
 43
0.0
 10
23.707852
 20
17.947894
 10
24.148034
 20
17.947894
  0
LWPOLYLINE
  5
CE51
330
1D
100
AcDbEntity
  8
BG_SILKSCREEN_TOP
100
AcDbPolyline
 90
        2
 70
     0
 43
0.0
 10
24.148034
 20
17.947894
 42
-0.46374
 10
24.665432
 20
17.430496
  0
LWPOLYLINE
  5
CE55
330
1D
100
AcDbEntity
  8
BG_SILKSCREEN_TOP
100
AcDbPolyline
 90
        2
 70
     0
 43
0.0
 10
24.665432
 20
17.430496
 10
24.665432
 20
16.99006
  0
LWPOLYLINE
  5
CE59
330
1D
100
AcDbEntity
  8
BG_SILKSCREEN_TOP
100
AcDbPolyline
 90
        2
 70
     0
 43
0.0
 10
24.665432
 20
16.99006
 42
-0.463643
 10
24.148034
 20
16.472916
  0
LWPOLYLINE
  5
CE5D
330
1D
100
AcDbEntity
  8
BG_SILKSCREEN_TOP
100
AcDbPolyline
 90
        2
 70
     0
 43
0.0
 10
24.148034
 20
16.472916
 10
23.702772
 20
16.472916
  0
LWPOLYLINE
  5
CE61
330
1D
100
AcDbEntity
  8
BG_SILKSCREEN_TOP
100
AcDbPolyline
 90
        2
 70
     0
 43
0.0
 10
23.702772
 20
16.472916
 10
23.702772
 20
16.916908
  0
LWPOLYLINE
  5
CE65
330
1D
100
AcDbEntity
  8
BG_SILKSCREEN_TOP
100
AcDbPolyline
 90
        2
 70
     0
 43
0.0
 10
23.702772
 20
16.916908
 10
24.125174
 20
16.916908
  0
LWPOLYLINE
  5
CE69
330
1D
100
AcDbEntity
  8
BG_SILKSCREEN_TOP
100
AcDbPolyline
 90
        2
 70
     0
 43
0.0
 10
24.125174
 20
16.916908
 10
24.125174
 20
16.92021
  0
LWPOLYLINE
  5
CE6D
330
1D
100
AcDbEntity
  8
BG_SILKSCREEN_TOP
100
AcDbPolyline
 90
        2
 70
     0
 43
0.0
 10
24.125174
 20
16.92021
 42
0.413685
 10
24.190198
 20
16.98498
  0
LWPOLYLINE
  5
CE71
330
1D
100
AcDbEntity
  8
BG_SILKSCREEN_TOP
100
AcDbPolyline
 90
        2
 70
     0
 43
0.0
 10
24.190198
 20
16.98498
 10
24.193246
 20
16.98498
  0
LWPOLYLINE
  5
CE75
330
1D
100
AcDbEntity
  8
BG_SILKSCREEN_TOP
100
AcDbPolyline
 90
        2
 70
     0
 43
0.0
 10
24.193246
 20
16.98498
 10
24.193246
 20
17.427702
  0
LWPOLYLINE
  5
CE79
330
1D
100
AcDbEntity
  8
BG_SILKSCREEN_TOP
100
AcDbPolyline
 90
        2
 70
     0
 43
0.0
 10
24.193246
 20
17.427702
 10
24.190198
 20
17.427702
  0
LWPOLYLINE
  5
CE7D
330
1D
100
AcDbEntity
  8
BG_SILKSCREEN_TOP
100
AcDbPolyline
 90
        2
 70
     0
 43
0.0
 10
24.190198
 20
17.427702
 42
0.414126
 10
24.125174
 20
17.492726
  0
LWPOLYLINE
  5
CE81
330
1D
100
AcDbEntity
  8
BG_SILKSCREEN_TOP
100
AcDbPolyline
 90
        2
 70
     0
 43
0.0
 10
24.125174
 20
17.492726
 10
24.125174
 20
17.496028
  0
LWPOLYLINE
  5
CE85
330
1D
100
AcDbEntity
  8
BG_SILKSCREEN_TOP
100
AcDbPolyline
 90
        2
 70
     0
 43
0.0
 10
24.125174
 20
17.496028
 10
23.70582
 20
17.496028
  0
LWPOLYLINE
  5
CE89
330
1D
100
AcDbEntity
  8
BG_SILKSCREEN_TOP
100
AcDbPolyline
 90
        2
 70
     0
 43
0.0
 10
23.70582
 20
17.496028
 10
23.70582
 20
17.492726
  0
LWPOLYLINE
  5
CE8D
330
1D
100
AcDbEntity
  8
BG_SILKSCREEN_TOP
100
AcDbPolyline
 90
        2
 70
     0
 43
0.0
 10
18.575528
 20
17.492726
 42
-0.414409
 10
18.640552
 20
17.427702
  0
LWPOLYLINE
  5
CE91
330
1D
100
AcDbEntity
  8
BG_SILKSCREEN_TOP
100
AcDbPolyline
 90
        2
 70
     0
 43
0.0
 10
18.640552
 20
17.427702
 10
18.643854
 20
17.427702
  0
LWPOLYLINE
  5
CE95
330
1D
100
AcDbEntity
  8
BG_SILKSCREEN_TOP
100
AcDbPolyline
 90
        2
 70
     0
 43
0.0
 10
18.643854
 20
17.427702
 10
18.643854
 20
16.152368
  0
LWPOLYLINE
  5
CE99
330
1D
100
AcDbEntity
  8
BG_SILKSCREEN_TOP
100
AcDbPolyline
 90
        2
 70
     0
 43
0.0
 10
18.643854
 20
16.152368
 10
19.09318
 20
16.152368
  0
LWPOLYLINE
  5
CE9D
330
1D
100
AcDbEntity
  8
BG_SILKSCREEN_TOP
100
AcDbPolyline
 90
        2
 70
     0
 43
0.0
 10
19.09318
 20
16.152368
 10
19.09318
 20
17.442942
  0
LWPOLYLINE
  5
CEA1
330
1D
100
AcDbEntity
  8
BG_SILKSCREEN_TOP
100
AcDbPolyline
 90
        2
 70
     0
 43
0.0
 10
19.09318
 20
17.442942
 10
19.091656
 20
17.442942
  0
LWPOLYLINE
  5
CEA5
330
1D
100
AcDbEntity
  8
BG_SILKSCREEN_TOP
100
AcDbPolyline
 90
        2
 70
     0
 43
0.0
 10
19.091656
 20
17.442942
 42
0.414278
 10
18.587974
 20
17.946624
  0
LWPOLYLINE
  5
CEA9
330
1D
100
AcDbEntity
  8
BG_SILKSCREEN_TOP
100
AcDbPolyline
 90
        2
 70
     0
 43
0.0
 10
18.587974
 20
17.946624
 10
18.587974
 20
17.947894
  0
LWPOLYLINE
  5
CEAD
330
1D
100
AcDbEntity
  8
BG_SILKSCREEN_TOP
100
AcDbPolyline
 90
        2
 70
     0
 43
0.0
 10
18.587974
 20
17.947894
 10
18.111724
 20
17.947894
  0
LWPOLYLINE
  5
CEB1
330
1D
100
AcDbEntity
  8
BG_SILKSCREEN_TOP
100
AcDbPolyline
 90
        2
 70
     0
 43
0.0
 10
18.111724
 20
17.947894
 10
18.111724
 20
17.946624
  0
LWPOLYLINE
  5
CEB5
330
1D
100
AcDbEntity
  8
BG_SILKSCREEN_TOP
100
AcDbPolyline
 90
        2
 70
     0
 43
0.0
 10
18.111724
 20
17.946624
 42
0.414236
 10
17.608042
 20
17.442942
  0
LWPOLYLINE
  5
CEB9
330
1D
100
AcDbEntity
  8
BG_SILKSCREEN_TOP
100
AcDbPolyline
 90
        2
 70
     0
 43
0.0
 10
17.608042
 20
17.442942
 10
17.606772
 20
17.442942
  0
LWPOLYLINE
  5
CEBD
330
1D
100
AcDbEntity
  8
BG_SILKSCREEN_TOP
100
AcDbPolyline
 90
        2
 70
     0
 43
0.0
 10
17.606772
 20
17.442942
 10
17.606772
 20
16.152368
  0
LWPOLYLINE
  5
CEC1
330
1D
100
AcDbEntity
  8
BG_SILKSCREEN_TOP
100
AcDbPolyline
 90
        2
 70
     0
 43
0.0
 10
17.606772
 20
16.152368
 10
18.056098
 20
16.152368
  0
LWPOLYLINE
  5
CEC5
330
1D
100
AcDbEntity
  8
BG_SILKSCREEN_TOP
100
AcDbPolyline
 90
        2
 70
     0
 43
0.0
 10
18.056098
 20
16.152368
 10
18.056098
 20
16.698214
  0
LWPOLYLINE
  5
CEC9
330
1D
100
AcDbEntity
  8
BG_SILKSCREEN_TOP
100
AcDbPolyline
 90
        2
 70
     0
 43
0.0
 10
18.056098
 20
16.698214
 10
18.560542
 20
16.698214
  0
LWPOLYLINE
  5
CECD
330
1D
100
AcDbEntity
  8
BG_SILKSCREEN_TOP
100
AcDbPolyline
 90
        2
 70
     0
 43
0.0
 10
18.560542
 20
16.698214
 10
18.560542
 20
17.146524
  0
LWPOLYLINE
  5
CED1
330
1D
100
AcDbEntity
  8
BG_SILKSCREEN_TOP
100
AcDbPolyline
 90
        2
 70
     0
 43
0.0
 10
18.560542
 20
17.146524
 10
18.056098
 20
17.146524
  0
LWPOLYLINE
  5
CED5
330
1D
100
AcDbEntity
  8
BG_SILKSCREEN_TOP
100
AcDbPolyline
 90
        2
 70
     0
 43
0.0
 10
18.056098
 20
17.146524
 10
18.056098
 20
17.427702
  0
LWPOLYLINE
  5
CED9
330
1D
100
AcDbEntity
  8
BG_SILKSCREEN_TOP
100
AcDbPolyline
 90
        2
 70
     0
 43
0.0
 10
18.056098
 20
17.427702
 10
18.059146
 20
17.427702
  0
LWPOLYLINE
  5
CEDD
330
1D
100
AcDbEntity
  8
BG_SILKSCREEN_TOP
100
AcDbPolyline
 90
        2
 70
     0
 43
0.0
 10
18.059146
 20
17.427702
 42
-0.414102
 10
18.12417
 20
17.492726
  0
LWPOLYLINE
  5
CEE1
330
1D
100
AcDbEntity
  8
BG_SILKSCREEN_TOP
100
AcDbPolyline
 90
        2
 70
     0
 43
0.0
 10
18.12417
 20
17.492726
 10
18.12417
 20
17.496028
  0
LWPOLYLINE
  5
CEE5
330
1D
100
AcDbEntity
  8
BG_SILKSCREEN_TOP
100
AcDbPolyline
 90
        2
 70
     0
 43
0.0
 10
18.12417
 20
17.496028
 10
18.575528
 20
17.496028
  0
LWPOLYLINE
  5
CEE9
330
1D
100
AcDbEntity
  8
BG_SILKSCREEN_TOP
100
AcDbPolyline
 90
        2
 70
     0
 43
0.0
 10
18.575528
 20
17.496028
 10
18.575528
 20
17.492726
  0
LWPOLYLINE
  5
CEED
330
1D
100
AcDbEntity
  8
BG_SILKSCREEN_TOP
100
AcDbPolyline
 90
        2
 70
     0
 43
0.0
 10
25.720294
 20
17.492726
 42
-0.41421
 10
25.785318
 20
17.427702
  0
LWPOLYLINE
  5
CEF1
330
1D
100
AcDbEntity
  8
BG_SILKSCREEN_TOP
100
AcDbPolyline
 90
        2
 70
     0
 43
0.0
 10
25.785318
 20
17.427702
 10
25.78862
 20
17.427702
  0
LWPOLYLINE
  5
CEF5
330
1D
100
AcDbEntity
  8
BG_SILKSCREEN_TOP
100
AcDbPolyline
 90
        2
 70
     0
 43
0.0
 10
25.78862
 20
17.427702
 10
25.78862
 20
16.152368
  0
LWPOLYLINE
  5
CEF9
330
1D
100
AcDbEntity
  8
BG_SILKSCREEN_TOP
100
AcDbPolyline
 90
        2
 70
     0
 43
0.0
 10
25.78862
 20
16.152368
 10
26.284682
 20
16.152368
  0
LWPOLYLINE
  5
CEFD
330
1D
100
AcDbEntity
  8
BG_SILKSCREEN_TOP
100
AcDbPolyline
 90
        2
 70
     0
 43
0.0
 10
26.284682
 20
16.152368
 10
26.284682
 20
17.442942
  0
LWPOLYLINE
  5
CF01
330
1D
100
AcDbEntity
  8
BG_SILKSCREEN_TOP
100
AcDbPolyline
 90
        2
 70
     0
 43
0.0
 10
26.284682
 20
17.442942
 10
26.283412
 20
17.442942
  0
LWPOLYLINE
  5
CF05
330
1D
100
AcDbEntity
  8
BG_SILKSCREEN_TOP
100
AcDbPolyline
 90
        2
 70
     0
 43
0.0
 10
26.283412
 20
17.442942
 42
0.414255
 10
25.77973
 20
17.946624
  0
LWPOLYLINE
  5
CF09
330
1D
100
AcDbEntity
  8
BG_SILKSCREEN_TOP
100
AcDbPolyline
 90
        2
 70
     0
 43
0.0
 10
25.77973
 20
17.946624
 10
25.77973
 20
17.947894
  0
LWPOLYLINE
  5
CF0D
330
1D
100
AcDbEntity
  8
BG_SILKSCREEN_TOP
100
AcDbPolyline
 90
        2
 70
     0
 43
0.0
 10
25.77973
 20
17.947894
 10
25.276556
 20
17.947894
  0
LWPOLYLINE
  5
CF11
330
1D
100
AcDbEntity
  8
BG_SILKSCREEN_TOP
100
AcDbPolyline
 90
        2
 70
     0
 43
0.0
 10
25.276556
 20
17.947894
 10
25.276556
 20
17.946624
  0
LWPOLYLINE
  5
CF15
330
1D
100
AcDbEntity
  8
BG_SILKSCREEN_TOP
100
AcDbPolyline
 90
        2
 70
     0
 43
0.0
 10
25.276556
 20
17.946624
 42
0.41425
 10
24.772874
 20
17.442942
  0
LWPOLYLINE
  5
CF19
330
1D
100
AcDbEntity
  8
BG_SILKSCREEN_TOP
100
AcDbPolyline
 90
        2
 70
     0
 43
0.0
 10
24.772874
 20
17.442942
 10
24.771604
 20
17.442942
  0
LWPOLYLINE
  5
CF1D
330
1D
100
AcDbEntity
  8
BG_SILKSCREEN_TOP
100
AcDbPolyline
 90
        2
 70
     0
 43
0.0
 10
24.771604
 20
17.442942
 10
24.771604
 20
16.152368
  0
LWPOLYLINE
  5
CF21
330
1D
100
AcDbEntity
  8
BG_SILKSCREEN_TOP
100
AcDbPolyline
 90
        2
 70
     0
 43
0.0
 10
24.771604
 20
16.152368
 10
25.205436
 20
16.152368
  0
LWPOLYLINE
  5
CF25
330
1D
100
AcDbEntity
  8
BG_SILKSCREEN_TOP
100
AcDbPolyline
 90
        2
 70
     0
 43
0.0
 10
25.205436
 20
16.152368
 10
25.205436
 20
16.698214
  0
LWPOLYLINE
  5
CF29
330
1D
100
AcDbEntity
  8
BG_SILKSCREEN_TOP
100
AcDbPolyline
 90
        2
 70
     0
 43
0.0
 10
25.205436
 20
16.698214
 10
25.739598
 20
16.698214
  0
LWPOLYLINE
  5
CF2D
330
1D
100
AcDbEntity
  8
BG_SILKSCREEN_TOP
100
AcDbPolyline
 90
        2
 70
     0
 43
0.0
 10
25.739598
 20
16.698214
 10
25.739598
 20
17.146524
  0
LWPOLYLINE
  5
CF31
330
1D
100
AcDbEntity
  8
BG_SILKSCREEN_TOP
100
AcDbPolyline
 90
        2
 70
     0
 43
0.0
 10
25.739598
 20
17.146524
 10
25.205436
 20
17.146524
  0
LWPOLYLINE
  5
CF35
330
1D
100
AcDbEntity
  8
BG_SILKSCREEN_TOP
100
AcDbPolyline
 90
        2
 70
     0
 43
0.0
 10
25.205436
 20
17.146524
 10
25.205436
 20
17.427702
  0
LWPOLYLINE
  5
CF39
330
1D
100
AcDbEntity
  8
BG_SILKSCREEN_TOP
100
AcDbPolyline
 90
        2
 70
     0
 43
0.0
 10
25.205436
 20
17.427702
 10
25.208738
 20
17.427702
  0
LWPOLYLINE
  5
CF3D
330
1D
100
AcDbEntity
  8
BG_SILKSCREEN_TOP
100
AcDbPolyline
 90
        2
 70
     0
 43
0.0
 10
25.208738
 20
17.427702
 42
-0.413381
 10
25.273508
 20
17.492726
  0
LWPOLYLINE
  5
CF41
330
1D
100
AcDbEntity
  8
BG_SILKSCREEN_TOP
100
AcDbPolyline
 90
        2
 70
     0
 43
0.0
 10
25.273508
 20
17.492726
 10
25.273508
 20
17.496028
  0
LWPOLYLINE
  5
CF45
330
1D
100
AcDbEntity
  8
BG_SILKSCREEN_TOP
100
AcDbPolyline
 90
        2
 70
     0
 43
0.0
 10
25.273508
 20
17.496028
 10
25.720294
 20
17.496028
  0
LWPOLYLINE
  5
CF49
330
1D
100
AcDbEntity
  8
BG_SILKSCREEN_TOP
100
AcDbPolyline
 90
        2
 70
     0
 43
0.0
 10
25.720294
 20
17.496028
 10
25.720294
 20
17.492726
  0
LWPOLYLINE
  5
CF4D
330
1D
100
AcDbEntity
  8
BG_SILKSCREEN_TOP
100
AcDbPolyline
 90
        2
 70
     0
 43
0.0
 10
26.387806
 20
16.152368
 10
26.387806
 20
17.538446
  0
LWPOLYLINE
  5
CF51
330
1D
100
AcDbEntity
  8
BG_SILKSCREEN_TOP
100
AcDbPolyline
 90
        2
 70
     0
 43
0.0
 10
26.387806
 20
17.538446
 10
26.390854
 20
17.538446
  0
LWPOLYLINE
  5
CF55
330
1D
100
AcDbEntity
  8
BG_SILKSCREEN_TOP
100
AcDbPolyline
 90
        2
 70
     0
 43
0.0
 10
26.390854
 20
17.538446
 42
-0.414441
 10
26.797254
 20
17.944846
  0
LWPOLYLINE
  5
CF59
330
1D
100
AcDbEntity
  8
BG_SILKSCREEN_TOP
100
AcDbPolyline
 90
        2
 70
     0
 43
0.0
 10
26.797254
 20
17.944846
 10
26.927302
 20
17.944846
  0
LWPOLYLINE
  5
CF5D
330
1D
100
AcDbEntity
  8
BG_SILKSCREEN_TOP
100
AcDbPolyline
 90
        2
 70
     0
 43
0.0
 10
26.927302
 20
17.944846
 42
-0.368314
 10
27.328368
 20
17.602962
  0
LWPOLYLINE
  5
CF61
330
1D
100
AcDbEntity
  8
BG_SILKSCREEN_TOP
100
AcDbPolyline
 90
        2
 70
     0
 43
0.0
 10
27.328368
 20
17.602962
 10
27.331416
 20
17.602962
  0
LWPOLYLINE
  5
CF65
330
1D
100
AcDbEntity
  8
BG_SILKSCREEN_TOP
100
AcDbPolyline
 90
        2
 70
     0
 43
0.0
 10
27.331416
 20
17.602962
 10
27.485086
 20
16.642334
  0
LWPOLYLINE
  5
CF69
330
1D
100
AcDbEntity
  8
BG_SILKSCREEN_TOP
100
AcDbPolyline
 90
        2
 70
     0
 43
0.0
 10
27.485086
 20
16.642334
 10
27.482546
 20
16.64208
  0
LWPOLYLINE
  5
CF6D
330
1D
100
AcDbEntity
  8
BG_SILKSCREEN_TOP
100
AcDbPolyline
 90
        2
 70
     0
 43
0.0
 10
27.482546
 20
16.64208
 42
0.920975
 10
27.514804
 20
16.64462
  0
LWPOLYLINE
  5
CF71
330
1D
100
AcDbEntity
  8
BG_SILKSCREEN_TOP
100
AcDbPolyline
 90
        2
 70
     0
 43
0.0
 10
27.514804
 20
16.64462
 10
27.512264
 20
16.64462
  0
LWPOLYLINE
  5
CF75
330
1D
100
AcDbEntity
  8
BG_SILKSCREEN_TOP
100
AcDbPolyline
 90
        2
 70
     0
 43
0.0
 10
27.512264
 20
16.64462
 10
27.512264
 20
17.947894
  0
LWPOLYLINE
  5
CF79
330
1D
100
AcDbEntity
  8
BG_SILKSCREEN_TOP
100
AcDbPolyline
 90
        2
 70
     0
 43
0.0
 10
27.512264
 20
17.947894
 10
27.967686
 20
17.947894
  0
LWPOLYLINE
  5
CF7D
330
1D
100
AcDbEntity
  8
BG_SILKSCREEN_TOP
100
AcDbPolyline
 90
        2
 70
     0
 43
0.0
 10
27.967686
 20
17.947894
 10
27.967686
 20
16.561816
  0
LWPOLYLINE
  5
CF81
330
1D
100
AcDbEntity
  8
BG_SILKSCREEN_TOP
100
AcDbPolyline
 90
        2
 70
     0
 43
0.0
 10
27.967686
 20
16.561816
 10
27.964384
 20
16.561816
  0
LWPOLYLINE
  5
CF85
330
1D
100
AcDbEntity
  8
BG_SILKSCREEN_TOP
100
AcDbPolyline
 90
        2
 70
     0
 43
0.0
 10
27.964384
 20
16.561816
 42
-0.414167
 10
27.558238
 20
16.15567
  0
LWPOLYLINE
  5
CF89
330
1D
100
AcDbEntity
  8
BG_SILKSCREEN_TOP
100
AcDbPolyline
 90
        2
 70
     0
 43
0.0
 10
27.558238
 20
16.15567
 10
27.473148
 20
16.15567
  0
LWPOLYLINE
  5
CF8D
330
1D
100
AcDbEntity
  8
BG_SILKSCREEN_TOP
100
AcDbPolyline
 90
        2
 70
     0
 43
0.0
 10
27.473148
 20
16.15567
 42
-0.359627
 10
27.074114
 20
16.485108
  0
LWPOLYLINE
  5
CF91
330
1D
100
AcDbEntity
  8
BG_SILKSCREEN_TOP
100
AcDbPolyline
 90
        2
 70
     0
 43
0.0
 10
27.074114
 20
16.485108
 10
27.071828
 20
16.485108
  0
LWPOLYLINE
  5
CF95
330
1D
100
AcDbEntity
  8
BG_SILKSCREEN_TOP
100
AcDbPolyline
 90
        2
 70
     0
 43
0.0
 10
27.071828
 20
16.485108
 10
27.071066
 20
16.4846
  0
LWPOLYLINE
  5
CF99
330
1D
100
AcDbEntity
  8
BG_SILKSCREEN_TOP
100
AcDbPolyline
 90
        2
 70
     0
 43
0.0
 10
27.071066
 20
16.4846
 10
26.858976
 20
17.587722
  0
LWPOLYLINE
  5
CF9D
330
1D
100
AcDbEntity
  8
BG_SILKSCREEN_TOP
100
AcDbPolyline
 90
        2
 70
     0
 43
0.0
 10
26.858976
 20
17.587722
 10
26.86177
 20
17.58823
  0
LWPOLYLINE
  5
CFA1
330
1D
100
AcDbEntity
  8
BG_SILKSCREEN_TOP
100
AcDbPolyline
 90
        2
 70
     0
 43
0.0
 10
26.86177
 20
17.58823
 42
0.917234
 10
26.829512
 20
17.585182
  0
LWPOLYLINE
  5
CFA5
330
1D
100
AcDbEntity
  8
BG_SILKSCREEN_TOP
100
AcDbPolyline
 90
        2
 70
     0
 43
0.0
 10
26.829512
 20
17.585182
 10
26.832052
 20
17.585182
  0
LWPOLYLINE
  5
CFA9
330
1D
100
AcDbEntity
  8
BG_SILKSCREEN_TOP
100
AcDbPolyline
 90
        2
 70
     0
 43
0.0
 10
26.832052
 20
17.585182
 10
26.832052
 20
16.152368
  0
LWPOLYLINE
  5
CFAD
330
1D
100
AcDbEntity
  8
BG_SILKSCREEN_TOP
100
AcDbPolyline
 90
        2
 70
     0
 43
0.0
 10
26.832052
 20
16.152368
 10
26.387806
 20
16.152368
  0
LWPOLYLINE
  5
CFB1
330
1D
100
AcDbEntity
  8
BG_SILKSCREEN_TOP
100
AcDbPolyline
 90
        2
 70
     0
 43
0.0
 10
26.473912
 20
23.964138
 42
0.079018
 10
25.8572
 20
24.602948
  0
LWPOLYLINE
  5
CFB5
330
1D
100
AcDbEntity
  8
BG_SILKSCREEN_TOP
100
AcDbPolyline
 90
        2
 70
     0
 43
0.0
 10
25.8572
 20
24.602948
 42
-0.15407
 10
26.677366
 20
24.650192
  0
LWPOLYLINE
  5
CFB9
330
1D
100
AcDbEntity
  8
BG_SILKSCREEN_TOP
100
AcDbPolyline
 90
        2
 70
     0
 43
0.0
 10
26.677366
 20
24.650192
 42
-0.143271
 10
27.624024
 20
24.091392
  0
LWPOLYLINE
  5
CFBD
330
1D
100
AcDbEntity
  8
BG_SILKSCREEN_TOP
100
AcDbPolyline
 90
        2
 70
     0
 43
0.0
 10
27.624024
 20
24.091392
 42
-0.08384
 10
28.036266
 20
23.565612
  0
LWPOLYLINE
  5
CFC1
330
1D
100
AcDbEntity
  8
BG_SILKSCREEN_TOP
100
AcDbPolyline
 90
        2
 70
     0
 43
0.0
 10
28.036266
 20
23.565612
 42
-0.155094
 10
28.377896
 20
22.008338
  0
LWPOLYLINE
  5
CFC5
330
1D
100
AcDbEntity
  8
BG_SILKSCREEN_TOP
100
AcDbPolyline
 90
        2
 70
     0
 43
0.0
 10
28.377896
 20
22.008338
 42
-0.16497
 10
27.989784
 20
21.16455
  0
LWPOLYLINE
  5
CFC9
330
1D
100
AcDbEntity
  8
BG_SILKSCREEN_TOP
100
AcDbPolyline
 90
        2
 70
     0
 43
0.0
 10
27.989784
 20
21.16455
 42
-0.189067
 10
27.039062
 20
22.526244
  0
LWPOLYLINE
  5
CFCD
330
1D
100
AcDbEntity
  8
BG_SILKSCREEN_TOP
100
AcDbPolyline
 90
        2
 70
     0
 43
0.0
 10
27.039062
 20
22.526244
 42
0.130337
 10
26.473912
 20
23.964138
  0
LWPOLYLINE
  5
CFD1
330
1D
100
AcDbEntity
  8
BG_SILKSCREEN_TOP
100
AcDbPolyline
 90
        2
 70
     0
 43
0.0
 10
26.013664
 20
23.517352
 42
-0.097207
 10
26.359612
 20
22.736302
  0
LWPOLYLINE
  5
CFD5
330
1D
100
AcDbEntity
  8
BG_SILKSCREEN_TOP
100
AcDbPolyline
 90
        2
 70
     0
 43
0.0
 10
26.359612
 20
22.736302
 42
0.045336
 10
26.458164
 20
22.244812
  0
LWPOLYLINE
  5
CFD9
330
1D
100
AcDbEntity
  8
BG_SILKSCREEN_TOP
100
AcDbPolyline
 90
        2
 70
     0
 43
0.0
 10
26.458164
 20
22.244812
 42
0.143737
 10
27.402282
 20
20.82292
  0
LWPOLYLINE
  5
CFDD
330
1D
100
AcDbEntity
  8
BG_SILKSCREEN_TOP
100
AcDbPolyline
 90
        2
 70
     0
 43
0.0
 10
27.402282
 20
20.82292
 42
-0.101881
 10
26.529538
 20
20.883372
  0
LWPOLYLINE
  5
CFE1
330
1D
100
AcDbEntity
  8
BG_SILKSCREEN_TOP
100
AcDbPolyline
 90
        2
 70
     0
 43
0.0
 10
26.529538
 20
20.883372
 42
-0.108377
 10
25.941782
 20
21.22297
  0
LWPOLYLINE
  5
CFE5
330
1D
100
AcDbEntity
  8
BG_SILKSCREEN_TOP
100
AcDbPolyline
 90
        2
 70
     0
 43
0.0
 10
25.941782
 20
21.22297
 42
-0.181514
 10
25.013158
 20
22.86254
  0
LWPOLYLINE
  5
CFE9
330
1D
100
AcDbEntity
  8
BG_SILKSCREEN_TOP
100
AcDbPolyline
 90
        2
 70
     0
 43
0.0
 10
25.013158
 20
22.86254
 42
-0.17474
 10
25.318212
 20
24.200104
  0
LWPOLYLINE
  5
CFED
330
1D
100
AcDbEntity
  8
BG_SILKSCREEN_TOP
100
AcDbPolyline
 90
        2
 70
     0
 43
0.0
 10
25.318212
 20
24.200104
 42
-0.114678
 10
26.013664
 20
23.517352
  0
LWPOLYLINE
  5
CFF1
330
1D
100
AcDbEntity
  8
BG_SILKSCREEN_TOP
100
AcDbPolyline
 90
        2
 70
     0
 43
0.0
 10
24.280114
 20
20.914614
 42
-0.143499
 10
23.886414
 20
20.72132
  0
LWPOLYLINE
  5
CFF5
330
1D
100
AcDbEntity
  8
BG_SILKSCREEN_TOP
100
AcDbPolyline
 90
        2
 70
     0
 43
0.0
 10
23.886414
 20
20.72132
 10
23.887176
 20
20.717002
  0
LWPOLYLINE
  5
CFF9
330
1D
100
AcDbEntity
  8
BG_SILKSCREEN_TOP
100
AcDbPolyline
 90
        2
 70
     0
 43
0.0
 10
23.887176
 20
20.717002
 42
-0.03834
 10
23.749762
 20
20.70354
  0
LWPOLYLINE
  5
CFFD
330
1D
100
AcDbEntity
  8
BG_SILKSCREEN_TOP
100
AcDbPolyline
 90
        2
 70
     0
 43
0.0
 10
23.749762
 20
20.70354
 42
-0.038269
 10
23.612602
 20
20.717002
  0
LWPOLYLINE
  5
D001
330
1D
100
AcDbEntity
  8
BG_SILKSCREEN_TOP
100
AcDbPolyline
 90
        2
 70
     0
 43
0.0
 10
23.612602
 20
20.717002
 10
23.613618
 20
20.72132
  0
LWPOLYLINE
  5
D005
330
1D
100
AcDbEntity
  8
BG_SILKSCREEN_TOP
100
AcDbPolyline
 90
        2
 70
     0
 43
0.0
 10
23.613618
 20
20.72132
 42
-0.1344
 10
23.241
 20
20.89658
  0
LWPOLYLINE
  5
D009
330
1D
100
AcDbEntity
  8
BG_SILKSCREEN_TOP
100
AcDbPolyline
 90
        2
 70
     0
 43
0.0
 10
23.241
 20
20.89658
 42
-0.119857
 10
22.99716
 20
21.217636
  0
LWPOLYLINE
  5
D00D
330
1D
100
AcDbEntity
  8
BG_SILKSCREEN_TOP
100
AcDbPolyline
 90
        2
 70
     0
 43
0.0
 10
22.99716
 20
21.217636
 42
-0.015529
 10
22.995128
 20
21.230082
  0
LWPOLYLINE
  5
D011
330
1D
100
AcDbEntity
  8
BG_SILKSCREEN_TOP
100
AcDbPolyline
 90
        2
 70
     0
 43
0.0
 10
22.995128
 20
21.230082
 42
-0.30524
 10
23.19147
 20
21.524468
  0
LWPOLYLINE
  5
D015
330
1D
100
AcDbEntity
  8
BG_SILKSCREEN_TOP
100
AcDbPolyline
 90
        2
 70
     0
 43
0.0
 10
23.19147
 20
21.524468
 10
24.308308
 20
21.524468
  0
LWPOLYLINE
  5
D019
330
1D
100
AcDbEntity
  8
BG_SILKSCREEN_TOP
100
AcDbPolyline
 90
        2
 70
     0
 43
0.0
 10
24.308308
 20
21.524468
 42
-0.305492
 10
24.50465
 20
21.229828
  0
LWPOLYLINE
  5
D01D
330
1D
100
AcDbEntity
  8
BG_SILKSCREEN_TOP
100
AcDbPolyline
 90
        2
 70
     0
 43
0.0
 10
24.50465
 20
21.229828
 42
-0.01522
 10
24.502618
 20
21.217636
  0
LWPOLYLINE
  5
D021
330
1D
100
AcDbEntity
  8
BG_SILKSCREEN_TOP
100
AcDbPolyline
 90
        2
 70
     0
 43
0.0
 10
24.502618
 20
21.217636
 42
-0.111561
 10
24.280114
 20
20.914614
  0
LWPOLYLINE
  5
D025
330
1D
100
AcDbEntity
  8
BG_SILKSCREEN_TOP
100
AcDbPolyline
 90
        2
 70
     0
 43
0.0
 10
25.318974
 20
20.025868
 42
-0.107934
 10
25.275794
 20
19.854418
  0
LWPOLYLINE
  5
D029
330
1D
100
AcDbEntity
  8
BG_SILKSCREEN_TOP
100
AcDbPolyline
 90
        2
 70
     0
 43
0.0
 10
25.275794
 20
19.854418
 10
25.277826
 20
19.853148
  0
LWPOLYLINE
  5
D02D
330
1D
100
AcDbEntity
  8
BG_SILKSCREEN_TOP
100
AcDbPolyline
 90
        2
 70
     0
 43
0.0
 10
25.277826
 20
19.853148
 42
-0.25585
 10
24.723598
 20
19.421856
  0
LWPOLYLINE
  5
D031
330
1D
100
AcDbEntity
  8
BG_SILKSCREEN_TOP
100
AcDbPolyline
 90
        2
 70
     0
 43
0.0
 10
24.723598
 20
19.421856
 42
-0.123301
 10
24.322532
 20
19.456146
  0
LWPOLYLINE
  5
D035
330
1D
100
AcDbEntity
  8
BG_SILKSCREEN_TOP
100
AcDbPolyline
 90
        2
 70
     0
 43
0.0
 10
24.322532
 20
19.456146
 42
-0.112147
 10
24.019764
 20
19.663664
  0
LWPOLYLINE
  5
D039
330
1D
100
AcDbEntity
  8
BG_SILKSCREEN_TOP
100
AcDbPolyline
 90
        2
 70
     0
 43
0.0
 10
24.019764
 20
19.663664
 10
24.017224
 20
19.660616
  0
LWPOLYLINE
  5
D03D
330
1D
100
AcDbEntity
  8
BG_SILKSCREEN_TOP
100
AcDbPolyline
 90
        2
 70
     0
 43
0.0
 10
24.017224
 20
19.660616
 42
0.175067
 10
23.746206
 20
19.755104
  0
LWPOLYLINE
  5
D041
330
1D
100
AcDbEntity
  8
BG_SILKSCREEN_TOP
100
AcDbPolyline
 90
        2
 70
     0
 43
0.0
 10
23.746206
 20
19.755104
 42
0.175203
 10
23.474934
 20
19.660616
  0
LWPOLYLINE
  5
D045
330
1D
100
AcDbEntity
  8
BG_SILKSCREEN_TOP
100
AcDbPolyline
 90
        2
 70
     0
 43
0.0
 10
23.474934
 20
19.660616
 10
23.472648
 20
19.663664
  0
LWPOLYLINE
  5
D049
330
1D
100
AcDbEntity
  8
BG_SILKSCREEN_TOP
100
AcDbPolyline
 90
        2
 70
     0
 43
0.0
 10
23.472648
 20
19.663664
 42
-0.112217
 10
23.169626
 20
19.456146
  0
LWPOLYLINE
  5
D04D
330
1D
100
AcDbEntity
  8
BG_SILKSCREEN_TOP
100
AcDbPolyline
 90
        2
 70
     0
 43
0.0
 10
23.169626
 20
19.456146
 42
-0.123225
 10
22.768814
 20
19.421856
  0
LWPOLYLINE
  5
D051
330
1D
100
AcDbEntity
  8
BG_SILKSCREEN_TOP
100
AcDbPolyline
 90
        2
 70
     0
 43
0.0
 10
22.768814
 20
19.421856
 42
-0.255851
 10
22.214586
 20
19.853148
  0
LWPOLYLINE
  5
D055
330
1D
100
AcDbEntity
  8
BG_SILKSCREEN_TOP
100
AcDbPolyline
 90
        2
 70
     0
 43
0.0
 10
22.214586
 20
19.853148
 10
22.216618
 20
19.854418
  0
LWPOLYLINE
  5
D059
330
1D
100
AcDbEntity
  8
BG_SILKSCREEN_TOP
100
AcDbPolyline
 90
        2
 70
     0
 43
0.0
 10
22.216618
 20
19.854418
 42
-0.10856
 10
22.173438
 20
20.026884
  0
LWPOLYLINE
  5
D05D
330
1D
100
AcDbEntity
  8
BG_SILKSCREEN_TOP
100
AcDbPolyline
 90
        2
 70
     0
 43
0.0
 10
22.173438
 20
20.026884
 42
-0.29992
 10
22.22373
 20
20.160742
  0
LWPOLYLINE
  5
D061
330
1D
100
AcDbEntity
  8
BG_SILKSCREEN_TOP
100
AcDbPolyline
 90
        2
 70
     0
 43
0.0
 10
22.22373
 20
20.160742
 42
-0.362103
 10
22.430232
 20
20.135596
  0
LWPOLYLINE
  5
D065
330
1D
100
AcDbEntity
  8
BG_SILKSCREEN_TOP
100
AcDbPolyline
 90
        2
 70
     0
 43
0.0
 10
22.430232
 20
20.135596
 42
-0.028195
 10
22.484334
 20
19.976084
  0
LWPOLYLINE
  5
D069
330
1D
100
AcDbEntity
  8
BG_SILKSCREEN_TOP
100
AcDbPolyline
 90
        2
 70
     0
 43
0.0
 10
22.484334
 20
19.976084
 10
22.488144
 20
19.9771
  0
LWPOLYLINE
  5
D06D
330
1D
100
AcDbEntity
  8
BG_SILKSCREEN_TOP
100
AcDbPolyline
 90
        2
 70
     0
 43
0.0
 10
22.488144
 20
19.9771
 42
0.093724
 10
22.572472
 20
19.848322
  0
LWPOLYLINE
  5
D071
330
1D
100
AcDbEntity
  8
BG_SILKSCREEN_TOP
100
AcDbPolyline
 90
        2
 70
     0
 43
0.0
 10
22.572472
 20
19.848322
 42
0.211862
 10
22.942042
 20
19.708114
  0
LWPOLYLINE
  5
D075
330
1D
100
AcDbEntity
  8
BG_SILKSCREEN_TOP
100
AcDbPolyline
 90
        2
 70
     0
 43
0.0
 10
22.942042
 20
19.708114
 42
0.178883
 10
23.218394
 20
19.821144
  0
LWPOLYLINE
  5
D079
330
1D
100
AcDbEntity
  8
BG_SILKSCREEN_TOP
100
AcDbPolyline
 90
        2
 70
     0
 43
0.0
 10
23.218394
 20
19.821144
 42
-0.049058
 10
23.361142
 20
19.937984
  0
LWPOLYLINE
  5
D07D
330
1D
100
AcDbEntity
  8
BG_SILKSCREEN_TOP
100
AcDbPolyline
 90
        2
 70
     0
 43
0.0
 10
23.361142
 20
19.937984
 42
-0.179583
 10
23.745952
 20
20.05203
  0
LWPOLYLINE
  5
D081
330
1D
100
AcDbEntity
  8
BG_SILKSCREEN_TOP
100
AcDbPolyline
 90
        2
 70
     0
 43
0.0
 10
23.745952
 20
20.05203
 42
-0.179396
 10
24.130508
 20
19.938492
  0
LWPOLYLINE
  5
D085
330
1D
100
AcDbEntity
  8
BG_SILKSCREEN_TOP
100
AcDbPolyline
 90
        2
 70
     0
 43
0.0
 10
24.130508
 20
19.938492
 42
-0.048151
 10
24.27097
 20
19.824192
  0
LWPOLYLINE
  5
D089
330
1D
100
AcDbEntity
  8
BG_SILKSCREEN_TOP
100
AcDbPolyline
 90
        2
 70
     0
 43
0.0
 10
24.27097
 20
19.824192
 42
0.181159
 10
24.549862
 20
19.708114
  0
LWPOLYLINE
  5
D08D
330
1D
100
AcDbEntity
  8
BG_SILKSCREEN_TOP
100
AcDbPolyline
 90
        2
 70
     0
 43
0.0
 10
24.549862
 20
19.708114
 42
0.138963
 10
24.809196
 20
19.76628
  0
LWPOLYLINE
  5
D091
330
1D
100
AcDbEntity
  8
BG_SILKSCREEN_TOP
100
AcDbPolyline
 90
        2
 70
     0
 43
0.0
 10
24.809196
 20
19.76628
 42
0.178903
 10
25.004268
 20
19.9771
  0
LWPOLYLINE
  5
D095
330
1D
100
AcDbEntity
  8
BG_SILKSCREEN_TOP
100
AcDbPolyline
 90
        2
 70
     0
 43
0.0
 10
25.004268
 20
19.9771
 10
25.008078
 20
19.976084
  0
LWPOLYLINE
  5
D099
330
1D
100
AcDbEntity
  8
BG_SILKSCREEN_TOP
100
AcDbPolyline
 90
        2
 70
     0
 43
0.0
 10
25.008078
 20
19.976084
 42
-0.028249
 10
25.062434
 20
20.13585
  0
LWPOLYLINE
  5
D09D
330
1D
100
AcDbEntity
  8
BG_SILKSCREEN_TOP
100
AcDbPolyline
 90
        2
 70
     0
 43
0.0
 10
25.062434
 20
20.13585
 42
-0.356734
 10
25.266396
 20
20.162266
  0
LWPOLYLINE
  5
D0A1
330
1D
100
AcDbEntity
  8
BG_SILKSCREEN_TOP
100
AcDbPolyline
 90
        2
 70
     0
 43
0.0
 10
25.266396
 20
20.162266
 42
-0.307774
 10
25.318974
 20
20.025868
  0
LWPOLYLINE
  5
D0A5
330
1D
100
AcDbEntity
  8
BG_SILKSCREEN_TOP
100
AcDbPolyline
 90
        2
 70
     0
 43
0.0
 10
19.000724
 20
22.008338
 42
-0.155092
 10
19.342354
 20
23.565612
  0
LWPOLYLINE
  5
D0A9
330
1D
100
AcDbEntity
  8
BG_SILKSCREEN_TOP
100
AcDbPolyline
 90
        2
 70
     0
 43
0.0
 10
19.342354
 20
23.565612
 42
-0.08384
 10
19.754596
 20
24.091392
  0
LWPOLYLINE
  5
D0AD
330
1D
100
AcDbEntity
  8
BG_SILKSCREEN_TOP
100
AcDbPolyline
 90
        2
 70
     0
 43
0.0
 10
19.754596
 20
24.091392
 42
-0.143298
 10
20.701508
 20
24.650192
  0
LWPOLYLINE
  5
D0B1
330
1D
100
AcDbEntity
  8
BG_SILKSCREEN_TOP
100
AcDbPolyline
 90
        2
 70
     0
 43
0.0
 10
20.701508
 20
24.650192
 42
-0.154026
 10
21.52142
 20
24.602948
  0
LWPOLYLINE
  5
D0B5
330
1D
100
AcDbEntity
  8
BG_SILKSCREEN_TOP
100
AcDbPolyline
 90
        2
 70
     0
 43
0.0
 10
21.52142
 20
24.602948
 42
0.079017
 10
20.904708
 20
23.964138
  0
LWPOLYLINE
  5
D0B9
330
1D
100
AcDbEntity
  8
BG_SILKSCREEN_TOP
100
AcDbPolyline
 90
        2
 70
     0
 43
0.0
 10
20.904708
 20
23.964138
 42
0.130331
 10
20.339812
 20
22.526244
  0
LWPOLYLINE
  5
D0BD
330
1D
100
AcDbEntity
  8
BG_SILKSCREEN_TOP
100
AcDbPolyline
 90
        2
 70
     0
 43
0.0
 10
20.339812
 20
22.526244
 42
-0.189079
 10
19.388836
 20
21.16455
  0
LWPOLYLINE
  5
D0C1
330
1D
100
AcDbEntity
  8
BG_SILKSCREEN_TOP
100
AcDbPolyline
 90
        2
 70
     0
 43
0.0
 10
19.388836
 20
21.16455
 42
-0.164964
 10
19.000724
 20
22.008338
  0
LWPOLYLINE
  5
D0C5
330
1D
100
AcDbEntity
  8
BG_SILKSCREEN_TOP
100
AcDbPolyline
 90
        2
 70
     0
 43
0.0
 10
21.436838
 20
21.22297
 42
-0.108378
 10
20.849082
 20
20.883372
  0
LWPOLYLINE
  5
D0C9
330
1D
100
AcDbEntity
  8
BG_SILKSCREEN_TOP
100
AcDbPolyline
 90
        2
 70
     0
 43
0.0
 10
20.849082
 20
20.883372
 42
-0.101881
 10
19.976338
 20
20.82292
  0
LWPOLYLINE
  5
D0CD
330
1D
100
AcDbEntity
  8
BG_SILKSCREEN_TOP
100
AcDbPolyline
 90
        2
 70
     0
 43
0.0
 10
19.976338
 20
20.82292
 42
0.143738
 10
20.920456
 20
22.244812
  0
LWPOLYLINE
  5
D0D1
330
1D
100
AcDbEntity
  8
BG_SILKSCREEN_TOP
100
AcDbPolyline
 90
        2
 70
     0
 43
0.0
 10
20.920456
 20
22.244812
 42
0.04534
 10
21.019262
 20
22.736302
  0
LWPOLYLINE
  5
D0D5
330
1D
100
AcDbEntity
  8
BG_SILKSCREEN_TOP
100
AcDbPolyline
 90
        2
 70
     0
 43
0.0
 10
21.019262
 20
22.736302
 42
-0.097198
 10
21.364956
 20
23.517352
  0
LWPOLYLINE
  5
D0D9
330
1D
100
AcDbEntity
  8
BG_SILKSCREEN_TOP
100
AcDbPolyline
 90
        2
 70
     0
 43
0.0
 10
21.364956
 20
23.517352
 42
-0.114673
 10
22.060408
 20
24.200104
  0
LWPOLYLINE
  5
D0DD
330
1D
100
AcDbEntity
  8
BG_SILKSCREEN_TOP
100
AcDbPolyline
 90
        2
 70
     0
 43
0.0
 10
22.060408
 20
24.200104
 42
-0.174746
 10
22.365462
 20
22.86254
  0
LWPOLYLINE
  5
D0E1
330
1D
100
AcDbEntity
  8
BG_SILKSCREEN_TOP
100
AcDbPolyline
 90
        2
 70
     0
 43
0.0
 10
22.365462
 20
22.86254
 42
-0.181515
 10
21.436838
 20
21.22297
  0
LWPOLYLINE
  5
D0E5
330
1D
100
AcDbEntity
  8
BG_OUTLINE
100
AcDbPolyline
 90
        2
 70
     0
 43
0.0
 10
86.50097
 20
0.0
 42
0.414214
 10
88.00084
 20
1.500124
  0
LWPOLYLINE
  5
D0E9
330
1D
100
AcDbEntity
  8
BG_OUTLINE
100
AcDbPolyline
 90
        2
 70
     0
 43
0.0
 10
88.00084
 20
1.500124
 10
88.00084
 20
68.49999
  0
LWPOLYLINE
  5
D0ED
330
1D
100
AcDbEntity
  8
BG_OUTLINE
100
AcDbPolyline
 90
        2
 70
     0
 43
0.0
 10
88.00084
 20
68.49999
 42
0.414214
 10
86.50097
 20
70.000114
  0
LWPOLYLINE
  5
D0F1
330
1D
100
AcDbEntity
  8
BG_OUTLINE
100
AcDbPolyline
 90
        2
 70
     0
 43
0.0
 10
86.50097
 20
70.000114
 10
1.49987
 20
70.000114
  0
LWPOLYLINE
  5
D0F5
330
1D
100
AcDbEntity
  8
BG_OUTLINE
100
AcDbPolyline
 90
        2
 70
     0
 43
0.0
 10
1.49987
 20
70.000114
 42
0.414214
 10
0.0
 20
68.49999
  0
LWPOLYLINE
  5
D0F9
330
1D
100
AcDbEntity
  8
BG_OUTLINE
100
AcDbPolyline
 90
        2
 70
     0
 43
0.0
 10
0.0
 20
68.49999
 10
0.0
 20
1.500124
  0
LWPOLYLINE
  5
D0FD
330
1D
100
AcDbEntity
  8
BG_OUTLINE
100
AcDbPolyline
 90
        2
 70
     0
 43
0.0
 10
0.0
 20
1.500124
 42
0.414214
 10
1.49987
 20
0.0
  0
LWPOLYLINE
  5
D101
330
1D
100
AcDbEntity
  8
BG_OUTLINE
100
AcDbPolyline
 90
        2
 70
     0
 43
0.0
 10
1.49987
 20
0.0
 10
86.50097
 20
0.0
  0
TEXT
  5
D105
330
1D
100
AcDbEntity
  8
BG_SILKSCREEN_TOP
100
AcDbText
 10
76.2
 20
68.707
 30
0.0
 40
0.6604
  1
POWER
 41
1.115385
100
AcDbText
  0
TEXT
  5
D106
330
1D
100
AcDbEntity
  8
BG_SILKSCREEN_TOP
100
AcDbText
 10
68.3006
 20
0.6604
 30
0.0
 40
1.0668
  1
FAN
 41
1.119048
100
AcDbText
  0
TEXT
  5
D109
330
1D
100
AcDbEntity
  8
BG_SILKSCREEN_TOP
100
AcDbText
 10
11.881866
 20
0.70612
 30
0.0
 40
1.0668
  1
PWR MGMT
 41
1.119048
100
AcDbText
  0
ENDSEC
  0
SECTION
  2
OBJECTS
  0
DICTIONARY
  5
C
330
0
100
AcDbDictionary
281
     1
  3
ACAD_DETAILVIEWSTYLE
350
D181
  3
ACAD_GROUP
350
D
  3
ACAD_LAYOUT
350
1A
  3
ACAD_MATERIAL
350
D13A
  3
ACAD_MLEADERSTYLE
350
D17F
  3
ACAD_MLINESTYLE
350
17
  3
ACAD_PLOTSETTINGS
350
19
  3
ACAD_PLOTSTYLENAME
350
E
  3
ACAD_SCALELIST
350
D10B
  3
ACAD_SECTIONVIEWSTYLE
350
D182
  3
ACAD_TABLESTYLE
350
D13E
  3
ACAD_VISUALSTYLE
350
D121
  3
ACDB_RECOMPOSE_DATA
350
D1FD
  3
AcDbVariableDictionary
350
D142
  0
DICTIONARY
  5
D1C2
330
8
100
AcDbDictionary
280
     1
281
     1
  3
ACAD_XREC_ROUNDTRIP
360
D1C3
  0
DICTIONARY
  5
D181
102
{ACAD_REACTORS
330
C
102
}
330
C
100
AcDbDictionary
281
     1
  0
DICTIONARY
  5
D
102
{ACAD_REACTORS
330
C
102
}
330
C
100
AcDbDictionary
281
     1
  0
DICTIONARY
  5
1A
102
{ACAD_REACTORS
330
C
102
}
330
C
100
AcDbDictionary
281
     1
  3
Model
350
1E
  3
²¼¾Ö1
350
1C
  0
DICTIONARY
  5
D13A
102
{ACAD_REACTORS
330
C
102
}
330
C
100
AcDbDictionary
281
     1
  3
ByBlock
350
D13C
  3
ByLayer
350
D13B
  3
Global
350
D13D
  0
DICTIONARY
  5
D17F
102
{ACAD_REACTORS
330
C
102
}
330
C
100
AcDbDictionary
281
     1
  0
DICTIONARY
  5
17
102
{ACAD_REACTORS
330
C
102
}
330
C
100
AcDbDictionary
281
     1
  3
Standard
350
18
  0
DICTIONARY
  5
19
102
{ACAD_REACTORS
330
C
102
}
330
C
100
AcDbDictionary
281
     1
  0
ACDBDICTIONARYWDFLT
  5
E
102
{ACAD_REACTORS
330
C
102
}
330
C
100
AcDbDictionary
281
     1
  3
ByColor
350
11
  3
Normal
350
F
100
AcDbDictionaryWithDefault
340
F
  0
DICTIONARY
  5
D10B
102
{ACAD_REACTORS
330
C
102
}
330
C
100
AcDbDictionary
281
     1
  3
A0
350
D10C
  3
B7
350
D10D
  3
B8
350
D10E
  3
B9
350
D10F
  3
C0
350
D110
  3
C1
350
D111
  3
C2
350
D112
  3
C3
350
D113
  3
C4
350
D114
  3
C5
350
D115
  3
C6
350
D116
  3
C7
350
D117
  3
C8
350
D118
  3
C9
350
D119
  3
D0
350
D11A
  3
D1
350
D11B
  3
D2
350
D11C
  0
DICTIONARY
  5
D182
102
{ACAD_REACTORS
330
C
102
}
330
C
100
AcDbDictionary
281
     1
  0
DICTIONARY
  5
D13E
102
{ACAD_REACTORS
330
C
102
}
330
C
100
AcDbDictionary
281
     1
  3
Standard
350
D13F
  0
DICTIONARY
  5
D121
102
{ACAD_REACTORS
330
C
102
}
330
C
100
AcDbDictionary
281
     1
  3
2dWireframe
350
D126
  3
Basic
350
D129
  3
Brighten
350
D12D
  3
ColorChange
350
D131
  3
Conceptual
350
D12B
  3
Dim
350
D12C
  3
EdgeColorOff
350
D134
  3
Facepattern
350
D130
  3
Flat
350
D122
  3
FlatWithEdges
350
D123
  3
Gouraud
350
D124
  3
GouraudWithEdges
350
D125
  3
Hidden
350
D128
  3
JitterOff
350
D132
  3
Linepattern
350
D12F
  3
OverhangOff
350
D133
  3
Realistic
350
D12A
  3
Shaded
350
D139
  3
Shaded with edges
350
D138
  3
Shades of Gray
350
D135
  3
Sketchy
350
D136
  3
Thicken
350
D12E
  3
Wireframe
350
D127
  3
X-Ray
350
D137
  0
XRECORD
  5
D1FD
102
{ACAD_REACTORS
330
C
102
}
330
C
100
AcDbXrecord
280
     1
 90
        1
330
D13F
  0
DICTIONARY
  5
D142
102
{ACAD_REACTORS
330
C
102
}
330
C
100
AcDbDictionary
281
     1
  3
CANNOSCALE
350
D143
  3
CTABLESTYLE
350
D17E
  3
MSLTSCALE
350
D180
  0
XRECORD
  5
D1C3
102
{ACAD_REACTORS
330
D1C2
102
}
330
D1C2
100
AcDbXrecord
280
     1
102
VTR_0.000_0.000_1.000_1.000_GRIDDISPLAY
 70
     3
102
VTR_0.000_0.000_1.000_1.000_GRIDMAJOR
 70
     5
102
VTR_0.000_0.000_1.000_1.000_DEFAULTLIGHTING
280
     1
102
VTR_0.000_0.000_1.000_1.000_DEFAULTLIGHTINGTYPE
 70
     1
102
VTR_0.000_0.000_1.000_1.000_BRIGHTNESS
141
0.0
102
VTR_0.000_0.000_1.000_1.000_CONTRAST
142
0.0
  0
LAYOUT
  5
1E
102
{ACAD_REACTORS
330
1A
102
}
330
1A
100
AcDbPlotSettings
  1

  2
none_device
  4
ISO_A4_(210.00_x_297.00_MM)
  6

 40
7.5
 41
20.0
 42
7.5
 43
20.0
 44
210.0
 45
297.0
 46
0.0
 47
0.0
 48
0.0
 49
0.0
140
0.0
141
0.0
142
1.0
143
1.0
 70
  1712
 72
     0
 73
     1
 74
     0
  7

 75
     0
 76
     0
 77
     2
 78
   300
147
1.0
148
0.0
149
0.0
100
AcDbLayout
  1
Model
 70
     1
 71
     0
 10
0.0
 20
0.0
 11
12.0
 21
9.0
 12
0.0
 22
0.0
 32
0.0
 14
-0.0000000054716372
 24
-0.0000000000000002
 34
0.0
 15
88.00084000547164
 25
70.000114
 35
0.0
146
0.0
 13
0.0
 23
0.0
 33
0.0
 16
1.0
 26
0.0
 36
0.0
 17
0.0
 27
1.0
 37
0.0
 76
     0
330
1D
331
D10A
  0
LAYOUT
  5
1C
102
{ACAD_REACTORS
330
1A
102
}
330
1A
100
AcDbPlotSettings
  1

  2
none_device
  4
ISO_A4_(210.00_x_297.00_MM)
  6

 40
7.5
 41
20.0
 42
7.5
 43
20.0
 44
210.0
 45
297.0
 46
0.0
 47
0.0
 48
0.0
 49
0.0
140
0.0
141
0.0
142
1.0
143
1.0
 70
   688
 72
     0
 73
     1
 74
     5
  7

 75
    16
 76
     0
 77
     2
 78
   300
147
1.0
148
0.0
149
0.0
100
AcDbLayout
  1
²¼¾Ö1
 70
     1
 71
     1
 10
0.0
 20
0.0
 11
12.0
 21
9.0
 12
0.0
 22
0.0
 32
0.0
 14
1.000000000000000E+20
 24
1.000000000000000E+20
 34
1.000000000000000E+20
 15
-1.000000000000000E+20
 25
-1.000000000000000E+20
 35
-1.000000000000000E+20
146
0.0
 13
0.0
 23
0.0
 33
0.0
 16
1.0
 26
0.0
 36
0.0
 17
0.0
 27
1.0
 37
0.0
 76
     0
330
1B
  0
MATERIAL
  5
D13C
102
{ACAD_REACTORS
330
D13A
102
}
102
{ACAD_XDICTIONARY
360
D1F6
102
}
330
D13A
100
AcDbMaterial
  1
ByBlock
  0
MATERIAL
  5
D13B
102
{ACAD_REACTORS
330
D13A
102
}
102
{ACAD_XDICTIONARY
360
D1F4
102
}
330
D13A
100
AcDbMaterial
  1
ByLayer
  0
MATERIAL
  5
D13D
102
{ACAD_REACTORS
330
D13A
102
}
102
{ACAD_XDICTIONARY
360
D1F8
102
}
330
D13A
100
AcDbMaterial
  1
Global
  0
MLINESTYLE
  5
18
102
{ACAD_REACTORS
330
17
102
}
330
17
100
AcDbMlineStyle
  2
Standard
 70
     0
  3

 62
   256
 51
90.0
 52
90.0
 71
     2
 49
0.5
 62
   256
  6
BYLAYER
 49
-0.5
 62
   256
  6
BYLAYER
  0
ACDBPLACEHOLDER
  5
11
102
{ACAD_REACTORS
330
E
102
}
330
E
  0
ACDBPLACEHOLDER
  5
F
102
{ACAD_REACTORS
330
E
102
}
330
E
  0
SCALE
  5
D10C
102
{ACAD_REACTORS
330
D10B
102
}
330
D10B
100
AcDbScale
 70
     0
300
1:1
140
1.0
141
1.0
290
     1
  0
SCALE
  5
D10D
102
{ACAD_REACTORS
330
D10B
102
}
330
D10B
100
AcDbScale
 70
     0
300
1/128" = 1'-0"
140
0.0078125
141
12.0
290
     0
  0
SCALE
  5
D10E
102
{ACAD_REACTORS
330
D10B
102
}
330
D10B
100
AcDbScale
 70
     0
300
1/64" = 1'-0"
140
0.015625
141
12.0
290
     0
  0
SCALE
  5
D10F
102
{ACAD_REACTORS
330
D10B
102
}
330
D10B
100
AcDbScale
 70
     0
300
1/32" = 1'-0"
140
0.03125
141
12.0
290
     0
  0
SCALE
  5
D110
102
{ACAD_REACTORS
330
D10B
102
}
330
D10B
100
AcDbScale
 70
     0
300
1/16" = 1'-0"
140
0.0625
141
12.0
290
     0
  0
SCALE
  5
D111
102
{ACAD_REACTORS
330
D10B
102
}
330
D10B
100
AcDbScale
 70
     0
300
3/32" = 1'-0"
140
0.09375
141
12.0
290
     0
  0
SCALE
  5
D112
102
{ACAD_REACTORS
330
D10B
102
}
330
D10B
100
AcDbScale
 70
     0
300
1/8" = 1'-0"
140
0.125
141
12.0
290
     0
  0
SCALE
  5
D113
102
{ACAD_REACTORS
330
D10B
102
}
330
D10B
100
AcDbScale
 70
     0
300
3/16" = 1'-0"
140
0.1875
141
12.0
290
     0
  0
SCALE
  5
D114
102
{ACAD_REACTORS
330
D10B
102
}
330
D10B
100
AcDbScale
 70
     0
300
1/4" = 1'-0"
140
0.25
141
12.0
290
     0
  0
SCALE
  5
D115
102
{ACAD_REACTORS
330
D10B
102
}
330
D10B
100
AcDbScale
 70
     0
300
3/8" = 1'-0"
140
0.375
141
12.0
290
     0
  0
SCALE
  5
D116
102
{ACAD_REACTORS
330
D10B
102
}
330
D10B
100
AcDbScale
 70
     0
300
1/2" = 1'-0"
140
0.5
141
12.0
290
     0
  0
SCALE
  5
D117
102
{ACAD_REACTORS
330
D10B
102
}
330
D10B
100
AcDbScale
 70
     0
300
3/4" = 1'-0"
140
0.75
141
12.0
290
     0
  0
SCALE
  5
D118
102
{ACAD_REACTORS
330
D10B
102
}
330
D10B
100
AcDbScale
 70
     0
300
1" = 1'-0"
140
1.0
141
12.0
290
     0
  0
SCALE
  5
D119
102
{ACAD_REACTORS
330
D10B
102
}
330
D10B
100
AcDbScale
 70
     0
300
1-1/2" = 1'-0"
140
1.5
141
12.0
290
     0
  0
SCALE
  5
D11A
102
{ACAD_REACTORS
330
D10B
102
}
330
D10B
100
AcDbScale
 70
     0
300
3" = 1'-0"
140
3.0
141
12.0
290
     0
  0
SCALE
  5
D11B
102
{ACAD_REACTORS
330
D10B
102
}
330
D10B
100
AcDbScale
 70
     0
300
6" = 1'-0"
140
6.0
141
12.0
290
     0
  0
SCALE
  5
D11C
102
{ACAD_REACTORS
330
D10B
102
}
330
D10B
100
AcDbScale
 70
     0
300
1'-0" = 1'-0"
140
12.0
141
12.0
290
     0
  0
TABLESTYLE
  5
D13F
102
{ACAD_REACTORS
330
D13E
102
}
102
{ACAD_XDICTIONARY
360
D1FA
102
}
330
D13E
100
AcDbTableStyle
  3
Standard
 70
     0
 71
     0
 40
0.06
 41
0.06
280
     0
281
     0
  7
STANDARD
140
0.18
170
     2
 62
     0
 63
   257
283
     0
274
    -2
284
     1
 64
     0
275
    -2
285
     1
 65
     0
276
    -2
286
     1
 66
     0
277
    -2
287
     1
 67
     0
278
    -2
288
     1
 68
     0
279
    -2
289
     1
 69
     0
  7
STANDARD
140
0.25
170
     5
 62
     0
 63
   257
283
     0
274
    -2
284
     1
 64
     0
275
    -2
285
     1
 65
     0
276
    -2
286
     1
 66
     0
277
    -2
287
     1
 67
     0
278
    -2
288
     1
 68
     0
279
    -2
289
     1
 69
     0
  7
STANDARD
140
0.18
170
     5
 62
     0
 63
   257
283
     0
274
    -2
284
     1
 64
     0
275
    -2
285
     1
 65
     0
276
    -2
286
     1
 66
     0
277
    -2
287
     1
 67
     0
278
    -2
288
     1
 68
     0
279
    -2
289
     1
 69
     0
  0
VISUALSTYLE
  5
D126
102
{ACAD_REACTORS
330
D121
102
}
102
{ACAD_XDICTIONARY
360
D1CC
102
}
330
D121
100
AcDbVisualStyle
  2
2dWireframe
 70
     4
 71
     0
 72
     2
 73
     0
 90
        0
 40
0.6
 41
30.0
 62
     5
 63
     7
421
 16777215
 74
     1
 91
        4
 64
     7
 65
   257
 75
     1
175
     1
 42
1.0
 92
        0
 66
   257
 43
1.0
 76
     1
 77
     6
 78
     2
 67
     7
 79
     5
170
     0
171
     0
290
     0
174
     0
 93
        1
 44
0.0
173
     0
291
     0
 45
0.0
1001
ACAD
1000
AcDbSavedByObjectVersion
1070
     0
  0
VISUALSTYLE
  5
D129
102
{ACAD_REACTORS
330
D121
102
}
102
{ACAD_XDICTIONARY
360
D1D2
102
}
330
D121
100
AcDbVisualStyle
  2
Basic
 70
     7
 71
     1
 72
     0
 73
     1
 90
        0
 40
0.6
 41
30.0
 62
     5
 63
     7
421
 16777215
 74
     0
 91
        4
 64
     7
 65
   257
 75
     1
175
     1
 42
1.0
 92
        8
 66
     7
 43
1.0
 76
     1
 77
     6
 78
     2
 67
     7
 79
     5
170
     0
171
     0
290
     0
174
     0
 93
        1
 44
0.0
173
     0
291
     1
 45
0.0
1001
ACAD
1000
AcDbSavedByObjectVersion
1070
     0
  0
VISUALSTYLE
  5
D12D
102
{ACAD_REACTORS
330
D121
102
}
102
{ACAD_XDICTIONARY
360
D1DA
102
}
330
D121
100
AcDbVisualStyle
  2
Brighten
 70
    12
 71
     2
 72
     2
 73
     0
 90
        0
 40
0.6
 41
30.0
 62
     5
 63
     7
421
 16777215
 74
     1
 91
        4
 64
     7
 65
   257
 75
     1
175
     1
 42
1.0
 92
        8
 66
     7
 43
1.0
 76
     1
 77
     6
 78
     2
 67
     7
 79
     5
170
     0
171
     0
290
     0
174
     0
 93
        1
 44
50.0
173
     0
291
     1
 45
0.0
1001
ACAD
1000
AcDbSavedByObjectVersion
1070
     0
  0
VISUALSTYLE
  5
D131
102
{ACAD_REACTORS
330
D121
102
}
102
{ACAD_XDICTIONARY
360
D1E2
102
}
330
D121
100
AcDbVisualStyle
  2
ColorChange
 70
    16
 71
     2
 72
     2
 73
     3
 90
        0
 40
0.6
 41
30.0
 62
     5
 63
     8
421
  8421504
 74
     1
 91
        4
 64
     7
 65
   257
 75
     1
175
     1
 42
1.0
 92
        8
 66
     8
424
  8421504
 43
1.0
 76
     1
 77
     6
 78
     2
 67
     7
 79
     5
170
     0
171
     0
290
     0
174
     0
 93
        1
 44
0.0
173
     0
291
     1
 45
0.0
1001
ACAD
1000
AcDbSavedByObjectVersion
1070
     0
  0
VISUALSTYLE
  5
D12B
102
{ACAD_REACTORS
330
D121
102
}
102
{ACAD_XDICTIONARY
360
D1D6
102
}
330
D121
100
AcDbVisualStyle
  2
Conceptual
 70
     9
 71
     3
 72
     2
 73
     0
 90
        0
 40
0.6
 41
30.0
 62
     5
 63
     7
421
 16777215
 74
     2
 91
        2
 64
     7
 65
   257
 75
     1
175
     1
 42
40.0
 92
        8
 66
     7
 43
1.0
 76
     1
 77
     6
 78
     2
 67
     7
 79
     3
170
     0
171
     0
290
     0
174
     0
 93
        1
 44
0.0
173
     0
291
     0
 45
0.0
1001
ACAD
1000
AcDbSavedByObjectVersion
1070
     0
  0
VISUALSTYLE
  5
D12C
102
{ACAD_REACTORS
330
D121
102
}
102
{ACAD_XDICTIONARY
360
D1D8
102
}
330
D121
100
AcDbVisualStyle
  2
Dim
 70
    11
 71
     2
 72
     2
 73
     0
 90
        0
 40
0.6
 41
30.0
 62
     5
 63
     7
421
 16777215
 74
     1
 91
        4
 64
     7
 65
   257
 75
     1
175
     1
 42
1.0
 92
        8
 66
     7
 43
1.0
 76
     1
 77
     6
 78
     2
 67
     7
 79
     5
170
     0
171
     0
290
     0
174
     0
 93
        1
 44
-50.0
173
     0
291
     1
 45
0.0
1001
ACAD
1000
AcDbSavedByObjectVersion
1070
     0
  0
VISUALSTYLE
  5
D134
102
{ACAD_REACTORS
330
D121
102
}
102
{ACAD_XDICTIONARY
360
D1E8
102
}
330
D121
100
AcDbVisualStyle
  2
EdgeColorOff
 70
    22
 71
     2
 72
     2
 73
     0
 90
        0
 40
0.6
 41
30.0
 62
     5
 63
     7
421
 16777215
 74
     1
 91
        4
 64
     7
 65
   257
 75
     1
175
     1
 42
1.0
 92
        8
 66
     7
 43
1.0
 76
     1
 77
     6
 78
     2
 67
     7
 79
     5
170
     0
171
     0
290
     0
174
     0
 93
        1
 44
0.0
173
     0
291
     1
 45
0.0
1001
ACAD
1000
AcDbSavedByObjectVersion
1070
     0
  0
VISUALSTYLE
  5
D130
102
{ACAD_REACTORS
330
D121
102
}
102
{ACAD_XDICTIONARY
360
D1E0
102
}
330
D121
100
AcDbVisualStyle
  2
Facepattern
 70
    15
 71
     2
 72
     2
 73
     0
 90
        0
 40
0.6
 41
30.0
 62
     5
 63
     7
421
 16777215
 74
     1
 91
        4
 64
     7
 65
   257
 75
     1
175
     1
 42
1.0
 92
        8
 66
     7
 43
1.0
 76
     1
 77
     6
 78
     2
 67
     7
 79
     5
170
     0
171
     0
290
     0
174
     0
 93
        1
 44
0.0
173
     0
291
     1
 45
0.0
1001
ACAD
1000
AcDbSavedByObjectVersion
1070
     0
  0
VISUALSTYLE
  5
D122
102
{ACAD_REACTORS
330
D121
102
}
102
{ACAD_XDICTIONARY
360
D1C4
102
}
330
D121
100
AcDbVisualStyle
  2
Flat
 70
     0
 71
     2
 72
     1
 73
     1
 90
        2
 40
0.6
 41
30.0
 62
     5
 63
     7
421
 16777215
 74
     0
 91
        4
 64
     7
 65
   257
 75
     1
175
     1
 42
1.0
 92
        8
 66
     7
 43
1.0
 76
     1
 77
     6
 78
     2
 67
     7
 79
     5
170
     0
171
     0
290
     0
174
     0
 93
       13
 44
0.0
173
     0
291
     1
 45
0.0
1001
ACAD
1000
AcDbSavedByObjectVersion
1070
     0
  0
VISUALSTYLE
  5
D123
102
{ACAD_REACTORS
330
D121
102
}
102
{ACAD_XDICTIONARY
360
D1C6
102
}
330
D121
100
AcDbVisualStyle
  2
FlatWithEdges
 70
     1
 71
     2
 72
     1
 73
     1
 90
        2
 40
0.6
 41
30.0
 62
     5
 63
     7
421
 16777215
 74
     1
 91
        4
 64
     7
 65
   257
 75
     1
175
     1
 42
1.0
 92
        0
 66
   257
 43
1.0
 76
     1
 77
     6
 78
     2
 67
     7
 79
     5
170
     0
171
     0
290
     0
174
     0
 93
       13
 44
0.0
173
     0
291
     1
 45
0.0
1001
ACAD
1000
AcDbSavedByObjectVersion
1070
     0
  0
VISUALSTYLE
  5
D124
102
{ACAD_REACTORS
330
D121
102
}
102
{ACAD_XDICTIONARY
360
D1C8
102
}
330
D121
100
AcDbVisualStyle
  2
Gouraud
 70
     2
 71
     2
 72
     2
 73
     1
 90
        2
 40
0.6
 41
30.0
 62
     5
 63
     7
421
 16777215
 74
     0
 91
        4
 64
     7
 65
   257
 75
     1
175
     1
 42
1.0
 92
        0
 66
     7
 43
1.0
 76
     1
 77
     6
 78
     2
 67
     7
 79
     5
170
     0
171
     0
290
     0
174
     0
 93
       13
 44
0.0
173
     0
291
     1
 45
0.0
1001
ACAD
1000
AcDbSavedByObjectVersion
1070
     0
  0
VISUALSTYLE
  5
D125
102
{ACAD_REACTORS
330
D121
102
}
102
{ACAD_XDICTIONARY
360
D1CA
102
}
330
D121
100
AcDbVisualStyle
  2
GouraudWithEdges
 70
     3
 71
     2
 72
     2
 73
     1
 90
        2
 40
0.6
 41
30.0
 62
     5
 63
     7
421
 16777215
 74
     1
 91
        4
 64
     7
 65
   257
 75
     1
175
     1
 42
1.0
 92
        0
 66
   257
 43
1.0
 76
     1
 77
     6
 78
     2
 67
     7
 79
     5
170
     0
171
     0
290
     0
174
     0
 93
       13
 44
0.0
173
     0
291
     1
 45
0.0
1001
ACAD
1000
AcDbSavedByObjectVersion
1070
     0
  0
VISUALSTYLE
  5
D128
102
{ACAD_REACTORS
330
D121
102
}
102
{ACAD_XDICTIONARY
360
D1D0
102
}
330
D121
100
AcDbVisualStyle
  2
Hidden
 70
     6
 71
     1
 72
     2
 73
     2
 90
        0
 40
0.6
 41
30.0
 62
     5
 63
     7
421
 16777215
 74
     2
 91
        2
 64
     7
 65
   257
 75
     2
175
     1
 42
40.0
 92
        0
 66
   257
 43
1.0
 76
     1
 77
     6
 78
     2
 67
     7
 79
     3
170
     0
171
     0
290
     0
174
     0
 93
        1
 44
0.0
173
     0
291
     0
 45
0.0
1001
ACAD
1000
AcDbSavedByObjectVersion
1070
     0
  0
VISUALSTYLE
  5
D132
102
{ACAD_REACTORS
330
D121
102
}
102
{ACAD_XDICTIONARY
360
D1E4
102
}
330
D121
100
AcDbVisualStyle
  2
JitterOff
 70
    20
 71
     2
 72
     2
 73
     0
 90
        0
 40
0.6
 41
30.0
 62
     5
 63
     7
421
 16777215
 74
     1
 91
        4
 64
     7
 65
   257
 75
     1
175
     1
 42
1.0
 92
       10
 66
     7
 43
1.0
 76
     1
 77
     6
 78
     2
 67
     7
 79
     5
170
     0
171
     0
290
     0
174
     0
 93
        1
 44
0.0
173
     0
291
     1
 45
0.0
1001
ACAD
1000
AcDbSavedByObjectVersion
1070
     0
  0
VISUALSTYLE
  5
D12F
102
{ACAD_REACTORS
330
D121
102
}
102
{ACAD_XDICTIONARY
360
D1DE
102
}
330
D121
100
AcDbVisualStyle
  2
Linepattern
 70
    14
 71
     2
 72
     2
 73
     0
 90
        0
 40
0.6
 41
30.0
 62
     5
 63
     7
421
 16777215
 74
     1
 91
        4
 64
     7
 65
   257
 75
     7
175
     7
 42
1.0
 92
        8
 66
     7
 43
1.0
 76
     1
 77
     6
 78
     2
 67
     7
 79
     5
170
     0
171
     0
290
     0
174
     0
 93
        1
 44
0.0
173
     0
291
     1
 45
0.0
1001
ACAD
1000
AcDbSavedByObjectVersion
1070
     0
  0
VISUALSTYLE
  5
D133
102
{ACAD_REACTORS
330
D121
102
}
102
{ACAD_XDICTIONARY
360
D1E6
102
}
330
D121
100
AcDbVisualStyle
  2
OverhangOff
 70
    21
 71
     2
 72
     2
 73
     0
 90
        0
 40
0.6
 41
30.0
 62
     5
 63
     7
421
 16777215
 74
     1
 91
        4
 64
     7
 65
   257
 75
     1
175
     1
 42
1.0
 92
        9
 66
     7
 43
1.0
 76
     1
 77
     6
 78
     2
 67
     7
 79
     5
170
     0
171
     0
290
     0
174
     0
 93
        1
 44
0.0
173
     0
291
     1
 45
0.0
1001
ACAD
1000
AcDbSavedByObjectVersion
1070
     0
  0
VISUALSTYLE
  5
D12A
102
{ACAD_REACTORS
330
D121
102
}
102
{ACAD_XDICTIONARY
360
D1D4
102
}
330
D121
100
AcDbVisualStyle
  2
Realistic
 70
     8
 71
     2
 72
     3
 73
     0
 90
        2
 40
0.6
 41
30.0
 62
     5
 63
     7
421
 16777215
 74
     0
 91
        0
 64
     7
 65
   257
 75
     1
175
     1
 42
1.0
 92
        8
 66
   257
 43
1.0
 76
     1
 77
     6
 78
     2
 67
     7
 79
     3
170
     0
171
     0
290
     0
174
     0
 93
       13
 44
0.0
173
     0
291
     0
 45
0.0
1001
ACAD
1000
AcDbSavedByObjectVersion
1070
     0
  0
VISUALSTYLE
  5
D139
102
{ACAD_REACTORS
330
D121
102
}
102
{ACAD_XDICTIONARY
360
D1F2
102
}
330
D121
100
AcDbVisualStyle
  2
Shaded
 70
    27
 71
     2
 72
     2
 73
     1
 90
        2
 40
0.6
 41
30.0
 62
     5
 63
     7
421
 16777215
 74
     0
 91
        4
 64
     7
 65
   257
 75
     1
175
     1
 42
1.0
 92
        8
 66
   257
 43
1.0
 76
     1
 77
     6
 78
     2
 67
   251
425
  5131854
 79
     3
170
     0
171
     0
290
     0
174
     0
 93
        5
 44
0.0
173
     0
291
     0
 45
0.0
1001
ACAD
1000
AcDbSavedByObjectVersion
1070
     0
  0
VISUALSTYLE
  5
D138
102
{ACAD_REACTORS
330
D121
102
}
102
{ACAD_XDICTIONARY
360
D1F0
102
}
330
D121
100
AcDbVisualStyle
  2
Shaded with edges
 70
    26
 71
     2
 72
     2
 73
     1
 90
        2
 40
0.6
 41
30.0
 62
     5
 63
     7
421
 16777215
 74
     1
 91
       10
 64
     7
 65
   257
 75
     2
175
     1
 42
1.0
 92
        8
 66
   257
 43
1.0
 76
     1
 77
     6
 78
     2
 67
     7
 79
     3
170
     0
171
     0
290
     0
174
     0
 93
        5
 44
0.0
173
     0
291
     0
 45
0.0
1001
ACAD
1000
AcDbSavedByObjectVersion
1070
     0
  0
VISUALSTYLE
  5
D135
102
{ACAD_REACTORS
330
D121
102
}
102
{ACAD_XDICTIONARY
360
D1EA
102
}
330
D121
100
AcDbVisualStyle
  2
Shades of Gray
 70
    23
 71
     2
 72
     2
 73
     3
 90
        0
 40
0.6
 41
30.0
 62
     5
 63
     7
421
 16777215
 74
     2
 91
        2
 64
     7
 65
     7
 75
     1
175
     1
 42
40.0
 92
        8
 66
     7
 43
1.0
 76
     1
 77
     6
 78
     2
 67
     7
 79
     3
170
     0
171
     0
290
     0
174
     0
 93
        1
 44
0.0
173
     0
291
     0
 45
0.0
1001
ACAD
1000
AcDbSavedByObjectVersion
1070
     0
  0
VISUALSTYLE
  5
D136
102
{ACAD_REACTORS
330
D121
102
}
102
{ACAD_XDICTIONARY
360
D1EC
102
}
330
D121
100
AcDbVisualStyle
  2
Sketchy
 70
    24
 71
     1
 72
     2
 73
     2
 90
        0
 40
0.6
 41
30.0
 62
     5
 63
     7
421
 16777215
 74
     2
 91
        2
 64
     7
 65
     7
 75
     1
175
     1
 42
40.0
 92
       11
 66
     7
 43
1.0
 76
     1
 77
     6
 78
     2
 67
     7
 79
     6
170
     0
171
     0
290
     0
174
     0
 93
        1
 44
0.0
173
     0
291
     0
 45
0.0
1001
ACAD
1000
AcDbSavedByObjectVersion
1070
     0
  0
VISUALSTYLE
  5
D12E
102
{ACAD_REACTORS
330
D121
102
}
102
{ACAD_XDICTIONARY
360
D1DC
102
}
330
D121
100
AcDbVisualStyle
  2
Thicken
 70
    13
 71
     2
 72
     2
 73
     0
 90
        0
 40
0.6
 41
30.0
 62
     5
 63
     7
421
 16777215
 74
     1
 91
        4
 64
     7
 65
   257
 75
     1
175
     1
 42
1.0
 92
       12
 66
     7
 43
1.0
 76
     1
 77
     6
 78
     2
 67
     7
 79
     5
170
     0
171
     0
290
     0
174
     0
 93
        1
 44
0.0
173
     0
291
     1
 45
0.0
1001
ACAD
1000
AcDbSavedByObjectVersion
1070
     0
  0
VISUALSTYLE
  5
D127
102
{ACAD_REACTORS
330
D121
102
}
102
{ACAD_XDICTIONARY
360
D1CE
102
}
330
D121
100
AcDbVisualStyle
  2
Wireframe
 70
     5
 71
     0
 72
     2
 73
     0
 90
        0
 40
0.6
 41
30.0
 62
     5
 63
     7
421
 16777215
 74
     1
 91
        4
 64
     7
 65
   257
 75
     1
175
     1
 42
1.0
 92
        0
 66
   257
 43
1.0
 76
     1
 77
     6
 78
     2
 67
     7
 79
     5
170
     0
171
     0
290
     0
174
     0
 93
        1
 44
0.0
173
     0
291
     0
 45
0.0
1001
ACAD
1000
AcDbSavedByObjectVersion
1070
     0
  0
VISUALSTYLE
  5
D137
102
{ACAD_REACTORS
330
D121
102
}
102
{ACAD_XDICTIONARY
360
D1EE
102
}
330
D121
100
AcDbVisualStyle
  2
X-Ray
 70
    25
 71
     2
 72
     2
 73
     1
 90
        1
 40
0.5
 41
30.0
 62
     5
 63
     7
421
 16777215
 74
     1
 91
        0
 64
     7
 65
   257
 75
     1
175
     1
 42
1.0
 92
        8
 66
     7
 43
1.0
 76
     1
 77
     6
 78
     2
 67
     7
 79
     3
170
     0
171
     0
290
     0
174
     0
 93
       13
 44
0.0
173
     0
291
     0
 45
0.0
1001
ACAD
1000
AcDbSavedByObjectVersion
1070
     0
  0
DICTIONARYVAR
  5
D143
102
{ACAD_REACTORS
330
D142
102
}
330
D142
100
DictionaryVariables
280
     0
  1
1:1
  0
DICTIONARYVAR
  5
D17E
102
{ACAD_REACTORS
330
D142
102
}
330
D142
100
DictionaryVariables
280
     0
  1
Standard
  0
DICTIONARYVAR
  5
D180
102
{ACAD_REACTORS
330
D142
102
}
330
D142
100
DictionaryVariables
280
     0
  1
0
  0
DICTIONARY
  5
D1F6
330
D13C
100
AcDbDictionary
280
     1
281
     1
  3
ACAD_XREC_ROUNDTRIP
360
D1F7
  0
DICTIONARY
  5
D1F4
330
D13B
100
AcDbDictionary
280
     1
281
     1
  3
ACAD_XREC_ROUNDTRIP
360
D1F5
  0
DICTIONARY
  5
D1F8
330
D13D
100
AcDbDictionary
280
     1
281
     1
  3
ACAD_XREC_ROUNDTRIP
360
D1F9
  0
DICTIONARY
  5
D1FA
330
D13F
100
AcDbDictionary
280
     1
281
     1
  3
ACAD_ROUNDTRIP_2008_TABLESTYLE_CELLSTYLEMAP
360
D1FC
  3
ACAD_XREC_ROUNDTRIP
360
D1FB
  0
DICTIONARY
  5
D1CC
330
D126
100
AcDbDictionary
280
     1
281
     1
  3
ACAD_XREC_ROUNDTRIP
360
D1CD
  0
DICTIONARY
  5
D1D2
330
D129
100
AcDbDictionary
280
     1
281
     1
  3
ACAD_XREC_ROUNDTRIP
360
D1D3
  0
DICTIONARY
  5
D1DA
330
D12D
100
AcDbDictionary
280
     1
281
     1
  3
ACAD_XREC_ROUNDTRIP
360
D1DB
  0
DICTIONARY
  5
D1E2
330
D131
100
AcDbDictionary
280
     1
281
     1
  3
ACAD_XREC_ROUNDTRIP
360
D1E3
  0
DICTIONARY
  5
D1D6
330
D12B
100
AcDbDictionary
280
     1
281
     1
  3
ACAD_XREC_ROUNDTRIP
360
D1D7
  0
DICTIONARY
  5
D1D8
330
D12C
100
AcDbDictionary
280
     1
281
     1
  3
ACAD_XREC_ROUNDTRIP
360
D1D9
  0
DICTIONARY
  5
D1E8
330
D134
100
AcDbDictionary
280
     1
281
     1
  3
ACAD_XREC_ROUNDTRIP
360
D1E9
  0
DICTIONARY
  5
D1E0
330
D130
100
AcDbDictionary
280
     1
281
     1
  3
ACAD_XREC_ROUNDTRIP
360
D1E1
  0
DICTIONARY
  5
D1C4
330
D122
100
AcDbDictionary
280
     1
281
     1
  3
ACAD_XREC_ROUNDTRIP
360
D1C5
  0
DICTIONARY
  5
D1C6
330
D123
100
AcDbDictionary
280
     1
281
     1
  3
ACAD_XREC_ROUNDTRIP
360
D1C7
  0
DICTIONARY
  5
D1C8
330
D124
100
AcDbDictionary
280
     1
281
     1
  3
ACAD_XREC_ROUNDTRIP
360
D1C9
  0
DICTIONARY
  5
D1CA
330
D125
100
AcDbDictionary
280
     1
281
     1
  3
ACAD_XREC_ROUNDTRIP
360
D1CB
  0
DICTIONARY
  5
D1D0
330
D128
100
AcDbDictionary
280
     1
281
     1
  3
ACAD_XREC_ROUNDTRIP
360
D1D1
  0
DICTIONARY
  5
D1E4
330
D132
100
AcDbDictionary
280
     1
281
     1
  3
ACAD_XREC_ROUNDTRIP
360
D1E5
  0
DICTIONARY
  5
D1DE
330
D12F
100
AcDbDictionary
280
     1
281
     1
  3
ACAD_XREC_ROUNDTRIP
360
D1DF
  0
DICTIONARY
  5
D1E6
330
D133
100
AcDbDictionary
280
     1
281
     1
  3
ACAD_XREC_ROUNDTRIP
360
D1E7
  0
DICTIONARY
  5
D1D4
330
D12A
100
AcDbDictionary
280
     1
281
     1
  3
ACAD_XREC_ROUNDTRIP
360
D1D5
  0
DICTIONARY
  5
D1F2
330
D139
100
AcDbDictionary
280
     1
281
     1
  3
ACAD_XREC_ROUNDTRIP
360
D1F3
  0
DICTIONARY
  5
D1F0
330
D138
100
AcDbDictionary
280
     1
281
     1
  3
ACAD_XREC_ROUNDTRIP
360
D1F1
  0
DICTIONARY
  5
D1EA
330
D135
100
AcDbDictionary
280
     1
281
     1
  3
ACAD_XREC_ROUNDTRIP
360
D1EB
  0
DICTIONARY
  5
D1EC
330
D136
100
AcDbDictionary
280
     1
281
     1
  3
ACAD_XREC_ROUNDTRIP
360
D1ED
  0
DICTIONARY
  5
D1DC
330
D12E
100
AcDbDictionary
280
     1
281
     1
  3
ACAD_XREC_ROUNDTRIP
360
D1DD
  0
DICTIONARY
  5
D1CE
330
D127
100
AcDbDictionary
280
     1
281
     1
  3
ACAD_XREC_ROUNDTRIP
360
D1CF
  0
DICTIONARY
  5
D1EE
330
D137
100
AcDbDictionary
280
     1
281
     1
  3
ACAD_XREC_ROUNDTRIP
360
D1EF
  0
XRECORD
  5
D1F7
102
{ACAD_REACTORS
330
D1F6
102
}
330
D1F6
100
AcDbXrecord
280
     1
102
MATERIAL
148
0.0
149
0.0
149
0.0
 93
        0
 94
      127
282
     0
 72
     1
 77
     1
171
     1
175
     1
179
     1
273
     0
  0
XRECORD
  5
D1F5
102
{ACAD_REACTORS
330
D1F4
102
}
330
D1F4
100
AcDbXrecord
280
     1
102
MATERIAL
148
0.0
149
0.0
149
0.0
 93
        0
 94
      127
282
     0
 72
     1
 77
     1
171
     1
175
     1
179
     1
273
     0
  0
XRECORD
  5
D1F9
102
{ACAD_REACTORS
330
D1F8
102
}
330
D1F8
100
AcDbXrecord
280
     1
102
MATERIAL
148
0.0
149
0.0
149
0.0
 93
        0
 94
      127
282
     0
 72
     1
 77
     1
171
     1
175
     1
179
     1
273
     0
  0
CELLSTYLEMAP
  5
D1FC
102
{ACAD_REACTORS
330
D1FA
102
}
330
D1FA
100
AcDbCellStyleMap
 90
        3
300
CELLSTYLE
  1
TABLEFORMAT_BEGIN
 90
        5
170
     1
 91
        0
 92
    32768
 62
   257
 93
        1
300
CONTENTFORMAT
  1
CONTENTFORMAT_BEGIN
 90
        0
 91
        0
 92
        4
 93
        0
300

 40
0.0
140
1.0
 94
        5
 62
     0
340
12
144
0.25
309
CONTENTFORMAT_END
171
     1
301
MARGIN
  1
CELLMARGIN_BEGIN
 40
0.06
 40
0.06
 40
0.06
 40
0.06
 40
0.06
 40
0.06
309
CELLMARGIN_END
 94
        6
 95
        1
302
GRIDFORMAT
  1
GRIDFORMAT_BEGIN
 90
        0
 91
        1
 62
     0
 92
       -2
340
14
 93
        0
 40
0.045
309
GRIDFORMAT_END
 95
        2
302
GRIDFORMAT
  1
GRIDFORMAT_BEGIN
 90
        0
 91
        1
 62
     0
 92
       -2
340
14
 93
        0
 40
0.045
309
GRIDFORMAT_END
 95
        4
302
GRIDFORMAT
  1
GRIDFORMAT_BEGIN
 90
        0
 91
        1
 62
     0
 92
       -2
340
14
 93
        0
 40
0.045
309
GRIDFORMAT_END
 95
        8
302
GRIDFORMAT
  1
GRIDFORMAT_BEGIN
 90
        0
 91
        1
 62
     0
 92
       -2
340
14
 93
        0
 40
0.045
309
GRIDFORMAT_END
 95
       16
302
GRIDFORMAT
  1
GRIDFORMAT_BEGIN
 90
        0
 91
        1
 62
     0
 92
       -2
340
14
 93
        0
 40
0.045
309
GRIDFORMAT_END
 95
       32
302
GRIDFORMAT
  1
GRIDFORMAT_BEGIN
 90
        0
 91
        1
 62
     0
 92
       -2
340
14
 93
        0
 40
0.045
309
GRIDFORMAT_END
309
TABLEFORMAT_END
  1
CELLSTYLE_BEGIN
 90
        1
 91
        1
300
_TITLE
309
CELLSTYLE_END
300
CELLSTYLE
  1
TABLEFORMAT_BEGIN
 90
        5
170
     1
 91
        0
 92
        0
 62
   257
 93
        1
300
CONTENTFORMAT
  1
CONTENTFORMAT_BEGIN
 90
        0
 91
        0
 92
        4
 93
        0
300

 40
0.0
140
1.0
 94
        5
 62
     0
340
12
144
0.18
309
CONTENTFORMAT_END
171
     1
301
MARGIN
  1
CELLMARGIN_BEGIN
 40
0.06
 40
0.06
 40
0.06
 40
0.06
 40
0.06
 40
0.06
309
CELLMARGIN_END
 94
        6
 95
        1
302
GRIDFORMAT
  1
GRIDFORMAT_BEGIN
 90
        0
 91
        1
 62
     0
 92
       -2
340
14
 93
        0
 40
0.045
309
GRIDFORMAT_END
 95
        2
302
GRIDFORMAT
  1
GRIDFORMAT_BEGIN
 90
        0
 91
        1
 62
     0
 92
       -2
340
14
 93
        0
 40
0.045
309
GRIDFORMAT_END
 95
        4
302
GRIDFORMAT
  1
GRIDFORMAT_BEGIN
 90
        0
 91
        1
 62
     0
 92
       -2
340
14
 93
        0
 40
0.045
309
GRIDFORMAT_END
 95
        8
302
GRIDFORMAT
  1
GRIDFORMAT_BEGIN
 90
        0
 91
        1
 62
     0
 92
       -2
340
14
 93
        0
 40
0.045
309
GRIDFORMAT_END
 95
       16
302
GRIDFORMAT
  1
GRIDFORMAT_BEGIN
 90
        0
 91
        1
 62
     0
 92
       -2
340
14
 93
        0
 40
0.045
309
GRIDFORMAT_END
 95
       32
302
GRIDFORMAT
  1
GRIDFORMAT_BEGIN
 90
        0
 91
        1
 62
     0
 92
       -2
340
14
 93
        0
 40
0.045
309
GRIDFORMAT_END
309
TABLEFORMAT_END
  1
CELLSTYLE_BEGIN
 90
        2
 91
        1
300
_HEADER
309
CELLSTYLE_END
300
CELLSTYLE
  1
TABLEFORMAT_BEGIN
 90
        5
170
     1
 91
        0
 92
        0
 62
   257
 93
        1
300
CONTENTFORMAT
  1
CONTENTFORMAT_BEGIN
 90
        0
 91
        0
 92
        4
 93
        0
300

 40
0.0
140
1.0
 94
        2
 62
     0
340
12
144
0.18
309
CONTENTFORMAT_END
171
     1
301
MARGIN
  1
CELLMARGIN_BEGIN
 40
0.06
 40
0.06
 40
0.06
 40
0.06
 40
0.06
 40
0.06
309
CELLMARGIN_END
 94
        6
 95
        1
302
GRIDFORMAT
  1
GRIDFORMAT_BEGIN
 90
        0
 91
        1
 62
     0
 92
       -2
340
14
 93
        0
 40
0.045
309
GRIDFORMAT_END
 95
        2
302
GRIDFORMAT
  1
GRIDFORMAT_BEGIN
 90
        0
 91
        1
 62
     0
 92
       -2
340
14
 93
        0
 40
0.045
309
GRIDFORMAT_END
 95
        4
302
GRIDFORMAT
  1
GRIDFORMAT_BEGIN
 90
        0
 91
        1
 62
     0
 92
       -2
340
14
 93
        0
 40
0.045
309
GRIDFORMAT_END
 95
        8
302
GRIDFORMAT
  1
GRIDFORMAT_BEGIN
 90
        0
 91
        1
 62
     0
 92
       -2
340
14
 93
        0
 40
0.045
309
GRIDFORMAT_END
 95
       16
302
GRIDFORMAT
  1
GRIDFORMAT_BEGIN
 90
        0
 91
        1
 62
     0
 92
       -2
340
14
 93
        0
 40
0.045
309
GRIDFORMAT_END
 95
       32
302
GRIDFORMAT
  1
GRIDFORMAT_BEGIN
 90
        0
 91
        1
 62
     0
 92
       -2
340
14
 93
        0
 40
0.045
309
GRIDFORMAT_END
309
TABLEFORMAT_END
  1
CELLSTYLE_BEGIN
 90
        3
 91
        2
300
_DATA
309
CELLSTYLE_END
  0
XRECORD
  5
D1FB
102
{ACAD_REACTORS
330
D1FA
102
}
330
D1FA
100
AcDbXrecord
280
     1
102
ACAD_ROUNDTRIP_PRE2007_TABLESTYLE
 90
        4
 91
        0
  1

 92
        4
 93
        0
  2

 94
        4
 95
        0
  3

  0
XRECORD
  5
D1CD
102
{ACAD_REACTORS
330
D1CC
102
}
330
D1CC
100
AcDbXrecord
280
     1
102
RTVSPropertyOp0
 70
     1
102
RTVSPropertyOp1
 70
     1
102
RTVSPropertyOp2
 70
     1
102
RTVSPropertyOp3
 70
     1
102
RTVSPropertyOp4
 70
     1
102
RTVSPropertyOp5
 70
     1
102
RTVSPropertyOp6
 70
     1
102
RTVSPropertyOp7
 70
     1
102
RTVSPropertyOp8
 70
     1
102
RTVSPropertyOp9
 70
     1
102
RTVSPropertyOp10
 70
     1
102
RTVSPropertyOp11
 70
     1
102
RTVSPropertyOp12
 70
     1
102
RTVSPropertyOp13
 70
     1
102
RTVSPropertyOp14
 70
     1
102
RTVSPropertyOp15
 70
     1
102
RTVSPropertyOp16
 70
     1
102
RTVSPropertyOp17
 70
     1
102
RTVSPropertyOp18
 70
     1
102
RTVSPropertyOp19
 70
     1
102
RTVSPropertyOp20
 70
     1
102
RTVSPropertyOp21
 70
     1
102
RTVSPropertyOp22
 70
     1
102
RTVSPropertyOp23
 70
     1
102
RTVSPropertyOp24
 70
     1
102
RTVSPropertyOp25
 70
     1
102
RTVSPropertyOp26
 70
     1
102
RTVSPropertyOp27
 70
     1
102
RTVSPropertyOp28
 70
     1
102
RTVSPropertyOp29
 70
     1
102
RTVSPropertyOp30
 70
     1
102
RTVSPropertyOp31
 70
     1
102
RTVSPropertyOp32
 70
     1
102
RTVSPropertyOp33
 70
     1
102
RTVSPropertyOp34
 70
     1
102
RTVSPropertyOp35
 70
     1
102
RTVSPropertyOp36
 70
     1
102
RTVSPropertyOp37
 70
     1
102
RTVSPropertyOp38
 70
     1
102
RTVSPropertyOp39
 70
     1
102
RTVSPropertyOp40
 70
     1
102
RTVSPropertyOp41
 70
     1
102
RTVSPropertyOp42
 70
     1
102
RTVSPropertyOp43
 70
     1
102
RTVSPropertyOp44
 70
     1
102
RTVSPropertyOp45
 70
     1
102
RTVSPropertyOp46
 70
     1
102
RTVSPropertyOp47
 70
     1
102
RTVSPropertyOp48
 70
     1
102
RTVSPropertyOp49
 70
     1
102
RTVSPropertyOp50
 70
     1
102
RTVSPropertyOp51
 70
     0
102
RTVSPropertyOp52
 70
     0
102
RTVSPropertyOp53
 70
     1
102
RTVSPropertyOp54
 70
     1
102
RTVSPropertyOp55
 70
     1
102
RTVSPropertyOp56
 70
     1
102
RTVSPropertyOp57
 70
     1
102
RTVSPost2010Prop28
280
     1
102
RTVSPost2010PropOp28
 70
     1
102
RTVSPost2010Prop29
280
     1
102
RTVSPost2010PropOp29
 70
     1
102
RTVSPost2010Prop30
280
     0
102
RTVSPost2010PropOp30
 70
     1
102
RTVSPost2010Prop31
280
     0
102
RTVSPost2010PropOp31
 70
     1
102
RTVSPost2010Prop32
280
     0
102
RTVSPost2010PropOp32
 70
     1
102
RTVSPost2010Prop33
280
     0
102
RTVSPost2010PropOp33
 70
     1
102
RTVSPost2010Prop34
280
     0
102
RTVSPost2010PropOp34
 70
     1
102
RTVSPost2010Prop35
280
     0
102
RTVSPost2010PropOp35
 70
     1
102
RTVSPost2010Prop36
280
     0
102
RTVSPost2010PropOp36
 70
     1
102
RTVSPost2010Prop37
 90
       50
102
RTVSPost2010PropOp37
 70
     1
102
RTVSPost2010Prop38
140
0.0
102
RTVSPost2010PropOp38
 70
     1
102
RTVSPost2010Prop39
140
1.0
102
RTVSPost2010PropOp39
 70
     1
102
RTVSPost2010Prop40
 90
        0
102
RTVSPost2010PropOp40
 70
     1
102
RTVSPost2010Prop41ColorIndex
 90
       18
102
RTVSPost2010Prop41ColorRGB
 90
        0
102
RTVSPost2010PropOp41
 70
     1
102
RTVSPost2010Prop42
 90
       50
102
RTVSPost2010PropOp42
 70
     1
102
RTVSPost2010Prop43
 90
        3
102
RTVSPost2010PropOp43
 70
     1
102
RTVSPost2010Prop44ColorIndex
 90
        5
102
RTVSPost2010Prop44ColorRGB
 90
      255
102
RTVSPost2010PropOp44
 70
     1
102
RTVSPost2010Prop45
280
     0
102
RTVSPost2010PropOp45
 70
     1
102
RTVSPost2010Prop46
 90
       50
102
RTVSPost2010PropOp46
 70
     1
102
RTVSPost2010Prop47
 90
       50
102
RTVSPost2010PropOp47
 70
     1
102
RTVSPost2010Prop48
 90
       50
102
RTVSPost2010PropOp48
 70
     1
102
RTVSPost2010Prop49
280
     0
102
RTVSPost2010PropOp49
 70
     1
102
RTVSPost2010Prop50
 90
       50
102
RTVSPost2010PropOp50
 70
     1
102
RTVSPost2010Prop51ColorIndex
 90
      256
102
RTVSPost2010Prop51ColorRGB
 90
-16777216
102
RTVSPost2010PropOp51
 70
     0
102
RTVSPost2010Prop52
140
1.0
102
RTVSPost2010PropOp52
 70
     0
102
RTVSPost2010Prop53
 90
        2
102
RTVSPost2010PropOp53
 70
     1
102
RTVSPost2010Prop54
  1
strokes_ogs.tif
102
RTVSPost2010PropOp54
 70
     1
102
RTVSPost2010Prop55
280
     0
102
RTVSPost2010PropOp55
 70
     1
102
RTVSPost2010Prop56
140
1.0
102
RTVSPost2010PropOp56
 70
     1
102
RTVSPost2010Prop57
140
1.0
102
RTVSPost2010PropOp57
 70
     1
  0
XRECORD
  5
D1D3
102
{ACAD_REACTORS
330
D1D2
102
}
330
D1D2
100
AcDbXrecord
280
     1
102
RTVSPropertyOp0
 70
     1
102
RTVSPropertyOp1
 70
     1
102
RTVSPropertyOp2
 70
     1
102
RTVSPropertyOp3
 70
     1
102
RTVSPropertyOp4
 70
     1
102
RTVSPropertyOp5
 70
     1
102
RTVSPropertyOp6
 70
     1
102
RTVSPropertyOp7
 70
     1
102
RTVSPropertyOp8
 70
     1
102
RTVSPropertyOp9
 70
     1
102
RTVSPropertyOp10
 70
     1
102
RTVSPropertyOp11
 70
     1
102
RTVSPropertyOp12
 70
     1
102
RTVSPropertyOp13
 70
     1
102
RTVSPropertyOp14
 70
     1
102
RTVSPropertyOp15
 70
     1
102
RTVSPropertyOp16
 70
     1
102
RTVSPropertyOp17
 70
     1
102
RTVSPropertyOp18
 70
     1
102
RTVSPropertyOp19
 70
     1
102
RTVSPropertyOp20
 70
     1
102
RTVSPropertyOp21
 70
     1
102
RTVSPropertyOp22
 70
     1
102
RTVSPropertyOp23
 70
     1
102
RTVSPropertyOp24
 70
     1
102
RTVSPropertyOp25
 70
     1
102
RTVSPropertyOp26
 70
     1
102
RTVSPropertyOp27
 70
     1
102
RTVSPropertyOp28
 70
     1
102
RTVSPropertyOp29
 70
     1
102
RTVSPropertyOp30
 70
     1
102
RTVSPropertyOp31
 70
     1
102
RTVSPropertyOp32
 70
     1
102
RTVSPropertyOp33
 70
     1
102
RTVSPropertyOp34
 70
     1
102
RTVSPropertyOp35
 70
     1
102
RTVSPropertyOp36
 70
     1
102
RTVSPropertyOp37
 70
     1
102
RTVSPropertyOp38
 70
     1
102
RTVSPropertyOp39
 70
     1
102
RTVSPropertyOp40
 70
     1
102
RTVSPropertyOp41
 70
     1
102
RTVSPropertyOp42
 70
     1
102
RTVSPropertyOp43
 70
     1
102
RTVSPropertyOp44
 70
     1
102
RTVSPropertyOp45
 70
     1
102
RTVSPropertyOp46
 70
     1
102
RTVSPropertyOp47
 70
     1
102
RTVSPropertyOp48
 70
     1
102
RTVSPropertyOp49
 70
     1
102
RTVSPropertyOp50
 70
     1
102
RTVSPropertyOp51
 70
     0
102
RTVSPropertyOp52
 70
     0
102
RTVSPropertyOp53
 70
     1
102
RTVSPropertyOp54
 70
     1
102
RTVSPropertyOp55
 70
     1
102
RTVSPropertyOp56
 70
     1
102
RTVSPropertyOp57
 70
     1
102
RTVSPost2010Prop28
280
     0
102
RTVSPost2010PropOp28
 70
     1
102
RTVSPost2010Prop29
280
     1
102
RTVSPost2010PropOp29
 70
     1
102
RTVSPost2010Prop30
280
     1
102
RTVSPost2010PropOp30
 70
     1
102
RTVSPost2010Prop31
280
     0
102
RTVSPost2010PropOp31
 70
     1
102
RTVSPost2010Prop32
280
     0
102
RTVSPost2010PropOp32
 70
     1
102
RTVSPost2010Prop33
280
     0
102
RTVSPost2010PropOp33
 70
     1
102
RTVSPost2010Prop34
280
     0
102
RTVSPost2010PropOp34
 70
     1
102
RTVSPost2010Prop35
280
     0
102
RTVSPost2010PropOp35
 70
     1
102
RTVSPost2010Prop36
280
     0
102
RTVSPost2010PropOp36
 70
     1
102
RTVSPost2010Prop37
 90
       50
102
RTVSPost2010PropOp37
 70
     1
102
RTVSPost2010Prop38
140
0.0
102
RTVSPost2010PropOp38
 70
     1
102
RTVSPost2010Prop39
140
1.0
102
RTVSPost2010PropOp39
 70
     1
102
RTVSPost2010Prop40
 90
        0
102
RTVSPost2010PropOp40
 70
     1
102
RTVSPost2010Prop41ColorIndex
 90
       18
102
RTVSPost2010Prop41ColorRGB
 90
        0
102
RTVSPost2010PropOp41
 70
     1
102
RTVSPost2010Prop42
 90
       50
102
RTVSPost2010PropOp42
 70
     1
102
RTVSPost2010Prop43
 90
        3
102
RTVSPost2010PropOp43
 70
     1
102
RTVSPost2010Prop44ColorIndex
 90
        5
102
RTVSPost2010Prop44ColorRGB
 90
      255
102
RTVSPost2010PropOp44
 70
     1
102
RTVSPost2010Prop45
280
     0
102
RTVSPost2010PropOp45
 70
     1
102
RTVSPost2010Prop46
 90
       50
102
RTVSPost2010PropOp46
 70
     1
102
RTVSPost2010Prop47
 90
       50
102
RTVSPost2010PropOp47
 70
     1
102
RTVSPost2010Prop48
 90
       50
102
RTVSPost2010PropOp48
 70
     1
102
RTVSPost2010Prop49
280
     0
102
RTVSPost2010PropOp49
 70
     1
102
RTVSPost2010Prop50
 90
       50
102
RTVSPost2010PropOp50
 70
     1
102
RTVSPost2010Prop51ColorIndex
 90
      256
102
RTVSPost2010Prop51ColorRGB
 90
-16777216
102
RTVSPost2010PropOp51
 70
     0
102
RTVSPost2010Prop52
140
1.0
102
RTVSPost2010PropOp52
 70
     0
102
RTVSPost2010Prop53
 90
        2
102
RTVSPost2010PropOp53
 70
     1
102
RTVSPost2010Prop54
  1
strokes_ogs.tif
102
RTVSPost2010PropOp54
 70
     1
102
RTVSPost2010Prop55
280
     0
102
RTVSPost2010PropOp55
 70
     1
102
RTVSPost2010Prop56
140
1.0
102
RTVSPost2010PropOp56
 70
     1
102
RTVSPost2010Prop57
140
1.0
102
RTVSPost2010PropOp57
 70
     1
  0
XRECORD
  5
D1DB
102
{ACAD_REACTORS
330
D1DA
102
}
330
D1DA
100
AcDbXrecord
280
     1
102
RTVSPropertyOp0
 70
     1
102
RTVSPropertyOp1
 70
     1
102
RTVSPropertyOp2
 70
     1
102
RTVSPropertyOp3
 70
     1
102
RTVSPropertyOp4
 70
     1
102
RTVSPropertyOp5
 70
     1
102
RTVSPropertyOp6
 70
     1
102
RTVSPropertyOp7
 70
     1
102
RTVSPropertyOp8
 70
     1
102
RTVSPropertyOp9
 70
     1
102
RTVSPropertyOp10
 70
     1
102
RTVSPropertyOp11
 70
     1
102
RTVSPropertyOp12
 70
     1
102
RTVSPropertyOp13
 70
     1
102
RTVSPropertyOp14
 70
     1
102
RTVSPropertyOp15
 70
     1
102
RTVSPropertyOp16
 70
     1
102
RTVSPropertyOp17
 70
     1
102
RTVSPropertyOp18
 70
     1
102
RTVSPropertyOp19
 70
     1
102
RTVSPropertyOp20
 70
     1
102
RTVSPropertyOp21
 70
     1
102
RTVSPropertyOp22
 70
     1
102
RTVSPropertyOp23
 70
     1
102
RTVSPropertyOp24
 70
     1
102
RTVSPropertyOp25
 70
     1
102
RTVSPropertyOp26
 70
     1
102
RTVSPropertyOp27
 70
     1
102
RTVSPropertyOp28
 70
     1
102
RTVSPropertyOp29
 70
     1
102
RTVSPropertyOp30
 70
     1
102
RTVSPropertyOp31
 70
     1
102
RTVSPropertyOp32
 70
     1
102
RTVSPropertyOp33
 70
     1
102
RTVSPropertyOp34
 70
     1
102
RTVSPropertyOp35
 70
     1
102
RTVSPropertyOp36
 70
     1
102
RTVSPropertyOp37
 70
     1
102
RTVSPropertyOp38
 70
     1
102
RTVSPropertyOp39
 70
     1
102
RTVSPropertyOp40
 70
     1
102
RTVSPropertyOp41
 70
     1
102
RTVSPropertyOp42
 70
     1
102
RTVSPropertyOp43
 70
     1
102
RTVSPropertyOp44
 70
     1
102
RTVSPropertyOp45
 70
     1
102
RTVSPropertyOp46
 70
     1
102
RTVSPropertyOp47
 70
     1
102
RTVSPropertyOp48
 70
     1
102
RTVSPropertyOp49
 70
     1
102
RTVSPropertyOp50
 70
     1
102
RTVSPropertyOp51
 70
     0
102
RTVSPropertyOp52
 70
     0
102
RTVSPropertyOp53
 70
     1
102
RTVSPropertyOp54
 70
     1
102
RTVSPropertyOp55
 70
     1
102
RTVSPropertyOp56
 70
     1
102
RTVSPropertyOp57
 70
     1
102
RTVSPost2010Prop28
280
     0
102
RTVSPost2010PropOp28
 70
     1
102
RTVSPost2010Prop29
280
     1
102
RTVSPost2010PropOp29
 70
     1
102
RTVSPost2010Prop30
280
     1
102
RTVSPost2010PropOp30
 70
     1
102
RTVSPost2010Prop31
280
     0
102
RTVSPost2010PropOp31
 70
     1
102
RTVSPost2010Prop32
280
     0
102
RTVSPost2010PropOp32
 70
     1
102
RTVSPost2010Prop33
280
     0
102
RTVSPost2010PropOp33
 70
     1
102
RTVSPost2010Prop34
280
     0
102
RTVSPost2010PropOp34
 70
     1
102
RTVSPost2010Prop35
280
     0
102
RTVSPost2010PropOp35
 70
     1
102
RTVSPost2010Prop36
280
     0
102
RTVSPost2010PropOp36
 70
     1
102
RTVSPost2010Prop37
 90
       50
102
RTVSPost2010PropOp37
 70
     1
102
RTVSPost2010Prop38
140
0.0
102
RTVSPost2010PropOp38
 70
     1
102
RTVSPost2010Prop39
140
1.0
102
RTVSPost2010PropOp39
 70
     1
102
RTVSPost2010Prop40
 90
        0
102
RTVSPost2010PropOp40
 70
     1
102
RTVSPost2010Prop41ColorIndex
 90
       18
102
RTVSPost2010Prop41ColorRGB
 90
        0
102
RTVSPost2010PropOp41
 70
     1
102
RTVSPost2010Prop42
 90
       50
102
RTVSPost2010PropOp42
 70
     1
102
RTVSPost2010Prop43
 90
        3
102
RTVSPost2010PropOp43
 70
     1
102
RTVSPost2010Prop44ColorIndex
 90
        5
102
RTVSPost2010Prop44ColorRGB
 90
      255
102
RTVSPost2010PropOp44
 70
     1
102
RTVSPost2010Prop45
280
     0
102
RTVSPost2010PropOp45
 70
     1
102
RTVSPost2010Prop46
 90
       50
102
RTVSPost2010PropOp46
 70
     1
102
RTVSPost2010Prop47
 90
       50
102
RTVSPost2010PropOp47
 70
     1
102
RTVSPost2010Prop48
 90
       50
102
RTVSPost2010PropOp48
 70
     1
102
RTVSPost2010Prop49
280
     0
102
RTVSPost2010PropOp49
 70
     1
102
RTVSPost2010Prop50
 90
       50
102
RTVSPost2010PropOp50
 70
     1
102
RTVSPost2010Prop51ColorIndex
 90
      256
102
RTVSPost2010Prop51ColorRGB
 90
-16777216
102
RTVSPost2010PropOp51
 70
     0
102
RTVSPost2010Prop52
140
1.0
102
RTVSPost2010PropOp52
 70
     0
102
RTVSPost2010Prop53
 90
        2
102
RTVSPost2010PropOp53
 70
     1
102
RTVSPost2010Prop54
  1
strokes_ogs.tif
102
RTVSPost2010PropOp54
 70
     1
102
RTVSPost2010Prop55
280
     0
102
RTVSPost2010PropOp55
 70
     1
102
RTVSPost2010Prop56
140
1.0
102
RTVSPost2010PropOp56
 70
     1
102
RTVSPost2010Prop57
140
1.0
102
RTVSPost2010PropOp57
 70
     1
  0
XRECORD
  5
D1E3
102
{ACAD_REACTORS
330
D1E2
102
}
330
D1E2
100
AcDbXrecord
280
     1
102
RTVSPropertyOp0
 70
     1
102
RTVSPropertyOp1
 70
     1
102
RTVSPropertyOp2
 70
     1
102
RTVSPropertyOp3
 70
     1
102
RTVSPropertyOp4
 70
     1
102
RTVSPropertyOp5
 70
     1
102
RTVSPropertyOp6
 70
     1
102
RTVSPropertyOp7
 70
     1
102
RTVSPropertyOp8
 70
     1
102
RTVSPropertyOp9
 70
     1
102
RTVSPropertyOp10
 70
     1
102
RTVSPropertyOp11
 70
     1
102
RTVSPropertyOp12
 70
     1
102
RTVSPropertyOp13
 70
     1
102
RTVSPropertyOp14
 70
     1
102
RTVSPropertyOp15
 70
     1
102
RTVSPropertyOp16
 70
     1
102
RTVSPropertyOp17
 70
     1
102
RTVSPropertyOp18
 70
     1
102
RTVSPropertyOp19
 70
     1
102
RTVSPropertyOp20
 70
     1
102
RTVSPropertyOp21
 70
     1
102
RTVSPropertyOp22
 70
     1
102
RTVSPropertyOp23
 70
     1
102
RTVSPropertyOp24
 70
     1
102
RTVSPropertyOp25
 70
     1
102
RTVSPropertyOp26
 70
     1
102
RTVSPropertyOp27
 70
     1
102
RTVSPropertyOp28
 70
     1
102
RTVSPropertyOp29
 70
     1
102
RTVSPropertyOp30
 70
     1
102
RTVSPropertyOp31
 70
     1
102
RTVSPropertyOp32
 70
     1
102
RTVSPropertyOp33
 70
     1
102
RTVSPropertyOp34
 70
     1
102
RTVSPropertyOp35
 70
     1
102
RTVSPropertyOp36
 70
     1
102
RTVSPropertyOp37
 70
     1
102
RTVSPropertyOp38
 70
     1
102
RTVSPropertyOp39
 70
     1
102
RTVSPropertyOp40
 70
     1
102
RTVSPropertyOp41
 70
     1
102
RTVSPropertyOp42
 70
     1
102
RTVSPropertyOp43
 70
     1
102
RTVSPropertyOp44
 70
     1
102
RTVSPropertyOp45
 70
     1
102
RTVSPropertyOp46
 70
     1
102
RTVSPropertyOp47
 70
     1
102
RTVSPropertyOp48
 70
     1
102
RTVSPropertyOp49
 70
     1
102
RTVSPropertyOp50
 70
     1
102
RTVSPropertyOp51
 70
     0
102
RTVSPropertyOp52
 70
     0
102
RTVSPropertyOp53
 70
     1
102
RTVSPropertyOp54
 70
     1
102
RTVSPropertyOp55
 70
     1
102
RTVSPropertyOp56
 70
     1
102
RTVSPropertyOp57
 70
     1
102
RTVSPost2010Prop28
280
     0
102
RTVSPost2010PropOp28
 70
     1
102
RTVSPost2010Prop29
280
     1
102
RTVSPost2010PropOp29
 70
     1
102
RTVSPost2010Prop30
280
     1
102
RTVSPost2010PropOp30
 70
     1
102
RTVSPost2010Prop31
280
     0
102
RTVSPost2010PropOp31
 70
     1
102
RTVSPost2010Prop32
280
     0
102
RTVSPost2010PropOp32
 70
     1
102
RTVSPost2010Prop33
280
     0
102
RTVSPost2010PropOp33
 70
     1
102
RTVSPost2010Prop34
280
     0
102
RTVSPost2010PropOp34
 70
     1
102
RTVSPost2010Prop35
280
     0
102
RTVSPost2010PropOp35
 70
     1
102
RTVSPost2010Prop36
280
     0
102
RTVSPost2010PropOp36
 70
     1
102
RTVSPost2010Prop37
 90
       50
102
RTVSPost2010PropOp37
 70
     1
102
RTVSPost2010Prop38
140
0.0
102
RTVSPost2010PropOp38
 70
     1
102
RTVSPost2010Prop39
140
1.0
102
RTVSPost2010PropOp39
 70
     1
102
RTVSPost2010Prop40
 90
        0
102
RTVSPost2010PropOp40
 70
     1
102
RTVSPost2010Prop41ColorIndex
 90
       18
102
RTVSPost2010Prop41ColorRGB
 90
        0
102
RTVSPost2010PropOp41
 70
     1
102
RTVSPost2010Prop42
 90
       50
102
RTVSPost2010PropOp42
 70
     1
102
RTVSPost2010Prop43
 90
        3
102
RTVSPost2010PropOp43
 70
     1
102
RTVSPost2010Prop44ColorIndex
 90
        5
102
RTVSPost2010Prop44ColorRGB
 90
      255
102
RTVSPost2010PropOp44
 70
     1
102
RTVSPost2010Prop45
280
     0
102
RTVSPost2010PropOp45
 70
     1
102
RTVSPost2010Prop46
 90
       50
102
RTVSPost2010PropOp46
 70
     1
102
RTVSPost2010Prop47
 90
       50
102
RTVSPost2010PropOp47
 70
     1
102
RTVSPost2010Prop48
 90
       50
102
RTVSPost2010PropOp48
 70
     1
102
RTVSPost2010Prop49
280
     0
102
RTVSPost2010PropOp49
 70
     1
102
RTVSPost2010Prop50
 90
       50
102
RTVSPost2010PropOp50
 70
     1
102
RTVSPost2010Prop51ColorIndex
 90
      256
102
RTVSPost2010Prop51ColorRGB
 90
-16777216
102
RTVSPost2010PropOp51
 70
     0
102
RTVSPost2010Prop52
140
1.0
102
RTVSPost2010PropOp52
 70
     0
102
RTVSPost2010Prop53
 90
        2
102
RTVSPost2010PropOp53
 70
     1
102
RTVSPost2010Prop54
  1
strokes_ogs.tif
102
RTVSPost2010PropOp54
 70
     1
102
RTVSPost2010Prop55
280
     0
102
RTVSPost2010PropOp55
 70
     1
102
RTVSPost2010Prop56
140
1.0
102
RTVSPost2010PropOp56
 70
     1
102
RTVSPost2010Prop57
140
1.0
102
RTVSPost2010PropOp57
 70
     1
  0
XRECORD
  5
D1D7
102
{ACAD_REACTORS
330
D1D6
102
}
330
D1D6
100
AcDbXrecord
280
     1
102
RTVSPropertyOp0
 70
     1
102
RTVSPropertyOp1
 70
     1
102
RTVSPropertyOp2
 70
     1
102
RTVSPropertyOp3
 70
     1
102
RTVSPropertyOp4
 70
     1
102
RTVSPropertyOp5
 70
     1
102
RTVSPropertyOp6
 70
     1
102
RTVSPropertyOp7
 70
     1
102
RTVSPropertyOp8
 70
     1
102
RTVSPropertyOp9
 70
     1
102
RTVSPropertyOp10
 70
     1
102
RTVSPropertyOp11
 70
     1
102
RTVSPropertyOp12
 70
     1
102
RTVSPropertyOp13
 70
     1
102
RTVSPropertyOp14
 70
     1
102
RTVSPropertyOp15
 70
     1
102
RTVSPropertyOp16
 70
     1
102
RTVSPropertyOp17
 70
     1
102
RTVSPropertyOp18
 70
     1
102
RTVSPropertyOp19
 70
     1
102
RTVSPropertyOp20
 70
     1
102
RTVSPropertyOp21
 70
     1
102
RTVSPropertyOp22
 70
     1
102
RTVSPropertyOp23
 70
     1
102
RTVSPropertyOp24
 70
     1
102
RTVSPropertyOp25
 70
     1
102
RTVSPropertyOp26
 70
     1
102
RTVSPropertyOp27
 70
     1
102
RTVSPropertyOp28
 70
     1
102
RTVSPropertyOp29
 70
     1
102
RTVSPropertyOp30
 70
     1
102
RTVSPropertyOp31
 70
     1
102
RTVSPropertyOp32
 70
     1
102
RTVSPropertyOp33
 70
     1
102
RTVSPropertyOp34
 70
     1
102
RTVSPropertyOp35
 70
     1
102
RTVSPropertyOp36
 70
     1
102
RTVSPropertyOp37
 70
     1
102
RTVSPropertyOp38
 70
     1
102
RTVSPropertyOp39
 70
     1
102
RTVSPropertyOp40
 70
     1
102
RTVSPropertyOp41
 70
     1
102
RTVSPropertyOp42
 70
     1
102
RTVSPropertyOp43
 70
     1
102
RTVSPropertyOp44
 70
     1
102
RTVSPropertyOp45
 70
     1
102
RTVSPropertyOp46
 70
     1
102
RTVSPropertyOp47
 70
     1
102
RTVSPropertyOp48
 70
     1
102
RTVSPropertyOp49
 70
     1
102
RTVSPropertyOp50
 70
     1
102
RTVSPropertyOp51
 70
     0
102
RTVSPropertyOp52
 70
     0
102
RTVSPropertyOp53
 70
     1
102
RTVSPropertyOp54
 70
     1
102
RTVSPropertyOp55
 70
     1
102
RTVSPropertyOp56
 70
     1
102
RTVSPropertyOp57
 70
     1
102
RTVSPost2010Prop28
280
     0
102
RTVSPost2010PropOp28
 70
     1
102
RTVSPost2010Prop29
280
     1
102
RTVSPost2010PropOp29
 70
     1
102
RTVSPost2010Prop30
280
     1
102
RTVSPost2010PropOp30
 70
     1
102
RTVSPost2010Prop31
280
     0
102
RTVSPost2010PropOp31
 70
     1
102
RTVSPost2010Prop32
280
     0
102
RTVSPost2010PropOp32
 70
     1
102
RTVSPost2010Prop33
280
     0
102
RTVSPost2010PropOp33
 70
     1
102
RTVSPost2010Prop34
280
     0
102
RTVSPost2010PropOp34
 70
     1
102
RTVSPost2010Prop35
280
     0
102
RTVSPost2010PropOp35
 70
     1
102
RTVSPost2010Prop36
280
     0
102
RTVSPost2010PropOp36
 70
     1
102
RTVSPost2010Prop37
 90
       50
102
RTVSPost2010PropOp37
 70
     1
102
RTVSPost2010Prop38
140
0.0
102
RTVSPost2010PropOp38
 70
     1
102
RTVSPost2010Prop39
140
1.0
102
RTVSPost2010PropOp39
 70
     1
102
RTVSPost2010Prop40
 90
        0
102
RTVSPost2010PropOp40
 70
     1
102
RTVSPost2010Prop41ColorIndex
 90
       18
102
RTVSPost2010Prop41ColorRGB
 90
        0
102
RTVSPost2010PropOp41
 70
     1
102
RTVSPost2010Prop42
 90
       50
102
RTVSPost2010PropOp42
 70
     1
102
RTVSPost2010Prop43
 90
        3
102
RTVSPost2010PropOp43
 70
     1
102
RTVSPost2010Prop44ColorIndex
 90
        5
102
RTVSPost2010Prop44ColorRGB
 90
      255
102
RTVSPost2010PropOp44
 70
     1
102
RTVSPost2010Prop45
280
     0
102
RTVSPost2010PropOp45
 70
     1
102
RTVSPost2010Prop46
 90
       50
102
RTVSPost2010PropOp46
 70
     1
102
RTVSPost2010Prop47
 90
       50
102
RTVSPost2010PropOp47
 70
     1
102
RTVSPost2010Prop48
 90
       50
102
RTVSPost2010PropOp48
 70
     1
102
RTVSPost2010Prop49
280
     0
102
RTVSPost2010PropOp49
 70
     1
102
RTVSPost2010Prop50
 90
       50
102
RTVSPost2010PropOp50
 70
     1
102
RTVSPost2010Prop51ColorIndex
 90
      256
102
RTVSPost2010Prop51ColorRGB
 90
-16777216
102
RTVSPost2010PropOp51
 70
     0
102
RTVSPost2010Prop52
140
1.0
102
RTVSPost2010PropOp52
 70
     0
102
RTVSPost2010Prop53
 90
        2
102
RTVSPost2010PropOp53
 70
     1
102
RTVSPost2010Prop54
  1
strokes_ogs.tif
102
RTVSPost2010PropOp54
 70
     1
102
RTVSPost2010Prop55
280
     0
102
RTVSPost2010PropOp55
 70
     1
102
RTVSPost2010Prop56
140
1.0
102
RTVSPost2010PropOp56
 70
     1
102
RTVSPost2010Prop57
140
1.0
102
RTVSPost2010PropOp57
 70
     1
  0
XRECORD
  5
D1D9
102
{ACAD_REACTORS
330
D1D8
102
}
330
D1D8
100
AcDbXrecord
280
     1
102
RTVSPropertyOp0
 70
     1
102
RTVSPropertyOp1
 70
     1
102
RTVSPropertyOp2
 70
     1
102
RTVSPropertyOp3
 70
     1
102
RTVSPropertyOp4
 70
     1
102
RTVSPropertyOp5
 70
     1
102
RTVSPropertyOp6
 70
     1
102
RTVSPropertyOp7
 70
     1
102
RTVSPropertyOp8
 70
     1
102
RTVSPropertyOp9
 70
     1
102
RTVSPropertyOp10
 70
     1
102
RTVSPropertyOp11
 70
     1
102
RTVSPropertyOp12
 70
     1
102
RTVSPropertyOp13
 70
     1
102
RTVSPropertyOp14
 70
     1
102
RTVSPropertyOp15
 70
     1
102
RTVSPropertyOp16
 70
     1
102
RTVSPropertyOp17
 70
     1
102
RTVSPropertyOp18
 70
     1
102
RTVSPropertyOp19
 70
     1
102
RTVSPropertyOp20
 70
     1
102
RTVSPropertyOp21
 70
     1
102
RTVSPropertyOp22
 70
     1
102
RTVSPropertyOp23
 70
     1
102
RTVSPropertyOp24
 70
     1
102
RTVSPropertyOp25
 70
     1
102
RTVSPropertyOp26
 70
     1
102
RTVSPropertyOp27
 70
     1
102
RTVSPropertyOp28
 70
     1
102
RTVSPropertyOp29
 70
     1
102
RTVSPropertyOp30
 70
     1
102
RTVSPropertyOp31
 70
     1
102
RTVSPropertyOp32
 70
     1
102
RTVSPropertyOp33
 70
     1
102
RTVSPropertyOp34
 70
     1
102
RTVSPropertyOp35
 70
     1
102
RTVSPropertyOp36
 70
     1
102
RTVSPropertyOp37
 70
     1
102
RTVSPropertyOp38
 70
     1
102
RTVSPropertyOp39
 70
     1
102
RTVSPropertyOp40
 70
     1
102
RTVSPropertyOp41
 70
     1
102
RTVSPropertyOp42
 70
     1
102
RTVSPropertyOp43
 70
     1
102
RTVSPropertyOp44
 70
     1
102
RTVSPropertyOp45
 70
     1
102
RTVSPropertyOp46
 70
     1
102
RTVSPropertyOp47
 70
     1
102
RTVSPropertyOp48
 70
     1
102
RTVSPropertyOp49
 70
     1
102
RTVSPropertyOp50
 70
     1
102
RTVSPropertyOp51
 70
     0
102
RTVSPropertyOp52
 70
     0
102
RTVSPropertyOp53
 70
     1
102
RTVSPropertyOp54
 70
     1
102
RTVSPropertyOp55
 70
     1
102
RTVSPropertyOp56
 70
     1
102
RTVSPropertyOp57
 70
     1
102
RTVSPost2010Prop28
280
     0
102
RTVSPost2010PropOp28
 70
     1
102
RTVSPost2010Prop29
280
     1
102
RTVSPost2010PropOp29
 70
     1
102
RTVSPost2010Prop30
280
     1
102
RTVSPost2010PropOp30
 70
     1
102
RTVSPost2010Prop31
280
     0
102
RTVSPost2010PropOp31
 70
     1
102
RTVSPost2010Prop32
280
     0
102
RTVSPost2010PropOp32
 70
     1
102
RTVSPost2010Prop33
280
     0
102
RTVSPost2010PropOp33
 70
     1
102
RTVSPost2010Prop34
280
     0
102
RTVSPost2010PropOp34
 70
     1
102
RTVSPost2010Prop35
280
     0
102
RTVSPost2010PropOp35
 70
     1
102
RTVSPost2010Prop36
280
     0
102
RTVSPost2010PropOp36
 70
     1
102
RTVSPost2010Prop37
 90
       50
102
RTVSPost2010PropOp37
 70
     1
102
RTVSPost2010Prop38
140
0.0
102
RTVSPost2010PropOp38
 70
     1
102
RTVSPost2010Prop39
140
1.0
102
RTVSPost2010PropOp39
 70
     1
102
RTVSPost2010Prop40
 90
        0
102
RTVSPost2010PropOp40
 70
     1
102
RTVSPost2010Prop41ColorIndex
 90
       18
102
RTVSPost2010Prop41ColorRGB
 90
        0
102
RTVSPost2010PropOp41
 70
     1
102
RTVSPost2010Prop42
 90
       50
102
RTVSPost2010PropOp42
 70
     1
102
RTVSPost2010Prop43
 90
        3
102
RTVSPost2010PropOp43
 70
     1
102
RTVSPost2010Prop44ColorIndex
 90
        5
102
RTVSPost2010Prop44ColorRGB
 90
      255
102
RTVSPost2010PropOp44
 70
     1
102
RTVSPost2010Prop45
280
     0
102
RTVSPost2010PropOp45
 70
     1
102
RTVSPost2010Prop46
 90
       50
102
RTVSPost2010PropOp46
 70
     1
102
RTVSPost2010Prop47
 90
       50
102
RTVSPost2010PropOp47
 70
     1
102
RTVSPost2010Prop48
 90
       50
102
RTVSPost2010PropOp48
 70
     1
102
RTVSPost2010Prop49
280
     0
102
RTVSPost2010PropOp49
 70
     1
102
RTVSPost2010Prop50
 90
       50
102
RTVSPost2010PropOp50
 70
     1
102
RTVSPost2010Prop51ColorIndex
 90
      256
102
RTVSPost2010Prop51ColorRGB
 90
-16777216
102
RTVSPost2010PropOp51
 70
     0
102
RTVSPost2010Prop52
140
1.0
102
RTVSPost2010PropOp52
 70
     0
102
RTVSPost2010Prop53
 90
        2
102
RTVSPost2010PropOp53
 70
     1
102
RTVSPost2010Prop54
  1
strokes_ogs.tif
102
RTVSPost2010PropOp54
 70
     1
102
RTVSPost2010Prop55
280
     0
102
RTVSPost2010PropOp55
 70
     1
102
RTVSPost2010Prop56
140
1.0
102
RTVSPost2010PropOp56
 70
     1
102
RTVSPost2010Prop57
140
1.0
102
RTVSPost2010PropOp57
 70
     1
  0
XRECORD
  5
D1E9
102
{ACAD_REACTORS
330
D1E8
102
}
330
D1E8
100
AcDbXrecord
280
     1
102
RTVSPropertyOp0
 70
     0
102
RTVSPropertyOp1
 70
     0
102
RTVSPropertyOp2
 70
     0
102
RTVSPropertyOp3
 70
     0
102
RTVSPropertyOp4
 70
     0
102
RTVSPropertyOp5
 70
     0
102
RTVSPropertyOp6
 70
     0
102
RTVSPropertyOp7
 70
     0
102
RTVSPropertyOp8
 70
     0
102
RTVSPropertyOp9
 70
     0
102
RTVSPropertyOp10
 70
     0
102
RTVSPropertyOp11
 70
     0
102
RTVSPropertyOp12
 70
     0
102
RTVSPropertyOp13
 70
     0
102
RTVSPropertyOp14
 70
     0
102
RTVSPropertyOp15
 70
     0
102
RTVSPropertyOp16
 70
     0
102
RTVSPropertyOp17
 70
     0
102
RTVSPropertyOp18
 70
     0
102
RTVSPropertyOp19
 70
     0
102
RTVSPropertyOp20
 70
     0
102
RTVSPropertyOp21
 70
     0
102
RTVSPropertyOp22
 70
     0
102
RTVSPropertyOp23
 70
     0
102
RTVSPropertyOp24
 70
     0
102
RTVSPropertyOp25
 70
     0
102
RTVSPropertyOp26
 70
     0
102
RTVSPropertyOp27
 70
     0
102
RTVSPropertyOp28
 70
     1
102
RTVSPropertyOp29
 70
     1
102
RTVSPropertyOp30
 70
     1
102
RTVSPropertyOp31
 70
     1
102
RTVSPropertyOp32
 70
     1
102
RTVSPropertyOp33
 70
     1
102
RTVSPropertyOp34
 70
     1
102
RTVSPropertyOp35
 70
     1
102
RTVSPropertyOp36
 70
     1
102
RTVSPropertyOp37
 70
     1
102
RTVSPropertyOp38
 70
     1
102
RTVSPropertyOp39
 70
     1
102
RTVSPropertyOp40
 70
     1
102
RTVSPropertyOp41
 70
     1
102
RTVSPropertyOp42
 70
     1
102
RTVSPropertyOp43
 70
     1
102
RTVSPropertyOp44
 70
     1
102
RTVSPropertyOp45
 70
     1
102
RTVSPropertyOp46
 70
     1
102
RTVSPropertyOp47
 70
     1
102
RTVSPropertyOp48
 70
     1
102
RTVSPropertyOp49
 70
     1
102
RTVSPropertyOp50
 70
     1
102
RTVSPropertyOp51
 70
     0
102
RTVSPropertyOp52
 70
     0
102
RTVSPropertyOp53
 70
     1
102
RTVSPropertyOp54
 70
     1
102
RTVSPropertyOp55
 70
     1
102
RTVSPropertyOp56
 70
     1
102
RTVSPropertyOp57
 70
     1
102
RTVSPost2010Prop28
280
     0
102
RTVSPost2010PropOp28
 70
     1
102
RTVSPost2010Prop29
280
     1
102
RTVSPost2010PropOp29
 70
     1
102
RTVSPost2010Prop30
280
     1
102
RTVSPost2010PropOp30
 70
     1
102
RTVSPost2010Prop31
280
     0
102
RTVSPost2010PropOp31
 70
     1
102
RTVSPost2010Prop32
280
     0
102
RTVSPost2010PropOp32
 70
     1
102
RTVSPost2010Prop33
280
     0
102
RTVSPost2010PropOp33
 70
     1
102
RTVSPost2010Prop34
280
     0
102
RTVSPost2010PropOp34
 70
     1
102
RTVSPost2010Prop35
280
     0
102
RTVSPost2010PropOp35
 70
     1
102
RTVSPost2010Prop36
280
     0
102
RTVSPost2010PropOp36
 70
     1
102
RTVSPost2010Prop37
 90
       50
102
RTVSPost2010PropOp37
 70
     1
102
RTVSPost2010Prop38
140
0.0
102
RTVSPost2010PropOp38
 70
     1
102
RTVSPost2010Prop39
140
1.0
102
RTVSPost2010PropOp39
 70
     1
102
RTVSPost2010Prop40
 90
        0
102
RTVSPost2010PropOp40
 70
     1
102
RTVSPost2010Prop41ColorIndex
 90
       18
102
RTVSPost2010Prop41ColorRGB
 90
        0
102
RTVSPost2010PropOp41
 70
     1
102
RTVSPost2010Prop42
 90
       50
102
RTVSPost2010PropOp42
 70
     1
102
RTVSPost2010Prop43
 90
        3
102
RTVSPost2010PropOp43
 70
     1
102
RTVSPost2010Prop44ColorIndex
 90
        5
102
RTVSPost2010Prop44ColorRGB
 90
      255
102
RTVSPost2010PropOp44
 70
     1
102
RTVSPost2010Prop45
280
     0
102
RTVSPost2010PropOp45
 70
     1
102
RTVSPost2010Prop46
 90
       50
102
RTVSPost2010PropOp46
 70
     1
102
RTVSPost2010Prop47
 90
       50
102
RTVSPost2010PropOp47
 70
     1
102
RTVSPost2010Prop48
 90
       50
102
RTVSPost2010PropOp48
 70
     1
102
RTVSPost2010Prop49
280
     0
102
RTVSPost2010PropOp49
 70
     1
102
RTVSPost2010Prop50
 90
       50
102
RTVSPost2010PropOp50
 70
     1
102
RTVSPost2010Prop51ColorIndex
 90
      256
102
RTVSPost2010Prop51ColorRGB
 90
-16777216
102
RTVSPost2010PropOp51
 70
     0
102
RTVSPost2010Prop52
140
1.0
102
RTVSPost2010PropOp52
 70
     0
102
RTVSPost2010Prop53
 90
        2
102
RTVSPost2010PropOp53
 70
     1
102
RTVSPost2010Prop54
  1
strokes_ogs.tif
102
RTVSPost2010PropOp54
 70
     1
102
RTVSPost2010Prop55
280
     0
102
RTVSPost2010PropOp55
 70
     1
102
RTVSPost2010Prop56
140
1.0
102
RTVSPost2010PropOp56
 70
     1
102
RTVSPost2010Prop57
140
1.0
102
RTVSPost2010PropOp57
 70
     1
  0
XRECORD
  5
D1E1
102
{ACAD_REACTORS
330
D1E0
102
}
330
D1E0
100
AcDbXrecord
280
     1
102
RTVSPropertyOp0
 70
     1
102
RTVSPropertyOp1
 70
     1
102
RTVSPropertyOp2
 70
     1
102
RTVSPropertyOp3
 70
     1
102
RTVSPropertyOp4
 70
     1
102
RTVSPropertyOp5
 70
     1
102
RTVSPropertyOp6
 70
     1
102
RTVSPropertyOp7
 70
     1
102
RTVSPropertyOp8
 70
     1
102
RTVSPropertyOp9
 70
     1
102
RTVSPropertyOp10
 70
     1
102
RTVSPropertyOp11
 70
     1
102
RTVSPropertyOp12
 70
     1
102
RTVSPropertyOp13
 70
     1
102
RTVSPropertyOp14
 70
     1
102
RTVSPropertyOp15
 70
     1
102
RTVSPropertyOp16
 70
     1
102
RTVSPropertyOp17
 70
     1
102
RTVSPropertyOp18
 70
     1
102
RTVSPropertyOp19
 70
     1
102
RTVSPropertyOp20
 70
     1
102
RTVSPropertyOp21
 70
     1
102
RTVSPropertyOp22
 70
     1
102
RTVSPropertyOp23
 70
     1
102
RTVSPropertyOp24
 70
     1
102
RTVSPropertyOp25
 70
     1
102
RTVSPropertyOp26
 70
     1
102
RTVSPropertyOp27
 70
     1
102
RTVSPropertyOp28
 70
     1
102
RTVSPropertyOp29
 70
     1
102
RTVSPropertyOp30
 70
     1
102
RTVSPropertyOp31
 70
     1
102
RTVSPropertyOp32
 70
     1
102
RTVSPropertyOp33
 70
     1
102
RTVSPropertyOp34
 70
     1
102
RTVSPropertyOp35
 70
     1
102
RTVSPropertyOp36
 70
     1
102
RTVSPropertyOp37
 70
     1
102
RTVSPropertyOp38
 70
     1
102
RTVSPropertyOp39
 70
     1
102
RTVSPropertyOp40
 70
     1
102
RTVSPropertyOp41
 70
     1
102
RTVSPropertyOp42
 70
     1
102
RTVSPropertyOp43
 70
     1
102
RTVSPropertyOp44
 70
     1
102
RTVSPropertyOp45
 70
     1
102
RTVSPropertyOp46
 70
     1
102
RTVSPropertyOp47
 70
     1
102
RTVSPropertyOp48
 70
     1
102
RTVSPropertyOp49
 70
     1
102
RTVSPropertyOp50
 70
     1
102
RTVSPropertyOp51
 70
     0
102
RTVSPropertyOp52
 70
     0
102
RTVSPropertyOp53
 70
     1
102
RTVSPropertyOp54
 70
     1
102
RTVSPropertyOp55
 70
     1
102
RTVSPropertyOp56
 70
     1
102
RTVSPropertyOp57
 70
     1
102
RTVSPost2010Prop28
280
     0
102
RTVSPost2010PropOp28
 70
     1
102
RTVSPost2010Prop29
280
     1
102
RTVSPost2010PropOp29
 70
     1
102
RTVSPost2010Prop30
280
     1
102
RTVSPost2010PropOp30
 70
     1
102
RTVSPost2010Prop31
280
     0
102
RTVSPost2010PropOp31
 70
     1
102
RTVSPost2010Prop32
280
     0
102
RTVSPost2010PropOp32
 70
     1
102
RTVSPost2010Prop33
280
     0
102
RTVSPost2010PropOp33
 70
     1
102
RTVSPost2010Prop34
280
     0
102
RTVSPost2010PropOp34
 70
     1
102
RTVSPost2010Prop35
280
     0
102
RTVSPost2010PropOp35
 70
     1
102
RTVSPost2010Prop36
280
     0
102
RTVSPost2010PropOp36
 70
     1
102
RTVSPost2010Prop37
 90
       50
102
RTVSPost2010PropOp37
 70
     1
102
RTVSPost2010Prop38
140
0.0
102
RTVSPost2010PropOp38
 70
     1
102
RTVSPost2010Prop39
140
1.0
102
RTVSPost2010PropOp39
 70
     1
102
RTVSPost2010Prop40
 90
        0
102
RTVSPost2010PropOp40
 70
     1
102
RTVSPost2010Prop41ColorIndex
 90
       18
102
RTVSPost2010Prop41ColorRGB
 90
        0
102
RTVSPost2010PropOp41
 70
     1
102
RTVSPost2010Prop42
 90
       50
102
RTVSPost2010PropOp42
 70
     1
102
RTVSPost2010Prop43
 90
        3
102
RTVSPost2010PropOp43
 70
     1
102
RTVSPost2010Prop44ColorIndex
 90
        5
102
RTVSPost2010Prop44ColorRGB
 90
      255
102
RTVSPost2010PropOp44
 70
     1
102
RTVSPost2010Prop45
280
     0
102
RTVSPost2010PropOp45
 70
     1
102
RTVSPost2010Prop46
 90
       50
102
RTVSPost2010PropOp46
 70
     1
102
RTVSPost2010Prop47
 90
       50
102
RTVSPost2010PropOp47
 70
     1
102
RTVSPost2010Prop48
 90
       50
102
RTVSPost2010PropOp48
 70
     1
102
RTVSPost2010Prop49
280
     0
102
RTVSPost2010PropOp49
 70
     1
102
RTVSPost2010Prop50
 90
       50
102
RTVSPost2010PropOp50
 70
     1
102
RTVSPost2010Prop51ColorIndex
 90
      256
102
RTVSPost2010Prop51ColorRGB
 90
-16777216
102
RTVSPost2010PropOp51
 70
     0
102
RTVSPost2010Prop52
140
1.0
102
RTVSPost2010PropOp52
 70
     0
102
RTVSPost2010Prop53
 90
        2
102
RTVSPost2010PropOp53
 70
     1
102
RTVSPost2010Prop54
  1
strokes_ogs.tif
102
RTVSPost2010PropOp54
 70
     1
102
RTVSPost2010Prop55
280
     0
102
RTVSPost2010PropOp55
 70
     1
102
RTVSPost2010Prop56
140
1.0
102
RTVSPost2010PropOp56
 70
     1
102
RTVSPost2010Prop57
140
1.0
102
RTVSPost2010PropOp57
 70
     1
  0
XRECORD
  5
D1C5
102
{ACAD_REACTORS
330
D1C4
102
}
330
D1C4
100
AcDbXrecord
280
     1
102
RTVSPropertyOp0
 70
     1
102
RTVSPropertyOp1
 70
     1
102
RTVSPropertyOp2
 70
     1
102
RTVSPropertyOp3
 70
     1
102
RTVSPropertyOp4
 70
     1
102
RTVSPropertyOp5
 70
     1
102
RTVSPropertyOp6
 70
     1
102
RTVSPropertyOp7
 70
     1
102
RTVSPropertyOp8
 70
     1
102
RTVSPropertyOp9
 70
     1
102
RTVSPropertyOp10
 70
     1
102
RTVSPropertyOp11
 70
     1
102
RTVSPropertyOp12
 70
     1
102
RTVSPropertyOp13
 70
     1
102
RTVSPropertyOp14
 70
     1
102
RTVSPropertyOp15
 70
     1
102
RTVSPropertyOp16
 70
     1
102
RTVSPropertyOp17
 70
     1
102
RTVSPropertyOp18
 70
     1
102
RTVSPropertyOp19
 70
     1
102
RTVSPropertyOp20
 70
     1
102
RTVSPropertyOp21
 70
     1
102
RTVSPropertyOp22
 70
     1
102
RTVSPropertyOp23
 70
     1
102
RTVSPropertyOp24
 70
     1
102
RTVSPropertyOp25
 70
     1
102
RTVSPropertyOp26
 70
     1
102
RTVSPropertyOp27
 70
     1
102
RTVSPropertyOp28
 70
     1
102
RTVSPropertyOp29
 70
     1
102
RTVSPropertyOp30
 70
     1
102
RTVSPropertyOp31
 70
     1
102
RTVSPropertyOp32
 70
     1
102
RTVSPropertyOp33
 70
     1
102
RTVSPropertyOp34
 70
     1
102
RTVSPropertyOp35
 70
     1
102
RTVSPropertyOp36
 70
     1
102
RTVSPropertyOp37
 70
     1
102
RTVSPropertyOp38
 70
     1
102
RTVSPropertyOp39
 70
     1
102
RTVSPropertyOp40
 70
     1
102
RTVSPropertyOp41
 70
     1
102
RTVSPropertyOp42
 70
     1
102
RTVSPropertyOp43
 70
     1
102
RTVSPropertyOp44
 70
     1
102
RTVSPropertyOp45
 70
     1
102
RTVSPropertyOp46
 70
     1
102
RTVSPropertyOp47
 70
     1
102
RTVSPropertyOp48
 70
     1
102
RTVSPropertyOp49
 70
     1
102
RTVSPropertyOp50
 70
     1
102
RTVSPropertyOp51
 70
     0
102
RTVSPropertyOp52
 70
     0
102
RTVSPropertyOp53
 70
     1
102
RTVSPropertyOp54
 70
     1
102
RTVSPropertyOp55
 70
     1
102
RTVSPropertyOp56
 70
     1
102
RTVSPropertyOp57
 70
     1
102
RTVSPost2010Prop28
280
     0
102
RTVSPost2010PropOp28
 70
     1
102
RTVSPost2010Prop29
280
     1
102
RTVSPost2010PropOp29
 70
     1
102
RTVSPost2010Prop30
280
     1
102
RTVSPost2010PropOp30
 70
     1
102
RTVSPost2010Prop31
280
     0
102
RTVSPost2010PropOp31
 70
     1
102
RTVSPost2010Prop32
280
     0
102
RTVSPost2010PropOp32
 70
     1
102
RTVSPost2010Prop33
280
     0
102
RTVSPost2010PropOp33
 70
     1
102
RTVSPost2010Prop34
280
     0
102
RTVSPost2010PropOp34
 70
     1
102
RTVSPost2010Prop35
280
     0
102
RTVSPost2010PropOp35
 70
     1
102
RTVSPost2010Prop36
280
     0
102
RTVSPost2010PropOp36
 70
     1
102
RTVSPost2010Prop37
 90
       50
102
RTVSPost2010PropOp37
 70
     1
102
RTVSPost2010Prop38
140
0.0
102
RTVSPost2010PropOp38
 70
     1
102
RTVSPost2010Prop39
140
1.0
102
RTVSPost2010PropOp39
 70
     1
102
RTVSPost2010Prop40
 90
        0
102
RTVSPost2010PropOp40
 70
     1
102
RTVSPost2010Prop41ColorIndex
 90
       18
102
RTVSPost2010Prop41ColorRGB
 90
        0
102
RTVSPost2010PropOp41
 70
     1
102
RTVSPost2010Prop42
 90
       50
102
RTVSPost2010PropOp42
 70
     1
102
RTVSPost2010Prop43
 90
        3
102
RTVSPost2010PropOp43
 70
     1
102
RTVSPost2010Prop44ColorIndex
 90
        5
102
RTVSPost2010Prop44ColorRGB
 90
      255
102
RTVSPost2010PropOp44
 70
     1
102
RTVSPost2010Prop45
280
     0
102
RTVSPost2010PropOp45
 70
     1
102
RTVSPost2010Prop46
 90
       50
102
RTVSPost2010PropOp46
 70
     1
102
RTVSPost2010Prop47
 90
       50
102
RTVSPost2010PropOp47
 70
     1
102
RTVSPost2010Prop48
 90
       50
102
RTVSPost2010PropOp48
 70
     1
102
RTVSPost2010Prop49
280
     0
102
RTVSPost2010PropOp49
 70
     1
102
RTVSPost2010Prop50
 90
       50
102
RTVSPost2010PropOp50
 70
     1
102
RTVSPost2010Prop51ColorIndex
 90
      256
102
RTVSPost2010Prop51ColorRGB
 90
-16777216
102
RTVSPost2010PropOp51
 70
     0
102
RTVSPost2010Prop52
140
1.0
102
RTVSPost2010PropOp52
 70
     0
102
RTVSPost2010Prop53
 90
        2
102
RTVSPost2010PropOp53
 70
     1
102
RTVSPost2010Prop54
  1
strokes_ogs.tif
102
RTVSPost2010PropOp54
 70
     1
102
RTVSPost2010Prop55
280
     0
102
RTVSPost2010PropOp55
 70
     1
102
RTVSPost2010Prop56
140
1.0
102
RTVSPost2010PropOp56
 70
     1
102
RTVSPost2010Prop57
140
1.0
102
RTVSPost2010PropOp57
 70
     1
  0
XRECORD
  5
D1C7
102
{ACAD_REACTORS
330
D1C6
102
}
330
D1C6
100
AcDbXrecord
280
     1
102
RTVSPropertyOp0
 70
     1
102
RTVSPropertyOp1
 70
     1
102
RTVSPropertyOp2
 70
     1
102
RTVSPropertyOp3
 70
     1
102
RTVSPropertyOp4
 70
     1
102
RTVSPropertyOp5
 70
     1
102
RTVSPropertyOp6
 70
     1
102
RTVSPropertyOp7
 70
     1
102
RTVSPropertyOp8
 70
     1
102
RTVSPropertyOp9
 70
     1
102
RTVSPropertyOp10
 70
     1
102
RTVSPropertyOp11
 70
     1
102
RTVSPropertyOp12
 70
     1
102
RTVSPropertyOp13
 70
     1
102
RTVSPropertyOp14
 70
     1
102
RTVSPropertyOp15
 70
     1
102
RTVSPropertyOp16
 70
     1
102
RTVSPropertyOp17
 70
     1
102
RTVSPropertyOp18
 70
     1
102
RTVSPropertyOp19
 70
     1
102
RTVSPropertyOp20
 70
     1
102
RTVSPropertyOp21
 70
     1
102
RTVSPropertyOp22
 70
     1
102
RTVSPropertyOp23
 70
     1
102
RTVSPropertyOp24
 70
     1
102
RTVSPropertyOp25
 70
     1
102
RTVSPropertyOp26
 70
     1
102
RTVSPropertyOp27
 70
     1
102
RTVSPropertyOp28
 70
     1
102
RTVSPropertyOp29
 70
     1
102
RTVSPropertyOp30
 70
     1
102
RTVSPropertyOp31
 70
     1
102
RTVSPropertyOp32
 70
     1
102
RTVSPropertyOp33
 70
     1
102
RTVSPropertyOp34
 70
     1
102
RTVSPropertyOp35
 70
     1
102
RTVSPropertyOp36
 70
     1
102
RTVSPropertyOp37
 70
     1
102
RTVSPropertyOp38
 70
     1
102
RTVSPropertyOp39
 70
     1
102
RTVSPropertyOp40
 70
     1
102
RTVSPropertyOp41
 70
     1
102
RTVSPropertyOp42
 70
     1
102
RTVSPropertyOp43
 70
     1
102
RTVSPropertyOp44
 70
     1
102
RTVSPropertyOp45
 70
     1
102
RTVSPropertyOp46
 70
     1
102
RTVSPropertyOp47
 70
     1
102
RTVSPropertyOp48
 70
     1
102
RTVSPropertyOp49
 70
     1
102
RTVSPropertyOp50
 70
     1
102
RTVSPropertyOp51
 70
     0
102
RTVSPropertyOp52
 70
     0
102
RTVSPropertyOp53
 70
     1
102
RTVSPropertyOp54
 70
     1
102
RTVSPropertyOp55
 70
     1
102
RTVSPropertyOp56
 70
     1
102
RTVSPropertyOp57
 70
     1
102
RTVSPost2010Prop28
280
     0
102
RTVSPost2010PropOp28
 70
     1
102
RTVSPost2010Prop29
280
     1
102
RTVSPost2010PropOp29
 70
     1
102
RTVSPost2010Prop30
280
     1
102
RTVSPost2010PropOp30
 70
     1
102
RTVSPost2010Prop31
280
     0
102
RTVSPost2010PropOp31
 70
     1
102
RTVSPost2010Prop32
280
     0
102
RTVSPost2010PropOp32
 70
     1
102
RTVSPost2010Prop33
280
     0
102
RTVSPost2010PropOp33
 70
     1
102
RTVSPost2010Prop34
280
     0
102
RTVSPost2010PropOp34
 70
     1
102
RTVSPost2010Prop35
280
     0
102
RTVSPost2010PropOp35
 70
     1
102
RTVSPost2010Prop36
280
     0
102
RTVSPost2010PropOp36
 70
     1
102
RTVSPost2010Prop37
 90
       50
102
RTVSPost2010PropOp37
 70
     1
102
RTVSPost2010Prop38
140
0.0
102
RTVSPost2010PropOp38
 70
     1
102
RTVSPost2010Prop39
140
1.0
102
RTVSPost2010PropOp39
 70
     1
102
RTVSPost2010Prop40
 90
        0
102
RTVSPost2010PropOp40
 70
     1
102
RTVSPost2010Prop41ColorIndex
 90
       18
102
RTVSPost2010Prop41ColorRGB
 90
        0
102
RTVSPost2010PropOp41
 70
     1
102
RTVSPost2010Prop42
 90
       50
102
RTVSPost2010PropOp42
 70
     1
102
RTVSPost2010Prop43
 90
        3
102
RTVSPost2010PropOp43
 70
     1
102
RTVSPost2010Prop44ColorIndex
 90
        5
102
RTVSPost2010Prop44ColorRGB
 90
      255
102
RTVSPost2010PropOp44
 70
     1
102
RTVSPost2010Prop45
280
     0
102
RTVSPost2010PropOp45
 70
     1
102
RTVSPost2010Prop46
 90
       50
102
RTVSPost2010PropOp46
 70
     1
102
RTVSPost2010Prop47
 90
       50
102
RTVSPost2010PropOp47
 70
     1
102
RTVSPost2010Prop48
 90
       50
102
RTVSPost2010PropOp48
 70
     1
102
RTVSPost2010Prop49
280
     0
102
RTVSPost2010PropOp49
 70
     1
102
RTVSPost2010Prop50
 90
       50
102
RTVSPost2010PropOp50
 70
     1
102
RTVSPost2010Prop51ColorIndex
 90
      256
102
RTVSPost2010Prop51ColorRGB
 90
-16777216
102
RTVSPost2010PropOp51
 70
     0
102
RTVSPost2010Prop52
140
1.0
102
RTVSPost2010PropOp52
 70
     0
102
RTVSPost2010Prop53
 90
        2
102
RTVSPost2010PropOp53
 70
     1
102
RTVSPost2010Prop54
  1
strokes_ogs.tif
102
RTVSPost2010PropOp54
 70
     1
102
RTVSPost2010Prop55
280
     0
102
RTVSPost2010PropOp55
 70
     1
102
RTVSPost2010Prop56
140
1.0
102
RTVSPost2010PropOp56
 70
     1
102
RTVSPost2010Prop57
140
1.0
102
RTVSPost2010PropOp57
 70
     1
  0
XRECORD
  5
D1C9
102
{ACAD_REACTORS
330
D1C8
102
}
330
D1C8
100
AcDbXrecord
280
     1
102
RTVSPropertyOp0
 70
     1
102
RTVSPropertyOp1
 70
     1
102
RTVSPropertyOp2
 70
     1
102
RTVSPropertyOp3
 70
     1
102
RTVSPropertyOp4
 70
     1
102
RTVSPropertyOp5
 70
     1
102
RTVSPropertyOp6
 70
     1
102
RTVSPropertyOp7
 70
     1
102
RTVSPropertyOp8
 70
     1
102
RTVSPropertyOp9
 70
     1
102
RTVSPropertyOp10
 70
     1
102
RTVSPropertyOp11
 70
     1
102
RTVSPropertyOp12
 70
     1
102
RTVSPropertyOp13
 70
     1
102
RTVSPropertyOp14
 70
     1
102
RTVSPropertyOp15
 70
     1
102
RTVSPropertyOp16
 70
     1
102
RTVSPropertyOp17
 70
     1
102
RTVSPropertyOp18
 70
     1
102
RTVSPropertyOp19
 70
     1
102
RTVSPropertyOp20
 70
     1
102
RTVSPropertyOp21
 70
     1
102
RTVSPropertyOp22
 70
     1
102
RTVSPropertyOp23
 70
     1
102
RTVSPropertyOp24
 70
     1
102
RTVSPropertyOp25
 70
     1
102
RTVSPropertyOp26
 70
     1
102
RTVSPropertyOp27
 70
     1
102
RTVSPropertyOp28
 70
     1
102
RTVSPropertyOp29
 70
     1
102
RTVSPropertyOp30
 70
     1
102
RTVSPropertyOp31
 70
     1
102
RTVSPropertyOp32
 70
     1
102
RTVSPropertyOp33
 70
     1
102
RTVSPropertyOp34
 70
     1
102
RTVSPropertyOp35
 70
     1
102
RTVSPropertyOp36
 70
     1
102
RTVSPropertyOp37
 70
     1
102
RTVSPropertyOp38
 70
     1
102
RTVSPropertyOp39
 70
     1
102
RTVSPropertyOp40
 70
     1
102
RTVSPropertyOp41
 70
     1
102
RTVSPropertyOp42
 70
     1
102
RTVSPropertyOp43
 70
     1
102
RTVSPropertyOp44
 70
     1
102
RTVSPropertyOp45
 70
     1
102
RTVSPropertyOp46
 70
     1
102
RTVSPropertyOp47
 70
     1
102
RTVSPropertyOp48
 70
     1
102
RTVSPropertyOp49
 70
     1
102
RTVSPropertyOp50
 70
     1
102
RTVSPropertyOp51
 70
     0
102
RTVSPropertyOp52
 70
     0
102
RTVSPropertyOp53
 70
     1
102
RTVSPropertyOp54
 70
     1
102
RTVSPropertyOp55
 70
     1
102
RTVSPropertyOp56
 70
     1
102
RTVSPropertyOp57
 70
     1
102
RTVSPost2010Prop28
280
     0
102
RTVSPost2010PropOp28
 70
     1
102
RTVSPost2010Prop29
280
     1
102
RTVSPost2010PropOp29
 70
     1
102
RTVSPost2010Prop30
280
     1
102
RTVSPost2010PropOp30
 70
     1
102
RTVSPost2010Prop31
280
     0
102
RTVSPost2010PropOp31
 70
     1
102
RTVSPost2010Prop32
280
     0
102
RTVSPost2010PropOp32
 70
     1
102
RTVSPost2010Prop33
280
     0
102
RTVSPost2010PropOp33
 70
     1
102
RTVSPost2010Prop34
280
     0
102
RTVSPost2010PropOp34
 70
     1
102
RTVSPost2010Prop35
280
     0
102
RTVSPost2010PropOp35
 70
     1
102
RTVSPost2010Prop36
280
     0
102
RTVSPost2010PropOp36
 70
     1
102
RTVSPost2010Prop37
 90
       50
102
RTVSPost2010PropOp37
 70
     1
102
RTVSPost2010Prop38
140
0.0
102
RTVSPost2010PropOp38
 70
     1
102
RTVSPost2010Prop39
140
1.0
102
RTVSPost2010PropOp39
 70
     1
102
RTVSPost2010Prop40
 90
        0
102
RTVSPost2010PropOp40
 70
     1
102
RTVSPost2010Prop41ColorIndex
 90
       18
102
RTVSPost2010Prop41ColorRGB
 90
        0
102
RTVSPost2010PropOp41
 70
     1
102
RTVSPost2010Prop42
 90
       50
102
RTVSPost2010PropOp42
 70
     1
102
RTVSPost2010Prop43
 90
        3
102
RTVSPost2010PropOp43
 70
     1
102
RTVSPost2010Prop44ColorIndex
 90
        5
102
RTVSPost2010Prop44ColorRGB
 90
      255
102
RTVSPost2010PropOp44
 70
     1
102
RTVSPost2010Prop45
280
     0
102
RTVSPost2010PropOp45
 70
     1
102
RTVSPost2010Prop46
 90
       50
102
RTVSPost2010PropOp46
 70
     1
102
RTVSPost2010Prop47
 90
       50
102
RTVSPost2010PropOp47
 70
     1
102
RTVSPost2010Prop48
 90
       50
102
RTVSPost2010PropOp48
 70
     1
102
RTVSPost2010Prop49
280
     0
102
RTVSPost2010PropOp49
 70
     1
102
RTVSPost2010Prop50
 90
       50
102
RTVSPost2010PropOp50
 70
     1
102
RTVSPost2010Prop51ColorIndex
 90
      256
102
RTVSPost2010Prop51ColorRGB
 90
-16777216
102
RTVSPost2010PropOp51
 70
     0
102
RTVSPost2010Prop52
140
1.0
102
RTVSPost2010PropOp52
 70
     0
102
RTVSPost2010Prop53
 90
        2
102
RTVSPost2010PropOp53
 70
     1
102
RTVSPost2010Prop54
  1
strokes_ogs.tif
102
RTVSPost2010PropOp54
 70
     1
102
RTVSPost2010Prop55
280
     0
102
RTVSPost2010PropOp55
 70
     1
102
RTVSPost2010Prop56
140
1.0
102
RTVSPost2010PropOp56
 70
     1
102
RTVSPost2010Prop57
140
1.0
102
RTVSPost2010PropOp57
 70
     1
  0
XRECORD
  5
D1CB
102
{ACAD_REACTORS
330
D1CA
102
}
330
D1CA
100
AcDbXrecord
280
     1
102
RTVSPropertyOp0
 70
     1
102
RTVSPropertyOp1
 70
     1
102
RTVSPropertyOp2
 70
     1
102
RTVSPropertyOp3
 70
     1
102
RTVSPropertyOp4
 70
     1
102
RTVSPropertyOp5
 70
     1
102
RTVSPropertyOp6
 70
     1
102
RTVSPropertyOp7
 70
     1
102
RTVSPropertyOp8
 70
     1
102
RTVSPropertyOp9
 70
     1
102
RTVSPropertyOp10
 70
     1
102
RTVSPropertyOp11
 70
     1
102
RTVSPropertyOp12
 70
     1
102
RTVSPropertyOp13
 70
     1
102
RTVSPropertyOp14
 70
     1
102
RTVSPropertyOp15
 70
     1
102
RTVSPropertyOp16
 70
     1
102
RTVSPropertyOp17
 70
     1
102
RTVSPropertyOp18
 70
     1
102
RTVSPropertyOp19
 70
     1
102
RTVSPropertyOp20
 70
     1
102
RTVSPropertyOp21
 70
     1
102
RTVSPropertyOp22
 70
     1
102
RTVSPropertyOp23
 70
     1
102
RTVSPropertyOp24
 70
     1
102
RTVSPropertyOp25
 70
     1
102
RTVSPropertyOp26
 70
     1
102
RTVSPropertyOp27
 70
     1
102
RTVSPropertyOp28
 70
     1
102
RTVSPropertyOp29
 70
     1
102
RTVSPropertyOp30
 70
     1
102
RTVSPropertyOp31
 70
     1
102
RTVSPropertyOp32
 70
     1
102
RTVSPropertyOp33
 70
     1
102
RTVSPropertyOp34
 70
     1
102
RTVSPropertyOp35
 70
     1
102
RTVSPropertyOp36
 70
     1
102
RTVSPropertyOp37
 70
     1
102
RTVSPropertyOp38
 70
     1
102
RTVSPropertyOp39
 70
     1
102
RTVSPropertyOp40
 70
     1
102
RTVSPropertyOp41
 70
     1
102
RTVSPropertyOp42
 70
     1
102
RTVSPropertyOp43
 70
     1
102
RTVSPropertyOp44
 70
     1
102
RTVSPropertyOp45
 70
     1
102
RTVSPropertyOp46
 70
     1
102
RTVSPropertyOp47
 70
     1
102
RTVSPropertyOp48
 70
     1
102
RTVSPropertyOp49
 70
     1
102
RTVSPropertyOp50
 70
     1
102
RTVSPropertyOp51
 70
     0
102
RTVSPropertyOp52
 70
     0
102
RTVSPropertyOp53
 70
     1
102
RTVSPropertyOp54
 70
     1
102
RTVSPropertyOp55
 70
     1
102
RTVSPropertyOp56
 70
     1
102
RTVSPropertyOp57
 70
     1
102
RTVSPost2010Prop28
280
     0
102
RTVSPost2010PropOp28
 70
     1
102
RTVSPost2010Prop29
280
     1
102
RTVSPost2010PropOp29
 70
     1
102
RTVSPost2010Prop30
280
     1
102
RTVSPost2010PropOp30
 70
     1
102
RTVSPost2010Prop31
280
     0
102
RTVSPost2010PropOp31
 70
     1
102
RTVSPost2010Prop32
280
     0
102
RTVSPost2010PropOp32
 70
     1
102
RTVSPost2010Prop33
280
     0
102
RTVSPost2010PropOp33
 70
     1
102
RTVSPost2010Prop34
280
     0
102
RTVSPost2010PropOp34
 70
     1
102
RTVSPost2010Prop35
280
     0
102
RTVSPost2010PropOp35
 70
     1
102
RTVSPost2010Prop36
280
     0
102
RTVSPost2010PropOp36
 70
     1
102
RTVSPost2010Prop37
 90
       50
102
RTVSPost2010PropOp37
 70
     1
102
RTVSPost2010Prop38
140
0.0
102
RTVSPost2010PropOp38
 70
     1
102
RTVSPost2010Prop39
140
1.0
102
RTVSPost2010PropOp39
 70
     1
102
RTVSPost2010Prop40
 90
        0
102
RTVSPost2010PropOp40
 70
     1
102
RTVSPost2010Prop41ColorIndex
 90
       18
102
RTVSPost2010Prop41ColorRGB
 90
        0
102
RTVSPost2010PropOp41
 70
     1
102
RTVSPost2010Prop42
 90
       50
102
RTVSPost2010PropOp42
 70
     1
102
RTVSPost2010Prop43
 90
        3
102
RTVSPost2010PropOp43
 70
     1
102
RTVSPost2010Prop44ColorIndex
 90
        5
102
RTVSPost2010Prop44ColorRGB
 90
      255
102
RTVSPost2010PropOp44
 70
     1
102
RTVSPost2010Prop45
280
     0
102
RTVSPost2010PropOp45
 70
     1
102
RTVSPost2010Prop46
 90
       50
102
RTVSPost2010PropOp46
 70
     1
102
RTVSPost2010Prop47
 90
       50
102
RTVSPost2010PropOp47
 70
     1
102
RTVSPost2010Prop48
 90
       50
102
RTVSPost2010PropOp48
 70
     1
102
RTVSPost2010Prop49
280
     0
102
RTVSPost2010PropOp49
 70
     1
102
RTVSPost2010Prop50
 90
       50
102
RTVSPost2010PropOp50
 70
     1
102
RTVSPost2010Prop51ColorIndex
 90
      256
102
RTVSPost2010Prop51ColorRGB
 90
-16777216
102
RTVSPost2010PropOp51
 70
     0
102
RTVSPost2010Prop52
140
1.0
102
RTVSPost2010PropOp52
 70
     0
102
RTVSPost2010Prop53
 90
        2
102
RTVSPost2010PropOp53
 70
     1
102
RTVSPost2010Prop54
  1
strokes_ogs.tif
102
RTVSPost2010PropOp54
 70
     1
102
RTVSPost2010Prop55
280
     0
102
RTVSPost2010PropOp55
 70
     1
102
RTVSPost2010Prop56
140
1.0
102
RTVSPost2010PropOp56
 70
     1
102
RTVSPost2010Prop57
140
1.0
102
RTVSPost2010PropOp57
 70
     1
  0
XRECORD
  5
D1D1
102
{ACAD_REACTORS
330
D1D0
102
}
330
D1D0
100
AcDbXrecord
280
     1
102
RTVSPropertyOp0
 70
     1
102
RTVSPropertyOp1
 70
     1
102
RTVSPropertyOp2
 70
     1
102
RTVSPropertyOp3
 70
     1
102
RTVSPropertyOp4
 70
     1
102
RTVSPropertyOp5
 70
     1
102
RTVSPropertyOp6
 70
     1
102
RTVSPropertyOp7
 70
     1
102
RTVSPropertyOp8
 70
     1
102
RTVSPropertyOp9
 70
     1
102
RTVSPropertyOp10
 70
     1
102
RTVSPropertyOp11
 70
     1
102
RTVSPropertyOp12
 70
     1
102
RTVSPropertyOp13
 70
     1
102
RTVSPropertyOp14
 70
     1
102
RTVSPropertyOp15
 70
     1
102
RTVSPropertyOp16
 70
     1
102
RTVSPropertyOp17
 70
     1
102
RTVSPropertyOp18
 70
     1
102
RTVSPropertyOp19
 70
     1
102
RTVSPropertyOp20
 70
     1
102
RTVSPropertyOp21
 70
     1
102
RTVSPropertyOp22
 70
     1
102
RTVSPropertyOp23
 70
     1
102
RTVSPropertyOp24
 70
     1
102
RTVSPropertyOp25
 70
     1
102
RTVSPropertyOp26
 70
     1
102
RTVSPropertyOp27
 70
     1
102
RTVSPropertyOp28
 70
     1
102
RTVSPropertyOp29
 70
     1
102
RTVSPropertyOp30
 70
     1
102
RTVSPropertyOp31
 70
     1
102
RTVSPropertyOp32
 70
     1
102
RTVSPropertyOp33
 70
     1
102
RTVSPropertyOp34
 70
     1
102
RTVSPropertyOp35
 70
     1
102
RTVSPropertyOp36
 70
     1
102
RTVSPropertyOp37
 70
     1
102
RTVSPropertyOp38
 70
     1
102
RTVSPropertyOp39
 70
     1
102
RTVSPropertyOp40
 70
     1
102
RTVSPropertyOp41
 70
     1
102
RTVSPropertyOp42
 70
     1
102
RTVSPropertyOp43
 70
     1
102
RTVSPropertyOp44
 70
     1
102
RTVSPropertyOp45
 70
     1
102
RTVSPropertyOp46
 70
     1
102
RTVSPropertyOp47
 70
     1
102
RTVSPropertyOp48
 70
     1
102
RTVSPropertyOp49
 70
     1
102
RTVSPropertyOp50
 70
     1
102
RTVSPropertyOp51
 70
     0
102
RTVSPropertyOp52
 70
     0
102
RTVSPropertyOp53
 70
     1
102
RTVSPropertyOp54
 70
     1
102
RTVSPropertyOp55
 70
     1
102
RTVSPropertyOp56
 70
     1
102
RTVSPropertyOp57
 70
     1
102
RTVSPost2010Prop28
280
     0
102
RTVSPost2010PropOp28
 70
     1
102
RTVSPost2010Prop29
280
     1
102
RTVSPost2010PropOp29
 70
     1
102
RTVSPost2010Prop30
280
     1
102
RTVSPost2010PropOp30
 70
     1
102
RTVSPost2010Prop31
280
     0
102
RTVSPost2010PropOp31
 70
     1
102
RTVSPost2010Prop32
280
     0
102
RTVSPost2010PropOp32
 70
     1
102
RTVSPost2010Prop33
280
     0
102
RTVSPost2010PropOp33
 70
     1
102
RTVSPost2010Prop34
280
     0
102
RTVSPost2010PropOp34
 70
     1
102
RTVSPost2010Prop35
280
     0
102
RTVSPost2010PropOp35
 70
     1
102
RTVSPost2010Prop36
280
     0
102
RTVSPost2010PropOp36
 70
     1
102
RTVSPost2010Prop37
 90
       50
102
RTVSPost2010PropOp37
 70
     1
102
RTVSPost2010Prop38
140
0.0
102
RTVSPost2010PropOp38
 70
     1
102
RTVSPost2010Prop39
140
1.0
102
RTVSPost2010PropOp39
 70
     1
102
RTVSPost2010Prop40
 90
        0
102
RTVSPost2010PropOp40
 70
     1
102
RTVSPost2010Prop41ColorIndex
 90
       18
102
RTVSPost2010Prop41ColorRGB
 90
        0
102
RTVSPost2010PropOp41
 70
     1
102
RTVSPost2010Prop42
 90
       50
102
RTVSPost2010PropOp42
 70
     1
102
RTVSPost2010Prop43
 90
        3
102
RTVSPost2010PropOp43
 70
     1
102
RTVSPost2010Prop44ColorIndex
 90
        5
102
RTVSPost2010Prop44ColorRGB
 90
      255
102
RTVSPost2010PropOp44
 70
     1
102
RTVSPost2010Prop45
280
     0
102
RTVSPost2010PropOp45
 70
     1
102
RTVSPost2010Prop46
 90
       50
102
RTVSPost2010PropOp46
 70
     1
102
RTVSPost2010Prop47
 90
       50
102
RTVSPost2010PropOp47
 70
     1
102
RTVSPost2010Prop48
 90
       50
102
RTVSPost2010PropOp48
 70
     1
102
RTVSPost2010Prop49
280
     0
102
RTVSPost2010PropOp49
 70
     1
102
RTVSPost2010Prop50
 90
       50
102
RTVSPost2010PropOp50
 70
     1
102
RTVSPost2010Prop51ColorIndex
 90
      256
102
RTVSPost2010Prop51ColorRGB
 90
-16777216
102
RTVSPost2010PropOp51
 70
     0
102
RTVSPost2010Prop52
140
1.0
102
RTVSPost2010PropOp52
 70
     0
102
RTVSPost2010Prop53
 90
        2
102
RTVSPost2010PropOp53
 70
     1
102
RTVSPost2010Prop54
  1
strokes_ogs.tif
102
RTVSPost2010PropOp54
 70
     1
102
RTVSPost2010Prop55
280
     0
102
RTVSPost2010PropOp55
 70
     1
102
RTVSPost2010Prop56
140
1.0
102
RTVSPost2010PropOp56
 70
     1
102
RTVSPost2010Prop57
140
1.0
102
RTVSPost2010PropOp57
 70
     1
  0
XRECORD
  5
D1E5
102
{ACAD_REACTORS
330
D1E4
102
}
330
D1E4
100
AcDbXrecord
280
     1
102
RTVSPropertyOp0
 70
     0
102
RTVSPropertyOp1
 70
     0
102
RTVSPropertyOp2
 70
     0
102
RTVSPropertyOp3
 70
     0
102
RTVSPropertyOp4
 70
     0
102
RTVSPropertyOp5
 70
     0
102
RTVSPropertyOp6
 70
     0
102
RTVSPropertyOp7
 70
     0
102
RTVSPropertyOp8
 70
     0
102
RTVSPropertyOp9
 70
     0
102
RTVSPropertyOp10
 70
     0
102
RTVSPropertyOp11
 70
     0
102
RTVSPropertyOp12
 70
     0
102
RTVSPropertyOp13
 70
     0
102
RTVSPropertyOp14
 70
     0
102
RTVSPropertyOp15
 70
     0
102
RTVSPropertyOp16
 70
     0
102
RTVSPropertyOp17
 70
     0
102
RTVSPropertyOp18
 70
     0
102
RTVSPropertyOp19
 70
     0
102
RTVSPropertyOp20
 70
     0
102
RTVSPropertyOp21
 70
     0
102
RTVSPropertyOp22
 70
     0
102
RTVSPropertyOp23
 70
     0
102
RTVSPropertyOp24
 70
     0
102
RTVSPropertyOp25
 70
     0
102
RTVSPropertyOp26
 70
     0
102
RTVSPropertyOp27
 70
     0
102
RTVSPropertyOp28
 70
     1
102
RTVSPropertyOp29
 70
     1
102
RTVSPropertyOp30
 70
     1
102
RTVSPropertyOp31
 70
     1
102
RTVSPropertyOp32
 70
     1
102
RTVSPropertyOp33
 70
     1
102
RTVSPropertyOp34
 70
     1
102
RTVSPropertyOp35
 70
     1
102
RTVSPropertyOp36
 70
     1
102
RTVSPropertyOp37
 70
     1
102
RTVSPropertyOp38
 70
     1
102
RTVSPropertyOp39
 70
     1
102
RTVSPropertyOp40
 70
     1
102
RTVSPropertyOp41
 70
     1
102
RTVSPropertyOp42
 70
     1
102
RTVSPropertyOp43
 70
     1
102
RTVSPropertyOp44
 70
     1
102
RTVSPropertyOp45
 70
     1
102
RTVSPropertyOp46
 70
     1
102
RTVSPropertyOp47
 70
     1
102
RTVSPropertyOp48
 70
     1
102
RTVSPropertyOp49
 70
     1
102
RTVSPropertyOp50
 70
     1
102
RTVSPropertyOp51
 70
     0
102
RTVSPropertyOp52
 70
     0
102
RTVSPropertyOp53
 70
     1
102
RTVSPropertyOp54
 70
     1
102
RTVSPropertyOp55
 70
     1
102
RTVSPropertyOp56
 70
     1
102
RTVSPropertyOp57
 70
     1
102
RTVSPost2010Prop28
280
     0
102
RTVSPost2010PropOp28
 70
     1
102
RTVSPost2010Prop29
280
     1
102
RTVSPost2010PropOp29
 70
     1
102
RTVSPost2010Prop30
280
     1
102
RTVSPost2010PropOp30
 70
     1
102
RTVSPost2010Prop31
280
     0
102
RTVSPost2010PropOp31
 70
     1
102
RTVSPost2010Prop32
280
     0
102
RTVSPost2010PropOp32
 70
     1
102
RTVSPost2010Prop33
280
     0
102
RTVSPost2010PropOp33
 70
     1
102
RTVSPost2010Prop34
280
     0
102
RTVSPost2010PropOp34
 70
     1
102
RTVSPost2010Prop35
280
     0
102
RTVSPost2010PropOp35
 70
     1
102
RTVSPost2010Prop36
280
     0
102
RTVSPost2010PropOp36
 70
     1
102
RTVSPost2010Prop37
 90
       50
102
RTVSPost2010PropOp37
 70
     1
102
RTVSPost2010Prop38
140
0.0
102
RTVSPost2010PropOp38
 70
     1
102
RTVSPost2010Prop39
140
1.0
102
RTVSPost2010PropOp39
 70
     1
102
RTVSPost2010Prop40
 90
        0
102
RTVSPost2010PropOp40
 70
     1
102
RTVSPost2010Prop41ColorIndex
 90
       18
102
RTVSPost2010Prop41ColorRGB
 90
        0
102
RTVSPost2010PropOp41
 70
     1
102
RTVSPost2010Prop42
 90
       50
102
RTVSPost2010PropOp42
 70
     1
102
RTVSPost2010Prop43
 90
        3
102
RTVSPost2010PropOp43
 70
     1
102
RTVSPost2010Prop44ColorIndex
 90
        5
102
RTVSPost2010Prop44ColorRGB
 90
      255
102
RTVSPost2010PropOp44
 70
     1
102
RTVSPost2010Prop45
280
     0
102
RTVSPost2010PropOp45
 70
     1
102
RTVSPost2010Prop46
 90
       50
102
RTVSPost2010PropOp46
 70
     1
102
RTVSPost2010Prop47
 90
       50
102
RTVSPost2010PropOp47
 70
     1
102
RTVSPost2010Prop48
 90
       50
102
RTVSPost2010PropOp48
 70
     1
102
RTVSPost2010Prop49
280
     0
102
RTVSPost2010PropOp49
 70
     1
102
RTVSPost2010Prop50
 90
       50
102
RTVSPost2010PropOp50
 70
     1
102
RTVSPost2010Prop51ColorIndex
 90
      256
102
RTVSPost2010Prop51ColorRGB
 90
-16777216
102
RTVSPost2010PropOp51
 70
     0
102
RTVSPost2010Prop52
140
1.0
102
RTVSPost2010PropOp52
 70
     0
102
RTVSPost2010Prop53
 90
        2
102
RTVSPost2010PropOp53
 70
     1
102
RTVSPost2010Prop54
  1
strokes_ogs.tif
102
RTVSPost2010PropOp54
 70
     1
102
RTVSPost2010Prop55
280
     0
102
RTVSPost2010PropOp55
 70
     1
102
RTVSPost2010Prop56
140
1.0
102
RTVSPost2010PropOp56
 70
     1
102
RTVSPost2010Prop57
140
1.0
102
RTVSPost2010PropOp57
 70
     1
  0
XRECORD
  5
D1DF
102
{ACAD_REACTORS
330
D1DE
102
}
330
D1DE
100
AcDbXrecord
280
     1
102
RTVSPropertyOp0
 70
     1
102
RTVSPropertyOp1
 70
     1
102
RTVSPropertyOp2
 70
     1
102
RTVSPropertyOp3
 70
     1
102
RTVSPropertyOp4
 70
     1
102
RTVSPropertyOp5
 70
     1
102
RTVSPropertyOp6
 70
     1
102
RTVSPropertyOp7
 70
     1
102
RTVSPropertyOp8
 70
     1
102
RTVSPropertyOp9
 70
     1
102
RTVSPropertyOp10
 70
     1
102
RTVSPropertyOp11
 70
     1
102
RTVSPropertyOp12
 70
     1
102
RTVSPropertyOp13
 70
     1
102
RTVSPropertyOp14
 70
     1
102
RTVSPropertyOp15
 70
     1
102
RTVSPropertyOp16
 70
     1
102
RTVSPropertyOp17
 70
     1
102
RTVSPropertyOp18
 70
     1
102
RTVSPropertyOp19
 70
     1
102
RTVSPropertyOp20
 70
     1
102
RTVSPropertyOp21
 70
     1
102
RTVSPropertyOp22
 70
     1
102
RTVSPropertyOp23
 70
     1
102
RTVSPropertyOp24
 70
     1
102
RTVSPropertyOp25
 70
     1
102
RTVSPropertyOp26
 70
     1
102
RTVSPropertyOp27
 70
     1
102
RTVSPropertyOp28
 70
     1
102
RTVSPropertyOp29
 70
     1
102
RTVSPropertyOp30
 70
     1
102
RTVSPropertyOp31
 70
     1
102
RTVSPropertyOp32
 70
     1
102
RTVSPropertyOp33
 70
     1
102
RTVSPropertyOp34
 70
     1
102
RTVSPropertyOp35
 70
     1
102
RTVSPropertyOp36
 70
     1
102
RTVSPropertyOp37
 70
     1
102
RTVSPropertyOp38
 70
     1
102
RTVSPropertyOp39
 70
     1
102
RTVSPropertyOp40
 70
     1
102
RTVSPropertyOp41
 70
     1
102
RTVSPropertyOp42
 70
     1
102
RTVSPropertyOp43
 70
     1
102
RTVSPropertyOp44
 70
     1
102
RTVSPropertyOp45
 70
     1
102
RTVSPropertyOp46
 70
     1
102
RTVSPropertyOp47
 70
     1
102
RTVSPropertyOp48
 70
     1
102
RTVSPropertyOp49
 70
     1
102
RTVSPropertyOp50
 70
     1
102
RTVSPropertyOp51
 70
     0
102
RTVSPropertyOp52
 70
     0
102
RTVSPropertyOp53
 70
     1
102
RTVSPropertyOp54
 70
     1
102
RTVSPropertyOp55
 70
     1
102
RTVSPropertyOp56
 70
     1
102
RTVSPropertyOp57
 70
     1
102
RTVSPost2010Prop28
280
     0
102
RTVSPost2010PropOp28
 70
     1
102
RTVSPost2010Prop29
280
     1
102
RTVSPost2010PropOp29
 70
     1
102
RTVSPost2010Prop30
280
     1
102
RTVSPost2010PropOp30
 70
     1
102
RTVSPost2010Prop31
280
     0
102
RTVSPost2010PropOp31
 70
     1
102
RTVSPost2010Prop32
280
     0
102
RTVSPost2010PropOp32
 70
     1
102
RTVSPost2010Prop33
280
     0
102
RTVSPost2010PropOp33
 70
     1
102
RTVSPost2010Prop34
280
     0
102
RTVSPost2010PropOp34
 70
     1
102
RTVSPost2010Prop35
280
     0
102
RTVSPost2010PropOp35
 70
     1
102
RTVSPost2010Prop36
280
     0
102
RTVSPost2010PropOp36
 70
     1
102
RTVSPost2010Prop37
 90
       50
102
RTVSPost2010PropOp37
 70
     1
102
RTVSPost2010Prop38
140
0.0
102
RTVSPost2010PropOp38
 70
     1
102
RTVSPost2010Prop39
140
1.0
102
RTVSPost2010PropOp39
 70
     1
102
RTVSPost2010Prop40
 90
        0
102
RTVSPost2010PropOp40
 70
     1
102
RTVSPost2010Prop41ColorIndex
 90
       18
102
RTVSPost2010Prop41ColorRGB
 90
        0
102
RTVSPost2010PropOp41
 70
     1
102
RTVSPost2010Prop42
 90
       50
102
RTVSPost2010PropOp42
 70
     1
102
RTVSPost2010Prop43
 90
        3
102
RTVSPost2010PropOp43
 70
     1
102
RTVSPost2010Prop44ColorIndex
 90
        5
102
RTVSPost2010Prop44ColorRGB
 90
      255
102
RTVSPost2010PropOp44
 70
     1
102
RTVSPost2010Prop45
280
     0
102
RTVSPost2010PropOp45
 70
     1
102
RTVSPost2010Prop46
 90
       50
102
RTVSPost2010PropOp46
 70
     1
102
RTVSPost2010Prop47
 90
       50
102
RTVSPost2010PropOp47
 70
     1
102
RTVSPost2010Prop48
 90
       50
102
RTVSPost2010PropOp48
 70
     1
102
RTVSPost2010Prop49
280
     0
102
RTVSPost2010PropOp49
 70
     1
102
RTVSPost2010Prop50
 90
       50
102
RTVSPost2010PropOp50
 70
     1
102
RTVSPost2010Prop51ColorIndex
 90
      256
102
RTVSPost2010Prop51ColorRGB
 90
-16777216
102
RTVSPost2010PropOp51
 70
     0
102
RTVSPost2010Prop52
140
1.0
102
RTVSPost2010PropOp52
 70
     0
102
RTVSPost2010Prop53
 90
        2
102
RTVSPost2010PropOp53
 70
     1
102
RTVSPost2010Prop54
  1
strokes_ogs.tif
102
RTVSPost2010PropOp54
 70
     1
102
RTVSPost2010Prop55
280
     0
102
RTVSPost2010PropOp55
 70
     1
102
RTVSPost2010Prop56
140
1.0
102
RTVSPost2010PropOp56
 70
     1
102
RTVSPost2010Prop57
140
1.0
102
RTVSPost2010PropOp57
 70
     1
  0
XRECORD
  5
D1E7
102
{ACAD_REACTORS
330
D1E6
102
}
330
D1E6
100
AcDbXrecord
280
     1
102
RTVSPropertyOp0
 70
     0
102
RTVSPropertyOp1
 70
     0
102
RTVSPropertyOp2
 70
     0
102
RTVSPropertyOp3
 70
     0
102
RTVSPropertyOp4
 70
     0
102
RTVSPropertyOp5
 70
     0
102
RTVSPropertyOp6
 70
     0
102
RTVSPropertyOp7
 70
     0
102
RTVSPropertyOp8
 70
     0
102
RTVSPropertyOp9
 70
     0
102
RTVSPropertyOp10
 70
     0
102
RTVSPropertyOp11
 70
     0
102
RTVSPropertyOp12
 70
     0
102
RTVSPropertyOp13
 70
     0
102
RTVSPropertyOp14
 70
     0
102
RTVSPropertyOp15
 70
     0
102
RTVSPropertyOp16
 70
     0
102
RTVSPropertyOp17
 70
     0
102
RTVSPropertyOp18
 70
     0
102
RTVSPropertyOp19
 70
     0
102
RTVSPropertyOp20
 70
     0
102
RTVSPropertyOp21
 70
     0
102
RTVSPropertyOp22
 70
     0
102
RTVSPropertyOp23
 70
     0
102
RTVSPropertyOp24
 70
     0
102
RTVSPropertyOp25
 70
     0
102
RTVSPropertyOp26
 70
     0
102
RTVSPropertyOp27
 70
     0
102
RTVSPropertyOp28
 70
     1
102
RTVSPropertyOp29
 70
     1
102
RTVSPropertyOp30
 70
     1
102
RTVSPropertyOp31
 70
     1
102
RTVSPropertyOp32
 70
     1
102
RTVSPropertyOp33
 70
     1
102
RTVSPropertyOp34
 70
     1
102
RTVSPropertyOp35
 70
     1
102
RTVSPropertyOp36
 70
     1
102
RTVSPropertyOp37
 70
     1
102
RTVSPropertyOp38
 70
     1
102
RTVSPropertyOp39
 70
     1
102
RTVSPropertyOp40
 70
     1
102
RTVSPropertyOp41
 70
     1
102
RTVSPropertyOp42
 70
     1
102
RTVSPropertyOp43
 70
     1
102
RTVSPropertyOp44
 70
     1
102
RTVSPropertyOp45
 70
     1
102
RTVSPropertyOp46
 70
     1
102
RTVSPropertyOp47
 70
     1
102
RTVSPropertyOp48
 70
     1
102
RTVSPropertyOp49
 70
     1
102
RTVSPropertyOp50
 70
     1
102
RTVSPropertyOp51
 70
     0
102
RTVSPropertyOp52
 70
     0
102
RTVSPropertyOp53
 70
     1
102
RTVSPropertyOp54
 70
     1
102
RTVSPropertyOp55
 70
     1
102
RTVSPropertyOp56
 70
     1
102
RTVSPropertyOp57
 70
     1
102
RTVSPost2010Prop28
280
     0
102
RTVSPost2010PropOp28
 70
     1
102
RTVSPost2010Prop29
280
     1
102
RTVSPost2010PropOp29
 70
     1
102
RTVSPost2010Prop30
280
     1
102
RTVSPost2010PropOp30
 70
     1
102
RTVSPost2010Prop31
280
     0
102
RTVSPost2010PropOp31
 70
     1
102
RTVSPost2010Prop32
280
     0
102
RTVSPost2010PropOp32
 70
     1
102
RTVSPost2010Prop33
280
     0
102
RTVSPost2010PropOp33
 70
     1
102
RTVSPost2010Prop34
280
     0
102
RTVSPost2010PropOp34
 70
     1
102
RTVSPost2010Prop35
280
     0
102
RTVSPost2010PropOp35
 70
     1
102
RTVSPost2010Prop36
280
     0
102
RTVSPost2010PropOp36
 70
     1
102
RTVSPost2010Prop37
 90
       50
102
RTVSPost2010PropOp37
 70
     1
102
RTVSPost2010Prop38
140
0.0
102
RTVSPost2010PropOp38
 70
     1
102
RTVSPost2010Prop39
140
1.0
102
RTVSPost2010PropOp39
 70
     1
102
RTVSPost2010Prop40
 90
        0
102
RTVSPost2010PropOp40
 70
     1
102
RTVSPost2010Prop41ColorIndex
 90
       18
102
RTVSPost2010Prop41ColorRGB
 90
        0
102
RTVSPost2010PropOp41
 70
     1
102
RTVSPost2010Prop42
 90
       50
102
RTVSPost2010PropOp42
 70
     1
102
RTVSPost2010Prop43
 90
        3
102
RTVSPost2010PropOp43
 70
     1
102
RTVSPost2010Prop44ColorIndex
 90
        5
102
RTVSPost2010Prop44ColorRGB
 90
      255
102
RTVSPost2010PropOp44
 70
     1
102
RTVSPost2010Prop45
280
     0
102
RTVSPost2010PropOp45
 70
     1
102
RTVSPost2010Prop46
 90
       50
102
RTVSPost2010PropOp46
 70
     1
102
RTVSPost2010Prop47
 90
       50
102
RTVSPost2010PropOp47
 70
     1
102
RTVSPost2010Prop48
 90
       50
102
RTVSPost2010PropOp48
 70
     1
102
RTVSPost2010Prop49
280
     0
102
RTVSPost2010PropOp49
 70
     1
102
RTVSPost2010Prop50
 90
       50
102
RTVSPost2010PropOp50
 70
     1
102
RTVSPost2010Prop51ColorIndex
 90
      256
102
RTVSPost2010Prop51ColorRGB
 90
-16777216
102
RTVSPost2010PropOp51
 70
     0
102
RTVSPost2010Prop52
140
1.0
102
RTVSPost2010PropOp52
 70
     0
102
RTVSPost2010Prop53
 90
        2
102
RTVSPost2010PropOp53
 70
     1
102
RTVSPost2010Prop54
  1
strokes_ogs.tif
102
RTVSPost2010PropOp54
 70
     1
102
RTVSPost2010Prop55
280
     0
102
RTVSPost2010PropOp55
 70
     1
102
RTVSPost2010Prop56
140
1.0
102
RTVSPost2010PropOp56
 70
     1
102
RTVSPost2010Prop57
140
1.0
102
RTVSPost2010PropOp57
 70
     1
  0
XRECORD
  5
D1D5
102
{ACAD_REACTORS
330
D1D4
102
}
330
D1D4
100
AcDbXrecord
280
     1
102
RTVSPropertyOp0
 70
     1
102
RTVSPropertyOp1
 70
     1
102
RTVSPropertyOp2
 70
     1
102
RTVSPropertyOp3
 70
     1
102
RTVSPropertyOp4
 70
     1
102
RTVSPropertyOp5
 70
     1
102
RTVSPropertyOp6
 70
     1
102
RTVSPropertyOp7
 70
     1
102
RTVSPropertyOp8
 70
     1
102
RTVSPropertyOp9
 70
     1
102
RTVSPropertyOp10
 70
     1
102
RTVSPropertyOp11
 70
     1
102
RTVSPropertyOp12
 70
     1
102
RTVSPropertyOp13
 70
     1
102
RTVSPropertyOp14
 70
     1
102
RTVSPropertyOp15
 70
     1
102
RTVSPropertyOp16
 70
     1
102
RTVSPropertyOp17
 70
     1
102
RTVSPropertyOp18
 70
     1
102
RTVSPropertyOp19
 70
     1
102
RTVSPropertyOp20
 70
     1
102
RTVSPropertyOp21
 70
     1
102
RTVSPropertyOp22
 70
     1
102
RTVSPropertyOp23
 70
     1
102
RTVSPropertyOp24
 70
     1
102
RTVSPropertyOp25
 70
     1
102
RTVSPropertyOp26
 70
     1
102
RTVSPropertyOp27
 70
     1
102
RTVSPropertyOp28
 70
     1
102
RTVSPropertyOp29
 70
     1
102
RTVSPropertyOp30
 70
     1
102
RTVSPropertyOp31
 70
     1
102
RTVSPropertyOp32
 70
     1
102
RTVSPropertyOp33
 70
     1
102
RTVSPropertyOp34
 70
     1
102
RTVSPropertyOp35
 70
     1
102
RTVSPropertyOp36
 70
     1
102
RTVSPropertyOp37
 70
     1
102
RTVSPropertyOp38
 70
     1
102
RTVSPropertyOp39
 70
     1
102
RTVSPropertyOp40
 70
     1
102
RTVSPropertyOp41
 70
     1
102
RTVSPropertyOp42
 70
     1
102
RTVSPropertyOp43
 70
     1
102
RTVSPropertyOp44
 70
     1
102
RTVSPropertyOp45
 70
     1
102
RTVSPropertyOp46
 70
     1
102
RTVSPropertyOp47
 70
     1
102
RTVSPropertyOp48
 70
     1
102
RTVSPropertyOp49
 70
     1
102
RTVSPropertyOp50
 70
     1
102
RTVSPropertyOp51
 70
     0
102
RTVSPropertyOp52
 70
     0
102
RTVSPropertyOp53
 70
     1
102
RTVSPropertyOp54
 70
     1
102
RTVSPropertyOp55
 70
     1
102
RTVSPropertyOp56
 70
     1
102
RTVSPropertyOp57
 70
     1
102
RTVSPost2010Prop28
280
     0
102
RTVSPost2010PropOp28
 70
     1
102
RTVSPost2010Prop29
280
     1
102
RTVSPost2010PropOp29
 70
     1
102
RTVSPost2010Prop30
280
     1
102
RTVSPost2010PropOp30
 70
     1
102
RTVSPost2010Prop31
280
     0
102
RTVSPost2010PropOp31
 70
     1
102
RTVSPost2010Prop32
280
     0
102
RTVSPost2010PropOp32
 70
     1
102
RTVSPost2010Prop33
280
     0
102
RTVSPost2010PropOp33
 70
     1
102
RTVSPost2010Prop34
280
     0
102
RTVSPost2010PropOp34
 70
     1
102
RTVSPost2010Prop35
280
     0
102
RTVSPost2010PropOp35
 70
     1
102
RTVSPost2010Prop36
280
     0
102
RTVSPost2010PropOp36
 70
     1
102
RTVSPost2010Prop37
 90
       50
102
RTVSPost2010PropOp37
 70
     1
102
RTVSPost2010Prop38
140
0.0
102
RTVSPost2010PropOp38
 70
     1
102
RTVSPost2010Prop39
140
1.0
102
RTVSPost2010PropOp39
 70
     1
102
RTVSPost2010Prop40
 90
        0
102
RTVSPost2010PropOp40
 70
     1
102
RTVSPost2010Prop41ColorIndex
 90
       18
102
RTVSPost2010Prop41ColorRGB
 90
        0
102
RTVSPost2010PropOp41
 70
     1
102
RTVSPost2010Prop42
 90
       50
102
RTVSPost2010PropOp42
 70
     1
102
RTVSPost2010Prop43
 90
        3
102
RTVSPost2010PropOp43
 70
     1
102
RTVSPost2010Prop44ColorIndex
 90
        5
102
RTVSPost2010Prop44ColorRGB
 90
      255
102
RTVSPost2010PropOp44
 70
     1
102
RTVSPost2010Prop45
280
     0
102
RTVSPost2010PropOp45
 70
     1
102
RTVSPost2010Prop46
 90
       50
102
RTVSPost2010PropOp46
 70
     1
102
RTVSPost2010Prop47
 90
       50
102
RTVSPost2010PropOp47
 70
     1
102
RTVSPost2010Prop48
 90
       50
102
RTVSPost2010PropOp48
 70
     1
102
RTVSPost2010Prop49
280
     0
102
RTVSPost2010PropOp49
 70
     1
102
RTVSPost2010Prop50
 90
       50
102
RTVSPost2010PropOp50
 70
     1
102
RTVSPost2010Prop51ColorIndex
 90
      256
102
RTVSPost2010Prop51ColorRGB
 90
-16777216
102
RTVSPost2010PropOp51
 70
     0
102
RTVSPost2010Prop52
140
1.0
102
RTVSPost2010PropOp52
 70
     0
102
RTVSPost2010Prop53
 90
        2
102
RTVSPost2010PropOp53
 70
     1
102
RTVSPost2010Prop54
  1
strokes_ogs.tif
102
RTVSPost2010PropOp54
 70
     1
102
RTVSPost2010Prop55
280
     0
102
RTVSPost2010PropOp55
 70
     1
102
RTVSPost2010Prop56
140
1.0
102
RTVSPost2010PropOp56
 70
     1
102
RTVSPost2010Prop57
140
1.0
102
RTVSPost2010PropOp57
 70
     1
  0
XRECORD
  5
D1F3
102
{ACAD_REACTORS
330
D1F2
102
}
330
D1F2
100
AcDbXrecord
280
     1
102
RTVSPropertyOp0
 70
     1
102
RTVSPropertyOp1
 70
     1
102
RTVSPropertyOp2
 70
     1
102
RTVSPropertyOp3
 70
     1
102
RTVSPropertyOp4
 70
     1
102
RTVSPropertyOp5
 70
     1
102
RTVSPropertyOp6
 70
     1
102
RTVSPropertyOp7
 70
     1
102
RTVSPropertyOp8
 70
     1
102
RTVSPropertyOp9
 70
     1
102
RTVSPropertyOp10
 70
     1
102
RTVSPropertyOp11
 70
     1
102
RTVSPropertyOp12
 70
     1
102
RTVSPropertyOp13
 70
     1
102
RTVSPropertyOp14
 70
     1
102
RTVSPropertyOp15
 70
     1
102
RTVSPropertyOp16
 70
     1
102
RTVSPropertyOp17
 70
     1
102
RTVSPropertyOp18
 70
     1
102
RTVSPropertyOp19
 70
     1
102
RTVSPropertyOp20
 70
     1
102
RTVSPropertyOp21
 70
     1
102
RTVSPropertyOp22
 70
     1
102
RTVSPropertyOp23
 70
     1
102
RTVSPropertyOp24
 70
     1
102
RTVSPropertyOp25
 70
     1
102
RTVSPropertyOp26
 70
     1
102
RTVSPropertyOp27
 70
     1
102
RTVSPropertyOp28
 70
     1
102
RTVSPropertyOp29
 70
     1
102
RTVSPropertyOp30
 70
     1
102
RTVSPropertyOp31
 70
     1
102
RTVSPropertyOp32
 70
     1
102
RTVSPropertyOp33
 70
     1
102
RTVSPropertyOp34
 70
     1
102
RTVSPropertyOp35
 70
     1
102
RTVSPropertyOp36
 70
     1
102
RTVSPropertyOp37
 70
     1
102
RTVSPropertyOp38
 70
     1
102
RTVSPropertyOp39
 70
     1
102
RTVSPropertyOp40
 70
     1
102
RTVSPropertyOp41
 70
     1
102
RTVSPropertyOp42
 70
     1
102
RTVSPropertyOp43
 70
     1
102
RTVSPropertyOp44
 70
     1
102
RTVSPropertyOp45
 70
     1
102
RTVSPropertyOp46
 70
     1
102
RTVSPropertyOp47
 70
     1
102
RTVSPropertyOp48
 70
     1
102
RTVSPropertyOp49
 70
     1
102
RTVSPropertyOp50
 70
     1
102
RTVSPropertyOp51
 70
     0
102
RTVSPropertyOp52
 70
     0
102
RTVSPropertyOp53
 70
     1
102
RTVSPropertyOp54
 70
     1
102
RTVSPropertyOp55
 70
     1
102
RTVSPropertyOp56
 70
     1
102
RTVSPropertyOp57
 70
     1
102
RTVSPost2010Prop28
280
     0
102
RTVSPost2010PropOp28
 70
     1
102
RTVSPost2010Prop29
280
     1
102
RTVSPost2010PropOp29
 70
     1
102
RTVSPost2010Prop30
280
     1
102
RTVSPost2010PropOp30
 70
     1
102
RTVSPost2010Prop31
280
     0
102
RTVSPost2010PropOp31
 70
     1
102
RTVSPost2010Prop32
280
     0
102
RTVSPost2010PropOp32
 70
     1
102
RTVSPost2010Prop33
280
     0
102
RTVSPost2010PropOp33
 70
     1
102
RTVSPost2010Prop34
280
     0
102
RTVSPost2010PropOp34
 70
     1
102
RTVSPost2010Prop35
280
     0
102
RTVSPost2010PropOp35
 70
     1
102
RTVSPost2010Prop36
280
     0
102
RTVSPost2010PropOp36
 70
     1
102
RTVSPost2010Prop37
 90
       50
102
RTVSPost2010PropOp37
 70
     1
102
RTVSPost2010Prop38
140
0.0
102
RTVSPost2010PropOp38
 70
     1
102
RTVSPost2010Prop39
140
1.0
102
RTVSPost2010PropOp39
 70
     1
102
RTVSPost2010Prop40
 90
        0
102
RTVSPost2010PropOp40
 70
     1
102
RTVSPost2010Prop41ColorIndex
 90
       18
102
RTVSPost2010Prop41ColorRGB
 90
        0
102
RTVSPost2010PropOp41
 70
     1
102
RTVSPost2010Prop42
 90
       50
102
RTVSPost2010PropOp42
 70
     1
102
RTVSPost2010Prop43
 90
        3
102
RTVSPost2010PropOp43
 70
     1
102
RTVSPost2010Prop44ColorIndex
 90
        5
102
RTVSPost2010Prop44ColorRGB
 90
      255
102
RTVSPost2010PropOp44
 70
     1
102
RTVSPost2010Prop45
280
     0
102
RTVSPost2010PropOp45
 70
     1
102
RTVSPost2010Prop46
 90
       50
102
RTVSPost2010PropOp46
 70
     1
102
RTVSPost2010Prop47
 90
       50
102
RTVSPost2010PropOp47
 70
     1
102
RTVSPost2010Prop48
 90
       50
102
RTVSPost2010PropOp48
 70
     1
102
RTVSPost2010Prop49
280
     0
102
RTVSPost2010PropOp49
 70
     1
102
RTVSPost2010Prop50
 90
       50
102
RTVSPost2010PropOp50
 70
     1
102
RTVSPost2010Prop51ColorIndex
 90
      256
102
RTVSPost2010Prop51ColorRGB
 90
-16777216
102
RTVSPost2010PropOp51
 70
     0
102
RTVSPost2010Prop52
140
1.0
102
RTVSPost2010PropOp52
 70
     0
102
RTVSPost2010Prop53
 90
        2
102
RTVSPost2010PropOp53
 70
     1
102
RTVSPost2010Prop54
  1
strokes_ogs.tif
102
RTVSPost2010PropOp54
 70
     1
102
RTVSPost2010Prop55
280
     0
102
RTVSPost2010PropOp55
 70
     1
102
RTVSPost2010Prop56
140
1.0
102
RTVSPost2010PropOp56
 70
     1
102
RTVSPost2010Prop57
140
1.0
102
RTVSPost2010PropOp57
 70
     1
  0
XRECORD
  5
D1F1
102
{ACAD_REACTORS
330
D1F0
102
}
330
D1F0
100
AcDbXrecord
280
     1
102
RTVSPropertyOp0
 70
     1
102
RTVSPropertyOp1
 70
     1
102
RTVSPropertyOp2
 70
     1
102
RTVSPropertyOp3
 70
     1
102
RTVSPropertyOp4
 70
     1
102
RTVSPropertyOp5
 70
     1
102
RTVSPropertyOp6
 70
     1
102
RTVSPropertyOp7
 70
     1
102
RTVSPropertyOp8
 70
     1
102
RTVSPropertyOp9
 70
     1
102
RTVSPropertyOp10
 70
     1
102
RTVSPropertyOp11
 70
     1
102
RTVSPropertyOp12
 70
     1
102
RTVSPropertyOp13
 70
     1
102
RTVSPropertyOp14
 70
     1
102
RTVSPropertyOp15
 70
     1
102
RTVSPropertyOp16
 70
     1
102
RTVSPropertyOp17
 70
     1
102
RTVSPropertyOp18
 70
     1
102
RTVSPropertyOp19
 70
     1
102
RTVSPropertyOp20
 70
     1
102
RTVSPropertyOp21
 70
     1
102
RTVSPropertyOp22
 70
     1
102
RTVSPropertyOp23
 70
     1
102
RTVSPropertyOp24
 70
     1
102
RTVSPropertyOp25
 70
     1
102
RTVSPropertyOp26
 70
     1
102
RTVSPropertyOp27
 70
     1
102
RTVSPropertyOp28
 70
     1
102
RTVSPropertyOp29
 70
     1
102
RTVSPropertyOp30
 70
     1
102
RTVSPropertyOp31
 70
     1
102
RTVSPropertyOp32
 70
     1
102
RTVSPropertyOp33
 70
     1
102
RTVSPropertyOp34
 70
     1
102
RTVSPropertyOp35
 70
     1
102
RTVSPropertyOp36
 70
     1
102
RTVSPropertyOp37
 70
     1
102
RTVSPropertyOp38
 70
     1
102
RTVSPropertyOp39
 70
     1
102
RTVSPropertyOp40
 70
     1
102
RTVSPropertyOp41
 70
     1
102
RTVSPropertyOp42
 70
     1
102
RTVSPropertyOp43
 70
     1
102
RTVSPropertyOp44
 70
     1
102
RTVSPropertyOp45
 70
     1
102
RTVSPropertyOp46
 70
     1
102
RTVSPropertyOp47
 70
     1
102
RTVSPropertyOp48
 70
     1
102
RTVSPropertyOp49
 70
     1
102
RTVSPropertyOp50
 70
     1
102
RTVSPropertyOp51
 70
     0
102
RTVSPropertyOp52
 70
     0
102
RTVSPropertyOp53
 70
     1
102
RTVSPropertyOp54
 70
     1
102
RTVSPropertyOp55
 70
     1
102
RTVSPropertyOp56
 70
     1
102
RTVSPropertyOp57
 70
     1
102
RTVSPost2010Prop28
280
     0
102
RTVSPost2010PropOp28
 70
     1
102
RTVSPost2010Prop29
280
     1
102
RTVSPost2010PropOp29
 70
     1
102
RTVSPost2010Prop30
280
     1
102
RTVSPost2010PropOp30
 70
     1
102
RTVSPost2010Prop31
280
     0
102
RTVSPost2010PropOp31
 70
     1
102
RTVSPost2010Prop32
280
     0
102
RTVSPost2010PropOp32
 70
     1
102
RTVSPost2010Prop33
280
     0
102
RTVSPost2010PropOp33
 70
     1
102
RTVSPost2010Prop34
280
     0
102
RTVSPost2010PropOp34
 70
     1
102
RTVSPost2010Prop35
280
     0
102
RTVSPost2010PropOp35
 70
     1
102
RTVSPost2010Prop36
280
     0
102
RTVSPost2010PropOp36
 70
     1
102
RTVSPost2010Prop37
 90
       50
102
RTVSPost2010PropOp37
 70
     1
102
RTVSPost2010Prop38
140
0.0
102
RTVSPost2010PropOp38
 70
     1
102
RTVSPost2010Prop39
140
1.0
102
RTVSPost2010PropOp39
 70
     1
102
RTVSPost2010Prop40
 90
        0
102
RTVSPost2010PropOp40
 70
     1
102
RTVSPost2010Prop41ColorIndex
 90
       18
102
RTVSPost2010Prop41ColorRGB
 90
        0
102
RTVSPost2010PropOp41
 70
     1
102
RTVSPost2010Prop42
 90
       50
102
RTVSPost2010PropOp42
 70
     1
102
RTVSPost2010Prop43
 90
        3
102
RTVSPost2010PropOp43
 70
     1
102
RTVSPost2010Prop44ColorIndex
 90
        5
102
RTVSPost2010Prop44ColorRGB
 90
      255
102
RTVSPost2010PropOp44
 70
     1
102
RTVSPost2010Prop45
280
     0
102
RTVSPost2010PropOp45
 70
     1
102
RTVSPost2010Prop46
 90
       50
102
RTVSPost2010PropOp46
 70
     1
102
RTVSPost2010Prop47
 90
       50
102
RTVSPost2010PropOp47
 70
     1
102
RTVSPost2010Prop48
 90
       50
102
RTVSPost2010PropOp48
 70
     1
102
RTVSPost2010Prop49
280
     0
102
RTVSPost2010PropOp49
 70
     1
102
RTVSPost2010Prop50
 90
       50
102
RTVSPost2010PropOp50
 70
     1
102
RTVSPost2010Prop51ColorIndex
 90
      256
102
RTVSPost2010Prop51ColorRGB
 90
-16777216
102
RTVSPost2010PropOp51
 70
     0
102
RTVSPost2010Prop52
140
1.0
102
RTVSPost2010PropOp52
 70
     0
102
RTVSPost2010Prop53
 90
        2
102
RTVSPost2010PropOp53
 70
     1
102
RTVSPost2010Prop54
  1
strokes_ogs.tif
102
RTVSPost2010PropOp54
 70
     1
102
RTVSPost2010Prop55
280
     0
102
RTVSPost2010PropOp55
 70
     1
102
RTVSPost2010Prop56
140
1.0
102
RTVSPost2010PropOp56
 70
     1
102
RTVSPost2010Prop57
140
1.0
102
RTVSPost2010PropOp57
 70
     1
  0
XRECORD
  5
D1EB
102
{ACAD_REACTORS
330
D1EA
102
}
330
D1EA
100
AcDbXrecord
280
     1
102
RTVSPropertyOp0
 70
     1
102
RTVSPropertyOp1
 70
     1
102
RTVSPropertyOp2
 70
     1
102
RTVSPropertyOp3
 70
     1
102
RTVSPropertyOp4
 70
     1
102
RTVSPropertyOp5
 70
     1
102
RTVSPropertyOp6
 70
     1
102
RTVSPropertyOp7
 70
     1
102
RTVSPropertyOp8
 70
     1
102
RTVSPropertyOp9
 70
     1
102
RTVSPropertyOp10
 70
     1
102
RTVSPropertyOp11
 70
     1
102
RTVSPropertyOp12
 70
     1
102
RTVSPropertyOp13
 70
     1
102
RTVSPropertyOp14
 70
     1
102
RTVSPropertyOp15
 70
     1
102
RTVSPropertyOp16
 70
     1
102
RTVSPropertyOp17
 70
     1
102
RTVSPropertyOp18
 70
     1
102
RTVSPropertyOp19
 70
     1
102
RTVSPropertyOp20
 70
     1
102
RTVSPropertyOp21
 70
     1
102
RTVSPropertyOp22
 70
     1
102
RTVSPropertyOp23
 70
     1
102
RTVSPropertyOp24
 70
     1
102
RTVSPropertyOp25
 70
     1
102
RTVSPropertyOp26
 70
     1
102
RTVSPropertyOp27
 70
     1
102
RTVSPropertyOp28
 70
     1
102
RTVSPropertyOp29
 70
     1
102
RTVSPropertyOp30
 70
     1
102
RTVSPropertyOp31
 70
     1
102
RTVSPropertyOp32
 70
     1
102
RTVSPropertyOp33
 70
     1
102
RTVSPropertyOp34
 70
     1
102
RTVSPropertyOp35
 70
     1
102
RTVSPropertyOp36
 70
     1
102
RTVSPropertyOp37
 70
     1
102
RTVSPropertyOp38
 70
     1
102
RTVSPropertyOp39
 70
     1
102
RTVSPropertyOp40
 70
     1
102
RTVSPropertyOp41
 70
     1
102
RTVSPropertyOp42
 70
     1
102
RTVSPropertyOp43
 70
     1
102
RTVSPropertyOp44
 70
     1
102
RTVSPropertyOp45
 70
     1
102
RTVSPropertyOp46
 70
     1
102
RTVSPropertyOp47
 70
     1
102
RTVSPropertyOp48
 70
     1
102
RTVSPropertyOp49
 70
     1
102
RTVSPropertyOp50
 70
     1
102
RTVSPropertyOp51
 70
     0
102
RTVSPropertyOp52
 70
     0
102
RTVSPropertyOp53
 70
     1
102
RTVSPropertyOp54
 70
     1
102
RTVSPropertyOp55
 70
     1
102
RTVSPropertyOp56
 70
     1
102
RTVSPropertyOp57
 70
     1
102
RTVSPost2010Prop28
280
     0
102
RTVSPost2010PropOp28
 70
     1
102
RTVSPost2010Prop29
280
     1
102
RTVSPost2010PropOp29
 70
     1
102
RTVSPost2010Prop30
280
     1
102
RTVSPost2010PropOp30
 70
     1
102
RTVSPost2010Prop31
280
     0
102
RTVSPost2010PropOp31
 70
     1
102
RTVSPost2010Prop32
280
     0
102
RTVSPost2010PropOp32
 70
     1
102
RTVSPost2010Prop33
280
     0
102
RTVSPost2010PropOp33
 70
     1
102
RTVSPost2010Prop34
280
     0
102
RTVSPost2010PropOp34
 70
     1
102
RTVSPost2010Prop35
280
     0
102
RTVSPost2010PropOp35
 70
     1
102
RTVSPost2010Prop36
280
     0
102
RTVSPost2010PropOp36
 70
     1
102
RTVSPost2010Prop37
 90
       50
102
RTVSPost2010PropOp37
 70
     1
102
RTVSPost2010Prop38
140
0.0
102
RTVSPost2010PropOp38
 70
     1
102
RTVSPost2010Prop39
140
1.0
102
RTVSPost2010PropOp39
 70
     1
102
RTVSPost2010Prop40
 90
        0
102
RTVSPost2010PropOp40
 70
     1
102
RTVSPost2010Prop41ColorIndex
 90
       18
102
RTVSPost2010Prop41ColorRGB
 90
        0
102
RTVSPost2010PropOp41
 70
     1
102
RTVSPost2010Prop42
 90
       50
102
RTVSPost2010PropOp42
 70
     1
102
RTVSPost2010Prop43
 90
        3
102
RTVSPost2010PropOp43
 70
     1
102
RTVSPost2010Prop44ColorIndex
 90
        5
102
RTVSPost2010Prop44ColorRGB
 90
      255
102
RTVSPost2010PropOp44
 70
     1
102
RTVSPost2010Prop45
280
     0
102
RTVSPost2010PropOp45
 70
     1
102
RTVSPost2010Prop46
 90
       50
102
RTVSPost2010PropOp46
 70
     1
102
RTVSPost2010Prop47
 90
       50
102
RTVSPost2010PropOp47
 70
     1
102
RTVSPost2010Prop48
 90
       50
102
RTVSPost2010PropOp48
 70
     1
102
RTVSPost2010Prop49
280
     0
102
RTVSPost2010PropOp49
 70
     1
102
RTVSPost2010Prop50
 90
       50
102
RTVSPost2010PropOp50
 70
     1
102
RTVSPost2010Prop51ColorIndex
 90
      256
102
RTVSPost2010Prop51ColorRGB
 90
-16777216
102
RTVSPost2010PropOp51
 70
     0
102
RTVSPost2010Prop52
140
1.0
102
RTVSPost2010PropOp52
 70
     0
102
RTVSPost2010Prop53
 90
        2
102
RTVSPost2010PropOp53
 70
     1
102
RTVSPost2010Prop54
  1
strokes_ogs.tif
102
RTVSPost2010PropOp54
 70
     1
102
RTVSPost2010Prop55
280
     0
102
RTVSPost2010PropOp55
 70
     1
102
RTVSPost2010Prop56
140
1.0
102
RTVSPost2010PropOp56
 70
     1
102
RTVSPost2010Prop57
140
1.0
102
RTVSPost2010PropOp57
 70
     1
  0
XRECORD
  5
D1ED
102
{ACAD_REACTORS
330
D1EC
102
}
330
D1EC
100
AcDbXrecord
280
     1
102
RTVSPropertyOp0
 70
     1
102
RTVSPropertyOp1
 70
     1
102
RTVSPropertyOp2
 70
     1
102
RTVSPropertyOp3
 70
     1
102
RTVSPropertyOp4
 70
     1
102
RTVSPropertyOp5
 70
     1
102
RTVSPropertyOp6
 70
     1
102
RTVSPropertyOp7
 70
     1
102
RTVSPropertyOp8
 70
     1
102
RTVSPropertyOp9
 70
     1
102
RTVSPropertyOp10
 70
     1
102
RTVSPropertyOp11
 70
     1
102
RTVSPropertyOp12
 70
     1
102
RTVSPropertyOp13
 70
     1
102
RTVSPropertyOp14
 70
     1
102
RTVSPropertyOp15
 70
     1
102
RTVSPropertyOp16
 70
     1
102
RTVSPropertyOp17
 70
     1
102
RTVSPropertyOp18
 70
     1
102
RTVSPropertyOp19
 70
     1
102
RTVSPropertyOp20
 70
     1
102
RTVSPropertyOp21
 70
     1
102
RTVSPropertyOp22
 70
     1
102
RTVSPropertyOp23
 70
     1
102
RTVSPropertyOp24
 70
     1
102
RTVSPropertyOp25
 70
     1
102
RTVSPropertyOp26
 70
     1
102
RTVSPropertyOp27
 70
     1
102
RTVSPropertyOp28
 70
     1
102
RTVSPropertyOp29
 70
     1
102
RTVSPropertyOp30
 70
     1
102
RTVSPropertyOp31
 70
     1
102
RTVSPropertyOp32
 70
     1
102
RTVSPropertyOp33
 70
     1
102
RTVSPropertyOp34
 70
     1
102
RTVSPropertyOp35
 70
     1
102
RTVSPropertyOp36
 70
     1
102
RTVSPropertyOp37
 70
     1
102
RTVSPropertyOp38
 70
     1
102
RTVSPropertyOp39
 70
     1
102
RTVSPropertyOp40
 70
     1
102
RTVSPropertyOp41
 70
     1
102
RTVSPropertyOp42
 70
     1
102
RTVSPropertyOp43
 70
     1
102
RTVSPropertyOp44
 70
     1
102
RTVSPropertyOp45
 70
     1
102
RTVSPropertyOp46
 70
     1
102
RTVSPropertyOp47
 70
     1
102
RTVSPropertyOp48
 70
     1
102
RTVSPropertyOp49
 70
     1
102
RTVSPropertyOp50
 70
     1
102
RTVSPropertyOp51
 70
     0
102
RTVSPropertyOp52
 70
     0
102
RTVSPropertyOp53
 70
     1
102
RTVSPropertyOp54
 70
     1
102
RTVSPropertyOp55
 70
     1
102
RTVSPropertyOp56
 70
     1
102
RTVSPropertyOp57
 70
     1
102
RTVSPost2010Prop28
280
     0
102
RTVSPost2010PropOp28
 70
     1
102
RTVSPost2010Prop29
280
     1
102
RTVSPost2010PropOp29
 70
     1
102
RTVSPost2010Prop30
280
     1
102
RTVSPost2010PropOp30
 70
     1
102
RTVSPost2010Prop31
280
     0
102
RTVSPost2010PropOp31
 70
     1
102
RTVSPost2010Prop32
280
     0
102
RTVSPost2010PropOp32
 70
     1
102
RTVSPost2010Prop33
280
     0
102
RTVSPost2010PropOp33
 70
     1
102
RTVSPost2010Prop34
280
     0
102
RTVSPost2010PropOp34
 70
     1
102
RTVSPost2010Prop35
280
     0
102
RTVSPost2010PropOp35
 70
     1
102
RTVSPost2010Prop36
280
     0
102
RTVSPost2010PropOp36
 70
     1
102
RTVSPost2010Prop37
 90
       50
102
RTVSPost2010PropOp37
 70
     1
102
RTVSPost2010Prop38
140
0.0
102
RTVSPost2010PropOp38
 70
     1
102
RTVSPost2010Prop39
140
1.0
102
RTVSPost2010PropOp39
 70
     1
102
RTVSPost2010Prop40
 90
        0
102
RTVSPost2010PropOp40
 70
     1
102
RTVSPost2010Prop41ColorIndex
 90
       18
102
RTVSPost2010Prop41ColorRGB
 90
        0
102
RTVSPost2010PropOp41
 70
     1
102
RTVSPost2010Prop42
 90
       50
102
RTVSPost2010PropOp42
 70
     1
102
RTVSPost2010Prop43
 90
        3
102
RTVSPost2010PropOp43
 70
     1
102
RTVSPost2010Prop44ColorIndex
 90
        5
102
RTVSPost2010Prop44ColorRGB
 90
      255
102
RTVSPost2010PropOp44
 70
     1
102
RTVSPost2010Prop45
280
     0
102
RTVSPost2010PropOp45
 70
     1
102
RTVSPost2010Prop46
 90
       50
102
RTVSPost2010PropOp46
 70
     1
102
RTVSPost2010Prop47
 90
       50
102
RTVSPost2010PropOp47
 70
     1
102
RTVSPost2010Prop48
 90
       50
102
RTVSPost2010PropOp48
 70
     1
102
RTVSPost2010Prop49
280
     0
102
RTVSPost2010PropOp49
 70
     1
102
RTVSPost2010Prop50
 90
       50
102
RTVSPost2010PropOp50
 70
     1
102
RTVSPost2010Prop51ColorIndex
 90
      256
102
RTVSPost2010Prop51ColorRGB
 90
-16777216
102
RTVSPost2010PropOp51
 70
     0
102
RTVSPost2010Prop52
140
1.0
102
RTVSPost2010PropOp52
 70
     0
102
RTVSPost2010Prop53
 90
        2
102
RTVSPost2010PropOp53
 70
     1
102
RTVSPost2010Prop54
  1
strokes_ogs.tif
102
RTVSPost2010PropOp54
 70
     1
102
RTVSPost2010Prop55
280
     0
102
RTVSPost2010PropOp55
 70
     1
102
RTVSPost2010Prop56
140
1.0
102
RTVSPost2010PropOp56
 70
     1
102
RTVSPost2010Prop57
140
1.0
102
RTVSPost2010PropOp57
 70
     1
  0
XRECORD
  5
D1DD
102
{ACAD_REACTORS
330
D1DC
102
}
330
D1DC
100
AcDbXrecord
280
     1
102
RTVSPropertyOp0
 70
     1
102
RTVSPropertyOp1
 70
     1
102
RTVSPropertyOp2
 70
     1
102
RTVSPropertyOp3
 70
     1
102
RTVSPropertyOp4
 70
     1
102
RTVSPropertyOp5
 70
     1
102
RTVSPropertyOp6
 70
     1
102
RTVSPropertyOp7
 70
     1
102
RTVSPropertyOp8
 70
     1
102
RTVSPropertyOp9
 70
     1
102
RTVSPropertyOp10
 70
     1
102
RTVSPropertyOp11
 70
     1
102
RTVSPropertyOp12
 70
     1
102
RTVSPropertyOp13
 70
     1
102
RTVSPropertyOp14
 70
     1
102
RTVSPropertyOp15
 70
     1
102
RTVSPropertyOp16
 70
     1
102
RTVSPropertyOp17
 70
     1
102
RTVSPropertyOp18
 70
     1
102
RTVSPropertyOp19
 70
     1
102
RTVSPropertyOp20
 70
     1
102
RTVSPropertyOp21
 70
     1
102
RTVSPropertyOp22
 70
     1
102
RTVSPropertyOp23
 70
     1
102
RTVSPropertyOp24
 70
     1
102
RTVSPropertyOp25
 70
     1
102
RTVSPropertyOp26
 70
     1
102
RTVSPropertyOp27
 70
     1
102
RTVSPropertyOp28
 70
     1
102
RTVSPropertyOp29
 70
     1
102
RTVSPropertyOp30
 70
     1
102
RTVSPropertyOp31
 70
     1
102
RTVSPropertyOp32
 70
     1
102
RTVSPropertyOp33
 70
     1
102
RTVSPropertyOp34
 70
     1
102
RTVSPropertyOp35
 70
     1
102
RTVSPropertyOp36
 70
     1
102
RTVSPropertyOp37
 70
     1
102
RTVSPropertyOp38
 70
     1
102
RTVSPropertyOp39
 70
     1
102
RTVSPropertyOp40
 70
     1
102
RTVSPropertyOp41
 70
     1
102
RTVSPropertyOp42
 70
     1
102
RTVSPropertyOp43
 70
     1
102
RTVSPropertyOp44
 70
     1
102
RTVSPropertyOp45
 70
     1
102
RTVSPropertyOp46
 70
     1
102
RTVSPropertyOp47
 70
     1
102
RTVSPropertyOp48
 70
     1
102
RTVSPropertyOp49
 70
     1
102
RTVSPropertyOp50
 70
     1
102
RTVSPropertyOp51
 70
     0
102
RTVSPropertyOp52
 70
     0
102
RTVSPropertyOp53
 70
     1
102
RTVSPropertyOp54
 70
     1
102
RTVSPropertyOp55
 70
     1
102
RTVSPropertyOp56
 70
     1
102
RTVSPropertyOp57
 70
     1
102
RTVSPost2010Prop28
280
     0
102
RTVSPost2010PropOp28
 70
     1
102
RTVSPost2010Prop29
280
     1
102
RTVSPost2010PropOp29
 70
     1
102
RTVSPost2010Prop30
280
     1
102
RTVSPost2010PropOp30
 70
     1
102
RTVSPost2010Prop31
280
     0
102
RTVSPost2010PropOp31
 70
     1
102
RTVSPost2010Prop32
280
     0
102
RTVSPost2010PropOp32
 70
     1
102
RTVSPost2010Prop33
280
     0
102
RTVSPost2010PropOp33
 70
     1
102
RTVSPost2010Prop34
280
     0
102
RTVSPost2010PropOp34
 70
     1
102
RTVSPost2010Prop35
280
     0
102
RTVSPost2010PropOp35
 70
     1
102
RTVSPost2010Prop36
280
     0
102
RTVSPost2010PropOp36
 70
     1
102
RTVSPost2010Prop37
 90
       50
102
RTVSPost2010PropOp37
 70
     1
102
RTVSPost2010Prop38
140
0.0
102
RTVSPost2010PropOp38
 70
     1
102
RTVSPost2010Prop39
140
1.0
102
RTVSPost2010PropOp39
 70
     1
102
RTVSPost2010Prop40
 90
        0
102
RTVSPost2010PropOp40
 70
     1
102
RTVSPost2010Prop41ColorIndex
 90
       18
102
RTVSPost2010Prop41ColorRGB
 90
        0
102
RTVSPost2010PropOp41
 70
     1
102
RTVSPost2010Prop42
 90
       50
102
RTVSPost2010PropOp42
 70
     1
102
RTVSPost2010Prop43
 90
        3
102
RTVSPost2010PropOp43
 70
     1
102
RTVSPost2010Prop44ColorIndex
 90
        5
102
RTVSPost2010Prop44ColorRGB
 90
      255
102
RTVSPost2010PropOp44
 70
     1
102
RTVSPost2010Prop45
280
     0
102
RTVSPost2010PropOp45
 70
     1
102
RTVSPost2010Prop46
 90
       50
102
RTVSPost2010PropOp46
 70
     1
102
RTVSPost2010Prop47
 90
       50
102
RTVSPost2010PropOp47
 70
     1
102
RTVSPost2010Prop48
 90
       50
102
RTVSPost2010PropOp48
 70
     1
102
RTVSPost2010Prop49
280
     0
102
RTVSPost2010PropOp49
 70
     1
102
RTVSPost2010Prop50
 90
       50
102
RTVSPost2010PropOp50
 70
     1
102
RTVSPost2010Prop51ColorIndex
 90
      256
102
RTVSPost2010Prop51ColorRGB
 90
-16777216
102
RTVSPost2010PropOp51
 70
     0
102
RTVSPost2010Prop52
140
1.0
102
RTVSPost2010PropOp52
 70
     0
102
RTVSPost2010Prop53
 90
        2
102
RTVSPost2010PropOp53
 70
     1
102
RTVSPost2010Prop54
  1
strokes_ogs.tif
102
RTVSPost2010PropOp54
 70
     1
102
RTVSPost2010Prop55
280
     0
102
RTVSPost2010PropOp55
 70
     1
102
RTVSPost2010Prop56
140
1.0
102
RTVSPost2010PropOp56
 70
     1
102
RTVSPost2010Prop57
140
1.0
102
RTVSPost2010PropOp57
 70
     1
  0
XRECORD
  5
D1CF
102
{ACAD_REACTORS
330
D1CE
102
}
330
D1CE
100
AcDbXrecord
280
     1
102
RTVSPropertyOp0
 70
     1
102
RTVSPropertyOp1
 70
     1
102
RTVSPropertyOp2
 70
     1
102
RTVSPropertyOp3
 70
     1
102
RTVSPropertyOp4
 70
     1
102
RTVSPropertyOp5
 70
     1
102
RTVSPropertyOp6
 70
     1
102
RTVSPropertyOp7
 70
     1
102
RTVSPropertyOp8
 70
     1
102
RTVSPropertyOp9
 70
     1
102
RTVSPropertyOp10
 70
     1
102
RTVSPropertyOp11
 70
     1
102
RTVSPropertyOp12
 70
     1
102
RTVSPropertyOp13
 70
     1
102
RTVSPropertyOp14
 70
     1
102
RTVSPropertyOp15
 70
     1
102
RTVSPropertyOp16
 70
     1
102
RTVSPropertyOp17
 70
     1
102
RTVSPropertyOp18
 70
     1
102
RTVSPropertyOp19
 70
     1
102
RTVSPropertyOp20
 70
     1
102
RTVSPropertyOp21
 70
     1
102
RTVSPropertyOp22
 70
     1
102
RTVSPropertyOp23
 70
     1
102
RTVSPropertyOp24
 70
     1
102
RTVSPropertyOp25
 70
     1
102
RTVSPropertyOp26
 70
     1
102
RTVSPropertyOp27
 70
     1
102
RTVSPropertyOp28
 70
     1
102
RTVSPropertyOp29
 70
     1
102
RTVSPropertyOp30
 70
     1
102
RTVSPropertyOp31
 70
     1
102
RTVSPropertyOp32
 70
     1
102
RTVSPropertyOp33
 70
     1
102
RTVSPropertyOp34
 70
     1
102
RTVSPropertyOp35
 70
     1
102
RTVSPropertyOp36
 70
     1
102
RTVSPropertyOp37
 70
     1
102
RTVSPropertyOp38
 70
     1
102
RTVSPropertyOp39
 70
     1
102
RTVSPropertyOp40
 70
     1
102
RTVSPropertyOp41
 70
     1
102
RTVSPropertyOp42
 70
     1
102
RTVSPropertyOp43
 70
     1
102
RTVSPropertyOp44
 70
     1
102
RTVSPropertyOp45
 70
     1
102
RTVSPropertyOp46
 70
     1
102
RTVSPropertyOp47
 70
     1
102
RTVSPropertyOp48
 70
     1
102
RTVSPropertyOp49
 70
     1
102
RTVSPropertyOp50
 70
     1
102
RTVSPropertyOp51
 70
     0
102
RTVSPropertyOp52
 70
     0
102
RTVSPropertyOp53
 70
     1
102
RTVSPropertyOp54
 70
     1
102
RTVSPropertyOp55
 70
     1
102
RTVSPropertyOp56
 70
     1
102
RTVSPropertyOp57
 70
     1
102
RTVSPost2010Prop28
280
     0
102
RTVSPost2010PropOp28
 70
     1
102
RTVSPost2010Prop29
280
     1
102
RTVSPost2010PropOp29
 70
     1
102
RTVSPost2010Prop30
280
     1
102
RTVSPost2010PropOp30
 70
     1
102
RTVSPost2010Prop31
280
     0
102
RTVSPost2010PropOp31
 70
     1
102
RTVSPost2010Prop32
280
     0
102
RTVSPost2010PropOp32
 70
     1
102
RTVSPost2010Prop33
280
     0
102
RTVSPost2010PropOp33
 70
     1
102
RTVSPost2010Prop34
280
     0
102
RTVSPost2010PropOp34
 70
     1
102
RTVSPost2010Prop35
280
     0
102
RTVSPost2010PropOp35
 70
     1
102
RTVSPost2010Prop36
280
     0
102
RTVSPost2010PropOp36
 70
     1
102
RTVSPost2010Prop37
 90
       50
102
RTVSPost2010PropOp37
 70
     1
102
RTVSPost2010Prop38
140
0.0
102
RTVSPost2010PropOp38
 70
     1
102
RTVSPost2010Prop39
140
1.0
102
RTVSPost2010PropOp39
 70
     1
102
RTVSPost2010Prop40
 90
        0
102
RTVSPost2010PropOp40
 70
     1
102
RTVSPost2010Prop41ColorIndex
 90
       18
102
RTVSPost2010Prop41ColorRGB
 90
        0
102
RTVSPost2010PropOp41
 70
     1
102
RTVSPost2010Prop42
 90
       50
102
RTVSPost2010PropOp42
 70
     1
102
RTVSPost2010Prop43
 90
        3
102
RTVSPost2010PropOp43
 70
     1
102
RTVSPost2010Prop44ColorIndex
 90
        5
102
RTVSPost2010Prop44ColorRGB
 90
      255
102
RTVSPost2010PropOp44
 70
     1
102
RTVSPost2010Prop45
280
     0
102
RTVSPost2010PropOp45
 70
     1
102
RTVSPost2010Prop46
 90
       50
102
RTVSPost2010PropOp46
 70
     1
102
RTVSPost2010Prop47
 90
       50
102
RTVSPost2010PropOp47
 70
     1
102
RTVSPost2010Prop48
 90
       50
102
RTVSPost2010PropOp48
 70
     1
102
RTVSPost2010Prop49
280
     0
102
RTVSPost2010PropOp49
 70
     1
102
RTVSPost2010Prop50
 90
       50
102
RTVSPost2010PropOp50
 70
     1
102
RTVSPost2010Prop51ColorIndex
 90
      256
102
RTVSPost2010Prop51ColorRGB
 90
-16777216
102
RTVSPost2010PropOp51
 70
     0
102
RTVSPost2010Prop52
140
1.0
102
RTVSPost2010PropOp52
 70
     0
102
RTVSPost2010Prop53
 90
        2
102
RTVSPost2010PropOp53
 70
     1
102
RTVSPost2010Prop54
  1
strokes_ogs.tif
102
RTVSPost2010PropOp54
 70
     1
102
RTVSPost2010Prop55
280
     0
102
RTVSPost2010PropOp55
 70
     1
102
RTVSPost2010Prop56
140
1.0
102
RTVSPost2010PropOp56
 70
     1
102
RTVSPost2010Prop57
140
1.0
102
RTVSPost2010PropOp57
 70
     1
  0
XRECORD
  5
D1EF
102
{ACAD_REACTORS
330
D1EE
102
}
330
D1EE
100
AcDbXrecord
280
     1
102
RTVSPropertyOp0
 70
     1
102
RTVSPropertyOp1
 70
     1
102
RTVSPropertyOp2
 70
     1
102
RTVSPropertyOp3
 70
     1
102
RTVSPropertyOp4
 70
     1
102
RTVSPropertyOp5
 70
     1
102
RTVSPropertyOp6
 70
     1
102
RTVSPropertyOp7
 70
     1
102
RTVSPropertyOp8
 70
     1
102
RTVSPropertyOp9
 70
     1
102
RTVSPropertyOp10
 70
     1
102
RTVSPropertyOp11
 70
     1
102
RTVSPropertyOp12
 70
     1
102
RTVSPropertyOp13
 70
     1
102
RTVSPropertyOp14
 70
     1
102
RTVSPropertyOp15
 70
     1
102
RTVSPropertyOp16
 70
     1
102
RTVSPropertyOp17
 70
     1
102
RTVSPropertyOp18
 70
     1
102
RTVSPropertyOp19
 70
     1
102
RTVSPropertyOp20
 70
     1
102
RTVSPropertyOp21
 70
     1
102
RTVSPropertyOp22
 70
     1
102
RTVSPropertyOp23
 70
     1
102
RTVSPropertyOp24
 70
     1
102
RTVSPropertyOp25
 70
     1
102
RTVSPropertyOp26
 70
     1
102
RTVSPropertyOp27
 70
     1
102
RTVSPropertyOp28
 70
     1
102
RTVSPropertyOp29
 70
     1
102
RTVSPropertyOp30
 70
     1
102
RTVSPropertyOp31
 70
     1
102
RTVSPropertyOp32
 70
     1
102
RTVSPropertyOp33
 70
     1
102
RTVSPropertyOp34
 70
     1
102
RTVSPropertyOp35
 70
     1
102
RTVSPropertyOp36
 70
     1
102
RTVSPropertyOp37
 70
     1
102
RTVSPropertyOp38
 70
     1
102
RTVSPropertyOp39
 70
     1
102
RTVSPropertyOp40
 70
     1
102
RTVSPropertyOp41
 70
     1
102
RTVSPropertyOp42
 70
     1
102
RTVSPropertyOp43
 70
     1
102
RTVSPropertyOp44
 70
     1
102
RTVSPropertyOp45
 70
     1
102
RTVSPropertyOp46
 70
     1
102
RTVSPropertyOp47
 70
     1
102
RTVSPropertyOp48
 70
     1
102
RTVSPropertyOp49
 70
     1
102
RTVSPropertyOp50
 70
     1
102
RTVSPropertyOp51
 70
     0
102
RTVSPropertyOp52
 70
     0
102
RTVSPropertyOp53
 70
     1
102
RTVSPropertyOp54
 70
     1
102
RTVSPropertyOp55
 70
     1
102
RTVSPropertyOp56
 70
     1
102
RTVSPropertyOp57
 70
     1
102
RTVSPost2010Prop28
280
     0
102
RTVSPost2010PropOp28
 70
     1
102
RTVSPost2010Prop29
280
     1
102
RTVSPost2010PropOp29
 70
     1
102
RTVSPost2010Prop30
280
     1
102
RTVSPost2010PropOp30
 70
     1
102
RTVSPost2010Prop31
280
     0
102
RTVSPost2010PropOp31
 70
     1
102
RTVSPost2010Prop32
280
     0
102
RTVSPost2010PropOp32
 70
     1
102
RTVSPost2010Prop33
280
     0
102
RTVSPost2010PropOp33
 70
     1
102
RTVSPost2010Prop34
280
     0
102
RTVSPost2010PropOp34
 70
     1
102
RTVSPost2010Prop35
280
     0
102
RTVSPost2010PropOp35
 70
     1
102
RTVSPost2010Prop36
280
     0
102
RTVSPost2010PropOp36
 70
     1
102
RTVSPost2010Prop37
 90
       50
102
RTVSPost2010PropOp37
 70
     1
102
RTVSPost2010Prop38
140
0.0
102
RTVSPost2010PropOp38
 70
     1
102
RTVSPost2010Prop39
140
1.0
102
RTVSPost2010PropOp39
 70
     1
102
RTVSPost2010Prop40
 90
        0
102
RTVSPost2010PropOp40
 70
     1
102
RTVSPost2010Prop41ColorIndex
 90
       18
102
RTVSPost2010Prop41ColorRGB
 90
        0
102
RTVSPost2010PropOp41
 70
     1
102
RTVSPost2010Prop42
 90
       50
102
RTVSPost2010PropOp42
 70
     1
102
RTVSPost2010Prop43
 90
        3
102
RTVSPost2010PropOp43
 70
     1
102
RTVSPost2010Prop44ColorIndex
 90
        5
102
RTVSPost2010Prop44ColorRGB
 90
      255
102
RTVSPost2010PropOp44
 70
     1
102
RTVSPost2010Prop45
280
     0
102
RTVSPost2010PropOp45
 70
     1
102
RTVSPost2010Prop46
 90
       50
102
RTVSPost2010PropOp46
 70
     1
102
RTVSPost2010Prop47
 90
       50
102
RTVSPost2010PropOp47
 70
     1
102
RTVSPost2010Prop48
 90
       50
102
RTVSPost2010PropOp48
 70
     1
102
RTVSPost2010Prop49
280
     0
102
RTVSPost2010PropOp49
 70
     1
102
RTVSPost2010Prop50
 90
       50
102
RTVSPost2010PropOp50
 70
     1
102
RTVSPost2010Prop51ColorIndex
 90
      256
102
RTVSPost2010Prop51ColorRGB
 90
-16777216
102
RTVSPost2010PropOp51
 70
     0
102
RTVSPost2010Prop52
140
1.0
102
RTVSPost2010PropOp52
 70
     0
102
RTVSPost2010Prop53
 90
        2
102
RTVSPost2010PropOp53
 70
     1
102
RTVSPost2010Prop54
  1
strokes_ogs.tif
102
RTVSPost2010PropOp54
 70
     1
102
RTVSPost2010Prop55
280
     0
102
RTVSPost2010PropOp55
 70
     1
102
RTVSPost2010Prop56
140
1.0
102
RTVSPost2010PropOp56
 70
     1
102
RTVSPost2010Prop57
140
1.0
102
RTVSPost2010PropOp57
 70
     1
  0
ENDSEC
  0
EOF
