ISO-10303-21;
HEADER;
FILE_DESCRIPTION((''),'2;1');
FILE_NAME('412','2025-05-15T',('Administrator'),(''),
'PRO/ENGINEER BY PARAMETRIC TECHNOLOGY CORPORATION, 2002180',
'PRO/ENGINEER BY PARAMETRIC TECHNOLOGY CORPORATION, 2002180','');
FILE_SCHEMA(('CONFIG_CONTROL_DESIGN'));
ENDSEC;
DATA;
#1=DIRECTION('',(0.E0,1.E0,0.E0));
#2=VECTOR('',#1,1.4E0);
#3=CARTESIAN_POINT('',(1.129739185343E2,7.503851886661E1,-3.115E1));
#4=LINE('',#3,#2);
#5=DIRECTION('',(0.E0,0.E0,-1.E0));
#6=VECTOR('',#5,2.4E1);
#7=CARTESIAN_POINT('',(1.129739185343E2,7.243851886661E1,-7.15E0));
#8=LINE('',#7,#6);
#9=DIRECTION('',(0.E0,1.E0,0.E0));
#10=VECTOR('',#9,1.4E0);
#11=CARTESIAN_POINT('',(1.129739185343E2,7.103851886661E1,-3.115E1));
#12=LINE('',#11,#10);
#13=DIRECTION('',(0.E0,0.E0,-1.E0));
#14=VECTOR('',#13,2.4E1);
#15=CARTESIAN_POINT('',(1.129739185343E2,6.843851886661E1,-7.15E0));
#16=LINE('',#15,#14);
#17=DIRECTION('',(0.E0,1.E0,0.E0));
#18=VECTOR('',#17,1.4E0);
#19=CARTESIAN_POINT('',(1.129739185343E2,6.703851886661E1,-3.115E1));
#20=LINE('',#19,#18);
#21=DIRECTION('',(0.E0,0.E0,-1.E0));
#22=VECTOR('',#21,2.4E1);
#23=CARTESIAN_POINT('',(1.129739185343E2,6.443851886661E1,-7.15E0));
#24=LINE('',#23,#22);
#25=DIRECTION('',(0.E0,1.E0,0.E0));
#26=VECTOR('',#25,1.4E0);
#27=CARTESIAN_POINT('',(1.129739185343E2,6.303851886661E1,-3.115E1));
#28=LINE('',#27,#26);
#29=DIRECTION('',(0.E0,0.E0,-1.E0));
#30=VECTOR('',#29,2.4E1);
#31=CARTESIAN_POINT('',(1.129739185343E2,6.043851886661E1,-7.15E0));
#32=LINE('',#31,#30);
#33=DIRECTION('',(0.E0,1.E0,0.E0));
#34=VECTOR('',#33,1.4E0);
#35=CARTESIAN_POINT('',(1.129739185343E2,5.903851886661E1,-3.115E1));
#36=LINE('',#35,#34);
#37=DIRECTION('',(0.E0,0.E0,-1.E0));
#38=VECTOR('',#37,2.4E1);
#39=CARTESIAN_POINT('',(1.129739185343E2,5.643851886661E1,-7.15E0));
#40=LINE('',#39,#38);
#41=DIRECTION('',(0.E0,1.E0,0.E0));
#42=VECTOR('',#41,1.4E0);
#43=CARTESIAN_POINT('',(1.129739185343E2,5.503851886661E1,-3.115E1));
#44=LINE('',#43,#42);
#45=DIRECTION('',(0.E0,0.E0,-1.E0));
#46=VECTOR('',#45,2.4E1);
#47=CARTESIAN_POINT('',(1.129739185343E2,5.243851886661E1,-7.15E0));
#48=LINE('',#47,#46);
#49=DIRECTION('',(0.E0,1.E0,0.E0));
#50=VECTOR('',#49,1.4E0);
#51=CARTESIAN_POINT('',(1.129739185343E2,5.103851886661E1,-3.115E1));
#52=LINE('',#51,#50);
#53=DIRECTION('',(0.E0,0.E0,-1.E0));
#54=VECTOR('',#53,2.4E1);
#55=CARTESIAN_POINT('',(1.129739185343E2,4.843851886661E1,-7.15E0));
#56=LINE('',#55,#54);
#57=DIRECTION('',(0.E0,1.E0,0.E0));
#58=VECTOR('',#57,1.4E0);
#59=CARTESIAN_POINT('',(1.129739185343E2,4.703851886661E1,-3.115E1));
#60=LINE('',#59,#58);
#61=DIRECTION('',(0.E0,0.E0,-1.E0));
#62=VECTOR('',#61,2.4E1);
#63=CARTESIAN_POINT('',(1.129739185343E2,4.443851886661E1,-7.15E0));
#64=LINE('',#63,#62);
#65=DIRECTION('',(0.E0,1.E0,0.E0));
#66=VECTOR('',#65,1.4E0);
#67=CARTESIAN_POINT('',(1.129739185343E2,4.303851886661E1,-3.115E1));
#68=LINE('',#67,#66);
#69=DIRECTION('',(0.E0,0.E0,-1.E0));
#70=VECTOR('',#69,2.4E1);
#71=CARTESIAN_POINT('',(1.129739185343E2,4.043851886661E1,-7.15E0));
#72=LINE('',#71,#70);
#73=DIRECTION('',(0.E0,1.E0,0.E0));
#74=VECTOR('',#73,1.4E0);
#75=CARTESIAN_POINT('',(1.129739185343E2,3.903851886661E1,-3.115E1));
#76=LINE('',#75,#74);
#77=DIRECTION('',(0.E0,0.E0,-1.E0));
#78=VECTOR('',#77,2.4E1);
#79=CARTESIAN_POINT('',(1.129739185343E2,3.643851886661E1,-7.15E0));
#80=LINE('',#79,#78);
#81=DIRECTION('',(0.E0,1.E0,0.E0));
#82=VECTOR('',#81,1.4E0);
#83=CARTESIAN_POINT('',(1.129739185343E2,3.503851886661E1,-3.115E1));
#84=LINE('',#83,#82);
#85=DIRECTION('',(0.E0,0.E0,-1.E0));
#86=VECTOR('',#85,2.4E1);
#87=CARTESIAN_POINT('',(1.129739185343E2,3.243851886661E1,-7.15E0));
#88=LINE('',#87,#86);
#89=DIRECTION('',(0.E0,1.E0,0.E0));
#90=VECTOR('',#89,1.4E0);
#91=CARTESIAN_POINT('',(1.129739185343E2,3.103851886661E1,-3.115E1));
#92=LINE('',#91,#90);
#93=DIRECTION('',(0.E0,0.E0,-1.E0));
#94=VECTOR('',#93,2.4E1);
#95=CARTESIAN_POINT('',(1.129739185343E2,2.843851886661E1,-7.15E0));
#96=LINE('',#95,#94);
#97=DIRECTION('',(0.E0,1.E0,0.E0));
#98=VECTOR('',#97,1.4E0);
#99=CARTESIAN_POINT('',(1.129739185343E2,2.703851886661E1,-3.115E1));
#100=LINE('',#99,#98);
#101=DIRECTION('',(0.E0,0.E0,-1.E0));
#102=VECTOR('',#101,2.4E1);
#103=CARTESIAN_POINT('',(1.129739185343E2,2.443851886661E1,-7.15E0));
#104=LINE('',#103,#102);
#105=DIRECTION('',(0.E0,1.E0,0.E0));
#106=VECTOR('',#105,1.4E0);
#107=CARTESIAN_POINT('',(1.129739185343E2,2.303851886661E1,-3.115E1));
#108=LINE('',#107,#106);
#109=DIRECTION('',(0.E0,0.E0,-1.E0));
#110=VECTOR('',#109,2.4E1);
#111=CARTESIAN_POINT('',(1.129739185343E2,7.643851886661E1,-7.15E0));
#112=LINE('',#111,#110);
#113=DIRECTION('',(7.071067811865E-1,0.E0,-7.071067811865E-1));
#114=VECTOR('',#113,1.414213562373E0);
#115=CARTESIAN_POINT('',(2.597307853434E1,7.643851886661E1,-3.115E1));
#116=LINE('',#115,#114);
#117=DIRECTION('',(1.E0,0.E0,0.E0));
#118=VECTOR('',#117,8.500083999996E1);
#119=CARTESIAN_POINT('',(2.697307853434E1,7.643851886661E1,-3.215E1));
#120=LINE('',#119,#118);
#121=DIRECTION('',(7.071067811865E-1,0.E0,7.071067811865E-1));
#122=VECTOR('',#121,1.414213562373E0);
#123=CARTESIAN_POINT('',(1.119739185343E2,7.643851886661E1,-3.215E1));
#124=LINE('',#123,#122);
#125=DIRECTION('',(0.E0,0.E0,-1.E0));
#126=VECTOR('',#125,2.4E1);
#127=CARTESIAN_POINT('',(2.597307853434E1,7.643851886661E1,-7.15E0));
#128=LINE('',#127,#126);
#129=DIRECTION('',(7.071067811865E-1,0.E0,-7.071067811865E-1));
#130=VECTOR('',#129,1.414213562373E0);
#131=CARTESIAN_POINT('',(2.597307853434E1,2.303851886661E1,-3.115E1));
#132=LINE('',#131,#130);
#133=DIRECTION('',(0.E0,0.E0,-1.E0));
#134=VECTOR('',#133,2.4E1);
#135=CARTESIAN_POINT('',(1.129739185343E2,2.303851886661E1,-7.15E0));
#136=LINE('',#135,#134);
#137=DIRECTION('',(7.071067811865E-1,0.E0,7.071067811865E-1));
#138=VECTOR('',#137,1.414213562373E0);
#139=CARTESIAN_POINT('',(1.119739185343E2,2.303851886661E1,-3.215E1));
#140=LINE('',#139,#138);
#141=DIRECTION('',(-1.E0,0.E0,0.E0));
#142=VECTOR('',#141,8.500083999996E1);
#143=CARTESIAN_POINT('',(1.119739185343E2,2.303851886661E1,-3.215E1));
#144=LINE('',#143,#142);
#145=DIRECTION('',(0.E0,-1.E0,0.E0));
#146=VECTOR('',#145,1.4E0);
#147=CARTESIAN_POINT('',(2.597307853434E1,2.443851886661E1,-3.115E1));
#148=LINE('',#147,#146);
#149=DIRECTION('',(0.E0,0.E0,-1.E0));
#150=VECTOR('',#149,2.4E1);
#151=CARTESIAN_POINT('',(2.597307853434E1,2.703851886661E1,-7.15E0));
#152=LINE('',#151,#150);
#153=DIRECTION('',(0.E0,-1.E0,0.E0));
#154=VECTOR('',#153,1.4E0);
#155=CARTESIAN_POINT('',(2.597307853434E1,2.843851886661E1,-3.115E1));
#156=LINE('',#155,#154);
#157=DIRECTION('',(0.E0,0.E0,-1.E0));
#158=VECTOR('',#157,2.4E1);
#159=CARTESIAN_POINT('',(2.597307853434E1,3.103851886661E1,-7.15E0));
#160=LINE('',#159,#158);
#161=DIRECTION('',(0.E0,-1.E0,0.E0));
#162=VECTOR('',#161,1.4E0);
#163=CARTESIAN_POINT('',(2.597307853434E1,3.243851886661E1,-3.115E1));
#164=LINE('',#163,#162);
#165=DIRECTION('',(0.E0,0.E0,-1.E0));
#166=VECTOR('',#165,2.4E1);
#167=CARTESIAN_POINT('',(2.597307853434E1,3.503851886661E1,-7.15E0));
#168=LINE('',#167,#166);
#169=DIRECTION('',(0.E0,-1.E0,0.E0));
#170=VECTOR('',#169,1.4E0);
#171=CARTESIAN_POINT('',(2.597307853434E1,3.643851886661E1,-3.115E1));
#172=LINE('',#171,#170);
#173=DIRECTION('',(0.E0,0.E0,-1.E0));
#174=VECTOR('',#173,2.4E1);
#175=CARTESIAN_POINT('',(2.597307853434E1,3.903851886661E1,-7.15E0));
#176=LINE('',#175,#174);
#177=DIRECTION('',(0.E0,-1.E0,0.E0));
#178=VECTOR('',#177,1.4E0);
#179=CARTESIAN_POINT('',(2.597307853434E1,4.043851886661E1,-3.115E1));
#180=LINE('',#179,#178);
#181=DIRECTION('',(0.E0,0.E0,-1.E0));
#182=VECTOR('',#181,2.4E1);
#183=CARTESIAN_POINT('',(2.597307853434E1,4.303851886661E1,-7.15E0));
#184=LINE('',#183,#182);
#185=DIRECTION('',(0.E0,-1.E0,0.E0));
#186=VECTOR('',#185,1.4E0);
#187=CARTESIAN_POINT('',(2.597307853434E1,4.443851886661E1,-3.115E1));
#188=LINE('',#187,#186);
#189=DIRECTION('',(0.E0,0.E0,-1.E0));
#190=VECTOR('',#189,2.4E1);
#191=CARTESIAN_POINT('',(2.597307853434E1,4.703851886661E1,-7.15E0));
#192=LINE('',#191,#190);
#193=DIRECTION('',(0.E0,-1.E0,0.E0));
#194=VECTOR('',#193,1.4E0);
#195=CARTESIAN_POINT('',(2.597307853434E1,4.843851886661E1,-3.115E1));
#196=LINE('',#195,#194);
#197=DIRECTION('',(0.E0,0.E0,-1.E0));
#198=VECTOR('',#197,2.4E1);
#199=CARTESIAN_POINT('',(2.597307853434E1,5.103851886661E1,-7.15E0));
#200=LINE('',#199,#198);
#201=DIRECTION('',(0.E0,-1.E0,0.E0));
#202=VECTOR('',#201,1.4E0);
#203=CARTESIAN_POINT('',(2.597307853434E1,5.243851886661E1,-3.115E1));
#204=LINE('',#203,#202);
#205=DIRECTION('',(0.E0,0.E0,-1.E0));
#206=VECTOR('',#205,2.4E1);
#207=CARTESIAN_POINT('',(2.597307853434E1,5.503851886661E1,-7.15E0));
#208=LINE('',#207,#206);
#209=DIRECTION('',(0.E0,-1.E0,0.E0));
#210=VECTOR('',#209,1.4E0);
#211=CARTESIAN_POINT('',(2.597307853434E1,5.643851886661E1,-3.115E1));
#212=LINE('',#211,#210);
#213=DIRECTION('',(0.E0,0.E0,-1.E0));
#214=VECTOR('',#213,2.4E1);
#215=CARTESIAN_POINT('',(2.597307853434E1,5.903851886661E1,-7.15E0));
#216=LINE('',#215,#214);
#217=DIRECTION('',(0.E0,-1.E0,0.E0));
#218=VECTOR('',#217,1.4E0);
#219=CARTESIAN_POINT('',(2.597307853434E1,6.043851886661E1,-3.115E1));
#220=LINE('',#219,#218);
#221=DIRECTION('',(0.E0,0.E0,-1.E0));
#222=VECTOR('',#221,2.4E1);
#223=CARTESIAN_POINT('',(2.597307853434E1,6.303851886661E1,-7.15E0));
#224=LINE('',#223,#222);
#225=DIRECTION('',(0.E0,-1.E0,0.E0));
#226=VECTOR('',#225,1.4E0);
#227=CARTESIAN_POINT('',(2.597307853434E1,6.443851886661E1,-3.115E1));
#228=LINE('',#227,#226);
#229=DIRECTION('',(0.E0,0.E0,-1.E0));
#230=VECTOR('',#229,2.4E1);
#231=CARTESIAN_POINT('',(2.597307853434E1,6.703851886661E1,-7.15E0));
#232=LINE('',#231,#230);
#233=DIRECTION('',(0.E0,-1.E0,0.E0));
#234=VECTOR('',#233,1.4E0);
#235=CARTESIAN_POINT('',(2.597307853434E1,6.843851886661E1,-3.115E1));
#236=LINE('',#235,#234);
#237=DIRECTION('',(0.E0,0.E0,-1.E0));
#238=VECTOR('',#237,2.4E1);
#239=CARTESIAN_POINT('',(2.597307853434E1,7.103851886661E1,-7.15E0));
#240=LINE('',#239,#238);
#241=DIRECTION('',(0.E0,-1.E0,0.E0));
#242=VECTOR('',#241,1.4E0);
#243=CARTESIAN_POINT('',(2.597307853434E1,7.243851886661E1,-3.115E1));
#244=LINE('',#243,#242);
#245=DIRECTION('',(0.E0,0.E0,-1.E0));
#246=VECTOR('',#245,2.4E1);
#247=CARTESIAN_POINT('',(2.597307853434E1,7.503851886661E1,-7.15E0));
#248=LINE('',#247,#246);
#249=DIRECTION('',(0.E0,-1.E0,0.E0));
#250=VECTOR('',#249,1.4E0);
#251=CARTESIAN_POINT('',(2.597307853434E1,7.643851886661E1,-3.115E1));
#252=LINE('',#251,#250);
#253=DIRECTION('',(0.E0,0.E0,-1.E0));
#254=VECTOR('',#253,2.4E1);
#255=CARTESIAN_POINT('',(2.597307853434E1,2.303851886661E1,-7.15E0));
#256=LINE('',#255,#254);
#257=DIRECTION('',(7.071067811865E-1,0.E0,-7.071067811865E-1));
#258=VECTOR('',#257,1.414213562373E0);
#259=CARTESIAN_POINT('',(2.597307853434E1,2.443851886661E1,-3.115E1));
#260=LINE('',#259,#258);
#261=DIRECTION('',(1.E0,0.E0,0.E0));
#262=VECTOR('',#261,8.500083999996E1);
#263=CARTESIAN_POINT('',(2.697307853434E1,2.443851886661E1,-3.215E1));
#264=LINE('',#263,#262);
#265=DIRECTION('',(7.071067811865E-1,0.E0,7.071067811865E-1));
#266=VECTOR('',#265,1.414213562373E0);
#267=CARTESIAN_POINT('',(1.119739185343E2,2.443851886661E1,-3.215E1));
#268=LINE('',#267,#266);
#269=DIRECTION('',(0.E0,0.E0,-1.E0));
#270=VECTOR('',#269,2.4E1);
#271=CARTESIAN_POINT('',(2.597307853434E1,2.443851886661E1,-7.15E0));
#272=LINE('',#271,#270);
#273=DIRECTION('',(0.E0,-1.E0,0.E0));
#274=VECTOR('',#273,1.4E0);
#275=CARTESIAN_POINT('',(2.697307853434E1,2.443851886661E1,-3.215E1));
#276=LINE('',#275,#274);
#277=DIRECTION('',(0.E0,-1.E0,0.E0));
#278=VECTOR('',#277,1.4E0);
#279=CARTESIAN_POINT('',(1.119739185343E2,2.443851886661E1,-3.215E1));
#280=LINE('',#279,#278);
#281=DIRECTION('',(0.E0,-1.E0,0.E0));
#282=VECTOR('',#281,1.4E0);
#283=CARTESIAN_POINT('',(2.697307853434E1,2.843851886661E1,-3.215E1));
#284=LINE('',#283,#282);
#285=DIRECTION('',(0.E0,-1.E0,0.E0));
#286=VECTOR('',#285,1.4E0);
#287=CARTESIAN_POINT('',(1.119739185343E2,2.843851886661E1,-3.215E1));
#288=LINE('',#287,#286);
#289=DIRECTION('',(0.E0,-1.E0,0.E0));
#290=VECTOR('',#289,1.4E0);
#291=CARTESIAN_POINT('',(2.697307853434E1,3.243851886661E1,-3.215E1));
#292=LINE('',#291,#290);
#293=DIRECTION('',(0.E0,-1.E0,0.E0));
#294=VECTOR('',#293,1.4E0);
#295=CARTESIAN_POINT('',(1.119739185343E2,3.243851886661E1,-3.215E1));
#296=LINE('',#295,#294);
#297=DIRECTION('',(0.E0,-1.E0,0.E0));
#298=VECTOR('',#297,1.4E0);
#299=CARTESIAN_POINT('',(2.697307853434E1,3.643851886661E1,-3.215E1));
#300=LINE('',#299,#298);
#301=DIRECTION('',(0.E0,-1.E0,0.E0));
#302=VECTOR('',#301,1.4E0);
#303=CARTESIAN_POINT('',(1.119739185343E2,3.643851886661E1,-3.215E1));
#304=LINE('',#303,#302);
#305=DIRECTION('',(0.E0,-1.E0,0.E0));
#306=VECTOR('',#305,1.4E0);
#307=CARTESIAN_POINT('',(2.697307853434E1,4.043851886661E1,-3.215E1));
#308=LINE('',#307,#306);
#309=DIRECTION('',(0.E0,-1.E0,0.E0));
#310=VECTOR('',#309,1.4E0);
#311=CARTESIAN_POINT('',(1.119739185343E2,4.043851886661E1,-3.215E1));
#312=LINE('',#311,#310);
#313=DIRECTION('',(0.E0,-1.E0,0.E0));
#314=VECTOR('',#313,1.4E0);
#315=CARTESIAN_POINT('',(2.697307853434E1,4.443851886661E1,-3.215E1));
#316=LINE('',#315,#314);
#317=DIRECTION('',(0.E0,-1.E0,0.E0));
#318=VECTOR('',#317,1.4E0);
#319=CARTESIAN_POINT('',(1.119739185343E2,4.443851886661E1,-3.215E1));
#320=LINE('',#319,#318);
#321=DIRECTION('',(0.E0,-1.E0,0.E0));
#322=VECTOR('',#321,1.4E0);
#323=CARTESIAN_POINT('',(2.697307853434E1,4.843851886661E1,-3.215E1));
#324=LINE('',#323,#322);
#325=DIRECTION('',(0.E0,-1.E0,0.E0));
#326=VECTOR('',#325,1.4E0);
#327=CARTESIAN_POINT('',(1.119739185343E2,4.843851886661E1,-3.215E1));
#328=LINE('',#327,#326);
#329=DIRECTION('',(0.E0,-1.E0,0.E0));
#330=VECTOR('',#329,1.4E0);
#331=CARTESIAN_POINT('',(2.697307853434E1,5.243851886661E1,-3.215E1));
#332=LINE('',#331,#330);
#333=DIRECTION('',(0.E0,-1.E0,0.E0));
#334=VECTOR('',#333,1.4E0);
#335=CARTESIAN_POINT('',(1.119739185343E2,5.243851886661E1,-3.215E1));
#336=LINE('',#335,#334);
#337=DIRECTION('',(0.E0,-1.E0,0.E0));
#338=VECTOR('',#337,1.4E0);
#339=CARTESIAN_POINT('',(2.697307853434E1,5.643851886661E1,-3.215E1));
#340=LINE('',#339,#338);
#341=DIRECTION('',(0.E0,-1.E0,0.E0));
#342=VECTOR('',#341,1.4E0);
#343=CARTESIAN_POINT('',(1.119739185343E2,5.643851886661E1,-3.215E1));
#344=LINE('',#343,#342);
#345=DIRECTION('',(0.E0,-1.E0,0.E0));
#346=VECTOR('',#345,1.4E0);
#347=CARTESIAN_POINT('',(2.697307853434E1,6.043851886661E1,-3.215E1));
#348=LINE('',#347,#346);
#349=DIRECTION('',(0.E0,-1.E0,0.E0));
#350=VECTOR('',#349,1.4E0);
#351=CARTESIAN_POINT('',(1.119739185343E2,6.043851886661E1,-3.215E1));
#352=LINE('',#351,#350);
#353=DIRECTION('',(0.E0,-1.E0,0.E0));
#354=VECTOR('',#353,1.4E0);
#355=CARTESIAN_POINT('',(2.697307853434E1,6.443851886661E1,-3.215E1));
#356=LINE('',#355,#354);
#357=DIRECTION('',(0.E0,-1.E0,0.E0));
#358=VECTOR('',#357,1.4E0);
#359=CARTESIAN_POINT('',(1.119739185343E2,6.443851886661E1,-3.215E1));
#360=LINE('',#359,#358);
#361=DIRECTION('',(0.E0,-1.E0,0.E0));
#362=VECTOR('',#361,1.4E0);
#363=CARTESIAN_POINT('',(2.697307853434E1,6.843851886661E1,-3.215E1));
#364=LINE('',#363,#362);
#365=DIRECTION('',(0.E0,-1.E0,0.E0));
#366=VECTOR('',#365,1.4E0);
#367=CARTESIAN_POINT('',(1.119739185343E2,6.843851886661E1,-3.215E1));
#368=LINE('',#367,#366);
#369=DIRECTION('',(0.E0,-1.E0,0.E0));
#370=VECTOR('',#369,1.4E0);
#371=CARTESIAN_POINT('',(2.697307853434E1,7.243851886661E1,-3.215E1));
#372=LINE('',#371,#370);
#373=DIRECTION('',(0.E0,-1.E0,0.E0));
#374=VECTOR('',#373,1.4E0);
#375=CARTESIAN_POINT('',(1.119739185343E2,7.243851886661E1,-3.215E1));
#376=LINE('',#375,#374);
#377=DIRECTION('',(0.E0,-1.E0,0.E0));
#378=VECTOR('',#377,1.4E0);
#379=CARTESIAN_POINT('',(2.697307853434E1,7.643851886661E1,-3.215E1));
#380=LINE('',#379,#378);
#381=DIRECTION('',(0.E0,-1.E0,0.E0));
#382=VECTOR('',#381,1.4E0);
#383=CARTESIAN_POINT('',(1.119739185343E2,7.643851886661E1,-3.215E1));
#384=LINE('',#383,#382);
#385=DIRECTION('',(0.E0,-1.E0,0.E0));
#386=VECTOR('',#385,1.4E0);
#387=CARTESIAN_POINT('',(3.377288153434E1,8.443851886661E1,-3.115E1));
#388=LINE('',#387,#386);
#389=DIRECTION('',(7.071067811865E-1,0.E0,-7.071067811865E-1));
#390=VECTOR('',#389,1.414213562373E0);
#391=CARTESIAN_POINT('',(3.377288153434E1,8.303851886661E1,-3.115E1));
#392=LINE('',#391,#390);
#393=DIRECTION('',(0.E0,-1.E0,0.E0));
#394=VECTOR('',#393,1.4E0);
#395=CARTESIAN_POINT('',(3.477288153434E1,8.443851886661E1,-3.215E1));
#396=LINE('',#395,#394);
#397=DIRECTION('',(7.071067811865E-1,0.E0,-7.071067811866E-1));
#398=VECTOR('',#397,1.414213562373E0);
#399=CARTESIAN_POINT('',(3.377288153434E1,8.443851886661E1,-3.115E1));
#400=LINE('',#399,#398);
#401=DIRECTION('',(0.E0,0.E0,-1.E0));
#402=VECTOR('',#401,2.4E1);
#403=CARTESIAN_POINT('',(3.377288153434E1,8.443851886661E1,-7.15E0));
#404=LINE('',#403,#402);
#405=DIRECTION('',(-1.E0,0.E0,0.E0));
#406=VECTOR('',#405,6.940123399996E1);
#407=CARTESIAN_POINT('',(1.041741155343E2,8.443851886661E1,-3.215E1));
#408=LINE('',#407,#406);
#409=DIRECTION('',(0.E0,0.E0,-1.E0));
#410=VECTOR('',#409,2.4E1);
#411=CARTESIAN_POINT('',(1.051741155343E2,8.443851886661E1,-7.15E0));
#412=LINE('',#411,#410);
#413=DIRECTION('',(1.E0,0.E0,0.E0));
#414=VECTOR('',#413,6.299803E0);
#415=CARTESIAN_POINT('',(1.051741155343E2,8.443851886661E1,-7.15E0));
#416=LINE('',#415,#414);
#417=DIRECTION('',(-1.E0,0.E0,0.E0));
#418=VECTOR('',#417,8.400083999996E1);
#419=CARTESIAN_POINT('',(1.114739185343E2,8.443851886661E1,-3.95E0));
#420=LINE('',#419,#418);
#421=DIRECTION('',(1.E0,0.E0,0.E0));
#422=VECTOR('',#421,6.299803E0);
#423=CARTESIAN_POINT('',(2.747307853434E1,8.443851886661E1,-7.15E0));
#424=LINE('',#423,#422);
#425=DIRECTION('',(0.E0,1.E0,0.E0));
#426=VECTOR('',#425,1.4E0);
#427=CARTESIAN_POINT('',(1.051741155343E2,8.303851886661E1,-3.115E1));
#428=LINE('',#427,#426);
#429=DIRECTION('',(-7.071067811865E-1,0.E0,-7.071067811865E-1));
#430=VECTOR('',#429,1.414213562373E0);
#431=CARTESIAN_POINT('',(1.051741155343E2,8.443851886661E1,-3.115E1));
#432=LINE('',#431,#430);
#433=DIRECTION('',(0.E0,1.E0,0.E0));
#434=VECTOR('',#433,1.4E0);
#435=CARTESIAN_POINT('',(1.041741155343E2,8.303851886661E1,-3.215E1));
#436=LINE('',#435,#434);
#437=DIRECTION('',(-7.071067811865E-1,0.E0,-7.071067811865E-1));
#438=VECTOR('',#437,1.414213562373E0);
#439=CARTESIAN_POINT('',(1.051741155343E2,8.303851886661E1,-3.115E1));
#440=LINE('',#439,#438);
#441=DIRECTION('',(0.E0,0.E0,-1.E0));
#442=VECTOR('',#441,2.4E1);
#443=CARTESIAN_POINT('',(1.051741155343E2,8.303851886661E1,-7.15E0));
#444=LINE('',#443,#442);
#445=DIRECTION('',(1.E0,0.E0,0.E0));
#446=VECTOR('',#445,6.940123399996E1);
#447=CARTESIAN_POINT('',(3.477288153434E1,8.303851886661E1,-3.215E1));
#448=LINE('',#447,#446);
#449=DIRECTION('',(0.E0,0.E0,-1.E0));
#450=VECTOR('',#449,2.4E1);
#451=CARTESIAN_POINT('',(3.377288153434E1,8.303851886661E1,-7.15E0));
#452=LINE('',#451,#450);
#453=CARTESIAN_POINT('',(1.099740525343E2,1.823858186661E1,-7.15E0));
#454=DIRECTION('',(0.E0,0.E0,-1.E0));
#455=DIRECTION('',(-1.E0,0.E0,0.E0));
#456=AXIS2_PLACEMENT_3D('',#453,#454,#455);
#458=CARTESIAN_POINT('',(1.099740525343E2,1.823858186661E1,-7.15E0));
#459=DIRECTION('',(0.E0,0.E0,1.E0));
#460=DIRECTION('',(-1.E0,0.E0,0.E0));
#461=AXIS2_PLACEMENT_3D('',#458,#459,#460);
#463=CARTESIAN_POINT('',(2.897294453434E1,1.823858186661E1,-7.15E0));
#464=DIRECTION('',(0.E0,0.E0,-1.E0));
#465=DIRECTION('',(-1.E0,0.E0,0.E0));
#466=AXIS2_PLACEMENT_3D('',#463,#464,#465);
#468=CARTESIAN_POINT('',(2.897294453434E1,1.823858186661E1,-7.15E0));
#469=DIRECTION('',(0.E0,0.E0,1.E0));
#470=DIRECTION('',(-1.E0,0.E0,0.E0));
#471=AXIS2_PLACEMENT_3D('',#468,#469,#470);
#473=CARTESIAN_POINT('',(2.897294453434E1,8.123845586661E1,-7.15E0));
#474=DIRECTION('',(0.E0,0.E0,-1.E0));
#475=DIRECTION('',(1.E0,0.E0,0.E0));
#476=AXIS2_PLACEMENT_3D('',#473,#474,#475);
#478=CARTESIAN_POINT('',(2.897294453434E1,8.123845586661E1,-7.15E0));
#479=DIRECTION('',(0.E0,0.E0,1.E0));
#480=DIRECTION('',(1.E0,0.E0,0.E0));
#481=AXIS2_PLACEMENT_3D('',#478,#479,#480);
#483=CARTESIAN_POINT('',(1.099740525343E2,8.123845586661E1,-7.15E0));
#484=DIRECTION('',(0.E0,0.E0,-1.E0));
#485=DIRECTION('',(1.E0,0.E0,0.E0));
#486=AXIS2_PLACEMENT_3D('',#483,#484,#485);
#488=CARTESIAN_POINT('',(1.099740525343E2,8.123845586661E1,-7.15E0));
#489=DIRECTION('',(0.E0,0.E0,1.E0));
#490=DIRECTION('',(1.E0,0.E0,0.E0));
#491=AXIS2_PLACEMENT_3D('',#488,#489,#490);
#493=DIRECTION('',(1.E0,0.E0,0.E0));
#494=VECTOR('',#493,8.700083999996E1);
#495=CARTESIAN_POINT('',(2.597307853434E1,5.503851886661E1,-7.15E0));
#496=LINE('',#495,#494);
#497=DIRECTION('',(0.E0,-1.E0,0.E0));
#498=VECTOR('',#497,2.6E0);
#499=CARTESIAN_POINT('',(2.597307853434E1,5.503851886661E1,-7.15E0));
#500=LINE('',#499,#498);
#501=DIRECTION('',(1.E0,0.E0,0.E0));
#502=VECTOR('',#501,8.700083999996E1);
#503=CARTESIAN_POINT('',(2.597307853434E1,5.243851886661E1,-7.15E0));
#504=LINE('',#503,#502);
#505=DIRECTION('',(0.E0,1.E0,0.E0));
#506=VECTOR('',#505,2.6E0);
#507=CARTESIAN_POINT('',(1.129739185343E2,5.243851886661E1,-7.15E0));
#508=LINE('',#507,#506);
#509=DIRECTION('',(1.E0,0.E0,0.E0));
#510=VECTOR('',#509,8.700083999996E1);
#511=CARTESIAN_POINT('',(2.597307853434E1,5.903851886661E1,-7.15E0));
#512=LINE('',#511,#510);
#513=DIRECTION('',(0.E0,-1.E0,0.E0));
#514=VECTOR('',#513,2.6E0);
#515=CARTESIAN_POINT('',(2.597307853434E1,5.903851886661E1,-7.15E0));
#516=LINE('',#515,#514);
#517=DIRECTION('',(1.E0,0.E0,0.E0));
#518=VECTOR('',#517,8.700083999996E1);
#519=CARTESIAN_POINT('',(2.597307853434E1,5.643851886661E1,-7.15E0));
#520=LINE('',#519,#518);
#521=DIRECTION('',(0.E0,1.E0,0.E0));
#522=VECTOR('',#521,2.6E0);
#523=CARTESIAN_POINT('',(1.129739185343E2,5.643851886661E1,-7.15E0));
#524=LINE('',#523,#522);
#525=DIRECTION('',(1.E0,0.E0,0.E0));
#526=VECTOR('',#525,8.700083999996E1);
#527=CARTESIAN_POINT('',(2.597307853434E1,6.303851886661E1,-7.15E0));
#528=LINE('',#527,#526);
#529=DIRECTION('',(0.E0,-1.E0,0.E0));
#530=VECTOR('',#529,2.6E0);
#531=CARTESIAN_POINT('',(2.597307853434E1,6.303851886661E1,-7.15E0));
#532=LINE('',#531,#530);
#533=DIRECTION('',(1.E0,0.E0,0.E0));
#534=VECTOR('',#533,8.700083999996E1);
#535=CARTESIAN_POINT('',(2.597307853434E1,6.043851886661E1,-7.15E0));
#536=LINE('',#535,#534);
#537=DIRECTION('',(0.E0,1.E0,0.E0));
#538=VECTOR('',#537,2.6E0);
#539=CARTESIAN_POINT('',(1.129739185343E2,6.043851886661E1,-7.15E0));
#540=LINE('',#539,#538);
#541=DIRECTION('',(1.E0,0.E0,0.E0));
#542=VECTOR('',#541,8.700083999996E1);
#543=CARTESIAN_POINT('',(2.597307853434E1,6.703851886661E1,-7.15E0));
#544=LINE('',#543,#542);
#545=DIRECTION('',(0.E0,-1.E0,0.E0));
#546=VECTOR('',#545,2.6E0);
#547=CARTESIAN_POINT('',(2.597307853434E1,6.703851886661E1,-7.15E0));
#548=LINE('',#547,#546);
#549=DIRECTION('',(1.E0,0.E0,0.E0));
#550=VECTOR('',#549,8.700083999996E1);
#551=CARTESIAN_POINT('',(2.597307853434E1,6.443851886661E1,-7.15E0));
#552=LINE('',#551,#550);
#553=DIRECTION('',(0.E0,1.E0,0.E0));
#554=VECTOR('',#553,2.6E0);
#555=CARTESIAN_POINT('',(1.129739185343E2,6.443851886661E1,-7.15E0));
#556=LINE('',#555,#554);
#557=DIRECTION('',(1.E0,0.E0,0.E0));
#558=VECTOR('',#557,8.700083999996E1);
#559=CARTESIAN_POINT('',(2.597307853434E1,7.103851886661E1,-7.15E0));
#560=LINE('',#559,#558);
#561=DIRECTION('',(0.E0,-1.E0,0.E0));
#562=VECTOR('',#561,2.6E0);
#563=CARTESIAN_POINT('',(2.597307853434E1,7.103851886661E1,-7.15E0));
#564=LINE('',#563,#562);
#565=DIRECTION('',(1.E0,0.E0,0.E0));
#566=VECTOR('',#565,8.700083999996E1);
#567=CARTESIAN_POINT('',(2.597307853434E1,6.843851886661E1,-7.15E0));
#568=LINE('',#567,#566);
#569=DIRECTION('',(0.E0,1.E0,0.E0));
#570=VECTOR('',#569,2.6E0);
#571=CARTESIAN_POINT('',(1.129739185343E2,6.843851886661E1,-7.15E0));
#572=LINE('',#571,#570);
#573=DIRECTION('',(1.E0,0.E0,0.E0));
#574=VECTOR('',#573,8.700083999996E1);
#575=CARTESIAN_POINT('',(2.597307853434E1,7.503851886661E1,-7.15E0));
#576=LINE('',#575,#574);
#577=DIRECTION('',(0.E0,-1.E0,0.E0));
#578=VECTOR('',#577,2.6E0);
#579=CARTESIAN_POINT('',(2.597307853434E1,7.503851886661E1,-7.15E0));
#580=LINE('',#579,#578);
#581=DIRECTION('',(1.E0,0.E0,0.E0));
#582=VECTOR('',#581,8.700083999996E1);
#583=CARTESIAN_POINT('',(2.597307853434E1,7.243851886661E1,-7.15E0));
#584=LINE('',#583,#582);
#585=DIRECTION('',(0.E0,1.E0,0.E0));
#586=VECTOR('',#585,2.6E0);
#587=CARTESIAN_POINT('',(1.129739185343E2,7.243851886661E1,-7.15E0));
#588=LINE('',#587,#586);
#589=DIRECTION('',(1.E0,0.E0,0.E0));
#590=VECTOR('',#589,8.700083999996E1);
#591=CARTESIAN_POINT('',(2.597307853434E1,4.843851886661E1,-7.15E0));
#592=LINE('',#591,#590);
#593=DIRECTION('',(0.E0,1.E0,0.E0));
#594=VECTOR('',#593,2.6E0);
#595=CARTESIAN_POINT('',(1.129739185343E2,4.843851886661E1,-7.15E0));
#596=LINE('',#595,#594);
#597=DIRECTION('',(1.E0,0.E0,0.E0));
#598=VECTOR('',#597,8.700083999996E1);
#599=CARTESIAN_POINT('',(2.597307853434E1,5.103851886661E1,-7.15E0));
#600=LINE('',#599,#598);
#601=DIRECTION('',(0.E0,-1.E0,0.E0));
#602=VECTOR('',#601,2.6E0);
#603=CARTESIAN_POINT('',(2.597307853434E1,5.103851886661E1,-7.15E0));
#604=LINE('',#603,#602);
#605=DIRECTION('',(1.E0,0.E0,0.E0));
#606=VECTOR('',#605,8.700083999996E1);
#607=CARTESIAN_POINT('',(2.597307853434E1,4.443851886661E1,-7.15E0));
#608=LINE('',#607,#606);
#609=DIRECTION('',(0.E0,1.E0,0.E0));
#610=VECTOR('',#609,2.6E0);
#611=CARTESIAN_POINT('',(1.129739185343E2,4.443851886661E1,-7.15E0));
#612=LINE('',#611,#610);
#613=DIRECTION('',(1.E0,0.E0,0.E0));
#614=VECTOR('',#613,8.700083999996E1);
#615=CARTESIAN_POINT('',(2.597307853434E1,4.703851886661E1,-7.15E0));
#616=LINE('',#615,#614);
#617=DIRECTION('',(0.E0,-1.E0,0.E0));
#618=VECTOR('',#617,2.6E0);
#619=CARTESIAN_POINT('',(2.597307853434E1,4.703851886661E1,-7.15E0));
#620=LINE('',#619,#618);
#621=DIRECTION('',(1.E0,0.E0,0.E0));
#622=VECTOR('',#621,8.700083999996E1);
#623=CARTESIAN_POINT('',(2.597307853434E1,4.043851886661E1,-7.15E0));
#624=LINE('',#623,#622);
#625=DIRECTION('',(0.E0,1.E0,0.E0));
#626=VECTOR('',#625,2.6E0);
#627=CARTESIAN_POINT('',(1.129739185343E2,4.043851886661E1,-7.15E0));
#628=LINE('',#627,#626);
#629=DIRECTION('',(1.E0,0.E0,0.E0));
#630=VECTOR('',#629,8.700083999996E1);
#631=CARTESIAN_POINT('',(2.597307853434E1,4.303851886661E1,-7.15E0));
#632=LINE('',#631,#630);
#633=DIRECTION('',(0.E0,-1.E0,0.E0));
#634=VECTOR('',#633,2.6E0);
#635=CARTESIAN_POINT('',(2.597307853434E1,4.303851886661E1,-7.15E0));
#636=LINE('',#635,#634);
#637=DIRECTION('',(1.E0,0.E0,0.E0));
#638=VECTOR('',#637,8.700083999996E1);
#639=CARTESIAN_POINT('',(2.597307853434E1,3.643851886661E1,-7.15E0));
#640=LINE('',#639,#638);
#641=DIRECTION('',(0.E0,1.E0,0.E0));
#642=VECTOR('',#641,2.6E0);
#643=CARTESIAN_POINT('',(1.129739185343E2,3.643851886661E1,-7.15E0));
#644=LINE('',#643,#642);
#645=DIRECTION('',(1.E0,0.E0,0.E0));
#646=VECTOR('',#645,8.700083999996E1);
#647=CARTESIAN_POINT('',(2.597307853434E1,3.903851886661E1,-7.15E0));
#648=LINE('',#647,#646);
#649=DIRECTION('',(0.E0,-1.E0,0.E0));
#650=VECTOR('',#649,2.6E0);
#651=CARTESIAN_POINT('',(2.597307853434E1,3.903851886661E1,-7.15E0));
#652=LINE('',#651,#650);
#653=DIRECTION('',(1.E0,0.E0,0.E0));
#654=VECTOR('',#653,8.700083999996E1);
#655=CARTESIAN_POINT('',(2.597307853434E1,3.243851886661E1,-7.15E0));
#656=LINE('',#655,#654);
#657=DIRECTION('',(0.E0,1.E0,0.E0));
#658=VECTOR('',#657,2.6E0);
#659=CARTESIAN_POINT('',(1.129739185343E2,3.243851886661E1,-7.15E0));
#660=LINE('',#659,#658);
#661=DIRECTION('',(1.E0,0.E0,0.E0));
#662=VECTOR('',#661,8.700083999996E1);
#663=CARTESIAN_POINT('',(2.597307853434E1,3.503851886661E1,-7.15E0));
#664=LINE('',#663,#662);
#665=DIRECTION('',(0.E0,-1.E0,0.E0));
#666=VECTOR('',#665,2.6E0);
#667=CARTESIAN_POINT('',(2.597307853434E1,3.503851886661E1,-7.15E0));
#668=LINE('',#667,#666);
#669=DIRECTION('',(1.E0,0.E0,0.E0));
#670=VECTOR('',#669,8.700083999996E1);
#671=CARTESIAN_POINT('',(2.597307853434E1,2.843851886661E1,-7.15E0));
#672=LINE('',#671,#670);
#673=DIRECTION('',(0.E0,1.E0,0.E0));
#674=VECTOR('',#673,2.6E0);
#675=CARTESIAN_POINT('',(1.129739185343E2,2.843851886661E1,-7.15E0));
#676=LINE('',#675,#674);
#677=DIRECTION('',(1.E0,0.E0,0.E0));
#678=VECTOR('',#677,8.700083999996E1);
#679=CARTESIAN_POINT('',(2.597307853434E1,3.103851886661E1,-7.15E0));
#680=LINE('',#679,#678);
#681=DIRECTION('',(0.E0,-1.E0,0.E0));
#682=VECTOR('',#681,2.6E0);
#683=CARTESIAN_POINT('',(2.597307853434E1,3.103851886661E1,-7.15E0));
#684=LINE('',#683,#682);
#685=DIRECTION('',(1.E0,0.E0,0.E0));
#686=VECTOR('',#685,8.700083999996E1);
#687=CARTESIAN_POINT('',(2.597307853434E1,2.443851886661E1,-7.15E0));
#688=LINE('',#687,#686);
#689=DIRECTION('',(0.E0,1.E0,0.E0));
#690=VECTOR('',#689,2.6E0);
#691=CARTESIAN_POINT('',(1.129739185343E2,2.443851886661E1,-7.15E0));
#692=LINE('',#691,#690);
#693=DIRECTION('',(1.E0,0.E0,0.E0));
#694=VECTOR('',#693,8.700083999996E1);
#695=CARTESIAN_POINT('',(2.597307853434E1,2.703851886661E1,-7.15E0));
#696=LINE('',#695,#694);
#697=DIRECTION('',(0.E0,-1.E0,0.E0));
#698=VECTOR('',#697,2.6E0);
#699=CARTESIAN_POINT('',(2.597307853434E1,2.703851886661E1,-7.15E0));
#700=LINE('',#699,#698);
#701=DIRECTION('',(0.E0,-1.E0,0.E0));
#702=VECTOR('',#701,1.4E0);
#703=CARTESIAN_POINT('',(1.051741155343E2,8.443851886661E1,-7.15E0));
#704=LINE('',#703,#702);
#705=DIRECTION('',(1.E0,0.E0,0.E0));
#706=VECTOR('',#705,7.140123399996E1);
#707=CARTESIAN_POINT('',(3.377288153434E1,8.303851886661E1,-7.15E0));
#708=LINE('',#707,#706);
#709=DIRECTION('',(0.E0,-1.E0,0.E0));
#710=VECTOR('',#709,1.4E0);
#711=CARTESIAN_POINT('',(3.377288153434E1,8.443851886661E1,-7.15E0));
#712=LINE('',#711,#710);
#713=DIRECTION('',(0.E0,-1.E0,0.E0));
#714=VECTOR('',#713,6.5E0);
#715=CARTESIAN_POINT('',(2.597307853434E1,8.293851886661E1,-7.15E0));
#716=LINE('',#715,#714);
#717=DIRECTION('',(1.E0,0.E0,0.E0));
#718=VECTOR('',#717,8.700083999996E1);
#719=CARTESIAN_POINT('',(2.597307853434E1,7.643851886661E1,-7.15E0));
#720=LINE('',#719,#718);
#721=DIRECTION('',(0.E0,1.E0,0.E0));
#722=VECTOR('',#721,6.5E0);
#723=CARTESIAN_POINT('',(1.129739185343E2,7.643851886661E1,-7.15E0));
#724=LINE('',#723,#722);
#725=DIRECTION('',(0.E0,1.E0,0.E0));
#726=VECTOR('',#725,6.5E0);
#727=CARTESIAN_POINT('',(1.129739185343E2,1.653851886661E1,-7.15E0));
#728=LINE('',#727,#726);
#729=DIRECTION('',(1.E0,0.E0,0.E0));
#730=VECTOR('',#729,8.700083999996E1);
#731=CARTESIAN_POINT('',(2.597307853434E1,2.303851886661E1,-7.15E0));
#732=LINE('',#731,#730);
#733=DIRECTION('',(0.E0,-1.E0,0.E0));
#734=VECTOR('',#733,6.5E0);
#735=CARTESIAN_POINT('',(2.597307853434E1,2.303851886661E1,-7.15E0));
#736=LINE('',#735,#734);
#737=DIRECTION('',(0.E0,1.E0,0.E0));
#738=VECTOR('',#737,1.4E0);
#739=CARTESIAN_POINT('',(3.377288153434E1,1.503851886661E1,-7.15E0));
#740=LINE('',#739,#738);
#741=DIRECTION('',(-1.E0,0.E0,0.E0));
#742=VECTOR('',#741,7.140123399996E1);
#743=CARTESIAN_POINT('',(1.051741155343E2,1.643851886661E1,-7.15E0));
#744=LINE('',#743,#742);
#745=DIRECTION('',(0.E0,1.E0,0.E0));
#746=VECTOR('',#745,1.4E0);
#747=CARTESIAN_POINT('',(1.051741155343E2,1.503851886661E1,-7.15E0));
#748=LINE('',#747,#746);
#749=DIRECTION('',(1.E0,0.E0,0.E0));
#750=VECTOR('',#749,7.140123399996E1);
#751=CARTESIAN_POINT('',(3.377288153434E1,7.903851886661E1,-7.15E0));
#752=LINE('',#751,#750);
#753=DIRECTION('',(0.E0,-1.E0,0.E0));
#754=VECTOR('',#753,1.4E0);
#755=CARTESIAN_POINT('',(3.377288153434E1,8.043851886661E1,-7.15E0));
#756=LINE('',#755,#754);
#757=DIRECTION('',(1.E0,0.E0,0.E0));
#758=VECTOR('',#757,7.140123399996E1);
#759=CARTESIAN_POINT('',(3.377288153434E1,8.043851886661E1,-7.15E0));
#760=LINE('',#759,#758);
#761=DIRECTION('',(0.E0,1.E0,0.E0));
#762=VECTOR('',#761,1.4E0);
#763=CARTESIAN_POINT('',(1.051741155343E2,7.903851886661E1,-7.15E0));
#764=LINE('',#763,#762);
#765=DIRECTION('',(-1.E0,0.E0,0.E0));
#766=VECTOR('',#765,7.140123399996E1);
#767=CARTESIAN_POINT('',(1.051741155343E2,1.903851886661E1,-7.15E0));
#768=LINE('',#767,#766);
#769=DIRECTION('',(0.E0,-1.E0,0.E0));
#770=VECTOR('',#769,1.4E0);
#771=CARTESIAN_POINT('',(3.377288153434E1,2.043851886661E1,-7.15E0));
#772=LINE('',#771,#770);
#773=DIRECTION('',(1.E0,0.E0,0.E0));
#774=VECTOR('',#773,7.140123399996E1);
#775=CARTESIAN_POINT('',(3.377288153434E1,2.043851886661E1,-7.15E0));
#776=LINE('',#775,#774);
#777=DIRECTION('',(1.015061051086E-14,1.E0,0.E0));
#778=VECTOR('',#777,1.4E0);
#779=CARTESIAN_POINT('',(1.051741155343E2,1.903851886661E1,-7.15E0));
#780=LINE('',#779,#778);
#781=DIRECTION('',(0.E0,0.E0,-1.E0));
#782=VECTOR('',#781,6.45E0);
#783=CARTESIAN_POINT('',(1.115240525343E2,1.823858186661E1,-7.E-1));
#784=LINE('',#783,#782);
#785=DIRECTION('',(0.E0,0.E0,-1.E0));
#786=VECTOR('',#785,6.45E0);
#787=CARTESIAN_POINT('',(1.084240525343E2,1.823858186661E1,-7.E-1));
#788=LINE('',#787,#786);
#789=CARTESIAN_POINT('',(2.897294453434E1,8.123845586661E1,-7.E-1));
#790=DIRECTION('',(0.E0,0.E0,1.E0));
#791=DIRECTION('',(1.E0,0.E0,0.E0));
#792=AXIS2_PLACEMENT_3D('',#789,#790,#791);
#794=CARTESIAN_POINT('',(2.897294453434E1,8.123845586661E1,-7.E-1));
#795=DIRECTION('',(0.E0,0.E0,1.E0));
#796=DIRECTION('',(-1.E0,0.E0,0.E0));
#797=AXIS2_PLACEMENT_3D('',#794,#795,#796);
#799=CARTESIAN_POINT('',(1.099740525343E2,8.123845586661E1,-7.E-1));
#800=DIRECTION('',(0.E0,0.E0,1.E0));
#801=DIRECTION('',(1.E0,0.E0,0.E0));
#802=AXIS2_PLACEMENT_3D('',#799,#800,#801);
#804=CARTESIAN_POINT('',(1.099740525343E2,8.123845586661E1,-7.E-1));
#805=DIRECTION('',(0.E0,0.E0,1.E0));
#806=DIRECTION('',(-1.E0,0.E0,0.E0));
#807=AXIS2_PLACEMENT_3D('',#804,#805,#806);
#809=CARTESIAN_POINT('',(2.897294453434E1,1.823858186661E1,-7.E-1));
#810=DIRECTION('',(0.E0,0.E0,1.E0));
#811=DIRECTION('',(1.E0,0.E0,0.E0));
#812=AXIS2_PLACEMENT_3D('',#809,#810,#811);
#814=CARTESIAN_POINT('',(2.897294453434E1,1.823858186661E1,-7.E-1));
#815=DIRECTION('',(0.E0,0.E0,1.E0));
#816=DIRECTION('',(-1.E0,0.E0,0.E0));
#817=AXIS2_PLACEMENT_3D('',#814,#815,#816);
#819=CARTESIAN_POINT('',(1.099740525343E2,1.823858186661E1,-7.E-1));
#820=DIRECTION('',(0.E0,0.E0,1.E0));
#821=DIRECTION('',(1.E0,0.E0,0.E0));
#822=AXIS2_PLACEMENT_3D('',#819,#820,#821);
#824=CARTESIAN_POINT('',(1.099740525343E2,1.823858186661E1,-7.E-1));
#825=DIRECTION('',(0.E0,0.E0,1.E0));
#826=DIRECTION('',(-1.E0,0.E0,0.E0));
#827=AXIS2_PLACEMENT_3D('',#824,#825,#826);
#829=CARTESIAN_POINT('',(1.099740525343E2,8.123845586661E1,-7.E-1));
#830=DIRECTION('',(0.E0,0.E0,1.E0));
#831=DIRECTION('',(1.E0,0.E0,0.E0));
#832=AXIS2_PLACEMENT_3D('',#829,#830,#831);
#834=CARTESIAN_POINT('',(1.099740525343E2,8.123845586661E1,-7.E-1));
#835=DIRECTION('',(0.E0,0.E0,1.E0));
#836=DIRECTION('',(-1.E0,0.E0,0.E0));
#837=AXIS2_PLACEMENT_3D('',#834,#835,#836);
#839=CARTESIAN_POINT('',(2.897294453434E1,8.123845586661E1,-7.E-1));
#840=DIRECTION('',(0.E0,0.E0,1.E0));
#841=DIRECTION('',(1.E0,0.E0,0.E0));
#842=AXIS2_PLACEMENT_3D('',#839,#840,#841);
#844=CARTESIAN_POINT('',(2.897294453434E1,8.123845586661E1,-7.E-1));
#845=DIRECTION('',(0.E0,0.E0,1.E0));
#846=DIRECTION('',(-1.E0,0.E0,0.E0));
#847=AXIS2_PLACEMENT_3D('',#844,#845,#846);
#849=CARTESIAN_POINT('',(2.897294453434E1,1.823858186661E1,-7.E-1));
#850=DIRECTION('',(0.E0,0.E0,1.E0));
#851=DIRECTION('',(1.E0,0.E0,0.E0));
#852=AXIS2_PLACEMENT_3D('',#849,#850,#851);
#854=CARTESIAN_POINT('',(2.897294453434E1,1.823858186661E1,-7.E-1));
#855=DIRECTION('',(0.E0,0.E0,1.E0));
#856=DIRECTION('',(-1.E0,0.E0,0.E0));
#857=AXIS2_PLACEMENT_3D('',#854,#855,#856);
#859=CARTESIAN_POINT('',(1.099740525343E2,1.823858186661E1,-7.E-1));
#860=DIRECTION('',(0.E0,0.E0,1.E0));
#861=DIRECTION('',(1.E0,0.E0,0.E0));
#862=AXIS2_PLACEMENT_3D('',#859,#860,#861);
#864=CARTESIAN_POINT('',(1.099740525343E2,1.823858186661E1,-7.E-1));
#865=DIRECTION('',(0.E0,0.E0,1.E0));
#866=DIRECTION('',(-1.E0,0.E0,0.E0));
#867=AXIS2_PLACEMENT_3D('',#864,#865,#866);
#869=DIRECTION('',(0.E0,0.E0,1.E0));
#870=VECTOR('',#869,3.25E0);
#871=CARTESIAN_POINT('',(3.147294453434E1,8.123845586661E1,-3.95E0));
#872=LINE('',#871,#870);
#873=CARTESIAN_POINT('',(2.897294453434E1,8.123845586661E1,-3.95E0));
#874=DIRECTION('',(0.E0,0.E0,1.E0));
#875=DIRECTION('',(1.E0,0.E0,0.E0));
#876=AXIS2_PLACEMENT_3D('',#873,#874,#875);
#878=CARTESIAN_POINT('',(2.897294453434E1,8.123845586661E1,-3.95E0));
#879=DIRECTION('',(0.E0,0.E0,1.E0));
#880=DIRECTION('',(-1.E0,0.E0,0.E0));
#881=AXIS2_PLACEMENT_3D('',#878,#879,#880);
#883=CARTESIAN_POINT('',(1.099740525343E2,8.123845586661E1,-3.95E0));
#884=DIRECTION('',(0.E0,0.E0,1.E0));
#885=DIRECTION('',(1.E0,0.E0,0.E0));
#886=AXIS2_PLACEMENT_3D('',#883,#884,#885);
#888=CARTESIAN_POINT('',(1.099740525343E2,8.123845586661E1,-3.95E0));
#889=DIRECTION('',(0.E0,0.E0,1.E0));
#890=DIRECTION('',(-1.E0,0.E0,0.E0));
#891=AXIS2_PLACEMENT_3D('',#888,#889,#890);
#893=CARTESIAN_POINT('',(2.897294453434E1,1.823858186661E1,-3.95E0));
#894=DIRECTION('',(0.E0,0.E0,1.E0));
#895=DIRECTION('',(1.E0,0.E0,0.E0));
#896=AXIS2_PLACEMENT_3D('',#893,#894,#895);
#898=CARTESIAN_POINT('',(2.897294453434E1,1.823858186661E1,-3.95E0));
#899=DIRECTION('',(0.E0,0.E0,1.E0));
#900=DIRECTION('',(-1.E0,0.E0,0.E0));
#901=AXIS2_PLACEMENT_3D('',#898,#899,#900);
#903=CARTESIAN_POINT('',(1.099740525343E2,1.823858186661E1,-3.95E0));
#904=DIRECTION('',(0.E0,0.E0,1.E0));
#905=DIRECTION('',(1.E0,0.E0,0.E0));
#906=AXIS2_PLACEMENT_3D('',#903,#904,#905);
#908=CARTESIAN_POINT('',(1.099740525343E2,1.823858186661E1,-3.95E0));
#909=DIRECTION('',(0.E0,0.E0,1.E0));
#910=DIRECTION('',(-1.E0,0.E0,0.E0));
#911=AXIS2_PLACEMENT_3D('',#908,#909,#910);
#913=DIRECTION('',(1.E0,0.E0,0.E0));
#914=VECTOR('',#913,5.34E1);
#915=CARTESIAN_POINT('',(4.317307853434E1,6.873846186661E1,-3.95E0));
#916=LINE('',#915,#914);
#917=DIRECTION('',(0.E0,-1.E0,0.E0));
#918=VECTOR('',#917,3.7999886E1);
#919=CARTESIAN_POINT('',(4.317307853434E1,6.873846186661E1,-3.95E0));
#920=LINE('',#919,#918);
#921=DIRECTION('',(0.E0,-1.E0,0.E0));
#922=VECTOR('',#921,6.64E1);
#923=CARTESIAN_POINT('',(1.129739185343E2,8.293851886661E1,-3.95E0));
#924=LINE('',#923,#922);
#925=DIRECTION('',(0.E0,1.E0,0.E0));
#926=VECTOR('',#925,6.64E1);
#927=CARTESIAN_POINT('',(2.597307853434E1,1.653851886661E1,-3.95E0));
#928=LINE('',#927,#926);
#929=DIRECTION('',(0.E0,0.E0,1.E0));
#930=VECTOR('',#929,3.25E0);
#931=CARTESIAN_POINT('',(2.647294453434E1,8.123845586661E1,-3.95E0));
#932=LINE('',#931,#930);
#933=DIRECTION('',(0.E0,0.E0,1.E0));
#934=VECTOR('',#933,3.25E0);
#935=CARTESIAN_POINT('',(1.124740525343E2,8.123845586661E1,-3.95E0));
#936=LINE('',#935,#934);
#937=DIRECTION('',(0.E0,0.E0,1.E0));
#938=VECTOR('',#937,3.25E0);
#939=CARTESIAN_POINT('',(1.074740525343E2,8.123845586661E1,-3.95E0));
#940=LINE('',#939,#938);
#941=DIRECTION('',(0.E0,0.E0,1.E0));
#942=VECTOR('',#941,3.25E0);
#943=CARTESIAN_POINT('',(3.147294453434E1,1.823858186661E1,-3.95E0));
#944=LINE('',#943,#942);
#945=DIRECTION('',(0.E0,0.E0,1.E0));
#946=VECTOR('',#945,3.25E0);
#947=CARTESIAN_POINT('',(2.647294453434E1,1.823858186661E1,-3.95E0));
#948=LINE('',#947,#946);
#949=DIRECTION('',(0.E0,0.E0,1.E0));
#950=VECTOR('',#949,3.25E0);
#951=CARTESIAN_POINT('',(1.124740525343E2,1.823858186661E1,-3.95E0));
#952=LINE('',#951,#950);
#953=DIRECTION('',(0.E0,0.E0,1.E0));
#954=VECTOR('',#953,3.25E0);
#955=CARTESIAN_POINT('',(1.074740525343E2,1.823858186661E1,-3.95E0));
#956=LINE('',#955,#954);
#957=DIRECTION('',(1.E0,0.E0,0.E0));
#958=VECTOR('',#957,5.34E1);
#959=CARTESIAN_POINT('',(4.317307853434E1,3.073857586661E1,-2.15E0));
#960=LINE('',#959,#958);
#961=DIRECTION('',(-1.E0,0.E0,0.E0));
#962=VECTOR('',#961,5.34E1);
#963=CARTESIAN_POINT('',(9.657307853434E1,3.073857586661E1,-3.95E0));
#964=LINE('',#963,#962);
#965=DIRECTION('',(0.E0,0.E0,-1.E0));
#966=VECTOR('',#965,1.8E0);
#967=CARTESIAN_POINT('',(4.317307853434E1,3.073857586661E1,-2.15E0));
#968=LINE('',#967,#966);
#969=DIRECTION('',(-1.E0,0.E0,0.E0));
#970=VECTOR('',#969,5.34E1);
#971=CARTESIAN_POINT('',(9.657307853434E1,6.873846186661E1,-2.15E0));
#972=LINE('',#971,#970);
#973=DIRECTION('',(0.E0,-1.E0,0.E0));
#974=VECTOR('',#973,3.7999886E1);
#975=CARTESIAN_POINT('',(9.657307853434E1,6.873846186661E1,-3.95E0));
#976=LINE('',#975,#974);
#977=DIRECTION('',(0.E0,0.E0,-1.E0));
#978=VECTOR('',#977,1.8E0);
#979=CARTESIAN_POINT('',(9.657307853434E1,3.073857586661E1,-2.15E0));
#980=LINE('',#979,#978);
#981=DIRECTION('',(0.E0,1.E0,0.E0));
#982=VECTOR('',#981,3.7999886E1);
#983=CARTESIAN_POINT('',(9.657307853434E1,3.073857586661E1,-2.15E0));
#984=LINE('',#983,#982);
#985=DIRECTION('',(0.E0,0.E0,-1.E0));
#986=VECTOR('',#985,1.8E0);
#987=CARTESIAN_POINT('',(9.657307853434E1,6.873846186661E1,-2.15E0));
#988=LINE('',#987,#986);
#989=DIRECTION('',(0.E0,0.E0,1.E0));
#990=VECTOR('',#989,1.8E0);
#991=CARTESIAN_POINT('',(4.317307853434E1,6.873846186661E1,-3.95E0));
#992=LINE('',#991,#990);
#993=DIRECTION('',(0.E0,-1.E0,0.E0));
#994=VECTOR('',#993,3.7999886E1);
#995=CARTESIAN_POINT('',(4.317307853434E1,6.873846186661E1,-2.15E0));
#996=LINE('',#995,#994);
#997=DIRECTION('',(0.E0,0.E0,1.E0));
#998=VECTOR('',#997,3.2E0);
#999=CARTESIAN_POINT('',(1.114739185343E2,8.443851886661E1,-7.15E0));
#1000=LINE('',#999,#998);
#1001=CARTESIAN_POINT('',(1.114739185343E2,8.293851886661E1,-7.15E0));
#1002=DIRECTION('',(0.E0,0.E0,-1.E0));
#1003=DIRECTION('',(0.E0,1.E0,0.E0));
#1004=AXIS2_PLACEMENT_3D('',#1001,#1002,#1003);
#1006=DIRECTION('',(0.E0,0.E0,1.E0));
#1007=VECTOR('',#1006,3.2E0);
#1008=CARTESIAN_POINT('',(1.129739185343E2,8.293851886661E1,-7.15E0));
#1009=LINE('',#1008,#1007);
#1010=CARTESIAN_POINT('',(1.114739185343E2,8.293851886661E1,-3.95E0));
#1011=DIRECTION('',(0.E0,0.E0,1.E0));
#1012=DIRECTION('',(1.E0,0.E0,0.E0));
#1013=AXIS2_PLACEMENT_3D('',#1010,#1011,#1012);
#1015=DIRECTION('',(0.E0,0.E0,-1.E0));
#1016=VECTOR('',#1015,3.2E0);
#1017=CARTESIAN_POINT('',(1.114739185343E2,1.503851886661E1,-3.95E0));
#1018=LINE('',#1017,#1016);
#1019=CARTESIAN_POINT('',(1.114739185343E2,1.653851886661E1,-3.95E0));
#1020=DIRECTION('',(0.E0,0.E0,1.E0));
#1021=DIRECTION('',(0.E0,-1.E0,0.E0));
#1022=AXIS2_PLACEMENT_3D('',#1019,#1020,#1021);
#1024=DIRECTION('',(0.E0,0.E0,-1.E0));
#1025=VECTOR('',#1024,3.2E0);
#1026=CARTESIAN_POINT('',(1.129739185343E2,1.653851886661E1,-3.95E0));
#1027=LINE('',#1026,#1025);
#1028=CARTESIAN_POINT('',(1.114739185343E2,1.653851886661E1,-7.15E0));
#1029=DIRECTION('',(0.E0,0.E0,-1.E0));
#1030=DIRECTION('',(1.E0,0.E0,0.E0));
#1031=AXIS2_PLACEMENT_3D('',#1028,#1029,#1030);
#1033=DIRECTION('',(1.E0,0.E0,0.E0));
#1034=VECTOR('',#1033,6.940123399996E1);
#1035=CARTESIAN_POINT('',(3.477288153434E1,1.503851886661E1,-3.215E1));
#1036=LINE('',#1035,#1034);
#1037=DIRECTION('',(0.E0,0.E0,-1.E0));
#1038=VECTOR('',#1037,2.4E1);
#1039=CARTESIAN_POINT('',(3.377288153434E1,1.503851886661E1,-7.15E0));
#1040=LINE('',#1039,#1038);
#1041=DIRECTION('',(-1.E0,0.E0,0.E0));
#1042=VECTOR('',#1041,6.299803E0);
#1043=CARTESIAN_POINT('',(3.377288153434E1,1.503851886661E1,-7.15E0));
#1044=LINE('',#1043,#1042);
#1045=DIRECTION('',(1.E0,0.E0,0.E0));
#1046=VECTOR('',#1045,8.400083999996E1);
#1047=CARTESIAN_POINT('',(2.747307853434E1,1.503851886661E1,-3.95E0));
#1048=LINE('',#1047,#1046);
#1049=DIRECTION('',(-1.E0,0.E0,0.E0));
#1050=VECTOR('',#1049,6.299803E0);
#1051=CARTESIAN_POINT('',(1.114739185343E2,1.503851886661E1,-7.15E0));
#1052=LINE('',#1051,#1050);
#1053=DIRECTION('',(0.E0,-1.E0,0.E0));
#1054=VECTOR('',#1053,1.4E0);
#1055=CARTESIAN_POINT('',(3.377288153434E1,1.643851886661E1,-3.115E1));
#1056=LINE('',#1055,#1054);
#1057=DIRECTION('',(7.071067811865E-1,0.E0,-7.071067811865E-1));
#1058=VECTOR('',#1057,1.414213562373E0);
#1059=CARTESIAN_POINT('',(3.377288153434E1,1.503851886661E1,-3.115E1));
#1060=LINE('',#1059,#1058);
#1061=DIRECTION('',(0.E0,-1.E0,0.E0));
#1062=VECTOR('',#1061,1.4E0);
#1063=CARTESIAN_POINT('',(3.477288153434E1,1.643851886661E1,-3.215E1));
#1064=LINE('',#1063,#1062);
#1065=DIRECTION('',(7.071067811865E-1,0.E0,-7.071067811865E-1));
#1066=VECTOR('',#1065,1.414213562373E0);
#1067=CARTESIAN_POINT('',(3.377288153434E1,1.643851886661E1,-3.115E1));
#1068=LINE('',#1067,#1066);
#1069=DIRECTION('',(0.E0,0.E0,-1.E0));
#1070=VECTOR('',#1069,2.4E1);
#1071=CARTESIAN_POINT('',(3.377288153434E1,1.643851886661E1,-7.15E0));
#1072=LINE('',#1071,#1070);
#1073=DIRECTION('',(-1.E0,0.E0,0.E0));
#1074=VECTOR('',#1073,6.940123399996E1);
#1075=CARTESIAN_POINT('',(1.041741155343E2,1.643851886661E1,-3.215E1));
#1076=LINE('',#1075,#1074);
#1077=DIRECTION('',(0.E0,0.E0,-1.E0));
#1078=VECTOR('',#1077,2.4E1);
#1079=CARTESIAN_POINT('',(1.051741155343E2,1.643851886661E1,-7.15E0));
#1080=LINE('',#1079,#1078);
#1081=DIRECTION('',(0.E0,1.E0,0.E0));
#1082=VECTOR('',#1081,1.4E0);
#1083=CARTESIAN_POINT('',(1.051741155343E2,1.503851886661E1,-3.115E1));
#1084=LINE('',#1083,#1082);
#1085=DIRECTION('',(-7.071067811865E-1,0.E0,-7.071067811865E-1));
#1086=VECTOR('',#1085,1.414213562373E0);
#1087=CARTESIAN_POINT('',(1.051741155343E2,1.643851886661E1,-3.115E1));
#1088=LINE('',#1087,#1086);
#1089=DIRECTION('',(0.E0,1.E0,0.E0));
#1090=VECTOR('',#1089,1.4E0);
#1091=CARTESIAN_POINT('',(1.041741155343E2,1.503851886661E1,-3.215E1));
#1092=LINE('',#1091,#1090);
#1093=DIRECTION('',(-7.071067811865E-1,0.E0,-7.071067811865E-1));
#1094=VECTOR('',#1093,1.414213562373E0);
#1095=CARTESIAN_POINT('',(1.051741155343E2,1.503851886661E1,-3.115E1));
#1096=LINE('',#1095,#1094);
#1097=DIRECTION('',(0.E0,0.E0,-1.E0));
#1098=VECTOR('',#1097,2.4E1);
#1099=CARTESIAN_POINT('',(1.051741155343E2,1.503851886661E1,-7.15E0));
#1100=LINE('',#1099,#1098);
#1101=DIRECTION('',(0.E0,0.E0,1.E0));
#1102=VECTOR('',#1101,3.2E0);
#1103=CARTESIAN_POINT('',(2.747307853434E1,1.503851886661E1,-7.15E0));
#1104=LINE('',#1103,#1102);
#1105=CARTESIAN_POINT('',(2.747307853434E1,1.653851886661E1,-7.15E0));
#1106=DIRECTION('',(0.E0,0.E0,-1.E0));
#1107=DIRECTION('',(0.E0,-1.E0,0.E0));
#1108=AXIS2_PLACEMENT_3D('',#1105,#1106,#1107);
#1110=DIRECTION('',(0.E0,0.E0,1.E0));
#1111=VECTOR('',#1110,3.2E0);
#1112=CARTESIAN_POINT('',(2.597307853434E1,1.653851886661E1,-7.15E0));
#1113=LINE('',#1112,#1111);
#1114=CARTESIAN_POINT('',(2.747307853434E1,1.653851886661E1,-3.95E0));
#1115=DIRECTION('',(0.E0,0.E0,1.E0));
#1116=DIRECTION('',(-1.E0,0.E0,0.E0));
#1117=AXIS2_PLACEMENT_3D('',#1114,#1115,#1116);
#1119=DIRECTION('',(0.E0,0.E0,-1.E0));
#1120=VECTOR('',#1119,3.2E0);
#1121=CARTESIAN_POINT('',(2.747307853434E1,8.443851886661E1,-3.95E0));
#1122=LINE('',#1121,#1120);
#1123=CARTESIAN_POINT('',(2.747307853434E1,8.293851886661E1,-3.95E0));
#1124=DIRECTION('',(0.E0,0.E0,1.E0));
#1125=DIRECTION('',(1.184237892934E-14,1.E0,0.E0));
#1126=AXIS2_PLACEMENT_3D('',#1123,#1124,#1125);
#1128=DIRECTION('',(0.E0,0.E0,-1.E0));
#1129=VECTOR('',#1128,3.2E0);
#1130=CARTESIAN_POINT('',(2.597307853434E1,8.293851886661E1,-3.95E0));
#1131=LINE('',#1130,#1129);
#1132=CARTESIAN_POINT('',(2.747307853434E1,8.293851886661E1,-7.15E0));
#1133=DIRECTION('',(0.E0,0.E0,-1.E0));
#1134=DIRECTION('',(-1.E0,0.E0,0.E0));
#1135=AXIS2_PLACEMENT_3D('',#1132,#1133,#1134);
#1137=DIRECTION('',(0.E0,0.E0,-1.E0));
#1138=VECTOR('',#1137,6.45E0);
#1139=CARTESIAN_POINT('',(1.115240525343E2,8.123845586661E1,-7.E-1));
#1140=LINE('',#1139,#1138);
#1141=DIRECTION('',(0.E0,0.E0,-1.E0));
#1142=VECTOR('',#1141,6.45E0);
#1143=CARTESIAN_POINT('',(1.084240525343E2,8.123845586661E1,-7.E-1));
#1144=LINE('',#1143,#1142);
#1145=DIRECTION('',(0.E0,0.E0,-1.E0));
#1146=VECTOR('',#1145,6.45E0);
#1147=CARTESIAN_POINT('',(3.052294453434E1,8.123845586661E1,-7.E-1));
#1148=LINE('',#1147,#1146);
#1149=DIRECTION('',(0.E0,0.E0,-1.E0));
#1150=VECTOR('',#1149,6.45E0);
#1151=CARTESIAN_POINT('',(2.742294453434E1,8.123845586661E1,-7.E-1));
#1152=LINE('',#1151,#1150);
#1153=DIRECTION('',(0.E0,0.E0,-1.E0));
#1154=VECTOR('',#1153,6.45E0);
#1155=CARTESIAN_POINT('',(3.052294453434E1,1.823858186661E1,-7.E-1));
#1156=LINE('',#1155,#1154);
#1157=DIRECTION('',(0.E0,0.E0,-1.E0));
#1158=VECTOR('',#1157,6.45E0);
#1159=CARTESIAN_POINT('',(2.742294453434E1,1.823858186661E1,-7.E-1));
#1160=LINE('',#1159,#1158);
#1161=DIRECTION('',(7.071067811865E-1,0.E0,-7.071067811865E-1));
#1162=VECTOR('',#1161,1.414213562373E0);
#1163=CARTESIAN_POINT('',(2.597307853434E1,5.503851886661E1,-3.115E1));
#1164=LINE('',#1163,#1162);
#1165=DIRECTION('',(0.E0,0.E0,-1.E0));
#1166=VECTOR('',#1165,2.4E1);
#1167=CARTESIAN_POINT('',(1.129739185343E2,5.503851886661E1,-7.15E0));
#1168=LINE('',#1167,#1166);
#1169=DIRECTION('',(7.071067811865E-1,0.E0,7.071067811865E-1));
#1170=VECTOR('',#1169,1.414213562373E0);
#1171=CARTESIAN_POINT('',(1.119739185343E2,5.503851886661E1,-3.215E1));
#1172=LINE('',#1171,#1170);
#1173=DIRECTION('',(-1.E0,0.E0,0.E0));
#1174=VECTOR('',#1173,8.500083999996E1);
#1175=CARTESIAN_POINT('',(1.119739185343E2,5.503851886661E1,-3.215E1));
#1176=LINE('',#1175,#1174);
#1177=DIRECTION('',(7.071067811865E-1,0.E0,-7.071067811865E-1));
#1178=VECTOR('',#1177,1.414213562373E0);
#1179=CARTESIAN_POINT('',(2.597307853434E1,5.243851886661E1,-3.115E1));
#1180=LINE('',#1179,#1178);
#1181=DIRECTION('',(1.E0,0.E0,0.E0));
#1182=VECTOR('',#1181,8.500083999996E1);
#1183=CARTESIAN_POINT('',(2.697307853434E1,5.243851886661E1,-3.215E1));
#1184=LINE('',#1183,#1182);
#1185=DIRECTION('',(7.071067811865E-1,0.E0,7.071067811865E-1));
#1186=VECTOR('',#1185,1.414213562373E0);
#1187=CARTESIAN_POINT('',(1.119739185343E2,5.243851886661E1,-3.215E1));
#1188=LINE('',#1187,#1186);
#1189=DIRECTION('',(0.E0,0.E0,-1.E0));
#1190=VECTOR('',#1189,2.4E1);
#1191=CARTESIAN_POINT('',(2.597307853434E1,5.243851886661E1,-7.15E0));
#1192=LINE('',#1191,#1190);
#1193=DIRECTION('',(7.071067811865E-1,0.E0,-7.071067811865E-1));
#1194=VECTOR('',#1193,1.414213562373E0);
#1195=CARTESIAN_POINT('',(2.597307853434E1,5.903851886661E1,-3.115E1));
#1196=LINE('',#1195,#1194);
#1197=DIRECTION('',(0.E0,0.E0,-1.E0));
#1198=VECTOR('',#1197,2.4E1);
#1199=CARTESIAN_POINT('',(1.129739185343E2,5.903851886661E1,-7.15E0));
#1200=LINE('',#1199,#1198);
#1201=DIRECTION('',(7.071067811865E-1,0.E0,7.071067811865E-1));
#1202=VECTOR('',#1201,1.414213562373E0);
#1203=CARTESIAN_POINT('',(1.119739185343E2,5.903851886661E1,-3.215E1));
#1204=LINE('',#1203,#1202);
#1205=DIRECTION('',(-1.E0,0.E0,0.E0));
#1206=VECTOR('',#1205,8.500083999996E1);
#1207=CARTESIAN_POINT('',(1.119739185343E2,5.903851886661E1,-3.215E1));
#1208=LINE('',#1207,#1206);
#1209=DIRECTION('',(7.071067811865E-1,0.E0,-7.071067811865E-1));
#1210=VECTOR('',#1209,1.414213562373E0);
#1211=CARTESIAN_POINT('',(2.597307853434E1,5.643851886661E1,-3.115E1));
#1212=LINE('',#1211,#1210);
#1213=DIRECTION('',(1.E0,0.E0,0.E0));
#1214=VECTOR('',#1213,8.500083999996E1);
#1215=CARTESIAN_POINT('',(2.697307853434E1,5.643851886661E1,-3.215E1));
#1216=LINE('',#1215,#1214);
#1217=DIRECTION('',(7.071067811865E-1,0.E0,7.071067811865E-1));
#1218=VECTOR('',#1217,1.414213562373E0);
#1219=CARTESIAN_POINT('',(1.119739185343E2,5.643851886661E1,-3.215E1));
#1220=LINE('',#1219,#1218);
#1221=DIRECTION('',(0.E0,0.E0,-1.E0));
#1222=VECTOR('',#1221,2.4E1);
#1223=CARTESIAN_POINT('',(2.597307853434E1,5.643851886661E1,-7.15E0));
#1224=LINE('',#1223,#1222);
#1225=DIRECTION('',(7.071067811865E-1,0.E0,-7.071067811865E-1));
#1226=VECTOR('',#1225,1.414213562373E0);
#1227=CARTESIAN_POINT('',(2.597307853434E1,6.303851886661E1,-3.115E1));
#1228=LINE('',#1227,#1226);
#1229=DIRECTION('',(0.E0,0.E0,-1.E0));
#1230=VECTOR('',#1229,2.4E1);
#1231=CARTESIAN_POINT('',(1.129739185343E2,6.303851886661E1,-7.15E0));
#1232=LINE('',#1231,#1230);
#1233=DIRECTION('',(7.071067811865E-1,0.E0,7.071067811865E-1));
#1234=VECTOR('',#1233,1.414213562373E0);
#1235=CARTESIAN_POINT('',(1.119739185343E2,6.303851886661E1,-3.215E1));
#1236=LINE('',#1235,#1234);
#1237=DIRECTION('',(-1.E0,0.E0,0.E0));
#1238=VECTOR('',#1237,8.500083999996E1);
#1239=CARTESIAN_POINT('',(1.119739185343E2,6.303851886661E1,-3.215E1));
#1240=LINE('',#1239,#1238);
#1241=DIRECTION('',(7.071067811865E-1,0.E0,-7.071067811865E-1));
#1242=VECTOR('',#1241,1.414213562373E0);
#1243=CARTESIAN_POINT('',(2.597307853434E1,6.043851886661E1,-3.115E1));
#1244=LINE('',#1243,#1242);
#1245=DIRECTION('',(1.E0,0.E0,0.E0));
#1246=VECTOR('',#1245,8.500083999996E1);
#1247=CARTESIAN_POINT('',(2.697307853434E1,6.043851886661E1,-3.215E1));
#1248=LINE('',#1247,#1246);
#1249=DIRECTION('',(7.071067811865E-1,0.E0,7.071067811865E-1));
#1250=VECTOR('',#1249,1.414213562373E0);
#1251=CARTESIAN_POINT('',(1.119739185343E2,6.043851886661E1,-3.215E1));
#1252=LINE('',#1251,#1250);
#1253=DIRECTION('',(0.E0,0.E0,-1.E0));
#1254=VECTOR('',#1253,2.4E1);
#1255=CARTESIAN_POINT('',(2.597307853434E1,6.043851886661E1,-7.15E0));
#1256=LINE('',#1255,#1254);
#1257=DIRECTION('',(7.071067811865E-1,0.E0,-7.071067811865E-1));
#1258=VECTOR('',#1257,1.414213562373E0);
#1259=CARTESIAN_POINT('',(2.597307853434E1,6.703851886661E1,-3.115E1));
#1260=LINE('',#1259,#1258);
#1261=DIRECTION('',(0.E0,0.E0,-1.E0));
#1262=VECTOR('',#1261,2.4E1);
#1263=CARTESIAN_POINT('',(1.129739185343E2,6.703851886661E1,-7.15E0));
#1264=LINE('',#1263,#1262);
#1265=DIRECTION('',(7.071067811865E-1,0.E0,7.071067811865E-1));
#1266=VECTOR('',#1265,1.414213562373E0);
#1267=CARTESIAN_POINT('',(1.119739185343E2,6.703851886661E1,-3.215E1));
#1268=LINE('',#1267,#1266);
#1269=DIRECTION('',(-1.E0,0.E0,0.E0));
#1270=VECTOR('',#1269,8.500083999996E1);
#1271=CARTESIAN_POINT('',(1.119739185343E2,6.703851886661E1,-3.215E1));
#1272=LINE('',#1271,#1270);
#1273=DIRECTION('',(7.071067811865E-1,0.E0,-7.071067811865E-1));
#1274=VECTOR('',#1273,1.414213562373E0);
#1275=CARTESIAN_POINT('',(2.597307853434E1,6.443851886661E1,-3.115E1));
#1276=LINE('',#1275,#1274);
#1277=DIRECTION('',(1.E0,0.E0,0.E0));
#1278=VECTOR('',#1277,8.500083999996E1);
#1279=CARTESIAN_POINT('',(2.697307853434E1,6.443851886661E1,-3.215E1));
#1280=LINE('',#1279,#1278);
#1281=DIRECTION('',(7.071067811865E-1,0.E0,7.071067811865E-1));
#1282=VECTOR('',#1281,1.414213562373E0);
#1283=CARTESIAN_POINT('',(1.119739185343E2,6.443851886661E1,-3.215E1));
#1284=LINE('',#1283,#1282);
#1285=DIRECTION('',(0.E0,0.E0,-1.E0));
#1286=VECTOR('',#1285,2.4E1);
#1287=CARTESIAN_POINT('',(2.597307853434E1,6.443851886661E1,-7.15E0));
#1288=LINE('',#1287,#1286);
#1289=DIRECTION('',(7.071067811865E-1,0.E0,-7.071067811865E-1));
#1290=VECTOR('',#1289,1.414213562373E0);
#1291=CARTESIAN_POINT('',(2.597307853434E1,7.103851886661E1,-3.115E1));
#1292=LINE('',#1291,#1290);
#1293=DIRECTION('',(0.E0,0.E0,-1.E0));
#1294=VECTOR('',#1293,2.4E1);
#1295=CARTESIAN_POINT('',(1.129739185343E2,7.103851886661E1,-7.15E0));
#1296=LINE('',#1295,#1294);
#1297=DIRECTION('',(7.071067811865E-1,0.E0,7.071067811865E-1));
#1298=VECTOR('',#1297,1.414213562373E0);
#1299=CARTESIAN_POINT('',(1.119739185343E2,7.103851886661E1,-3.215E1));
#1300=LINE('',#1299,#1298);
#1301=DIRECTION('',(-1.E0,0.E0,0.E0));
#1302=VECTOR('',#1301,8.500083999996E1);
#1303=CARTESIAN_POINT('',(1.119739185343E2,7.103851886661E1,-3.215E1));
#1304=LINE('',#1303,#1302);
#1305=DIRECTION('',(7.071067811865E-1,0.E0,-7.071067811865E-1));
#1306=VECTOR('',#1305,1.414213562373E0);
#1307=CARTESIAN_POINT('',(2.597307853434E1,6.843851886661E1,-3.115E1));
#1308=LINE('',#1307,#1306);
#1309=DIRECTION('',(1.E0,0.E0,0.E0));
#1310=VECTOR('',#1309,8.500083999996E1);
#1311=CARTESIAN_POINT('',(2.697307853434E1,6.843851886661E1,-3.215E1));
#1312=LINE('',#1311,#1310);
#1313=DIRECTION('',(7.071067811865E-1,0.E0,7.071067811865E-1));
#1314=VECTOR('',#1313,1.414213562373E0);
#1315=CARTESIAN_POINT('',(1.119739185343E2,6.843851886661E1,-3.215E1));
#1316=LINE('',#1315,#1314);
#1317=DIRECTION('',(0.E0,0.E0,-1.E0));
#1318=VECTOR('',#1317,2.4E1);
#1319=CARTESIAN_POINT('',(2.597307853434E1,6.843851886661E1,-7.15E0));
#1320=LINE('',#1319,#1318);
#1321=DIRECTION('',(7.071067811865E-1,0.E0,-7.071067811865E-1));
#1322=VECTOR('',#1321,1.414213562373E0);
#1323=CARTESIAN_POINT('',(2.597307853434E1,7.503851886661E1,-3.115E1));
#1324=LINE('',#1323,#1322);
#1325=DIRECTION('',(0.E0,0.E0,-1.E0));
#1326=VECTOR('',#1325,2.4E1);
#1327=CARTESIAN_POINT('',(1.129739185343E2,7.503851886661E1,-7.15E0));
#1328=LINE('',#1327,#1326);
#1329=DIRECTION('',(7.071067811865E-1,0.E0,7.071067811865E-1));
#1330=VECTOR('',#1329,1.414213562373E0);
#1331=CARTESIAN_POINT('',(1.119739185343E2,7.503851886661E1,-3.215E1));
#1332=LINE('',#1331,#1330);
#1333=DIRECTION('',(-1.E0,0.E0,0.E0));
#1334=VECTOR('',#1333,8.500083999996E1);
#1335=CARTESIAN_POINT('',(1.119739185343E2,7.503851886661E1,-3.215E1));
#1336=LINE('',#1335,#1334);
#1337=DIRECTION('',(7.071067811865E-1,0.E0,-7.071067811865E-1));
#1338=VECTOR('',#1337,1.414213562373E0);
#1339=CARTESIAN_POINT('',(2.597307853434E1,7.243851886661E1,-3.115E1));
#1340=LINE('',#1339,#1338);
#1341=DIRECTION('',(1.E0,0.E0,0.E0));
#1342=VECTOR('',#1341,8.500083999996E1);
#1343=CARTESIAN_POINT('',(2.697307853434E1,7.243851886661E1,-3.215E1));
#1344=LINE('',#1343,#1342);
#1345=DIRECTION('',(7.071067811865E-1,0.E0,7.071067811865E-1));
#1346=VECTOR('',#1345,1.414213562373E0);
#1347=CARTESIAN_POINT('',(1.119739185343E2,7.243851886661E1,-3.215E1));
#1348=LINE('',#1347,#1346);
#1349=DIRECTION('',(0.E0,0.E0,-1.E0));
#1350=VECTOR('',#1349,2.4E1);
#1351=CARTESIAN_POINT('',(2.597307853434E1,7.243851886661E1,-7.15E0));
#1352=LINE('',#1351,#1350);
#1353=DIRECTION('',(7.071067811865E-1,0.E0,-7.071067811865E-1));
#1354=VECTOR('',#1353,1.414213562373E0);
#1355=CARTESIAN_POINT('',(2.597307853434E1,4.843851886661E1,-3.115E1));
#1356=LINE('',#1355,#1354);
#1357=DIRECTION('',(1.E0,0.E0,0.E0));
#1358=VECTOR('',#1357,8.500083999996E1);
#1359=CARTESIAN_POINT('',(2.697307853434E1,4.843851886661E1,-3.215E1));
#1360=LINE('',#1359,#1358);
#1361=DIRECTION('',(7.071067811865E-1,0.E0,7.071067811865E-1));
#1362=VECTOR('',#1361,1.414213562373E0);
#1363=CARTESIAN_POINT('',(1.119739185343E2,4.843851886661E1,-3.215E1));
#1364=LINE('',#1363,#1362);
#1365=DIRECTION('',(0.E0,0.E0,-1.E0));
#1366=VECTOR('',#1365,2.4E1);
#1367=CARTESIAN_POINT('',(2.597307853434E1,4.843851886661E1,-7.15E0));
#1368=LINE('',#1367,#1366);
#1369=DIRECTION('',(7.071067811865E-1,0.E0,-7.071067811865E-1));
#1370=VECTOR('',#1369,1.414213562373E0);
#1371=CARTESIAN_POINT('',(2.597307853434E1,5.103851886661E1,-3.115E1));
#1372=LINE('',#1371,#1370);
#1373=DIRECTION('',(0.E0,0.E0,-1.E0));
#1374=VECTOR('',#1373,2.4E1);
#1375=CARTESIAN_POINT('',(1.129739185343E2,5.103851886661E1,-7.15E0));
#1376=LINE('',#1375,#1374);
#1377=DIRECTION('',(7.071067811865E-1,0.E0,7.071067811865E-1));
#1378=VECTOR('',#1377,1.414213562373E0);
#1379=CARTESIAN_POINT('',(1.119739185343E2,5.103851886661E1,-3.215E1));
#1380=LINE('',#1379,#1378);
#1381=DIRECTION('',(-1.E0,0.E0,0.E0));
#1382=VECTOR('',#1381,8.500083999996E1);
#1383=CARTESIAN_POINT('',(1.119739185343E2,5.103851886661E1,-3.215E1));
#1384=LINE('',#1383,#1382);
#1385=DIRECTION('',(7.071067811865E-1,0.E0,-7.071067811865E-1));
#1386=VECTOR('',#1385,1.414213562373E0);
#1387=CARTESIAN_POINT('',(2.597307853434E1,4.443851886661E1,-3.115E1));
#1388=LINE('',#1387,#1386);
#1389=DIRECTION('',(1.E0,0.E0,0.E0));
#1390=VECTOR('',#1389,8.500083999996E1);
#1391=CARTESIAN_POINT('',(2.697307853434E1,4.443851886661E1,-3.215E1));
#1392=LINE('',#1391,#1390);
#1393=DIRECTION('',(7.071067811865E-1,0.E0,7.071067811865E-1));
#1394=VECTOR('',#1393,1.414213562373E0);
#1395=CARTESIAN_POINT('',(1.119739185343E2,4.443851886661E1,-3.215E1));
#1396=LINE('',#1395,#1394);
#1397=DIRECTION('',(0.E0,0.E0,-1.E0));
#1398=VECTOR('',#1397,2.4E1);
#1399=CARTESIAN_POINT('',(2.597307853434E1,4.443851886661E1,-7.15E0));
#1400=LINE('',#1399,#1398);
#1401=DIRECTION('',(7.071067811865E-1,0.E0,-7.071067811865E-1));
#1402=VECTOR('',#1401,1.414213562373E0);
#1403=CARTESIAN_POINT('',(2.597307853434E1,4.703851886661E1,-3.115E1));
#1404=LINE('',#1403,#1402);
#1405=DIRECTION('',(0.E0,0.E0,-1.E0));
#1406=VECTOR('',#1405,2.4E1);
#1407=CARTESIAN_POINT('',(1.129739185343E2,4.703851886661E1,-7.15E0));
#1408=LINE('',#1407,#1406);
#1409=DIRECTION('',(7.071067811865E-1,0.E0,7.071067811865E-1));
#1410=VECTOR('',#1409,1.414213562373E0);
#1411=CARTESIAN_POINT('',(1.119739185343E2,4.703851886661E1,-3.215E1));
#1412=LINE('',#1411,#1410);
#1413=DIRECTION('',(-1.E0,0.E0,0.E0));
#1414=VECTOR('',#1413,8.500083999996E1);
#1415=CARTESIAN_POINT('',(1.119739185343E2,4.703851886661E1,-3.215E1));
#1416=LINE('',#1415,#1414);
#1417=DIRECTION('',(7.071067811865E-1,0.E0,-7.071067811865E-1));
#1418=VECTOR('',#1417,1.414213562373E0);
#1419=CARTESIAN_POINT('',(2.597307853434E1,4.043851886661E1,-3.115E1));
#1420=LINE('',#1419,#1418);
#1421=DIRECTION('',(1.E0,0.E0,0.E0));
#1422=VECTOR('',#1421,8.500083999996E1);
#1423=CARTESIAN_POINT('',(2.697307853434E1,4.043851886661E1,-3.215E1));
#1424=LINE('',#1423,#1422);
#1425=DIRECTION('',(7.071067811865E-1,0.E0,7.071067811865E-1));
#1426=VECTOR('',#1425,1.414213562373E0);
#1427=CARTESIAN_POINT('',(1.119739185343E2,4.043851886661E1,-3.215E1));
#1428=LINE('',#1427,#1426);
#1429=DIRECTION('',(0.E0,0.E0,-1.E0));
#1430=VECTOR('',#1429,2.4E1);
#1431=CARTESIAN_POINT('',(2.597307853434E1,4.043851886661E1,-7.15E0));
#1432=LINE('',#1431,#1430);
#1433=DIRECTION('',(7.071067811865E-1,0.E0,-7.071067811865E-1));
#1434=VECTOR('',#1433,1.414213562373E0);
#1435=CARTESIAN_POINT('',(2.597307853434E1,4.303851886661E1,-3.115E1));
#1436=LINE('',#1435,#1434);
#1437=DIRECTION('',(0.E0,0.E0,-1.E0));
#1438=VECTOR('',#1437,2.4E1);
#1439=CARTESIAN_POINT('',(1.129739185343E2,4.303851886661E1,-7.15E0));
#1440=LINE('',#1439,#1438);
#1441=DIRECTION('',(7.071067811865E-1,0.E0,7.071067811865E-1));
#1442=VECTOR('',#1441,1.414213562373E0);
#1443=CARTESIAN_POINT('',(1.119739185343E2,4.303851886661E1,-3.215E1));
#1444=LINE('',#1443,#1442);
#1445=DIRECTION('',(-1.E0,0.E0,0.E0));
#1446=VECTOR('',#1445,8.500083999996E1);
#1447=CARTESIAN_POINT('',(1.119739185343E2,4.303851886661E1,-3.215E1));
#1448=LINE('',#1447,#1446);
#1449=DIRECTION('',(7.071067811865E-1,0.E0,-7.071067811865E-1));
#1450=VECTOR('',#1449,1.414213562373E0);
#1451=CARTESIAN_POINT('',(2.597307853434E1,3.643851886661E1,-3.115E1));
#1452=LINE('',#1451,#1450);
#1453=DIRECTION('',(1.E0,0.E0,0.E0));
#1454=VECTOR('',#1453,8.500083999996E1);
#1455=CARTESIAN_POINT('',(2.697307853434E1,3.643851886661E1,-3.215E1));
#1456=LINE('',#1455,#1454);
#1457=DIRECTION('',(7.071067811865E-1,0.E0,7.071067811865E-1));
#1458=VECTOR('',#1457,1.414213562373E0);
#1459=CARTESIAN_POINT('',(1.119739185343E2,3.643851886661E1,-3.215E1));
#1460=LINE('',#1459,#1458);
#1461=DIRECTION('',(0.E0,0.E0,-1.E0));
#1462=VECTOR('',#1461,2.4E1);
#1463=CARTESIAN_POINT('',(2.597307853434E1,3.643851886661E1,-7.15E0));
#1464=LINE('',#1463,#1462);
#1465=DIRECTION('',(7.071067811865E-1,0.E0,-7.071067811865E-1));
#1466=VECTOR('',#1465,1.414213562373E0);
#1467=CARTESIAN_POINT('',(2.597307853434E1,3.903851886661E1,-3.115E1));
#1468=LINE('',#1467,#1466);
#1469=DIRECTION('',(0.E0,0.E0,-1.E0));
#1470=VECTOR('',#1469,2.4E1);
#1471=CARTESIAN_POINT('',(1.129739185343E2,3.903851886661E1,-7.15E0));
#1472=LINE('',#1471,#1470);
#1473=DIRECTION('',(7.071067811865E-1,0.E0,7.071067811865E-1));
#1474=VECTOR('',#1473,1.414213562373E0);
#1475=CARTESIAN_POINT('',(1.119739185343E2,3.903851886661E1,-3.215E1));
#1476=LINE('',#1475,#1474);
#1477=DIRECTION('',(-1.E0,0.E0,0.E0));
#1478=VECTOR('',#1477,8.500083999996E1);
#1479=CARTESIAN_POINT('',(1.119739185343E2,3.903851886661E1,-3.215E1));
#1480=LINE('',#1479,#1478);
#1481=DIRECTION('',(7.071067811865E-1,0.E0,-7.071067811865E-1));
#1482=VECTOR('',#1481,1.414213562373E0);
#1483=CARTESIAN_POINT('',(2.597307853434E1,3.243851886661E1,-3.115E1));
#1484=LINE('',#1483,#1482);
#1485=DIRECTION('',(1.E0,0.E0,0.E0));
#1486=VECTOR('',#1485,8.500083999996E1);
#1487=CARTESIAN_POINT('',(2.697307853434E1,3.243851886661E1,-3.215E1));
#1488=LINE('',#1487,#1486);
#1489=DIRECTION('',(7.071067811865E-1,0.E0,7.071067811865E-1));
#1490=VECTOR('',#1489,1.414213562373E0);
#1491=CARTESIAN_POINT('',(1.119739185343E2,3.243851886661E1,-3.215E1));
#1492=LINE('',#1491,#1490);
#1493=DIRECTION('',(0.E0,0.E0,-1.E0));
#1494=VECTOR('',#1493,2.4E1);
#1495=CARTESIAN_POINT('',(2.597307853434E1,3.243851886661E1,-7.15E0));
#1496=LINE('',#1495,#1494);
#1497=DIRECTION('',(7.071067811865E-1,0.E0,-7.071067811865E-1));
#1498=VECTOR('',#1497,1.414213562373E0);
#1499=CARTESIAN_POINT('',(2.597307853434E1,3.503851886661E1,-3.115E1));
#1500=LINE('',#1499,#1498);
#1501=DIRECTION('',(0.E0,0.E0,-1.E0));
#1502=VECTOR('',#1501,2.4E1);
#1503=CARTESIAN_POINT('',(1.129739185343E2,3.503851886661E1,-7.15E0));
#1504=LINE('',#1503,#1502);
#1505=DIRECTION('',(7.071067811865E-1,0.E0,7.071067811865E-1));
#1506=VECTOR('',#1505,1.414213562373E0);
#1507=CARTESIAN_POINT('',(1.119739185343E2,3.503851886661E1,-3.215E1));
#1508=LINE('',#1507,#1506);
#1509=DIRECTION('',(-1.E0,0.E0,0.E0));
#1510=VECTOR('',#1509,8.500083999996E1);
#1511=CARTESIAN_POINT('',(1.119739185343E2,3.503851886661E1,-3.215E1));
#1512=LINE('',#1511,#1510);
#1513=DIRECTION('',(7.071067811865E-1,0.E0,-7.071067811865E-1));
#1514=VECTOR('',#1513,1.414213562373E0);
#1515=CARTESIAN_POINT('',(2.597307853434E1,2.843851886661E1,-3.115E1));
#1516=LINE('',#1515,#1514);
#1517=DIRECTION('',(1.E0,0.E0,0.E0));
#1518=VECTOR('',#1517,8.500083999996E1);
#1519=CARTESIAN_POINT('',(2.697307853434E1,2.843851886661E1,-3.215E1));
#1520=LINE('',#1519,#1518);
#1521=DIRECTION('',(7.071067811865E-1,0.E0,7.071067811865E-1));
#1522=VECTOR('',#1521,1.414213562373E0);
#1523=CARTESIAN_POINT('',(1.119739185343E2,2.843851886661E1,-3.215E1));
#1524=LINE('',#1523,#1522);
#1525=DIRECTION('',(0.E0,0.E0,-1.E0));
#1526=VECTOR('',#1525,2.4E1);
#1527=CARTESIAN_POINT('',(2.597307853434E1,2.843851886661E1,-7.15E0));
#1528=LINE('',#1527,#1526);
#1529=DIRECTION('',(7.071067811865E-1,0.E0,-7.071067811865E-1));
#1530=VECTOR('',#1529,1.414213562373E0);
#1531=CARTESIAN_POINT('',(2.597307853434E1,3.103851886661E1,-3.115E1));
#1532=LINE('',#1531,#1530);
#1533=DIRECTION('',(0.E0,0.E0,-1.E0));
#1534=VECTOR('',#1533,2.4E1);
#1535=CARTESIAN_POINT('',(1.129739185343E2,3.103851886661E1,-7.15E0));
#1536=LINE('',#1535,#1534);
#1537=DIRECTION('',(7.071067811865E-1,0.E0,7.071067811865E-1));
#1538=VECTOR('',#1537,1.414213562373E0);
#1539=CARTESIAN_POINT('',(1.119739185343E2,3.103851886661E1,-3.215E1));
#1540=LINE('',#1539,#1538);
#1541=DIRECTION('',(-1.E0,0.E0,0.E0));
#1542=VECTOR('',#1541,8.500083999996E1);
#1543=CARTESIAN_POINT('',(1.119739185343E2,3.103851886661E1,-3.215E1));
#1544=LINE('',#1543,#1542);
#1545=DIRECTION('',(7.071067811865E-1,0.E0,-7.071067811865E-1));
#1546=VECTOR('',#1545,1.414213562373E0);
#1547=CARTESIAN_POINT('',(2.597307853434E1,2.703851886661E1,-3.115E1));
#1548=LINE('',#1547,#1546);
#1549=DIRECTION('',(0.E0,0.E0,-1.E0));
#1550=VECTOR('',#1549,2.4E1);
#1551=CARTESIAN_POINT('',(1.129739185343E2,2.703851886661E1,-7.15E0));
#1552=LINE('',#1551,#1550);
#1553=DIRECTION('',(7.071067811865E-1,0.E0,7.071067811865E-1));
#1554=VECTOR('',#1553,1.414213562373E0);
#1555=CARTESIAN_POINT('',(1.119739185343E2,2.703851886661E1,-3.215E1));
#1556=LINE('',#1555,#1554);
#1557=DIRECTION('',(-1.E0,0.E0,0.E0));
#1558=VECTOR('',#1557,8.500083999996E1);
#1559=CARTESIAN_POINT('',(1.119739185343E2,2.703851886661E1,-3.215E1));
#1560=LINE('',#1559,#1558);
#1561=DIRECTION('',(0.E0,0.E0,-1.E0));
#1562=VECTOR('',#1561,2.4E1);
#1563=CARTESIAN_POINT('',(3.377288153434E1,7.903851886661E1,-7.15E0));
#1564=LINE('',#1563,#1562);
#1565=DIRECTION('',(0.E0,0.E0,-1.E0));
#1566=VECTOR('',#1565,2.4E1);
#1567=CARTESIAN_POINT('',(1.051741155343E2,7.903851886661E1,-7.15E0));
#1568=LINE('',#1567,#1566);
#1569=DIRECTION('',(-1.E0,0.E0,0.E0));
#1570=VECTOR('',#1569,6.940123399996E1);
#1571=CARTESIAN_POINT('',(1.041741155343E2,7.903851886661E1,-3.215E1));
#1572=LINE('',#1571,#1570);
#1573=DIRECTION('',(0.E0,-1.E0,0.E0));
#1574=VECTOR('',#1573,1.4E0);
#1575=CARTESIAN_POINT('',(3.477288153434E1,8.043851886661E1,-3.215E1));
#1576=LINE('',#1575,#1574);
#1577=DIRECTION('',(-7.071067811865E-1,0.E0,7.071067811865E-1));
#1578=VECTOR('',#1577,1.414213562373E0);
#1579=CARTESIAN_POINT('',(3.477288153434E1,8.043851886661E1,-3.215E1));
#1580=LINE('',#1579,#1578);
#1581=DIRECTION('',(0.E0,-1.E0,0.E0));
#1582=VECTOR('',#1581,1.4E0);
#1583=CARTESIAN_POINT('',(3.377288153434E1,8.043851886661E1,-3.115E1));
#1584=LINE('',#1583,#1582);
#1585=DIRECTION('',(-7.071067811865E-1,0.E0,7.071067811865E-1));
#1586=VECTOR('',#1585,1.414213562373E0);
#1587=CARTESIAN_POINT('',(3.477288153434E1,7.903851886661E1,-3.215E1));
#1588=LINE('',#1587,#1586);
#1589=DIRECTION('',(0.E0,0.E0,-1.E0));
#1590=VECTOR('',#1589,2.4E1);
#1591=CARTESIAN_POINT('',(3.377288153434E1,8.043851886661E1,-7.15E0));
#1592=LINE('',#1591,#1590);
#1593=DIRECTION('',(1.E0,0.E0,0.E0));
#1594=VECTOR('',#1593,6.940123399996E1);
#1595=CARTESIAN_POINT('',(3.477288153434E1,8.043851886661E1,-3.215E1));
#1596=LINE('',#1595,#1594);
#1597=DIRECTION('',(0.E0,0.E0,-1.E0));
#1598=VECTOR('',#1597,2.4E1);
#1599=CARTESIAN_POINT('',(1.051741155343E2,8.043851886661E1,-7.15E0));
#1600=LINE('',#1599,#1598);
#1601=DIRECTION('',(-1.015061051086E-14,-1.E0,0.E0));
#1602=VECTOR('',#1601,1.4E0);
#1603=CARTESIAN_POINT('',(1.041741155343E2,8.043851886661E1,-3.215E1));
#1604=LINE('',#1603,#1602);
#1605=DIRECTION('',(7.071067811865E-1,0.E0,7.071067811865E-1));
#1606=VECTOR('',#1605,1.414213562373E0);
#1607=CARTESIAN_POINT('',(1.041741155343E2,7.903851886661E1,-3.215E1));
#1608=LINE('',#1607,#1606);
#1609=DIRECTION('',(0.E0,-1.E0,0.E0));
#1610=VECTOR('',#1609,1.4E0);
#1611=CARTESIAN_POINT('',(1.051741155343E2,8.043851886661E1,-3.115E1));
#1612=LINE('',#1611,#1610);
#1613=DIRECTION('',(7.071067811865E-1,0.E0,7.071067811865E-1));
#1614=VECTOR('',#1613,1.414213562373E0);
#1615=CARTESIAN_POINT('',(1.041741155343E2,8.043851886661E1,-3.215E1));
#1616=LINE('',#1615,#1614);
#1617=DIRECTION('',(0.E0,0.E0,-1.E0));
#1618=VECTOR('',#1617,2.4E1);
#1619=CARTESIAN_POINT('',(1.051741155343E2,1.903851886661E1,-7.15E0));
#1620=LINE('',#1619,#1618);
#1621=DIRECTION('',(-1.E0,0.E0,0.E0));
#1622=VECTOR('',#1621,6.940123399996E1);
#1623=CARTESIAN_POINT('',(1.041741155343E2,1.903851886661E1,-3.215E1));
#1624=LINE('',#1623,#1622);
#1625=DIRECTION('',(0.E0,0.E0,-1.E0));
#1626=VECTOR('',#1625,2.4E1);
#1627=CARTESIAN_POINT('',(3.377288153434E1,1.903851886661E1,-7.15E0));
#1628=LINE('',#1627,#1626);
#1629=DIRECTION('',(0.E0,0.E0,-1.E0));
#1630=VECTOR('',#1629,2.4E1);
#1631=CARTESIAN_POINT('',(1.051741155343E2,2.043851886661E1,-7.15E0));
#1632=LINE('',#1631,#1630);
#1633=DIRECTION('',(0.E0,0.E0,-1.E0));
#1634=VECTOR('',#1633,2.4E1);
#1635=CARTESIAN_POINT('',(3.377288153434E1,2.043851886661E1,-7.15E0));
#1636=LINE('',#1635,#1634);
#1637=DIRECTION('',(1.E0,0.E0,0.E0));
#1638=VECTOR('',#1637,6.940123399996E1);
#1639=CARTESIAN_POINT('',(3.477288153434E1,2.043851886661E1,-3.215E1));
#1640=LINE('',#1639,#1638);
#1641=DIRECTION('',(0.E0,-1.E0,0.E0));
#1642=VECTOR('',#1641,1.4E0);
#1643=CARTESIAN_POINT('',(3.477288153434E1,2.043851886661E1,-3.215E1));
#1644=LINE('',#1643,#1642);
#1645=DIRECTION('',(-7.071067811865E-1,0.E0,7.071067811865E-1));
#1646=VECTOR('',#1645,1.414213562373E0);
#1647=CARTESIAN_POINT('',(3.477288153434E1,2.043851886661E1,-3.215E1));
#1648=LINE('',#1647,#1646);
#1649=DIRECTION('',(0.E0,-1.E0,0.E0));
#1650=VECTOR('',#1649,1.4E0);
#1651=CARTESIAN_POINT('',(3.377288153434E1,2.043851886661E1,-3.115E1));
#1652=LINE('',#1651,#1650);
#1653=DIRECTION('',(-7.071067811865E-1,0.E0,7.071067811865E-1));
#1654=VECTOR('',#1653,1.414213562373E0);
#1655=CARTESIAN_POINT('',(3.477288153434E1,1.903851886661E1,-3.215E1));
#1656=LINE('',#1655,#1654);
#1657=DIRECTION('',(0.E0,1.E0,0.E0));
#1658=VECTOR('',#1657,1.4E0);
#1659=CARTESIAN_POINT('',(1.041741155343E2,1.903851886661E1,-3.215E1));
#1660=LINE('',#1659,#1658);
#1661=DIRECTION('',(7.071067811865E-1,0.E0,7.071067811865E-1));
#1662=VECTOR('',#1661,1.414213562373E0);
#1663=CARTESIAN_POINT('',(1.041741155343E2,1.903851886661E1,-3.215E1));
#1664=LINE('',#1663,#1662);
#1665=DIRECTION('',(1.015061051086E-14,1.E0,0.E0));
#1666=VECTOR('',#1665,1.4E0);
#1667=CARTESIAN_POINT('',(1.051741155343E2,1.903851886661E1,-3.115E1));
#1668=LINE('',#1667,#1666);
#1669=DIRECTION('',(7.071067811865E-1,0.E0,7.071067811865E-1));
#1670=VECTOR('',#1669,1.414213562373E0);
#1671=CARTESIAN_POINT('',(1.041741155343E2,2.043851886661E1,-3.215E1));
#1672=LINE('',#1671,#1670);
#1673=CARTESIAN_POINT('',(4.317307853434E1,6.873846186661E1,-3.95E0));
#1674=CARTESIAN_POINT('',(9.657307853434E1,6.873846186661E1,-3.95E0));
#1675=VERTEX_POINT('',#1673);
#1676=VERTEX_POINT('',#1674);
#1677=CARTESIAN_POINT('',(4.317307853434E1,3.073857586661E1,-3.95E0));
#1678=VERTEX_POINT('',#1677);
#1679=CARTESIAN_POINT('',(3.147294453434E1,8.123845586661E1,-3.95E0));
#1680=CARTESIAN_POINT('',(2.647294453434E1,8.123845586661E1,-3.95E0));
#1681=VERTEX_POINT('',#1679);
#1682=VERTEX_POINT('',#1680);
#1683=CARTESIAN_POINT('',(1.124740525343E2,8.123845586661E1,-3.95E0));
#1684=CARTESIAN_POINT('',(1.074740525343E2,8.123845586661E1,-3.95E0));
#1685=VERTEX_POINT('',#1683);
#1686=VERTEX_POINT('',#1684);
#1687=CARTESIAN_POINT('',(3.147294453434E1,1.823858186661E1,-3.95E0));
#1688=CARTESIAN_POINT('',(2.647294453434E1,1.823858186661E1,-3.95E0));
#1689=VERTEX_POINT('',#1687);
#1690=VERTEX_POINT('',#1688);
#1691=CARTESIAN_POINT('',(1.124740525343E2,1.823858186661E1,-3.95E0));
#1692=CARTESIAN_POINT('',(1.074740525343E2,1.823858186661E1,-3.95E0));
#1693=VERTEX_POINT('',#1691);
#1694=VERTEX_POINT('',#1692);
#1695=CARTESIAN_POINT('',(9.657307853434E1,6.873846186661E1,-2.15E0));
#1696=VERTEX_POINT('',#1695);
#1697=CARTESIAN_POINT('',(4.317307853434E1,3.073857586661E1,-2.15E0));
#1698=VERTEX_POINT('',#1697);
#1699=CARTESIAN_POINT('',(4.317307853434E1,6.873846186661E1,-2.15E0));
#1700=VERTEX_POINT('',#1699);
#1701=CARTESIAN_POINT('',(9.657307853434E1,3.073857586661E1,-2.15E0));
#1702=CARTESIAN_POINT('',(9.657307853434E1,3.073857586661E1,-3.95E0));
#1703=VERTEX_POINT('',#1701);
#1704=VERTEX_POINT('',#1702);
#1705=CARTESIAN_POINT('',(1.129739185343E2,8.293851886661E1,-3.95E0));
#1706=CARTESIAN_POINT('',(1.114739185343E2,8.443851886661E1,-3.95E0));
#1707=VERTEX_POINT('',#1705);
#1708=VERTEX_POINT('',#1706);
#1709=CARTESIAN_POINT('',(1.114739185343E2,1.503851886661E1,-3.95E0));
#1710=CARTESIAN_POINT('',(1.129739185343E2,1.653851886661E1,-3.95E0));
#1711=VERTEX_POINT('',#1709);
#1712=VERTEX_POINT('',#1710);
#1713=CARTESIAN_POINT('',(2.597307853434E1,1.653851886661E1,-3.95E0));
#1714=CARTESIAN_POINT('',(2.747307853434E1,1.503851886661E1,-3.95E0));
#1715=VERTEX_POINT('',#1713);
#1716=VERTEX_POINT('',#1714);
#1717=CARTESIAN_POINT('',(2.747307853434E1,8.443851886661E1,-3.95E0));
#1718=CARTESIAN_POINT('',(2.597307853434E1,8.293851886661E1,-3.95E0));
#1719=VERTEX_POINT('',#1717);
#1720=VERTEX_POINT('',#1718);
#1721=CARTESIAN_POINT('',(1.115240525343E2,8.123845586661E1,-7.15E0));
#1722=CARTESIAN_POINT('',(1.084240525343E2,8.123845586661E1,-7.15E0));
#1723=VERTEX_POINT('',#1721);
#1724=VERTEX_POINT('',#1722);
#1725=CARTESIAN_POINT('',(3.052294453434E1,8.123845586661E1,-7.15E0));
#1726=CARTESIAN_POINT('',(2.742294453434E1,8.123845586661E1,-7.15E0));
#1727=VERTEX_POINT('',#1725);
#1728=VERTEX_POINT('',#1726);
#1729=CARTESIAN_POINT('',(2.742294453434E1,1.823858186661E1,-7.15E0));
#1730=CARTESIAN_POINT('',(3.052294453434E1,1.823858186661E1,-7.15E0));
#1731=VERTEX_POINT('',#1729);
#1732=VERTEX_POINT('',#1730);
#1733=CARTESIAN_POINT('',(1.084240525343E2,1.823858186661E1,-7.15E0));
#1734=CARTESIAN_POINT('',(1.115240525343E2,1.823858186661E1,-7.15E0));
#1735=VERTEX_POINT('',#1733);
#1736=VERTEX_POINT('',#1734);
#1737=CARTESIAN_POINT('',(2.597307853434E1,5.103851886661E1,-7.15E0));
#1738=CARTESIAN_POINT('',(1.129739185343E2,5.103851886661E1,-7.15E0));
#1739=VERTEX_POINT('',#1737);
#1740=VERTEX_POINT('',#1738);
#1741=CARTESIAN_POINT('',(2.597307853434E1,5.243851886661E1,-7.15E0));
#1742=CARTESIAN_POINT('',(1.129739185343E2,5.243851886661E1,-7.15E0));
#1743=VERTEX_POINT('',#1741);
#1744=VERTEX_POINT('',#1742);
#1745=CARTESIAN_POINT('',(2.597307853434E1,5.503851886661E1,-7.15E0));
#1746=CARTESIAN_POINT('',(1.129739185343E2,5.503851886661E1,-7.15E0));
#1747=VERTEX_POINT('',#1745);
#1748=VERTEX_POINT('',#1746);
#1749=CARTESIAN_POINT('',(2.597307853434E1,5.643851886661E1,-7.15E0));
#1750=CARTESIAN_POINT('',(1.129739185343E2,5.643851886661E1,-7.15E0));
#1751=VERTEX_POINT('',#1749);
#1752=VERTEX_POINT('',#1750);
#1753=CARTESIAN_POINT('',(2.597307853434E1,5.903851886661E1,-7.15E0));
#1754=CARTESIAN_POINT('',(1.129739185343E2,5.903851886661E1,-7.15E0));
#1755=VERTEX_POINT('',#1753);
#1756=VERTEX_POINT('',#1754);
#1757=CARTESIAN_POINT('',(2.597307853434E1,6.043851886661E1,-7.15E0));
#1758=CARTESIAN_POINT('',(1.129739185343E2,6.043851886661E1,-7.15E0));
#1759=VERTEX_POINT('',#1757);
#1760=VERTEX_POINT('',#1758);
#1761=CARTESIAN_POINT('',(2.597307853434E1,6.303851886661E1,-7.15E0));
#1762=CARTESIAN_POINT('',(1.129739185343E2,6.303851886661E1,-7.15E0));
#1763=VERTEX_POINT('',#1761);
#1764=VERTEX_POINT('',#1762);
#1765=CARTESIAN_POINT('',(2.597307853434E1,6.443851886661E1,-7.15E0));
#1766=CARTESIAN_POINT('',(1.129739185343E2,6.443851886661E1,-7.15E0));
#1767=VERTEX_POINT('',#1765);
#1768=VERTEX_POINT('',#1766);
#1769=CARTESIAN_POINT('',(2.597307853434E1,6.703851886661E1,-7.15E0));
#1770=CARTESIAN_POINT('',(1.129739185343E2,6.703851886661E1,-7.15E0));
#1771=VERTEX_POINT('',#1769);
#1772=VERTEX_POINT('',#1770);
#1773=CARTESIAN_POINT('',(2.597307853434E1,6.843851886661E1,-7.15E0));
#1774=CARTESIAN_POINT('',(1.129739185343E2,6.843851886661E1,-7.15E0));
#1775=VERTEX_POINT('',#1773);
#1776=VERTEX_POINT('',#1774);
#1777=CARTESIAN_POINT('',(2.597307853434E1,7.103851886661E1,-7.15E0));
#1778=CARTESIAN_POINT('',(1.129739185343E2,7.103851886661E1,-7.15E0));
#1779=VERTEX_POINT('',#1777);
#1780=VERTEX_POINT('',#1778);
#1781=CARTESIAN_POINT('',(2.597307853434E1,7.243851886661E1,-7.15E0));
#1782=CARTESIAN_POINT('',(1.129739185343E2,7.243851886661E1,-7.15E0));
#1783=VERTEX_POINT('',#1781);
#1784=VERTEX_POINT('',#1782);
#1785=CARTESIAN_POINT('',(2.597307853434E1,7.503851886661E1,-7.15E0));
#1786=CARTESIAN_POINT('',(1.129739185343E2,7.503851886661E1,-7.15E0));
#1787=VERTEX_POINT('',#1785);
#1788=VERTEX_POINT('',#1786);
#1789=CARTESIAN_POINT('',(2.597307853434E1,7.643851886661E1,-7.15E0));
#1790=CARTESIAN_POINT('',(1.129739185343E2,7.643851886661E1,-7.15E0));
#1791=VERTEX_POINT('',#1789);
#1792=VERTEX_POINT('',#1790);
#1793=CARTESIAN_POINT('',(2.597307853434E1,4.703851886661E1,-7.15E0));
#1794=CARTESIAN_POINT('',(1.129739185343E2,4.703851886661E1,-7.15E0));
#1795=VERTEX_POINT('',#1793);
#1796=VERTEX_POINT('',#1794);
#1797=CARTESIAN_POINT('',(2.597307853434E1,4.843851886661E1,-7.15E0));
#1798=CARTESIAN_POINT('',(1.129739185343E2,4.843851886661E1,-7.15E0));
#1799=VERTEX_POINT('',#1797);
#1800=VERTEX_POINT('',#1798);
#1801=CARTESIAN_POINT('',(2.597307853434E1,4.303851886661E1,-7.15E0));
#1802=CARTESIAN_POINT('',(1.129739185343E2,4.303851886661E1,-7.15E0));
#1803=VERTEX_POINT('',#1801);
#1804=VERTEX_POINT('',#1802);
#1805=CARTESIAN_POINT('',(2.597307853434E1,4.443851886661E1,-7.15E0));
#1806=CARTESIAN_POINT('',(1.129739185343E2,4.443851886661E1,-7.15E0));
#1807=VERTEX_POINT('',#1805);
#1808=VERTEX_POINT('',#1806);
#1809=CARTESIAN_POINT('',(2.597307853434E1,3.903851886661E1,-7.15E0));
#1810=CARTESIAN_POINT('',(1.129739185343E2,3.903851886661E1,-7.15E0));
#1811=VERTEX_POINT('',#1809);
#1812=VERTEX_POINT('',#1810);
#1813=CARTESIAN_POINT('',(2.597307853434E1,4.043851886661E1,-7.15E0));
#1814=CARTESIAN_POINT('',(1.129739185343E2,4.043851886661E1,-7.15E0));
#1815=VERTEX_POINT('',#1813);
#1816=VERTEX_POINT('',#1814);
#1817=CARTESIAN_POINT('',(2.597307853434E1,3.503851886661E1,-7.15E0));
#1818=CARTESIAN_POINT('',(1.129739185343E2,3.503851886661E1,-7.15E0));
#1819=VERTEX_POINT('',#1817);
#1820=VERTEX_POINT('',#1818);
#1821=CARTESIAN_POINT('',(2.597307853434E1,3.643851886661E1,-7.15E0));
#1822=CARTESIAN_POINT('',(1.129739185343E2,3.643851886661E1,-7.15E0));
#1823=VERTEX_POINT('',#1821);
#1824=VERTEX_POINT('',#1822);
#1825=CARTESIAN_POINT('',(2.597307853434E1,3.103851886661E1,-7.15E0));
#1826=CARTESIAN_POINT('',(1.129739185343E2,3.103851886661E1,-7.15E0));
#1827=VERTEX_POINT('',#1825);
#1828=VERTEX_POINT('',#1826);
#1829=CARTESIAN_POINT('',(2.597307853434E1,3.243851886661E1,-7.15E0));
#1830=CARTESIAN_POINT('',(1.129739185343E2,3.243851886661E1,-7.15E0));
#1831=VERTEX_POINT('',#1829);
#1832=VERTEX_POINT('',#1830);
#1833=CARTESIAN_POINT('',(2.597307853434E1,2.703851886661E1,-7.15E0));
#1834=CARTESIAN_POINT('',(1.129739185343E2,2.703851886661E1,-7.15E0));
#1835=VERTEX_POINT('',#1833);
#1836=VERTEX_POINT('',#1834);
#1837=CARTESIAN_POINT('',(2.597307853434E1,2.843851886661E1,-7.15E0));
#1838=CARTESIAN_POINT('',(1.129739185343E2,2.843851886661E1,-7.15E0));
#1839=VERTEX_POINT('',#1837);
#1840=VERTEX_POINT('',#1838);
#1841=CARTESIAN_POINT('',(2.597307853434E1,2.303851886661E1,-7.15E0));
#1842=CARTESIAN_POINT('',(1.129739185343E2,2.303851886661E1,-7.15E0));
#1843=VERTEX_POINT('',#1841);
#1844=VERTEX_POINT('',#1842);
#1845=CARTESIAN_POINT('',(2.597307853434E1,2.443851886661E1,-7.15E0));
#1846=CARTESIAN_POINT('',(1.129739185343E2,2.443851886661E1,-7.15E0));
#1847=VERTEX_POINT('',#1845);
#1848=VERTEX_POINT('',#1846);
#1849=CARTESIAN_POINT('',(3.377288153434E1,8.303851886661E1,-7.15E0));
#1850=CARTESIAN_POINT('',(1.051741155343E2,8.303851886661E1,-7.15E0));
#1851=VERTEX_POINT('',#1849);
#1852=VERTEX_POINT('',#1850);
#1853=CARTESIAN_POINT('',(1.051741155343E2,1.643851886661E1,-7.15E0));
#1854=CARTESIAN_POINT('',(3.377288153434E1,1.643851886661E1,-7.15E0));
#1855=VERTEX_POINT('',#1853);
#1856=VERTEX_POINT('',#1854);
#1857=CARTESIAN_POINT('',(1.051741155343E2,1.503851886661E1,-7.15E0));
#1858=VERTEX_POINT('',#1857);
#1859=CARTESIAN_POINT('',(3.377288153434E1,1.503851886661E1,-7.15E0));
#1860=VERTEX_POINT('',#1859);
#1861=CARTESIAN_POINT('',(3.377288153434E1,8.443851886661E1,-7.15E0));
#1862=VERTEX_POINT('',#1861);
#1863=CARTESIAN_POINT('',(1.051741155343E2,8.443851886661E1,-7.15E0));
#1864=VERTEX_POINT('',#1863);
#1865=CARTESIAN_POINT('',(1.114739185343E2,8.443851886661E1,-7.15E0));
#1866=VERTEX_POINT('',#1865);
#1867=CARTESIAN_POINT('',(1.129739185343E2,8.293851886661E1,-7.15E0));
#1868=VERTEX_POINT('',#1867);
#1869=CARTESIAN_POINT('',(1.114739185343E2,1.503851886661E1,-7.15E0));
#1870=VERTEX_POINT('',#1869);
#1871=CARTESIAN_POINT('',(1.129739185343E2,1.653851886661E1,-7.15E0));
#1872=VERTEX_POINT('',#1871);
#1873=CARTESIAN_POINT('',(2.747307853434E1,1.503851886661E1,-7.15E0));
#1874=VERTEX_POINT('',#1873);
#1875=CARTESIAN_POINT('',(2.597307853434E1,1.653851886661E1,-7.15E0));
#1876=VERTEX_POINT('',#1875);
#1877=CARTESIAN_POINT('',(2.747307853434E1,8.443851886661E1,-7.15E0));
#1878=VERTEX_POINT('',#1877);
#1879=CARTESIAN_POINT('',(2.597307853434E1,8.293851886661E1,-7.15E0));
#1880=VERTEX_POINT('',#1879);
#1881=CARTESIAN_POINT('',(3.147294453434E1,8.123845586661E1,-7.E-1));
#1882=CARTESIAN_POINT('',(2.647294453434E1,8.123845586661E1,-7.E-1));
#1883=VERTEX_POINT('',#1881);
#1884=VERTEX_POINT('',#1882);
#1885=CARTESIAN_POINT('',(1.124740525343E2,8.123845586661E1,-7.E-1));
#1886=CARTESIAN_POINT('',(1.074740525343E2,8.123845586661E1,-7.E-1));
#1887=VERTEX_POINT('',#1885);
#1888=VERTEX_POINT('',#1886);
#1889=CARTESIAN_POINT('',(3.147294453434E1,1.823858186661E1,-7.E-1));
#1890=CARTESIAN_POINT('',(2.647294453434E1,1.823858186661E1,-7.E-1));
#1891=VERTEX_POINT('',#1889);
#1892=VERTEX_POINT('',#1890);
#1893=CARTESIAN_POINT('',(1.124740525343E2,1.823858186661E1,-7.E-1));
#1894=CARTESIAN_POINT('',(1.074740525343E2,1.823858186661E1,-7.E-1));
#1895=VERTEX_POINT('',#1893);
#1896=VERTEX_POINT('',#1894);
#1897=CARTESIAN_POINT('',(1.115240525343E2,8.123845586661E1,-7.E-1));
#1898=CARTESIAN_POINT('',(1.084240525343E2,8.123845586661E1,-7.E-1));
#1899=VERTEX_POINT('',#1897);
#1900=VERTEX_POINT('',#1898);
#1901=CARTESIAN_POINT('',(3.052294453434E1,8.123845586661E1,-7.E-1));
#1902=CARTESIAN_POINT('',(2.742294453434E1,8.123845586661E1,-7.E-1));
#1903=VERTEX_POINT('',#1901);
#1904=VERTEX_POINT('',#1902);
#1905=CARTESIAN_POINT('',(3.052294453434E1,1.823858186661E1,-7.E-1));
#1906=CARTESIAN_POINT('',(2.742294453434E1,1.823858186661E1,-7.E-1));
#1907=VERTEX_POINT('',#1905);
#1908=VERTEX_POINT('',#1906);
#1909=CARTESIAN_POINT('',(1.115240525343E2,1.823858186661E1,-7.E-1));
#1910=CARTESIAN_POINT('',(1.084240525343E2,1.823858186661E1,-7.E-1));
#1911=VERTEX_POINT('',#1909);
#1912=VERTEX_POINT('',#1910);
#1913=CARTESIAN_POINT('',(1.129739185343E2,7.503851886661E1,-3.115E1));
#1914=CARTESIAN_POINT('',(1.129739185343E2,7.643851886661E1,-3.115E1));
#1915=VERTEX_POINT('',#1913);
#1916=VERTEX_POINT('',#1914);
#1917=CARTESIAN_POINT('',(1.129739185343E2,7.103851886661E1,-3.115E1));
#1918=CARTESIAN_POINT('',(1.129739185343E2,7.243851886661E1,-3.115E1));
#1919=VERTEX_POINT('',#1917);
#1920=VERTEX_POINT('',#1918);
#1921=CARTESIAN_POINT('',(1.129739185343E2,6.703851886661E1,-3.115E1));
#1922=CARTESIAN_POINT('',(1.129739185343E2,6.843851886661E1,-3.115E1));
#1923=VERTEX_POINT('',#1921);
#1924=VERTEX_POINT('',#1922);
#1925=CARTESIAN_POINT('',(1.129739185343E2,6.303851886661E1,-3.115E1));
#1926=CARTESIAN_POINT('',(1.129739185343E2,6.443851886661E1,-3.115E1));
#1927=VERTEX_POINT('',#1925);
#1928=VERTEX_POINT('',#1926);
#1929=CARTESIAN_POINT('',(1.129739185343E2,5.903851886661E1,-3.115E1));
#1930=CARTESIAN_POINT('',(1.129739185343E2,6.043851886661E1,-3.115E1));
#1931=VERTEX_POINT('',#1929);
#1932=VERTEX_POINT('',#1930);
#1933=CARTESIAN_POINT('',(1.129739185343E2,5.503851886661E1,-3.115E1));
#1934=CARTESIAN_POINT('',(1.129739185343E2,5.643851886661E1,-3.115E1));
#1935=VERTEX_POINT('',#1933);
#1936=VERTEX_POINT('',#1934);
#1937=CARTESIAN_POINT('',(1.129739185343E2,5.103851886661E1,-3.115E1));
#1938=CARTESIAN_POINT('',(1.129739185343E2,5.243851886661E1,-3.115E1));
#1939=VERTEX_POINT('',#1937);
#1940=VERTEX_POINT('',#1938);
#1941=CARTESIAN_POINT('',(1.129739185343E2,4.703851886661E1,-3.115E1));
#1942=CARTESIAN_POINT('',(1.129739185343E2,4.843851886661E1,-3.115E1));
#1943=VERTEX_POINT('',#1941);
#1944=VERTEX_POINT('',#1942);
#1945=CARTESIAN_POINT('',(1.129739185343E2,4.303851886661E1,-3.115E1));
#1946=CARTESIAN_POINT('',(1.129739185343E2,4.443851886661E1,-3.115E1));
#1947=VERTEX_POINT('',#1945);
#1948=VERTEX_POINT('',#1946);
#1949=CARTESIAN_POINT('',(1.129739185343E2,3.903851886661E1,-3.115E1));
#1950=CARTESIAN_POINT('',(1.129739185343E2,4.043851886661E1,-3.115E1));
#1951=VERTEX_POINT('',#1949);
#1952=VERTEX_POINT('',#1950);
#1953=CARTESIAN_POINT('',(1.129739185343E2,3.503851886661E1,-3.115E1));
#1954=CARTESIAN_POINT('',(1.129739185343E2,3.643851886661E1,-3.115E1));
#1955=VERTEX_POINT('',#1953);
#1956=VERTEX_POINT('',#1954);
#1957=CARTESIAN_POINT('',(1.129739185343E2,3.103851886661E1,-3.115E1));
#1958=CARTESIAN_POINT('',(1.129739185343E2,3.243851886661E1,-3.115E1));
#1959=VERTEX_POINT('',#1957);
#1960=VERTEX_POINT('',#1958);
#1961=CARTESIAN_POINT('',(1.129739185343E2,2.703851886661E1,-3.115E1));
#1962=CARTESIAN_POINT('',(1.129739185343E2,2.843851886661E1,-3.115E1));
#1963=VERTEX_POINT('',#1961);
#1964=VERTEX_POINT('',#1962);
#1965=CARTESIAN_POINT('',(1.129739185343E2,2.303851886661E1,-3.115E1));
#1966=CARTESIAN_POINT('',(1.129739185343E2,2.443851886661E1,-3.115E1));
#1967=VERTEX_POINT('',#1965);
#1968=VERTEX_POINT('',#1966);
#1969=CARTESIAN_POINT('',(2.597307853434E1,2.443851886661E1,-3.115E1));
#1970=CARTESIAN_POINT('',(2.597307853434E1,2.303851886661E1,-3.115E1));
#1971=VERTEX_POINT('',#1969);
#1972=VERTEX_POINT('',#1970);
#1973=CARTESIAN_POINT('',(2.597307853434E1,2.843851886661E1,-3.115E1));
#1974=CARTESIAN_POINT('',(2.597307853434E1,2.703851886661E1,-3.115E1));
#1975=VERTEX_POINT('',#1973);
#1976=VERTEX_POINT('',#1974);
#1977=CARTESIAN_POINT('',(2.597307853434E1,3.243851886661E1,-3.115E1));
#1978=CARTESIAN_POINT('',(2.597307853434E1,3.103851886661E1,-3.115E1));
#1979=VERTEX_POINT('',#1977);
#1980=VERTEX_POINT('',#1978);
#1981=CARTESIAN_POINT('',(2.597307853434E1,3.643851886661E1,-3.115E1));
#1982=CARTESIAN_POINT('',(2.597307853434E1,3.503851886661E1,-3.115E1));
#1983=VERTEX_POINT('',#1981);
#1984=VERTEX_POINT('',#1982);
#1985=CARTESIAN_POINT('',(2.597307853434E1,4.043851886661E1,-3.115E1));
#1986=CARTESIAN_POINT('',(2.597307853434E1,3.903851886661E1,-3.115E1));
#1987=VERTEX_POINT('',#1985);
#1988=VERTEX_POINT('',#1986);
#1989=CARTESIAN_POINT('',(2.597307853434E1,4.443851886661E1,-3.115E1));
#1990=CARTESIAN_POINT('',(2.597307853434E1,4.303851886661E1,-3.115E1));
#1991=VERTEX_POINT('',#1989);
#1992=VERTEX_POINT('',#1990);
#1993=CARTESIAN_POINT('',(2.597307853434E1,4.843851886661E1,-3.115E1));
#1994=CARTESIAN_POINT('',(2.597307853434E1,4.703851886661E1,-3.115E1));
#1995=VERTEX_POINT('',#1993);
#1996=VERTEX_POINT('',#1994);
#1997=CARTESIAN_POINT('',(2.597307853434E1,5.243851886661E1,-3.115E1));
#1998=CARTESIAN_POINT('',(2.597307853434E1,5.103851886661E1,-3.115E1));
#1999=VERTEX_POINT('',#1997);
#2000=VERTEX_POINT('',#1998);
#2001=CARTESIAN_POINT('',(2.597307853434E1,5.643851886661E1,-3.115E1));
#2002=CARTESIAN_POINT('',(2.597307853434E1,5.503851886661E1,-3.115E1));
#2003=VERTEX_POINT('',#2001);
#2004=VERTEX_POINT('',#2002);
#2005=CARTESIAN_POINT('',(2.597307853434E1,6.043851886661E1,-3.115E1));
#2006=CARTESIAN_POINT('',(2.597307853434E1,5.903851886661E1,-3.115E1));
#2007=VERTEX_POINT('',#2005);
#2008=VERTEX_POINT('',#2006);
#2009=CARTESIAN_POINT('',(2.597307853434E1,6.443851886661E1,-3.115E1));
#2010=CARTESIAN_POINT('',(2.597307853434E1,6.303851886661E1,-3.115E1));
#2011=VERTEX_POINT('',#2009);
#2012=VERTEX_POINT('',#2010);
#2013=CARTESIAN_POINT('',(2.597307853434E1,6.843851886661E1,-3.115E1));
#2014=CARTESIAN_POINT('',(2.597307853434E1,6.703851886661E1,-3.115E1));
#2015=VERTEX_POINT('',#2013);
#2016=VERTEX_POINT('',#2014);
#2017=CARTESIAN_POINT('',(2.597307853434E1,7.243851886661E1,-3.115E1));
#2018=CARTESIAN_POINT('',(2.597307853434E1,7.103851886661E1,-3.115E1));
#2019=VERTEX_POINT('',#2017);
#2020=VERTEX_POINT('',#2018);
#2021=CARTESIAN_POINT('',(2.597307853434E1,7.643851886661E1,-3.115E1));
#2022=CARTESIAN_POINT('',(2.597307853434E1,7.503851886661E1,-3.115E1));
#2023=VERTEX_POINT('',#2021);
#2024=VERTEX_POINT('',#2022);
#2025=CARTESIAN_POINT('',(2.697307853434E1,5.103851886661E1,-3.215E1));
#2026=VERTEX_POINT('',#2025);
#2027=CARTESIAN_POINT('',(1.119739185343E2,5.103851886661E1,-3.215E1));
#2028=VERTEX_POINT('',#2027);
#2029=CARTESIAN_POINT('',(2.697307853434E1,5.243851886661E1,-3.215E1));
#2030=VERTEX_POINT('',#2029);
#2031=CARTESIAN_POINT('',(1.119739185343E2,5.243851886661E1,-3.215E1));
#2032=VERTEX_POINT('',#2031);
#2033=CARTESIAN_POINT('',(2.697307853434E1,5.503851886661E1,-3.215E1));
#2034=VERTEX_POINT('',#2033);
#2035=CARTESIAN_POINT('',(1.119739185343E2,5.503851886661E1,-3.215E1));
#2036=VERTEX_POINT('',#2035);
#2037=CARTESIAN_POINT('',(2.697307853434E1,5.643851886661E1,-3.215E1));
#2038=VERTEX_POINT('',#2037);
#2039=CARTESIAN_POINT('',(1.119739185343E2,5.643851886661E1,-3.215E1));
#2040=VERTEX_POINT('',#2039);
#2041=CARTESIAN_POINT('',(2.697307853434E1,5.903851886661E1,-3.215E1));
#2042=VERTEX_POINT('',#2041);
#2043=CARTESIAN_POINT('',(1.119739185343E2,5.903851886661E1,-3.215E1));
#2044=VERTEX_POINT('',#2043);
#2045=CARTESIAN_POINT('',(2.697307853434E1,6.043851886661E1,-3.215E1));
#2046=VERTEX_POINT('',#2045);
#2047=CARTESIAN_POINT('',(1.119739185343E2,6.043851886661E1,-3.215E1));
#2048=VERTEX_POINT('',#2047);
#2049=CARTESIAN_POINT('',(2.697307853434E1,6.303851886661E1,-3.215E1));
#2050=VERTEX_POINT('',#2049);
#2051=CARTESIAN_POINT('',(1.119739185343E2,6.303851886661E1,-3.215E1));
#2052=VERTEX_POINT('',#2051);
#2053=CARTESIAN_POINT('',(2.697307853434E1,6.443851886661E1,-3.215E1));
#2054=VERTEX_POINT('',#2053);
#2055=CARTESIAN_POINT('',(1.119739185343E2,6.443851886661E1,-3.215E1));
#2056=VERTEX_POINT('',#2055);
#2057=CARTESIAN_POINT('',(2.697307853434E1,6.703851886661E1,-3.215E1));
#2058=VERTEX_POINT('',#2057);
#2059=CARTESIAN_POINT('',(1.119739185343E2,6.703851886661E1,-3.215E1));
#2060=VERTEX_POINT('',#2059);
#2061=CARTESIAN_POINT('',(2.697307853434E1,6.843851886661E1,-3.215E1));
#2062=VERTEX_POINT('',#2061);
#2063=CARTESIAN_POINT('',(1.119739185343E2,6.843851886661E1,-3.215E1));
#2064=VERTEX_POINT('',#2063);
#2065=CARTESIAN_POINT('',(2.697307853434E1,7.103851886661E1,-3.215E1));
#2066=VERTEX_POINT('',#2065);
#2067=CARTESIAN_POINT('',(1.119739185343E2,7.103851886661E1,-3.215E1));
#2068=VERTEX_POINT('',#2067);
#2069=CARTESIAN_POINT('',(2.697307853434E1,7.243851886661E1,-3.215E1));
#2070=VERTEX_POINT('',#2069);
#2071=CARTESIAN_POINT('',(1.119739185343E2,7.243851886661E1,-3.215E1));
#2072=VERTEX_POINT('',#2071);
#2073=CARTESIAN_POINT('',(2.697307853434E1,7.503851886661E1,-3.215E1));
#2074=VERTEX_POINT('',#2073);
#2075=CARTESIAN_POINT('',(1.119739185343E2,7.503851886661E1,-3.215E1));
#2076=VERTEX_POINT('',#2075);
#2077=CARTESIAN_POINT('',(2.697307853434E1,7.643851886661E1,-3.215E1));
#2078=VERTEX_POINT('',#2077);
#2079=CARTESIAN_POINT('',(1.119739185343E2,7.643851886661E1,-3.215E1));
#2080=VERTEX_POINT('',#2079);
#2081=CARTESIAN_POINT('',(2.697307853434E1,4.703851886661E1,-3.215E1));
#2082=VERTEX_POINT('',#2081);
#2083=CARTESIAN_POINT('',(1.119739185343E2,4.703851886661E1,-3.215E1));
#2084=VERTEX_POINT('',#2083);
#2085=CARTESIAN_POINT('',(2.697307853434E1,4.843851886661E1,-3.215E1));
#2086=VERTEX_POINT('',#2085);
#2087=CARTESIAN_POINT('',(1.119739185343E2,4.843851886661E1,-3.215E1));
#2088=VERTEX_POINT('',#2087);
#2089=CARTESIAN_POINT('',(2.697307853434E1,4.303851886661E1,-3.215E1));
#2090=VERTEX_POINT('',#2089);
#2091=CARTESIAN_POINT('',(1.119739185343E2,4.303851886661E1,-3.215E1));
#2092=VERTEX_POINT('',#2091);
#2093=CARTESIAN_POINT('',(2.697307853434E1,4.443851886661E1,-3.215E1));
#2094=VERTEX_POINT('',#2093);
#2095=CARTESIAN_POINT('',(1.119739185343E2,4.443851886661E1,-3.215E1));
#2096=VERTEX_POINT('',#2095);
#2097=CARTESIAN_POINT('',(2.697307853434E1,3.903851886661E1,-3.215E1));
#2098=VERTEX_POINT('',#2097);
#2099=CARTESIAN_POINT('',(1.119739185343E2,3.903851886661E1,-3.215E1));
#2100=VERTEX_POINT('',#2099);
#2101=CARTESIAN_POINT('',(2.697307853434E1,4.043851886661E1,-3.215E1));
#2102=VERTEX_POINT('',#2101);
#2103=CARTESIAN_POINT('',(1.119739185343E2,4.043851886661E1,-3.215E1));
#2104=VERTEX_POINT('',#2103);
#2105=CARTESIAN_POINT('',(2.697307853434E1,3.503851886661E1,-3.215E1));
#2106=VERTEX_POINT('',#2105);
#2107=CARTESIAN_POINT('',(1.119739185343E2,3.503851886661E1,-3.215E1));
#2108=VERTEX_POINT('',#2107);
#2109=CARTESIAN_POINT('',(2.697307853434E1,3.643851886661E1,-3.215E1));
#2110=VERTEX_POINT('',#2109);
#2111=CARTESIAN_POINT('',(1.119739185343E2,3.643851886661E1,-3.215E1));
#2112=VERTEX_POINT('',#2111);
#2113=CARTESIAN_POINT('',(2.697307853434E1,3.103851886661E1,-3.215E1));
#2114=VERTEX_POINT('',#2113);
#2115=CARTESIAN_POINT('',(1.119739185343E2,3.103851886661E1,-3.215E1));
#2116=VERTEX_POINT('',#2115);
#2117=CARTESIAN_POINT('',(2.697307853434E1,3.243851886661E1,-3.215E1));
#2118=VERTEX_POINT('',#2117);
#2119=CARTESIAN_POINT('',(1.119739185343E2,3.243851886661E1,-3.215E1));
#2120=VERTEX_POINT('',#2119);
#2121=CARTESIAN_POINT('',(2.697307853434E1,2.703851886661E1,-3.215E1));
#2122=VERTEX_POINT('',#2121);
#2123=CARTESIAN_POINT('',(1.119739185343E2,2.703851886661E1,-3.215E1));
#2124=VERTEX_POINT('',#2123);
#2125=CARTESIAN_POINT('',(2.697307853434E1,2.843851886661E1,-3.215E1));
#2126=VERTEX_POINT('',#2125);
#2127=CARTESIAN_POINT('',(1.119739185343E2,2.843851886661E1,-3.215E1));
#2128=VERTEX_POINT('',#2127);
#2129=CARTESIAN_POINT('',(2.697307853434E1,2.303851886661E1,-3.215E1));
#2130=VERTEX_POINT('',#2129);
#2131=CARTESIAN_POINT('',(1.119739185343E2,2.303851886661E1,-3.215E1));
#2132=VERTEX_POINT('',#2131);
#2133=CARTESIAN_POINT('',(2.697307853434E1,2.443851886661E1,-3.215E1));
#2134=VERTEX_POINT('',#2133);
#2135=CARTESIAN_POINT('',(1.119739185343E2,2.443851886661E1,-3.215E1));
#2136=VERTEX_POINT('',#2135);
#2137=CARTESIAN_POINT('',(3.377288153434E1,7.903851886661E1,-7.15E0));
#2138=CARTESIAN_POINT('',(1.051741155343E2,7.903851886661E1,-7.15E0));
#2139=VERTEX_POINT('',#2137);
#2140=VERTEX_POINT('',#2138);
#2141=CARTESIAN_POINT('',(3.377288153434E1,2.043851886661E1,-7.15E0));
#2142=CARTESIAN_POINT('',(1.051741155343E2,2.043851886661E1,-7.15E0));
#2143=VERTEX_POINT('',#2141);
#2144=VERTEX_POINT('',#2142);
#2145=CARTESIAN_POINT('',(3.377288153434E1,8.043851886661E1,-7.15E0));
#2146=CARTESIAN_POINT('',(1.051741155343E2,8.043851886661E1,-7.15E0));
#2147=VERTEX_POINT('',#2145);
#2148=VERTEX_POINT('',#2146);
#2149=CARTESIAN_POINT('',(1.051741155343E2,1.903851886661E1,-7.15E0));
#2150=VERTEX_POINT('',#2149);
#2151=CARTESIAN_POINT('',(3.377288153434E1,1.903851886661E1,-7.15E0));
#2152=VERTEX_POINT('',#2151);
#2153=CARTESIAN_POINT('',(1.051741155343E2,8.303851886661E1,-3.115E1));
#2154=CARTESIAN_POINT('',(1.051741155343E2,8.443851886661E1,-3.115E1));
#2155=VERTEX_POINT('',#2153);
#2156=VERTEX_POINT('',#2154);
#2157=CARTESIAN_POINT('',(1.041741155343E2,8.303851886661E1,-3.215E1));
#2158=CARTESIAN_POINT('',(1.041741155343E2,8.443851886661E1,-3.215E1));
#2159=VERTEX_POINT('',#2157);
#2160=VERTEX_POINT('',#2158);
#2161=CARTESIAN_POINT('',(1.041741155343E2,8.043851886661E1,-3.215E1));
#2162=CARTESIAN_POINT('',(1.041741155343E2,7.903851886661E1,-3.215E1));
#2163=VERTEX_POINT('',#2161);
#2164=VERTEX_POINT('',#2162);
#2165=CARTESIAN_POINT('',(1.051741155343E2,8.043851886661E1,-3.115E1));
#2166=CARTESIAN_POINT('',(1.051741155343E2,7.903851886661E1,-3.115E1));
#2167=VERTEX_POINT('',#2165);
#2168=VERTEX_POINT('',#2166);
#2169=CARTESIAN_POINT('',(3.377288153434E1,8.443851886661E1,-3.115E1));
#2170=CARTESIAN_POINT('',(3.377288153434E1,8.303851886661E1,-3.115E1));
#2171=VERTEX_POINT('',#2169);
#2172=VERTEX_POINT('',#2170);
#2173=CARTESIAN_POINT('',(3.477288153434E1,8.443851886661E1,-3.215E1));
#2174=CARTESIAN_POINT('',(3.477288153434E1,8.303851886661E1,-3.215E1));
#2175=VERTEX_POINT('',#2173);
#2176=VERTEX_POINT('',#2174);
#2177=CARTESIAN_POINT('',(3.477288153434E1,8.043851886661E1,-3.215E1));
#2178=CARTESIAN_POINT('',(3.477288153434E1,7.903851886661E1,-3.215E1));
#2179=VERTEX_POINT('',#2177);
#2180=VERTEX_POINT('',#2178);
#2181=CARTESIAN_POINT('',(3.377288153434E1,8.043851886661E1,-3.115E1));
#2182=CARTESIAN_POINT('',(3.377288153434E1,7.903851886661E1,-3.115E1));
#2183=VERTEX_POINT('',#2181);
#2184=VERTEX_POINT('',#2182);
#2185=CARTESIAN_POINT('',(3.477288153434E1,2.043851886661E1,-3.215E1));
#2186=CARTESIAN_POINT('',(3.477288153434E1,1.903851886661E1,-3.215E1));
#2187=VERTEX_POINT('',#2185);
#2188=VERTEX_POINT('',#2186);
#2189=CARTESIAN_POINT('',(3.377288153434E1,2.043851886661E1,-3.115E1));
#2190=CARTESIAN_POINT('',(3.377288153434E1,1.903851886661E1,-3.115E1));
#2191=VERTEX_POINT('',#2189);
#2192=VERTEX_POINT('',#2190);
#2193=CARTESIAN_POINT('',(3.377288153434E1,1.643851886661E1,-3.115E1));
#2194=CARTESIAN_POINT('',(3.377288153434E1,1.503851886661E1,-3.115E1));
#2195=VERTEX_POINT('',#2193);
#2196=VERTEX_POINT('',#2194);
#2197=CARTESIAN_POINT('',(3.477288153434E1,1.643851886661E1,-3.215E1));
#2198=CARTESIAN_POINT('',(3.477288153434E1,1.503851886661E1,-3.215E1));
#2199=VERTEX_POINT('',#2197);
#2200=VERTEX_POINT('',#2198);
#2201=CARTESIAN_POINT('',(1.041741155343E2,1.903851886661E1,-3.215E1));
#2202=CARTESIAN_POINT('',(1.041741155343E2,2.043851886661E1,-3.215E1));
#2203=VERTEX_POINT('',#2201);
#2204=VERTEX_POINT('',#2202);
#2205=CARTESIAN_POINT('',(1.051741155343E2,1.903851886661E1,-3.115E1));
#2206=CARTESIAN_POINT('',(1.051741155343E2,2.043851886661E1,-3.115E1));
#2207=VERTEX_POINT('',#2205);
#2208=VERTEX_POINT('',#2206);
#2209=CARTESIAN_POINT('',(1.051741155343E2,1.503851886661E1,-3.115E1));
#2210=CARTESIAN_POINT('',(1.051741155343E2,1.643851886661E1,-3.115E1));
#2211=VERTEX_POINT('',#2209);
#2212=VERTEX_POINT('',#2210);
#2213=CARTESIAN_POINT('',(1.041741155343E2,1.503851886661E1,-3.215E1));
#2214=CARTESIAN_POINT('',(1.041741155343E2,1.643851886661E1,-3.215E1));
#2215=VERTEX_POINT('',#2213);
#2216=VERTEX_POINT('',#2214);
#2217=CARTESIAN_POINT('',(1.129739185343E2,8.423857586661E1,-2.5E-1));
#2218=DIRECTION('',(1.E0,0.E0,0.E0));
#2219=DIRECTION('',(0.E0,-1.E0,0.E0));
#2220=AXIS2_PLACEMENT_3D('',#2217,#2218,#2219);
#2221=PLANE('',#2220);
#2223=ORIENTED_EDGE('',*,*,#2222,.F.);
#2225=ORIENTED_EDGE('',*,*,#2224,.F.);
#2227=ORIENTED_EDGE('',*,*,#2226,.F.);
#2229=ORIENTED_EDGE('',*,*,#2228,.T.);
#2231=ORIENTED_EDGE('',*,*,#2230,.F.);
#2233=ORIENTED_EDGE('',*,*,#2232,.F.);
#2235=ORIENTED_EDGE('',*,*,#2234,.F.);
#2237=ORIENTED_EDGE('',*,*,#2236,.T.);
#2239=ORIENTED_EDGE('',*,*,#2238,.F.);
#2241=ORIENTED_EDGE('',*,*,#2240,.F.);
#2243=ORIENTED_EDGE('',*,*,#2242,.F.);
#2245=ORIENTED_EDGE('',*,*,#2244,.T.);
#2247=ORIENTED_EDGE('',*,*,#2246,.F.);
#2249=ORIENTED_EDGE('',*,*,#2248,.F.);
#2251=ORIENTED_EDGE('',*,*,#2250,.F.);
#2253=ORIENTED_EDGE('',*,*,#2252,.T.);
#2255=ORIENTED_EDGE('',*,*,#2254,.F.);
#2257=ORIENTED_EDGE('',*,*,#2256,.F.);
#2259=ORIENTED_EDGE('',*,*,#2258,.F.);
#2261=ORIENTED_EDGE('',*,*,#2260,.T.);
#2263=ORIENTED_EDGE('',*,*,#2262,.F.);
#2265=ORIENTED_EDGE('',*,*,#2264,.F.);
#2267=ORIENTED_EDGE('',*,*,#2266,.F.);
#2269=ORIENTED_EDGE('',*,*,#2268,.T.);
#2271=ORIENTED_EDGE('',*,*,#2270,.F.);
#2273=ORIENTED_EDGE('',*,*,#2272,.F.);
#2275=ORIENTED_EDGE('',*,*,#2274,.F.);
#2277=ORIENTED_EDGE('',*,*,#2276,.T.);
#2279=ORIENTED_EDGE('',*,*,#2278,.F.);
#2281=ORIENTED_EDGE('',*,*,#2280,.F.);
#2283=ORIENTED_EDGE('',*,*,#2282,.F.);
#2285=ORIENTED_EDGE('',*,*,#2284,.T.);
#2287=ORIENTED_EDGE('',*,*,#2286,.F.);
#2289=ORIENTED_EDGE('',*,*,#2288,.F.);
#2291=ORIENTED_EDGE('',*,*,#2290,.F.);
#2293=ORIENTED_EDGE('',*,*,#2292,.T.);
#2295=ORIENTED_EDGE('',*,*,#2294,.F.);
#2297=ORIENTED_EDGE('',*,*,#2296,.F.);
#2299=ORIENTED_EDGE('',*,*,#2298,.F.);
#2301=ORIENTED_EDGE('',*,*,#2300,.T.);
#2303=ORIENTED_EDGE('',*,*,#2302,.F.);
#2305=ORIENTED_EDGE('',*,*,#2304,.F.);
#2307=ORIENTED_EDGE('',*,*,#2306,.F.);
#2309=ORIENTED_EDGE('',*,*,#2308,.T.);
#2311=ORIENTED_EDGE('',*,*,#2310,.F.);
#2313=ORIENTED_EDGE('',*,*,#2312,.F.);
#2315=ORIENTED_EDGE('',*,*,#2314,.F.);
#2317=ORIENTED_EDGE('',*,*,#2316,.T.);
#2319=ORIENTED_EDGE('',*,*,#2318,.F.);
#2321=ORIENTED_EDGE('',*,*,#2320,.F.);
#2323=ORIENTED_EDGE('',*,*,#2322,.F.);
#2325=ORIENTED_EDGE('',*,*,#2324,.T.);
#2327=ORIENTED_EDGE('',*,*,#2326,.F.);
#2329=ORIENTED_EDGE('',*,*,#2328,.F.);
#2331=ORIENTED_EDGE('',*,*,#2330,.F.);
#2333=ORIENTED_EDGE('',*,*,#2332,.F.);
#2335=ORIENTED_EDGE('',*,*,#2334,.F.);
#2337=ORIENTED_EDGE('',*,*,#2336,.F.);
#2339=ORIENTED_EDGE('',*,*,#2338,.F.);
#2341=ORIENTED_EDGE('',*,*,#2340,.T.);
#2342=EDGE_LOOP('',(#2223,#2225,#2227,#2229,#2231,#2233,#2235,#2237,#2239,#2241,
#2243,#2245,#2247,#2249,#2251,#2253,#2255,#2257,#2259,#2261,#2263,#2265,#2267,
#2269,#2271,#2273,#2275,#2277,#2279,#2281,#2283,#2285,#2287,#2289,#2291,#2293,
#2295,#2297,#2299,#2301,#2303,#2305,#2307,#2309,#2311,#2313,#2315,#2317,#2319,
#2321,#2323,#2325,#2327,#2329,#2331,#2333,#2335,#2337,#2339,#2341));
#2343=FACE_OUTER_BOUND('',#2342,.F.);
#2344=ADVANCED_FACE('',(#2343),#2221,.T.);
#2345=CARTESIAN_POINT('',(1.119739185343E2,9.137851886661E1,-3.215E1));
#2346=DIRECTION('',(-7.071067811865E-1,0.E0,7.071067811865E-1));
#2347=DIRECTION('',(7.071067811865E-1,0.E0,7.071067811865E-1));
#2348=AXIS2_PLACEMENT_3D('',#2345,#2346,#2347);
#2349=PLANE('',#2348);
#2351=ORIENTED_EDGE('',*,*,#2350,.F.);
#2353=ORIENTED_EDGE('',*,*,#2352,.T.);
#2355=ORIENTED_EDGE('',*,*,#2354,.T.);
#2356=ORIENTED_EDGE('',*,*,#2222,.T.);
#2357=EDGE_LOOP('',(#2351,#2353,#2355,#2356));
#2358=FACE_OUTER_BOUND('',#2357,.F.);
#2359=ADVANCED_FACE('',(#2358),#2349,.F.);
#2360=CARTESIAN_POINT('',(1.119739185343E2,9.137851886661E1,-3.215E1));
#2361=DIRECTION('',(-7.071067811865E-1,0.E0,7.071067811865E-1));
#2362=DIRECTION('',(7.071067811865E-1,0.E0,7.071067811865E-1));
#2363=AXIS2_PLACEMENT_3D('',#2360,#2361,#2362);
#2364=PLANE('',#2363);
#2366=ORIENTED_EDGE('',*,*,#2365,.F.);
#2368=ORIENTED_EDGE('',*,*,#2367,.T.);
#2370=ORIENTED_EDGE('',*,*,#2369,.T.);
#2371=ORIENTED_EDGE('',*,*,#2230,.T.);
#2372=EDGE_LOOP('',(#2366,#2368,#2370,#2371));
#2373=FACE_OUTER_BOUND('',#2372,.F.);
#2374=ADVANCED_FACE('',(#2373),#2364,.F.);
#2375=CARTESIAN_POINT('',(1.119739185343E2,9.137851886661E1,-3.215E1));
#2376=DIRECTION('',(-7.071067811865E-1,0.E0,7.071067811865E-1));
#2377=DIRECTION('',(7.071067811865E-1,0.E0,7.071067811865E-1));
#2378=AXIS2_PLACEMENT_3D('',#2375,#2376,#2377);
#2379=PLANE('',#2378);
#2381=ORIENTED_EDGE('',*,*,#2380,.F.);
#2383=ORIENTED_EDGE('',*,*,#2382,.T.);
#2385=ORIENTED_EDGE('',*,*,#2384,.T.);
#2386=ORIENTED_EDGE('',*,*,#2238,.T.);
#2387=EDGE_LOOP('',(#2381,#2383,#2385,#2386));
#2388=FACE_OUTER_BOUND('',#2387,.F.);
#2389=ADVANCED_FACE('',(#2388),#2379,.F.);
#2390=CARTESIAN_POINT('',(1.119739185343E2,9.137851886661E1,-3.215E1));
#2391=DIRECTION('',(-7.071067811865E-1,0.E0,7.071067811865E-1));
#2392=DIRECTION('',(7.071067811865E-1,0.E0,7.071067811865E-1));
#2393=AXIS2_PLACEMENT_3D('',#2390,#2391,#2392);
#2394=PLANE('',#2393);
#2396=ORIENTED_EDGE('',*,*,#2395,.F.);
#2398=ORIENTED_EDGE('',*,*,#2397,.T.);
#2400=ORIENTED_EDGE('',*,*,#2399,.T.);
#2401=ORIENTED_EDGE('',*,*,#2246,.T.);
#2402=EDGE_LOOP('',(#2396,#2398,#2400,#2401));
#2403=FACE_OUTER_BOUND('',#2402,.F.);
#2404=ADVANCED_FACE('',(#2403),#2394,.F.);
#2405=CARTESIAN_POINT('',(1.119739185343E2,9.137851886661E1,-3.215E1));
#2406=DIRECTION('',(-7.071067811865E-1,0.E0,7.071067811865E-1));
#2407=DIRECTION('',(7.071067811865E-1,0.E0,7.071067811865E-1));
#2408=AXIS2_PLACEMENT_3D('',#2405,#2406,#2407);
#2409=PLANE('',#2408);
#2411=ORIENTED_EDGE('',*,*,#2410,.F.);
#2413=ORIENTED_EDGE('',*,*,#2412,.T.);
#2415=ORIENTED_EDGE('',*,*,#2414,.T.);
#2416=ORIENTED_EDGE('',*,*,#2254,.T.);
#2417=EDGE_LOOP('',(#2411,#2413,#2415,#2416));
#2418=FACE_OUTER_BOUND('',#2417,.F.);
#2419=ADVANCED_FACE('',(#2418),#2409,.F.);
#2420=CARTESIAN_POINT('',(1.119739185343E2,9.137851886661E1,-3.215E1));
#2421=DIRECTION('',(-7.071067811865E-1,0.E0,7.071067811865E-1));
#2422=DIRECTION('',(7.071067811865E-1,0.E0,7.071067811865E-1));
#2423=AXIS2_PLACEMENT_3D('',#2420,#2421,#2422);
#2424=PLANE('',#2423);
#2426=ORIENTED_EDGE('',*,*,#2425,.F.);
#2428=ORIENTED_EDGE('',*,*,#2427,.T.);
#2430=ORIENTED_EDGE('',*,*,#2429,.T.);
#2431=ORIENTED_EDGE('',*,*,#2262,.T.);
#2432=EDGE_LOOP('',(#2426,#2428,#2430,#2431));
#2433=FACE_OUTER_BOUND('',#2432,.F.);
#2434=ADVANCED_FACE('',(#2433),#2424,.F.);
#2435=CARTESIAN_POINT('',(1.119739185343E2,9.137851886661E1,-3.215E1));
#2436=DIRECTION('',(-7.071067811865E-1,0.E0,7.071067811865E-1));
#2437=DIRECTION('',(7.071067811865E-1,0.E0,7.071067811865E-1));
#2438=AXIS2_PLACEMENT_3D('',#2435,#2436,#2437);
#2439=PLANE('',#2438);
#2441=ORIENTED_EDGE('',*,*,#2440,.F.);
#2443=ORIENTED_EDGE('',*,*,#2442,.T.);
#2445=ORIENTED_EDGE('',*,*,#2444,.T.);
#2446=ORIENTED_EDGE('',*,*,#2270,.T.);
#2447=EDGE_LOOP('',(#2441,#2443,#2445,#2446));
#2448=FACE_OUTER_BOUND('',#2447,.F.);
#2449=ADVANCED_FACE('',(#2448),#2439,.F.);
#2450=CARTESIAN_POINT('',(1.119739185343E2,9.137851886661E1,-3.215E1));
#2451=DIRECTION('',(-7.071067811865E-1,0.E0,7.071067811865E-1));
#2452=DIRECTION('',(7.071067811865E-1,0.E0,7.071067811865E-1));
#2453=AXIS2_PLACEMENT_3D('',#2450,#2451,#2452);
#2454=PLANE('',#2453);
#2456=ORIENTED_EDGE('',*,*,#2455,.F.);
#2458=ORIENTED_EDGE('',*,*,#2457,.T.);
#2460=ORIENTED_EDGE('',*,*,#2459,.T.);
#2461=ORIENTED_EDGE('',*,*,#2278,.T.);
#2462=EDGE_LOOP('',(#2456,#2458,#2460,#2461));
#2463=FACE_OUTER_BOUND('',#2462,.F.);
#2464=ADVANCED_FACE('',(#2463),#2454,.F.);
#2465=CARTESIAN_POINT('',(1.119739185343E2,9.137851886661E1,-3.215E1));
#2466=DIRECTION('',(-7.071067811865E-1,0.E0,7.071067811865E-1));
#2467=DIRECTION('',(7.071067811865E-1,0.E0,7.071067811865E-1));
#2468=AXIS2_PLACEMENT_3D('',#2465,#2466,#2467);
#2469=PLANE('',#2468);
#2471=ORIENTED_EDGE('',*,*,#2470,.F.);
#2473=ORIENTED_EDGE('',*,*,#2472,.T.);
#2475=ORIENTED_EDGE('',*,*,#2474,.T.);
#2476=ORIENTED_EDGE('',*,*,#2286,.T.);
#2477=EDGE_LOOP('',(#2471,#2473,#2475,#2476));
#2478=FACE_OUTER_BOUND('',#2477,.F.);
#2479=ADVANCED_FACE('',(#2478),#2469,.F.);
#2480=CARTESIAN_POINT('',(1.119739185343E2,9.137851886661E1,-3.215E1));
#2481=DIRECTION('',(-7.071067811865E-1,0.E0,7.071067811865E-1));
#2482=DIRECTION('',(7.071067811865E-1,0.E0,7.071067811865E-1));
#2483=AXIS2_PLACEMENT_3D('',#2480,#2481,#2482);
#2484=PLANE('',#2483);
#2486=ORIENTED_EDGE('',*,*,#2485,.F.);
#2488=ORIENTED_EDGE('',*,*,#2487,.T.);
#2490=ORIENTED_EDGE('',*,*,#2489,.T.);
#2491=ORIENTED_EDGE('',*,*,#2294,.T.);
#2492=EDGE_LOOP('',(#2486,#2488,#2490,#2491));
#2493=FACE_OUTER_BOUND('',#2492,.F.);
#2494=ADVANCED_FACE('',(#2493),#2484,.F.);
#2495=CARTESIAN_POINT('',(1.119739185343E2,9.137851886661E1,-3.215E1));
#2496=DIRECTION('',(-7.071067811865E-1,0.E0,7.071067811865E-1));
#2497=DIRECTION('',(7.071067811865E-1,0.E0,7.071067811865E-1));
#2498=AXIS2_PLACEMENT_3D('',#2495,#2496,#2497);
#2499=PLANE('',#2498);
#2501=ORIENTED_EDGE('',*,*,#2500,.F.);
#2503=ORIENTED_EDGE('',*,*,#2502,.T.);
#2505=ORIENTED_EDGE('',*,*,#2504,.T.);
#2506=ORIENTED_EDGE('',*,*,#2302,.T.);
#2507=EDGE_LOOP('',(#2501,#2503,#2505,#2506));
#2508=FACE_OUTER_BOUND('',#2507,.F.);
#2509=ADVANCED_FACE('',(#2508),#2499,.F.);
#2510=CARTESIAN_POINT('',(1.119739185343E2,9.137851886661E1,-3.215E1));
#2511=DIRECTION('',(-7.071067811865E-1,0.E0,7.071067811865E-1));
#2512=DIRECTION('',(7.071067811865E-1,0.E0,7.071067811865E-1));
#2513=AXIS2_PLACEMENT_3D('',#2510,#2511,#2512);
#2514=PLANE('',#2513);
#2516=ORIENTED_EDGE('',*,*,#2515,.F.);
#2518=ORIENTED_EDGE('',*,*,#2517,.T.);
#2520=ORIENTED_EDGE('',*,*,#2519,.T.);
#2521=ORIENTED_EDGE('',*,*,#2310,.T.);
#2522=EDGE_LOOP('',(#2516,#2518,#2520,#2521));
#2523=FACE_OUTER_BOUND('',#2522,.F.);
#2524=ADVANCED_FACE('',(#2523),#2514,.F.);
#2525=CARTESIAN_POINT('',(1.119739185343E2,9.137851886661E1,-3.215E1));
#2526=DIRECTION('',(-7.071067811865E-1,0.E0,7.071067811865E-1));
#2527=DIRECTION('',(7.071067811865E-1,0.E0,7.071067811865E-1));
#2528=AXIS2_PLACEMENT_3D('',#2525,#2526,#2527);
#2529=PLANE('',#2528);
#2531=ORIENTED_EDGE('',*,*,#2530,.F.);
#2533=ORIENTED_EDGE('',*,*,#2532,.T.);
#2535=ORIENTED_EDGE('',*,*,#2534,.T.);
#2536=ORIENTED_EDGE('',*,*,#2318,.T.);
#2537=EDGE_LOOP('',(#2531,#2533,#2535,#2536));
#2538=FACE_OUTER_BOUND('',#2537,.F.);
#2539=ADVANCED_FACE('',(#2538),#2529,.F.);
#2540=CARTESIAN_POINT('',(1.119739185343E2,9.137851886661E1,-3.215E1));
#2541=DIRECTION('',(-7.071067811865E-1,0.E0,7.071067811865E-1));
#2542=DIRECTION('',(7.071067811865E-1,0.E0,7.071067811865E-1));
#2543=AXIS2_PLACEMENT_3D('',#2540,#2541,#2542);
#2544=PLANE('',#2543);
#2546=ORIENTED_EDGE('',*,*,#2545,.F.);
#2548=ORIENTED_EDGE('',*,*,#2547,.T.);
#2550=ORIENTED_EDGE('',*,*,#2549,.T.);
#2551=ORIENTED_EDGE('',*,*,#2326,.T.);
#2552=EDGE_LOOP('',(#2546,#2548,#2550,#2551));
#2553=FACE_OUTER_BOUND('',#2552,.F.);
#2554=ADVANCED_FACE('',(#2553),#2544,.F.);
#2555=CARTESIAN_POINT('',(2.597307853434E1,7.643851886661E1,-5.25E0));
#2556=DIRECTION('',(0.E0,1.E0,0.E0));
#2557=DIRECTION('',(1.E0,0.E0,0.E0));
#2558=AXIS2_PLACEMENT_3D('',#2555,#2556,#2557);
#2559=PLANE('',#2558);
#2561=ORIENTED_EDGE('',*,*,#2560,.T.);
#2563=ORIENTED_EDGE('',*,*,#2562,.T.);
#2564=ORIENTED_EDGE('',*,*,#2350,.T.);
#2565=ORIENTED_EDGE('',*,*,#2340,.F.);
#2567=ORIENTED_EDGE('',*,*,#2566,.F.);
#2569=ORIENTED_EDGE('',*,*,#2568,.T.);
#2570=EDGE_LOOP('',(#2561,#2563,#2564,#2565,#2567,#2569));
#2571=FACE_OUTER_BOUND('',#2570,.F.);
#2572=ADVANCED_FACE('',(#2571),#2559,.T.);
#2573=CARTESIAN_POINT('',(2.597307853434E1,9.137851886661E1,-3.115E1));
#2574=DIRECTION('',(7.071067811865E-1,0.E0,7.071067811865E-1));
#2575=DIRECTION('',(7.071067811865E-1,0.E0,-7.071067811865E-1));
#2576=AXIS2_PLACEMENT_3D('',#2573,#2574,#2575);
#2577=PLANE('',#2576);
#2579=ORIENTED_EDGE('',*,*,#2578,.T.);
#2581=ORIENTED_EDGE('',*,*,#2580,.F.);
#2583=ORIENTED_EDGE('',*,*,#2582,.F.);
#2585=ORIENTED_EDGE('',*,*,#2584,.T.);
#2586=EDGE_LOOP('',(#2579,#2581,#2583,#2585));
#2587=FACE_OUTER_BOUND('',#2586,.F.);
#2588=ADVANCED_FACE('',(#2587),#2577,.F.);
#2589=CARTESIAN_POINT('',(2.597307853434E1,9.137851886661E1,-3.115E1));
#2590=DIRECTION('',(7.071067811865E-1,0.E0,7.071067811865E-1));
#2591=DIRECTION('',(7.071067811865E-1,0.E0,-7.071067811865E-1));
#2592=AXIS2_PLACEMENT_3D('',#2589,#2590,#2591);
#2593=PLANE('',#2592);
#2595=ORIENTED_EDGE('',*,*,#2594,.T.);
#2597=ORIENTED_EDGE('',*,*,#2596,.F.);
#2599=ORIENTED_EDGE('',*,*,#2598,.F.);
#2601=ORIENTED_EDGE('',*,*,#2600,.T.);
#2602=EDGE_LOOP('',(#2595,#2597,#2599,#2601));
#2603=FACE_OUTER_BOUND('',#2602,.F.);
#2604=ADVANCED_FACE('',(#2603),#2593,.F.);
#2605=CARTESIAN_POINT('',(2.597307853434E1,9.137851886661E1,-3.115E1));
#2606=DIRECTION('',(7.071067811865E-1,0.E0,7.071067811865E-1));
#2607=DIRECTION('',(7.071067811865E-1,0.E0,-7.071067811865E-1));
#2608=AXIS2_PLACEMENT_3D('',#2605,#2606,#2607);
#2609=PLANE('',#2608);
#2611=ORIENTED_EDGE('',*,*,#2610,.T.);
#2613=ORIENTED_EDGE('',*,*,#2612,.F.);
#2615=ORIENTED_EDGE('',*,*,#2614,.F.);
#2617=ORIENTED_EDGE('',*,*,#2616,.T.);
#2618=EDGE_LOOP('',(#2611,#2613,#2615,#2617));
#2619=FACE_OUTER_BOUND('',#2618,.F.);
#2620=ADVANCED_FACE('',(#2619),#2609,.F.);
#2621=CARTESIAN_POINT('',(2.597307853434E1,9.137851886661E1,-3.115E1));
#2622=DIRECTION('',(7.071067811865E-1,0.E0,7.071067811865E-1));
#2623=DIRECTION('',(7.071067811865E-1,0.E0,-7.071067811865E-1));
#2624=AXIS2_PLACEMENT_3D('',#2621,#2622,#2623);
#2625=PLANE('',#2624);
#2627=ORIENTED_EDGE('',*,*,#2626,.T.);
#2629=ORIENTED_EDGE('',*,*,#2628,.F.);
#2631=ORIENTED_EDGE('',*,*,#2630,.F.);
#2633=ORIENTED_EDGE('',*,*,#2632,.T.);
#2634=EDGE_LOOP('',(#2627,#2629,#2631,#2633));
#2635=FACE_OUTER_BOUND('',#2634,.F.);
#2636=ADVANCED_FACE('',(#2635),#2625,.F.);
#2637=CARTESIAN_POINT('',(2.597307853434E1,9.137851886661E1,-3.115E1));
#2638=DIRECTION('',(7.071067811865E-1,0.E0,7.071067811865E-1));
#2639=DIRECTION('',(7.071067811865E-1,0.E0,-7.071067811865E-1));
#2640=AXIS2_PLACEMENT_3D('',#2637,#2638,#2639);
#2641=PLANE('',#2640);
#2643=ORIENTED_EDGE('',*,*,#2642,.T.);
#2645=ORIENTED_EDGE('',*,*,#2644,.F.);
#2647=ORIENTED_EDGE('',*,*,#2646,.F.);
#2649=ORIENTED_EDGE('',*,*,#2648,.T.);
#2650=EDGE_LOOP('',(#2643,#2645,#2647,#2649));
#2651=FACE_OUTER_BOUND('',#2650,.F.);
#2652=ADVANCED_FACE('',(#2651),#2641,.F.);
#2653=CARTESIAN_POINT('',(2.597307853434E1,9.137851886661E1,-3.115E1));
#2654=DIRECTION('',(7.071067811865E-1,0.E0,7.071067811865E-1));
#2655=DIRECTION('',(7.071067811865E-1,0.E0,-7.071067811865E-1));
#2656=AXIS2_PLACEMENT_3D('',#2653,#2654,#2655);
#2657=PLANE('',#2656);
#2659=ORIENTED_EDGE('',*,*,#2658,.T.);
#2661=ORIENTED_EDGE('',*,*,#2660,.F.);
#2663=ORIENTED_EDGE('',*,*,#2662,.F.);
#2665=ORIENTED_EDGE('',*,*,#2664,.T.);
#2666=EDGE_LOOP('',(#2659,#2661,#2663,#2665));
#2667=FACE_OUTER_BOUND('',#2666,.F.);
#2668=ADVANCED_FACE('',(#2667),#2657,.F.);
#2669=CARTESIAN_POINT('',(2.597307853434E1,9.137851886661E1,-3.115E1));
#2670=DIRECTION('',(7.071067811865E-1,0.E0,7.071067811865E-1));
#2671=DIRECTION('',(7.071067811865E-1,0.E0,-7.071067811865E-1));
#2672=AXIS2_PLACEMENT_3D('',#2669,#2670,#2671);
#2673=PLANE('',#2672);
#2675=ORIENTED_EDGE('',*,*,#2674,.T.);
#2677=ORIENTED_EDGE('',*,*,#2676,.F.);
#2679=ORIENTED_EDGE('',*,*,#2678,.F.);
#2681=ORIENTED_EDGE('',*,*,#2680,.T.);
#2682=EDGE_LOOP('',(#2675,#2677,#2679,#2681));
#2683=FACE_OUTER_BOUND('',#2682,.F.);
#2684=ADVANCED_FACE('',(#2683),#2673,.F.);
#2685=CARTESIAN_POINT('',(2.597307853434E1,9.137851886661E1,-3.115E1));
#2686=DIRECTION('',(7.071067811865E-1,0.E0,7.071067811865E-1));
#2687=DIRECTION('',(7.071067811865E-1,0.E0,-7.071067811865E-1));
#2688=AXIS2_PLACEMENT_3D('',#2685,#2686,#2687);
#2689=PLANE('',#2688);
#2691=ORIENTED_EDGE('',*,*,#2690,.T.);
#2693=ORIENTED_EDGE('',*,*,#2692,.F.);
#2695=ORIENTED_EDGE('',*,*,#2694,.F.);
#2697=ORIENTED_EDGE('',*,*,#2696,.T.);
#2698=EDGE_LOOP('',(#2691,#2693,#2695,#2697));
#2699=FACE_OUTER_BOUND('',#2698,.F.);
#2700=ADVANCED_FACE('',(#2699),#2689,.F.);
#2701=CARTESIAN_POINT('',(2.597307853434E1,9.137851886661E1,-3.115E1));
#2702=DIRECTION('',(7.071067811865E-1,0.E0,7.071067811865E-1));
#2703=DIRECTION('',(7.071067811865E-1,0.E0,-7.071067811865E-1));
#2704=AXIS2_PLACEMENT_3D('',#2701,#2702,#2703);
#2705=PLANE('',#2704);
#2707=ORIENTED_EDGE('',*,*,#2706,.T.);
#2709=ORIENTED_EDGE('',*,*,#2708,.F.);
#2711=ORIENTED_EDGE('',*,*,#2710,.F.);
#2713=ORIENTED_EDGE('',*,*,#2712,.T.);
#2714=EDGE_LOOP('',(#2707,#2709,#2711,#2713));
#2715=FACE_OUTER_BOUND('',#2714,.F.);
#2716=ADVANCED_FACE('',(#2715),#2705,.F.);
#2717=CARTESIAN_POINT('',(2.597307853434E1,9.137851886661E1,-3.115E1));
#2718=DIRECTION('',(7.071067811865E-1,0.E0,7.071067811865E-1));
#2719=DIRECTION('',(7.071067811865E-1,0.E0,-7.071067811865E-1));
#2720=AXIS2_PLACEMENT_3D('',#2717,#2718,#2719);
#2721=PLANE('',#2720);
#2723=ORIENTED_EDGE('',*,*,#2722,.T.);
#2725=ORIENTED_EDGE('',*,*,#2724,.F.);
#2727=ORIENTED_EDGE('',*,*,#2726,.F.);
#2729=ORIENTED_EDGE('',*,*,#2728,.T.);
#2730=EDGE_LOOP('',(#2723,#2725,#2727,#2729));
#2731=FACE_OUTER_BOUND('',#2730,.F.);
#2732=ADVANCED_FACE('',(#2731),#2721,.F.);
#2733=CARTESIAN_POINT('',(2.597307853434E1,9.137851886661E1,-3.115E1));
#2734=DIRECTION('',(7.071067811865E-1,0.E0,7.071067811865E-1));
#2735=DIRECTION('',(7.071067811865E-1,0.E0,-7.071067811865E-1));
#2736=AXIS2_PLACEMENT_3D('',#2733,#2734,#2735);
#2737=PLANE('',#2736);
#2739=ORIENTED_EDGE('',*,*,#2738,.T.);
#2741=ORIENTED_EDGE('',*,*,#2740,.F.);
#2743=ORIENTED_EDGE('',*,*,#2742,.F.);
#2745=ORIENTED_EDGE('',*,*,#2744,.T.);
#2746=EDGE_LOOP('',(#2739,#2741,#2743,#2745));
#2747=FACE_OUTER_BOUND('',#2746,.F.);
#2748=ADVANCED_FACE('',(#2747),#2737,.F.);
#2749=CARTESIAN_POINT('',(2.597307853434E1,9.137851886661E1,-3.115E1));
#2750=DIRECTION('',(7.071067811865E-1,0.E0,7.071067811865E-1));
#2751=DIRECTION('',(7.071067811865E-1,0.E0,-7.071067811865E-1));
#2752=AXIS2_PLACEMENT_3D('',#2749,#2750,#2751);
#2753=PLANE('',#2752);
#2755=ORIENTED_EDGE('',*,*,#2754,.T.);
#2757=ORIENTED_EDGE('',*,*,#2756,.F.);
#2759=ORIENTED_EDGE('',*,*,#2758,.F.);
#2761=ORIENTED_EDGE('',*,*,#2760,.T.);
#2762=EDGE_LOOP('',(#2755,#2757,#2759,#2761));
#2763=FACE_OUTER_BOUND('',#2762,.F.);
#2764=ADVANCED_FACE('',(#2763),#2753,.F.);
#2765=CARTESIAN_POINT('',(2.597307853434E1,9.137851886661E1,-3.115E1));
#2766=DIRECTION('',(7.071067811865E-1,0.E0,7.071067811865E-1));
#2767=DIRECTION('',(7.071067811865E-1,0.E0,-7.071067811865E-1));
#2768=AXIS2_PLACEMENT_3D('',#2765,#2766,#2767);
#2769=PLANE('',#2768);
#2771=ORIENTED_EDGE('',*,*,#2770,.T.);
#2773=ORIENTED_EDGE('',*,*,#2772,.F.);
#2775=ORIENTED_EDGE('',*,*,#2774,.F.);
#2777=ORIENTED_EDGE('',*,*,#2776,.T.);
#2778=EDGE_LOOP('',(#2771,#2773,#2775,#2777));
#2779=FACE_OUTER_BOUND('',#2778,.F.);
#2780=ADVANCED_FACE('',(#2779),#2769,.F.);
#2781=CARTESIAN_POINT('',(2.597307853434E1,9.137851886661E1,-3.115E1));
#2782=DIRECTION('',(7.071067811865E-1,0.E0,7.071067811865E-1));
#2783=DIRECTION('',(7.071067811865E-1,0.E0,-7.071067811865E-1));
#2784=AXIS2_PLACEMENT_3D('',#2781,#2782,#2783);
#2785=PLANE('',#2784);
#2787=ORIENTED_EDGE('',*,*,#2786,.T.);
#2789=ORIENTED_EDGE('',*,*,#2788,.F.);
#2790=ORIENTED_EDGE('',*,*,#2560,.F.);
#2792=ORIENTED_EDGE('',*,*,#2791,.T.);
#2793=EDGE_LOOP('',(#2787,#2789,#2790,#2792));
#2794=FACE_OUTER_BOUND('',#2793,.F.);
#2795=ADVANCED_FACE('',(#2794),#2785,.F.);
#2796=CARTESIAN_POINT('',(1.129739185343E2,2.303851886661E1,-5.25E0));
#2797=DIRECTION('',(0.E0,-1.E0,0.E0));
#2798=DIRECTION('',(-1.E0,0.E0,0.E0));
#2799=AXIS2_PLACEMENT_3D('',#2796,#2797,#2798);
#2800=PLANE('',#2799);
#2801=ORIENTED_EDGE('',*,*,#2578,.F.);
#2803=ORIENTED_EDGE('',*,*,#2802,.F.);
#2805=ORIENTED_EDGE('',*,*,#2804,.T.);
#2806=ORIENTED_EDGE('',*,*,#2328,.T.);
#2807=ORIENTED_EDGE('',*,*,#2549,.F.);
#2809=ORIENTED_EDGE('',*,*,#2808,.T.);
#2810=EDGE_LOOP('',(#2801,#2803,#2805,#2806,#2807,#2809));
#2811=FACE_OUTER_BOUND('',#2810,.F.);
#2812=ADVANCED_FACE('',(#2811),#2800,.T.);
#2813=CARTESIAN_POINT('',(2.597307853434E1,1.523846186661E1,-2.5E-1));
#2814=DIRECTION('',(-1.E0,0.E0,0.E0));
#2815=DIRECTION('',(0.E0,1.E0,0.E0));
#2816=AXIS2_PLACEMENT_3D('',#2813,#2814,#2815);
#2817=PLANE('',#2816);
#2818=ORIENTED_EDGE('',*,*,#2584,.F.);
#2820=ORIENTED_EDGE('',*,*,#2819,.F.);
#2822=ORIENTED_EDGE('',*,*,#2821,.F.);
#2824=ORIENTED_EDGE('',*,*,#2823,.T.);
#2825=ORIENTED_EDGE('',*,*,#2600,.F.);
#2827=ORIENTED_EDGE('',*,*,#2826,.F.);
#2829=ORIENTED_EDGE('',*,*,#2828,.F.);
#2831=ORIENTED_EDGE('',*,*,#2830,.T.);
#2832=ORIENTED_EDGE('',*,*,#2616,.F.);
#2834=ORIENTED_EDGE('',*,*,#2833,.F.);
#2836=ORIENTED_EDGE('',*,*,#2835,.F.);
#2838=ORIENTED_EDGE('',*,*,#2837,.T.);
#2839=ORIENTED_EDGE('',*,*,#2632,.F.);
#2841=ORIENTED_EDGE('',*,*,#2840,.F.);
#2843=ORIENTED_EDGE('',*,*,#2842,.F.);
#2845=ORIENTED_EDGE('',*,*,#2844,.T.);
#2846=ORIENTED_EDGE('',*,*,#2648,.F.);
#2848=ORIENTED_EDGE('',*,*,#2847,.F.);
#2850=ORIENTED_EDGE('',*,*,#2849,.F.);
#2852=ORIENTED_EDGE('',*,*,#2851,.T.);
#2853=ORIENTED_EDGE('',*,*,#2664,.F.);
#2855=ORIENTED_EDGE('',*,*,#2854,.F.);
#2857=ORIENTED_EDGE('',*,*,#2856,.F.);
#2859=ORIENTED_EDGE('',*,*,#2858,.T.);
#2860=ORIENTED_EDGE('',*,*,#2680,.F.);
#2862=ORIENTED_EDGE('',*,*,#2861,.F.);
#2864=ORIENTED_EDGE('',*,*,#2863,.F.);
#2866=ORIENTED_EDGE('',*,*,#2865,.T.);
#2867=ORIENTED_EDGE('',*,*,#2696,.F.);
#2869=ORIENTED_EDGE('',*,*,#2868,.F.);
#2871=ORIENTED_EDGE('',*,*,#2870,.F.);
#2873=ORIENTED_EDGE('',*,*,#2872,.T.);
#2874=ORIENTED_EDGE('',*,*,#2712,.F.);
#2876=ORIENTED_EDGE('',*,*,#2875,.F.);
#2878=ORIENTED_EDGE('',*,*,#2877,.F.);
#2880=ORIENTED_EDGE('',*,*,#2879,.T.);
#2881=ORIENTED_EDGE('',*,*,#2728,.F.);
#2883=ORIENTED_EDGE('',*,*,#2882,.F.);
#2885=ORIENTED_EDGE('',*,*,#2884,.F.);
#2887=ORIENTED_EDGE('',*,*,#2886,.T.);
#2888=ORIENTED_EDGE('',*,*,#2744,.F.);
#2890=ORIENTED_EDGE('',*,*,#2889,.F.);
#2892=ORIENTED_EDGE('',*,*,#2891,.F.);
#2894=ORIENTED_EDGE('',*,*,#2893,.T.);
#2895=ORIENTED_EDGE('',*,*,#2760,.F.);
#2897=ORIENTED_EDGE('',*,*,#2896,.F.);
#2899=ORIENTED_EDGE('',*,*,#2898,.F.);
#2901=ORIENTED_EDGE('',*,*,#2900,.T.);
#2902=ORIENTED_EDGE('',*,*,#2776,.F.);
#2904=ORIENTED_EDGE('',*,*,#2903,.F.);
#2906=ORIENTED_EDGE('',*,*,#2905,.F.);
#2908=ORIENTED_EDGE('',*,*,#2907,.T.);
#2909=ORIENTED_EDGE('',*,*,#2791,.F.);
#2910=ORIENTED_EDGE('',*,*,#2568,.F.);
#2912=ORIENTED_EDGE('',*,*,#2911,.F.);
#2914=ORIENTED_EDGE('',*,*,#2913,.F.);
#2916=ORIENTED_EDGE('',*,*,#2915,.F.);
#2918=ORIENTED_EDGE('',*,*,#2917,.F.);
#2920=ORIENTED_EDGE('',*,*,#2919,.F.);
#2921=ORIENTED_EDGE('',*,*,#2802,.T.);
#2922=EDGE_LOOP('',(#2818,#2820,#2822,#2824,#2825,#2827,#2829,#2831,#2832,#2834,
#2836,#2838,#2839,#2841,#2843,#2845,#2846,#2848,#2850,#2852,#2853,#2855,#2857,
#2859,#2860,#2862,#2864,#2866,#2867,#2869,#2871,#2873,#2874,#2876,#2878,#2880,
#2881,#2883,#2885,#2887,#2888,#2890,#2892,#2894,#2895,#2897,#2899,#2901,#2902,
#2904,#2906,#2908,#2909,#2910,#2912,#2914,#2916,#2918,#2920,#2921));
#2923=FACE_OUTER_BOUND('',#2922,.F.);
#2924=ADVANCED_FACE('',(#2923),#2817,.T.);
#2925=CARTESIAN_POINT('',(2.597307853434E1,2.443851886661E1,-5.25E0));
#2926=DIRECTION('',(0.E0,1.E0,0.E0));
#2927=DIRECTION('',(1.E0,0.E0,0.E0));
#2928=AXIS2_PLACEMENT_3D('',#2925,#2926,#2927);
#2929=PLANE('',#2928);
#2930=ORIENTED_EDGE('',*,*,#2582,.T.);
#2932=ORIENTED_EDGE('',*,*,#2931,.T.);
#2933=ORIENTED_EDGE('',*,*,#2545,.T.);
#2934=ORIENTED_EDGE('',*,*,#2324,.F.);
#2936=ORIENTED_EDGE('',*,*,#2935,.F.);
#2937=ORIENTED_EDGE('',*,*,#2819,.T.);
#2938=EDGE_LOOP('',(#2930,#2932,#2933,#2934,#2936,#2937));
#2939=FACE_OUTER_BOUND('',#2938,.F.);
#2940=ADVANCED_FACE('',(#2939),#2929,.T.);
#2941=CARTESIAN_POINT('',(2.597307853434E1,9.173858726661E1,-3.215E1));
#2942=DIRECTION('',(0.E0,0.E0,1.E0));
#2943=DIRECTION('',(1.E0,0.E0,0.E0));
#2944=AXIS2_PLACEMENT_3D('',#2941,#2942,#2943);
#2945=PLANE('',#2944);
#2947=ORIENTED_EDGE('',*,*,#2946,.T.);
#2949=ORIENTED_EDGE('',*,*,#2948,.T.);
#2951=ORIENTED_EDGE('',*,*,#2950,.T.);
#2953=ORIENTED_EDGE('',*,*,#2952,.T.);
#2954=EDGE_LOOP('',(#2947,#2949,#2951,#2953));
#2955=FACE_OUTER_BOUND('',#2954,.F.);
#2956=ADVANCED_FACE('',(#2955),#2945,.F.);
#2957=CARTESIAN_POINT('',(2.597307853434E1,9.173858726661E1,-3.215E1));
#2958=DIRECTION('',(0.E0,0.E0,1.E0));
#2959=DIRECTION('',(1.E0,0.E0,0.E0));
#2960=AXIS2_PLACEMENT_3D('',#2957,#2958,#2959);
#2961=PLANE('',#2960);
#2963=ORIENTED_EDGE('',*,*,#2962,.T.);
#2965=ORIENTED_EDGE('',*,*,#2964,.T.);
#2967=ORIENTED_EDGE('',*,*,#2966,.T.);
#2969=ORIENTED_EDGE('',*,*,#2968,.T.);
#2970=EDGE_LOOP('',(#2963,#2965,#2967,#2969));
#2971=FACE_OUTER_BOUND('',#2970,.F.);
#2972=ADVANCED_FACE('',(#2971),#2961,.F.);
#2973=CARTESIAN_POINT('',(2.597307853434E1,9.173858726661E1,-3.215E1));
#2974=DIRECTION('',(0.E0,0.E0,1.E0));
#2975=DIRECTION('',(1.E0,0.E0,0.E0));
#2976=AXIS2_PLACEMENT_3D('',#2973,#2974,#2975);
#2977=PLANE('',#2976);
#2978=ORIENTED_EDGE('',*,*,#2580,.T.);
#2979=ORIENTED_EDGE('',*,*,#2808,.F.);
#2980=ORIENTED_EDGE('',*,*,#2547,.F.);
#2981=ORIENTED_EDGE('',*,*,#2931,.F.);
#2982=EDGE_LOOP('',(#2978,#2979,#2980,#2981));
#2983=FACE_OUTER_BOUND('',#2982,.F.);
#2984=ADVANCED_FACE('',(#2983),#2977,.F.);
#2985=CARTESIAN_POINT('',(2.597307853434E1,9.173858726661E1,-3.215E1));
#2986=DIRECTION('',(0.E0,0.E0,1.E0));
#2987=DIRECTION('',(1.E0,0.E0,0.E0));
#2988=AXIS2_PLACEMENT_3D('',#2985,#2986,#2987);
#2989=PLANE('',#2988);
#2990=ORIENTED_EDGE('',*,*,#2596,.T.);
#2992=ORIENTED_EDGE('',*,*,#2991,.F.);
#2993=ORIENTED_EDGE('',*,*,#2532,.F.);
#2995=ORIENTED_EDGE('',*,*,#2994,.F.);
#2996=EDGE_LOOP('',(#2990,#2992,#2993,#2995));
#2997=FACE_OUTER_BOUND('',#2996,.F.);
#2998=ADVANCED_FACE('',(#2997),#2989,.F.);
#2999=CARTESIAN_POINT('',(2.597307853434E1,9.173858726661E1,-3.215E1));
#3000=DIRECTION('',(0.E0,0.E0,1.E0));
#3001=DIRECTION('',(1.E0,0.E0,0.E0));
#3002=AXIS2_PLACEMENT_3D('',#2999,#3000,#3001);
#3003=PLANE('',#3002);
#3004=ORIENTED_EDGE('',*,*,#2612,.T.);
#3006=ORIENTED_EDGE('',*,*,#3005,.F.);
#3007=ORIENTED_EDGE('',*,*,#2517,.F.);
#3009=ORIENTED_EDGE('',*,*,#3008,.F.);
#3010=EDGE_LOOP('',(#3004,#3006,#3007,#3009));
#3011=FACE_OUTER_BOUND('',#3010,.F.);
#3012=ADVANCED_FACE('',(#3011),#3003,.F.);
#3013=CARTESIAN_POINT('',(2.597307853434E1,9.173858726661E1,-3.215E1));
#3014=DIRECTION('',(0.E0,0.E0,1.E0));
#3015=DIRECTION('',(1.E0,0.E0,0.E0));
#3016=AXIS2_PLACEMENT_3D('',#3013,#3014,#3015);
#3017=PLANE('',#3016);
#3018=ORIENTED_EDGE('',*,*,#2628,.T.);
#3020=ORIENTED_EDGE('',*,*,#3019,.F.);
#3021=ORIENTED_EDGE('',*,*,#2502,.F.);
#3023=ORIENTED_EDGE('',*,*,#3022,.F.);
#3024=EDGE_LOOP('',(#3018,#3020,#3021,#3023));
#3025=FACE_OUTER_BOUND('',#3024,.F.);
#3026=ADVANCED_FACE('',(#3025),#3017,.F.);
#3027=CARTESIAN_POINT('',(2.597307853434E1,9.173858726661E1,-3.215E1));
#3028=DIRECTION('',(0.E0,0.E0,1.E0));
#3029=DIRECTION('',(1.E0,0.E0,0.E0));
#3030=AXIS2_PLACEMENT_3D('',#3027,#3028,#3029);
#3031=PLANE('',#3030);
#3032=ORIENTED_EDGE('',*,*,#2644,.T.);
#3034=ORIENTED_EDGE('',*,*,#3033,.F.);
#3035=ORIENTED_EDGE('',*,*,#2487,.F.);
#3037=ORIENTED_EDGE('',*,*,#3036,.F.);
#3038=EDGE_LOOP('',(#3032,#3034,#3035,#3037));
#3039=FACE_OUTER_BOUND('',#3038,.F.);
#3040=ADVANCED_FACE('',(#3039),#3031,.F.);
#3041=CARTESIAN_POINT('',(2.597307853434E1,9.173858726661E1,-3.215E1));
#3042=DIRECTION('',(0.E0,0.E0,1.E0));
#3043=DIRECTION('',(1.E0,0.E0,0.E0));
#3044=AXIS2_PLACEMENT_3D('',#3041,#3042,#3043);
#3045=PLANE('',#3044);
#3046=ORIENTED_EDGE('',*,*,#2660,.T.);
#3048=ORIENTED_EDGE('',*,*,#3047,.F.);
#3049=ORIENTED_EDGE('',*,*,#2472,.F.);
#3051=ORIENTED_EDGE('',*,*,#3050,.F.);
#3052=EDGE_LOOP('',(#3046,#3048,#3049,#3051));
#3053=FACE_OUTER_BOUND('',#3052,.F.);
#3054=ADVANCED_FACE('',(#3053),#3045,.F.);
#3055=CARTESIAN_POINT('',(2.597307853434E1,9.173858726661E1,-3.215E1));
#3056=DIRECTION('',(0.E0,0.E0,1.E0));
#3057=DIRECTION('',(1.E0,0.E0,0.E0));
#3058=AXIS2_PLACEMENT_3D('',#3055,#3056,#3057);
#3059=PLANE('',#3058);
#3060=ORIENTED_EDGE('',*,*,#2676,.T.);
#3062=ORIENTED_EDGE('',*,*,#3061,.F.);
#3063=ORIENTED_EDGE('',*,*,#2457,.F.);
#3065=ORIENTED_EDGE('',*,*,#3064,.F.);
#3066=EDGE_LOOP('',(#3060,#3062,#3063,#3065));
#3067=FACE_OUTER_BOUND('',#3066,.F.);
#3068=ADVANCED_FACE('',(#3067),#3059,.F.);
#3069=CARTESIAN_POINT('',(2.597307853434E1,9.173858726661E1,-3.215E1));
#3070=DIRECTION('',(0.E0,0.E0,1.E0));
#3071=DIRECTION('',(1.E0,0.E0,0.E0));
#3072=AXIS2_PLACEMENT_3D('',#3069,#3070,#3071);
#3073=PLANE('',#3072);
#3074=ORIENTED_EDGE('',*,*,#2692,.T.);
#3076=ORIENTED_EDGE('',*,*,#3075,.F.);
#3077=ORIENTED_EDGE('',*,*,#2442,.F.);
#3079=ORIENTED_EDGE('',*,*,#3078,.F.);
#3080=EDGE_LOOP('',(#3074,#3076,#3077,#3079));
#3081=FACE_OUTER_BOUND('',#3080,.F.);
#3082=ADVANCED_FACE('',(#3081),#3073,.F.);
#3083=CARTESIAN_POINT('',(2.597307853434E1,9.173858726661E1,-3.215E1));
#3084=DIRECTION('',(0.E0,0.E0,1.E0));
#3085=DIRECTION('',(1.E0,0.E0,0.E0));
#3086=AXIS2_PLACEMENT_3D('',#3083,#3084,#3085);
#3087=PLANE('',#3086);
#3088=ORIENTED_EDGE('',*,*,#2708,.T.);
#3090=ORIENTED_EDGE('',*,*,#3089,.F.);
#3091=ORIENTED_EDGE('',*,*,#2427,.F.);
#3093=ORIENTED_EDGE('',*,*,#3092,.F.);
#3094=EDGE_LOOP('',(#3088,#3090,#3091,#3093));
#3095=FACE_OUTER_BOUND('',#3094,.F.);
#3096=ADVANCED_FACE('',(#3095),#3087,.F.);
#3097=CARTESIAN_POINT('',(2.597307853434E1,9.173858726661E1,-3.215E1));
#3098=DIRECTION('',(0.E0,0.E0,1.E0));
#3099=DIRECTION('',(1.E0,0.E0,0.E0));
#3100=AXIS2_PLACEMENT_3D('',#3097,#3098,#3099);
#3101=PLANE('',#3100);
#3102=ORIENTED_EDGE('',*,*,#2724,.T.);
#3104=ORIENTED_EDGE('',*,*,#3103,.F.);
#3105=ORIENTED_EDGE('',*,*,#2412,.F.);
#3107=ORIENTED_EDGE('',*,*,#3106,.F.);
#3108=EDGE_LOOP('',(#3102,#3104,#3105,#3107));
#3109=FACE_OUTER_BOUND('',#3108,.F.);
#3110=ADVANCED_FACE('',(#3109),#3101,.F.);
#3111=CARTESIAN_POINT('',(2.597307853434E1,9.173858726661E1,-3.215E1));
#3112=DIRECTION('',(0.E0,0.E0,1.E0));
#3113=DIRECTION('',(1.E0,0.E0,0.E0));
#3114=AXIS2_PLACEMENT_3D('',#3111,#3112,#3113);
#3115=PLANE('',#3114);
#3116=ORIENTED_EDGE('',*,*,#2740,.T.);
#3118=ORIENTED_EDGE('',*,*,#3117,.F.);
#3119=ORIENTED_EDGE('',*,*,#2397,.F.);
#3121=ORIENTED_EDGE('',*,*,#3120,.F.);
#3122=EDGE_LOOP('',(#3116,#3118,#3119,#3121));
#3123=FACE_OUTER_BOUND('',#3122,.F.);
#3124=ADVANCED_FACE('',(#3123),#3115,.F.);
#3125=CARTESIAN_POINT('',(2.597307853434E1,9.173858726661E1,-3.215E1));
#3126=DIRECTION('',(0.E0,0.E0,1.E0));
#3127=DIRECTION('',(1.E0,0.E0,0.E0));
#3128=AXIS2_PLACEMENT_3D('',#3125,#3126,#3127);
#3129=PLANE('',#3128);
#3130=ORIENTED_EDGE('',*,*,#2756,.T.);
#3132=ORIENTED_EDGE('',*,*,#3131,.F.);
#3133=ORIENTED_EDGE('',*,*,#2382,.F.);
#3135=ORIENTED_EDGE('',*,*,#3134,.F.);
#3136=EDGE_LOOP('',(#3130,#3132,#3133,#3135));
#3137=FACE_OUTER_BOUND('',#3136,.F.);
#3138=ADVANCED_FACE('',(#3137),#3129,.F.);
#3139=CARTESIAN_POINT('',(2.597307853434E1,9.173858726661E1,-3.215E1));
#3140=DIRECTION('',(0.E0,0.E0,1.E0));
#3141=DIRECTION('',(1.E0,0.E0,0.E0));
#3142=AXIS2_PLACEMENT_3D('',#3139,#3140,#3141);
#3143=PLANE('',#3142);
#3144=ORIENTED_EDGE('',*,*,#2772,.T.);
#3146=ORIENTED_EDGE('',*,*,#3145,.F.);
#3147=ORIENTED_EDGE('',*,*,#2367,.F.);
#3149=ORIENTED_EDGE('',*,*,#3148,.F.);
#3150=EDGE_LOOP('',(#3144,#3146,#3147,#3149));
#3151=FACE_OUTER_BOUND('',#3150,.F.);
#3152=ADVANCED_FACE('',(#3151),#3143,.F.);
#3153=CARTESIAN_POINT('',(2.597307853434E1,9.173858726661E1,-3.215E1));
#3154=DIRECTION('',(0.E0,0.E0,1.E0));
#3155=DIRECTION('',(1.E0,0.E0,0.E0));
#3156=AXIS2_PLACEMENT_3D('',#3153,#3154,#3155);
#3157=PLANE('',#3156);
#3158=ORIENTED_EDGE('',*,*,#2788,.T.);
#3160=ORIENTED_EDGE('',*,*,#3159,.F.);
#3161=ORIENTED_EDGE('',*,*,#2352,.F.);
#3162=ORIENTED_EDGE('',*,*,#2562,.F.);
#3163=EDGE_LOOP('',(#3158,#3160,#3161,#3162));
#3164=FACE_OUTER_BOUND('',#3163,.F.);
#3165=ADVANCED_FACE('',(#3164),#3157,.F.);
#3166=CARTESIAN_POINT('',(2.597307853434E1,9.173858726661E1,-3.215E1));
#3167=DIRECTION('',(0.E0,0.E0,1.E0));
#3168=DIRECTION('',(1.E0,0.E0,0.E0));
#3169=AXIS2_PLACEMENT_3D('',#3166,#3167,#3168);
#3170=PLANE('',#3169);
#3172=ORIENTED_EDGE('',*,*,#3171,.T.);
#3174=ORIENTED_EDGE('',*,*,#3173,.F.);
#3176=ORIENTED_EDGE('',*,*,#3175,.T.);
#3178=ORIENTED_EDGE('',*,*,#3177,.F.);
#3179=EDGE_LOOP('',(#3172,#3174,#3176,#3178));
#3180=FACE_OUTER_BOUND('',#3179,.F.);
#3181=ADVANCED_FACE('',(#3180),#3170,.F.);
#3182=CARTESIAN_POINT('',(2.597307853434E1,9.173858726661E1,-3.215E1));
#3183=DIRECTION('',(0.E0,0.E0,1.E0));
#3184=DIRECTION('',(1.E0,0.E0,0.E0));
#3185=AXIS2_PLACEMENT_3D('',#3182,#3183,#3184);
#3186=PLANE('',#3185);
#3188=ORIENTED_EDGE('',*,*,#3187,.T.);
#3190=ORIENTED_EDGE('',*,*,#3189,.F.);
#3192=ORIENTED_EDGE('',*,*,#3191,.F.);
#3194=ORIENTED_EDGE('',*,*,#3193,.F.);
#3195=EDGE_LOOP('',(#3188,#3190,#3192,#3194));
#3196=FACE_OUTER_BOUND('',#3195,.F.);
#3197=ADVANCED_FACE('',(#3196),#3186,.F.);
#3198=CARTESIAN_POINT('',(3.377288153434E1,8.443851886661E1,-3.115E1));
#3199=DIRECTION('',(7.071067811865E-1,0.E0,7.071067811865E-1));
#3200=DIRECTION('',(0.E0,-1.E0,0.E0));
#3201=AXIS2_PLACEMENT_3D('',#3198,#3199,#3200);
#3202=PLANE('',#3201);
#3204=ORIENTED_EDGE('',*,*,#3203,.T.);
#3206=ORIENTED_EDGE('',*,*,#3205,.T.);
#3207=ORIENTED_EDGE('',*,*,#2946,.F.);
#3209=ORIENTED_EDGE('',*,*,#3208,.F.);
#3210=EDGE_LOOP('',(#3204,#3206,#3207,#3209));
#3211=FACE_OUTER_BOUND('',#3210,.F.);
#3212=ADVANCED_FACE('',(#3211),#3202,.F.);
#3213=CARTESIAN_POINT('',(3.377288153434E1,8.443851886661E1,-3.95E0));
#3214=DIRECTION('',(-1.E0,0.E0,0.E0));
#3215=DIRECTION('',(0.E0,-1.E0,0.E0));
#3216=AXIS2_PLACEMENT_3D('',#3213,#3214,#3215);
#3217=PLANE('',#3216);
#3218=ORIENTED_EDGE('',*,*,#3203,.F.);
#3220=ORIENTED_EDGE('',*,*,#3219,.F.);
#3222=ORIENTED_EDGE('',*,*,#3221,.T.);
#3224=ORIENTED_EDGE('',*,*,#3223,.T.);
#3225=EDGE_LOOP('',(#3218,#3220,#3222,#3224));
#3226=FACE_OUTER_BOUND('',#3225,.F.);
#3227=ADVANCED_FACE('',(#3226),#3217,.T.);
#3228=CARTESIAN_POINT('',(1.051741155343E2,8.443851886661E1,-3.95E0));
#3229=DIRECTION('',(0.E0,1.E0,0.E0));
#3230=DIRECTION('',(-1.E0,0.E0,0.E0));
#3231=AXIS2_PLACEMENT_3D('',#3228,#3229,#3230);
#3232=PLANE('',#3231);
#3233=ORIENTED_EDGE('',*,*,#2952,.F.);
#3235=ORIENTED_EDGE('',*,*,#3234,.F.);
#3237=ORIENTED_EDGE('',*,*,#3236,.F.);
#3239=ORIENTED_EDGE('',*,*,#3238,.T.);
#3241=ORIENTED_EDGE('',*,*,#3240,.T.);
#3243=ORIENTED_EDGE('',*,*,#3242,.T.);
#3245=ORIENTED_EDGE('',*,*,#3244,.T.);
#3247=ORIENTED_EDGE('',*,*,#3246,.T.);
#3248=ORIENTED_EDGE('',*,*,#3219,.T.);
#3249=ORIENTED_EDGE('',*,*,#3208,.T.);
#3250=EDGE_LOOP('',(#3233,#3235,#3237,#3239,#3241,#3243,#3245,#3247,#3248,
#3249));
#3251=FACE_OUTER_BOUND('',#3250,.F.);
#3252=ADVANCED_FACE('',(#3251),#3232,.T.);
#3253=CARTESIAN_POINT('',(1.051741155343E2,8.303851886661E1,-3.115E1));
#3254=DIRECTION('',(-7.071067811865E-1,0.E0,7.071067811865E-1));
#3255=DIRECTION('',(0.E0,1.E0,0.E0));
#3256=AXIS2_PLACEMENT_3D('',#3253,#3254,#3255);
#3257=PLANE('',#3256);
#3259=ORIENTED_EDGE('',*,*,#3258,.T.);
#3260=ORIENTED_EDGE('',*,*,#3234,.T.);
#3261=ORIENTED_EDGE('',*,*,#2950,.F.);
#3263=ORIENTED_EDGE('',*,*,#3262,.F.);
#3264=EDGE_LOOP('',(#3259,#3260,#3261,#3263));
#3265=FACE_OUTER_BOUND('',#3264,.F.);
#3266=ADVANCED_FACE('',(#3265),#3257,.F.);
#3267=CARTESIAN_POINT('',(1.051741155343E2,8.303851886661E1,-3.95E0));
#3268=DIRECTION('',(1.E0,0.E0,0.E0));
#3269=DIRECTION('',(0.E0,1.E0,0.E0));
#3270=AXIS2_PLACEMENT_3D('',#3267,#3268,#3269);
#3271=PLANE('',#3270);
#3272=ORIENTED_EDGE('',*,*,#3258,.F.);
#3274=ORIENTED_EDGE('',*,*,#3273,.F.);
#3276=ORIENTED_EDGE('',*,*,#3275,.F.);
#3277=ORIENTED_EDGE('',*,*,#3236,.T.);
#3278=EDGE_LOOP('',(#3272,#3274,#3276,#3277));
#3279=FACE_OUTER_BOUND('',#3278,.F.);
#3280=ADVANCED_FACE('',(#3279),#3271,.T.);
#3281=CARTESIAN_POINT('',(3.377288153434E1,8.303851886661E1,-3.95E0));
#3282=DIRECTION('',(0.E0,-1.E0,0.E0));
#3283=DIRECTION('',(1.E0,0.E0,0.E0));
#3284=AXIS2_PLACEMENT_3D('',#3281,#3282,#3283);
#3285=PLANE('',#3284);
#3286=ORIENTED_EDGE('',*,*,#2948,.F.);
#3287=ORIENTED_EDGE('',*,*,#3205,.F.);
#3288=ORIENTED_EDGE('',*,*,#3223,.F.);
#3290=ORIENTED_EDGE('',*,*,#3289,.T.);
#3291=ORIENTED_EDGE('',*,*,#3273,.T.);
#3292=ORIENTED_EDGE('',*,*,#3262,.T.);
#3293=EDGE_LOOP('',(#3286,#3287,#3288,#3290,#3291,#3292));
#3294=FACE_OUTER_BOUND('',#3293,.F.);
#3295=ADVANCED_FACE('',(#3294),#3285,.T.);
#3296=CARTESIAN_POINT('',(2.597307853434E1,9.173858726661E1,-7.15E0));
#3297=DIRECTION('',(0.E0,0.E0,1.E0));
#3298=DIRECTION('',(1.E0,0.E0,0.E0));
#3299=AXIS2_PLACEMENT_3D('',#3296,#3297,#3298);
#3300=PLANE('',#3299);
#3302=ORIENTED_EDGE('',*,*,#3301,.F.);
#3303=ORIENTED_EDGE('',*,*,#2870,.T.);
#3305=ORIENTED_EDGE('',*,*,#3304,.T.);
#3306=ORIENTED_EDGE('',*,*,#2266,.T.);
#3307=EDGE_LOOP('',(#3302,#3303,#3305,#3306));
#3308=FACE_OUTER_BOUND('',#3307,.F.);
#3309=ADVANCED_FACE('',(#3308),#3300,.F.);
#3310=CARTESIAN_POINT('',(2.597307853434E1,9.173858726661E1,-7.15E0));
#3311=DIRECTION('',(0.E0,0.E0,1.E0));
#3312=DIRECTION('',(1.E0,0.E0,0.E0));
#3313=AXIS2_PLACEMENT_3D('',#3310,#3311,#3312);
#3314=PLANE('',#3313);
#3316=ORIENTED_EDGE('',*,*,#3315,.F.);
#3317=ORIENTED_EDGE('',*,*,#2877,.T.);
#3319=ORIENTED_EDGE('',*,*,#3318,.T.);
#3320=ORIENTED_EDGE('',*,*,#2258,.T.);
#3321=EDGE_LOOP('',(#3316,#3317,#3319,#3320));
#3322=FACE_OUTER_BOUND('',#3321,.F.);
#3323=ADVANCED_FACE('',(#3322),#3314,.F.);
#3324=CARTESIAN_POINT('',(2.597307853434E1,9.173858726661E1,-7.15E0));
#3325=DIRECTION('',(0.E0,0.E0,1.E0));
#3326=DIRECTION('',(1.E0,0.E0,0.E0));
#3327=AXIS2_PLACEMENT_3D('',#3324,#3325,#3326);
#3328=PLANE('',#3327);
#3330=ORIENTED_EDGE('',*,*,#3329,.F.);
#3331=ORIENTED_EDGE('',*,*,#2884,.T.);
#3333=ORIENTED_EDGE('',*,*,#3332,.T.);
#3334=ORIENTED_EDGE('',*,*,#2250,.T.);
#3335=EDGE_LOOP('',(#3330,#3331,#3333,#3334));
#3336=FACE_OUTER_BOUND('',#3335,.F.);
#3337=ADVANCED_FACE('',(#3336),#3328,.F.);
#3338=CARTESIAN_POINT('',(2.597307853434E1,9.173858726661E1,-7.15E0));
#3339=DIRECTION('',(0.E0,0.E0,1.E0));
#3340=DIRECTION('',(1.E0,0.E0,0.E0));
#3341=AXIS2_PLACEMENT_3D('',#3338,#3339,#3340);
#3342=PLANE('',#3341);
#3344=ORIENTED_EDGE('',*,*,#3343,.F.);
#3345=ORIENTED_EDGE('',*,*,#2891,.T.);
#3347=ORIENTED_EDGE('',*,*,#3346,.T.);
#3348=ORIENTED_EDGE('',*,*,#2242,.T.);
#3349=EDGE_LOOP('',(#3344,#3345,#3347,#3348));
#3350=FACE_OUTER_BOUND('',#3349,.F.);
#3351=ADVANCED_FACE('',(#3350),#3342,.F.);
#3352=CARTESIAN_POINT('',(2.597307853434E1,9.173858726661E1,-7.15E0));
#3353=DIRECTION('',(0.E0,0.E0,1.E0));
#3354=DIRECTION('',(1.E0,0.E0,0.E0));
#3355=AXIS2_PLACEMENT_3D('',#3352,#3353,#3354);
#3356=PLANE('',#3355);
#3358=ORIENTED_EDGE('',*,*,#3357,.F.);
#3359=ORIENTED_EDGE('',*,*,#2898,.T.);
#3361=ORIENTED_EDGE('',*,*,#3360,.T.);
#3362=ORIENTED_EDGE('',*,*,#2234,.T.);
#3363=EDGE_LOOP('',(#3358,#3359,#3361,#3362));
#3364=FACE_OUTER_BOUND('',#3363,.F.);
#3365=ADVANCED_FACE('',(#3364),#3356,.F.);
#3366=CARTESIAN_POINT('',(2.597307853434E1,9.173858726661E1,-7.15E0));
#3367=DIRECTION('',(0.E0,0.E0,1.E0));
#3368=DIRECTION('',(1.E0,0.E0,0.E0));
#3369=AXIS2_PLACEMENT_3D('',#3366,#3367,#3368);
#3370=PLANE('',#3369);
#3372=ORIENTED_EDGE('',*,*,#3371,.F.);
#3373=ORIENTED_EDGE('',*,*,#2905,.T.);
#3375=ORIENTED_EDGE('',*,*,#3374,.T.);
#3376=ORIENTED_EDGE('',*,*,#2226,.T.);
#3377=EDGE_LOOP('',(#3372,#3373,#3375,#3376));
#3378=FACE_OUTER_BOUND('',#3377,.F.);
#3379=ADVANCED_FACE('',(#3378),#3370,.F.);
#3380=CARTESIAN_POINT('',(2.597307853434E1,9.173858726661E1,-7.15E0));
#3381=DIRECTION('',(0.E0,0.E0,1.E0));
#3382=DIRECTION('',(1.E0,0.E0,0.E0));
#3383=AXIS2_PLACEMENT_3D('',#3380,#3381,#3382);
#3384=PLANE('',#3383);
#3386=ORIENTED_EDGE('',*,*,#3385,.T.);
#3387=ORIENTED_EDGE('',*,*,#2274,.T.);
#3389=ORIENTED_EDGE('',*,*,#3388,.F.);
#3390=ORIENTED_EDGE('',*,*,#2863,.T.);
#3391=EDGE_LOOP('',(#3386,#3387,#3389,#3390));
#3392=FACE_OUTER_BOUND('',#3391,.F.);
#3393=ADVANCED_FACE('',(#3392),#3384,.F.);
#3394=CARTESIAN_POINT('',(2.597307853434E1,9.173858726661E1,-7.15E0));
#3395=DIRECTION('',(0.E0,0.E0,1.E0));
#3396=DIRECTION('',(1.E0,0.E0,0.E0));
#3397=AXIS2_PLACEMENT_3D('',#3394,#3395,#3396);
#3398=PLANE('',#3397);
#3400=ORIENTED_EDGE('',*,*,#3399,.T.);
#3401=ORIENTED_EDGE('',*,*,#2282,.T.);
#3403=ORIENTED_EDGE('',*,*,#3402,.F.);
#3404=ORIENTED_EDGE('',*,*,#2856,.T.);
#3405=EDGE_LOOP('',(#3400,#3401,#3403,#3404));
#3406=FACE_OUTER_BOUND('',#3405,.F.);
#3407=ADVANCED_FACE('',(#3406),#3398,.F.);
#3408=CARTESIAN_POINT('',(2.597307853434E1,9.173858726661E1,-7.15E0));
#3409=DIRECTION('',(0.E0,0.E0,1.E0));
#3410=DIRECTION('',(1.E0,0.E0,0.E0));
#3411=AXIS2_PLACEMENT_3D('',#3408,#3409,#3410);
#3412=PLANE('',#3411);
#3414=ORIENTED_EDGE('',*,*,#3413,.T.);
#3415=ORIENTED_EDGE('',*,*,#2290,.T.);
#3417=ORIENTED_EDGE('',*,*,#3416,.F.);
#3418=ORIENTED_EDGE('',*,*,#2849,.T.);
#3419=EDGE_LOOP('',(#3414,#3415,#3417,#3418));
#3420=FACE_OUTER_BOUND('',#3419,.F.);
#3421=ADVANCED_FACE('',(#3420),#3412,.F.);
#3422=CARTESIAN_POINT('',(2.597307853434E1,9.173858726661E1,-7.15E0));
#3423=DIRECTION('',(0.E0,0.E0,1.E0));
#3424=DIRECTION('',(1.E0,0.E0,0.E0));
#3425=AXIS2_PLACEMENT_3D('',#3422,#3423,#3424);
#3426=PLANE('',#3425);
#3428=ORIENTED_EDGE('',*,*,#3427,.T.);
#3429=ORIENTED_EDGE('',*,*,#2298,.T.);
#3431=ORIENTED_EDGE('',*,*,#3430,.F.);
#3432=ORIENTED_EDGE('',*,*,#2842,.T.);
#3433=EDGE_LOOP('',(#3428,#3429,#3431,#3432));
#3434=FACE_OUTER_BOUND('',#3433,.F.);
#3435=ADVANCED_FACE('',(#3434),#3426,.F.);
#3436=CARTESIAN_POINT('',(2.597307853434E1,9.173858726661E1,-7.15E0));
#3437=DIRECTION('',(0.E0,0.E0,1.E0));
#3438=DIRECTION('',(1.E0,0.E0,0.E0));
#3439=AXIS2_PLACEMENT_3D('',#3436,#3437,#3438);
#3440=PLANE('',#3439);
#3442=ORIENTED_EDGE('',*,*,#3441,.T.);
#3443=ORIENTED_EDGE('',*,*,#2306,.T.);
#3445=ORIENTED_EDGE('',*,*,#3444,.F.);
#3446=ORIENTED_EDGE('',*,*,#2835,.T.);
#3447=EDGE_LOOP('',(#3442,#3443,#3445,#3446));
#3448=FACE_OUTER_BOUND('',#3447,.F.);
#3449=ADVANCED_FACE('',(#3448),#3440,.F.);
#3450=CARTESIAN_POINT('',(2.597307853434E1,9.173858726661E1,-7.15E0));
#3451=DIRECTION('',(0.E0,0.E0,1.E0));
#3452=DIRECTION('',(1.E0,0.E0,0.E0));
#3453=AXIS2_PLACEMENT_3D('',#3450,#3451,#3452);
#3454=PLANE('',#3453);
#3456=ORIENTED_EDGE('',*,*,#3455,.T.);
#3457=ORIENTED_EDGE('',*,*,#2314,.T.);
#3459=ORIENTED_EDGE('',*,*,#3458,.F.);
#3460=ORIENTED_EDGE('',*,*,#2828,.T.);
#3461=EDGE_LOOP('',(#3456,#3457,#3459,#3460));
#3462=FACE_OUTER_BOUND('',#3461,.F.);
#3463=ADVANCED_FACE('',(#3462),#3454,.F.);
#3464=CARTESIAN_POINT('',(2.597307853434E1,9.173858726661E1,-7.15E0));
#3465=DIRECTION('',(0.E0,0.E0,1.E0));
#3466=DIRECTION('',(1.E0,0.E0,0.E0));
#3467=AXIS2_PLACEMENT_3D('',#3464,#3465,#3466);
#3468=PLANE('',#3467);
#3469=ORIENTED_EDGE('',*,*,#2935,.T.);
#3470=ORIENTED_EDGE('',*,*,#2322,.T.);
#3472=ORIENTED_EDGE('',*,*,#3471,.F.);
#3473=ORIENTED_EDGE('',*,*,#2821,.T.);
#3474=EDGE_LOOP('',(#3469,#3470,#3472,#3473));
#3475=FACE_OUTER_BOUND('',#3474,.F.);
#3476=ADVANCED_FACE('',(#3475),#3468,.F.);
#3477=CARTESIAN_POINT('',(2.597307853434E1,9.173858726661E1,-7.15E0));
#3478=DIRECTION('',(0.E0,0.E0,1.E0));
#3479=DIRECTION('',(1.E0,0.E0,0.E0));
#3480=AXIS2_PLACEMENT_3D('',#3477,#3478,#3479);
#3481=PLANE('',#3480);
#3483=ORIENTED_EDGE('',*,*,#3482,.F.);
#3484=ORIENTED_EDGE('',*,*,#3238,.F.);
#3485=ORIENTED_EDGE('',*,*,#3275,.T.);
#3486=ORIENTED_EDGE('',*,*,#3289,.F.);
#3487=ORIENTED_EDGE('',*,*,#3221,.F.);
#3488=ORIENTED_EDGE('',*,*,#3246,.F.);
#3490=ORIENTED_EDGE('',*,*,#3489,.F.);
#3491=ORIENTED_EDGE('',*,*,#2911,.T.);
#3492=ORIENTED_EDGE('',*,*,#2566,.T.);
#3493=ORIENTED_EDGE('',*,*,#2338,.T.);
#3494=EDGE_LOOP('',(#3483,#3484,#3485,#3486,#3487,#3488,#3490,#3491,#3492,
#3493));
#3495=FACE_OUTER_BOUND('',#3494,.F.);
#3497=ORIENTED_EDGE('',*,*,#3496,.T.);
#3499=ORIENTED_EDGE('',*,*,#3498,.F.);
#3500=EDGE_LOOP('',(#3497,#3499));
#3501=FACE_BOUND('',#3500,.F.);
#3503=ORIENTED_EDGE('',*,*,#3502,.T.);
#3505=ORIENTED_EDGE('',*,*,#3504,.F.);
#3506=EDGE_LOOP('',(#3503,#3505));
#3507=FACE_BOUND('',#3506,.F.);
#3509=ORIENTED_EDGE('',*,*,#3508,.F.);
#3511=ORIENTED_EDGE('',*,*,#3510,.F.);
#3513=ORIENTED_EDGE('',*,*,#3512,.T.);
#3515=ORIENTED_EDGE('',*,*,#3514,.F.);
#3516=EDGE_LOOP('',(#3509,#3511,#3513,#3515));
#3517=FACE_BOUND('',#3516,.F.);
#3518=ADVANCED_FACE('',(#3495,#3501,#3507,#3517),#3481,.F.);
#3519=CARTESIAN_POINT('',(2.597307853434E1,9.173858726661E1,-7.15E0));
#3520=DIRECTION('',(0.E0,0.E0,1.E0));
#3521=DIRECTION('',(1.E0,0.E0,0.E0));
#3522=AXIS2_PLACEMENT_3D('',#3519,#3520,#3521);
#3523=PLANE('',#3522);
#3525=ORIENTED_EDGE('',*,*,#3524,.F.);
#3526=ORIENTED_EDGE('',*,*,#2330,.T.);
#3527=ORIENTED_EDGE('',*,*,#2804,.F.);
#3528=ORIENTED_EDGE('',*,*,#2919,.T.);
#3530=ORIENTED_EDGE('',*,*,#3529,.F.);
#3532=ORIENTED_EDGE('',*,*,#3531,.F.);
#3534=ORIENTED_EDGE('',*,*,#3533,.T.);
#3536=ORIENTED_EDGE('',*,*,#3535,.F.);
#3538=ORIENTED_EDGE('',*,*,#3537,.F.);
#3540=ORIENTED_EDGE('',*,*,#3539,.F.);
#3541=EDGE_LOOP('',(#3525,#3526,#3527,#3528,#3530,#3532,#3534,#3536,#3538,
#3540));
#3542=FACE_OUTER_BOUND('',#3541,.F.);
#3544=ORIENTED_EDGE('',*,*,#3543,.T.);
#3546=ORIENTED_EDGE('',*,*,#3545,.F.);
#3547=EDGE_LOOP('',(#3544,#3546));
#3548=FACE_BOUND('',#3547,.F.);
#3550=ORIENTED_EDGE('',*,*,#3549,.T.);
#3552=ORIENTED_EDGE('',*,*,#3551,.F.);
#3553=EDGE_LOOP('',(#3550,#3552));
#3554=FACE_BOUND('',#3553,.F.);
#3556=ORIENTED_EDGE('',*,*,#3555,.T.);
#3558=ORIENTED_EDGE('',*,*,#3557,.F.);
#3560=ORIENTED_EDGE('',*,*,#3559,.T.);
#3562=ORIENTED_EDGE('',*,*,#3561,.F.);
#3563=EDGE_LOOP('',(#3556,#3558,#3560,#3562));
#3564=FACE_BOUND('',#3563,.F.);
#3565=ADVANCED_FACE('',(#3542,#3548,#3554,#3564),#3523,.F.);
#3566=CARTESIAN_POINT('',(1.099740525343E2,1.823858186661E1,-1.E0));
#3567=DIRECTION('',(0.E0,0.E0,1.E0));
#3568=DIRECTION('',(1.E0,0.E0,0.E0));
#3569=AXIS2_PLACEMENT_3D('',#3566,#3567,#3568);
#3570=CYLINDRICAL_SURFACE('',#3569,1.55E0);
#3571=ORIENTED_EDGE('',*,*,#3543,.F.);
#3573=ORIENTED_EDGE('',*,*,#3572,.F.);
#3575=ORIENTED_EDGE('',*,*,#3574,.F.);
#3577=ORIENTED_EDGE('',*,*,#3576,.T.);
#3578=EDGE_LOOP('',(#3571,#3573,#3575,#3577));
#3579=FACE_OUTER_BOUND('',#3578,.F.);
#3580=ADVANCED_FACE('',(#3579),#3570,.F.);
#3581=CARTESIAN_POINT('',(1.099740525343E2,1.823858186661E1,-1.E0));
#3582=DIRECTION('',(0.E0,0.E0,1.E0));
#3583=DIRECTION('',(1.E0,0.E0,0.E0));
#3584=AXIS2_PLACEMENT_3D('',#3581,#3582,#3583);
#3585=CYLINDRICAL_SURFACE('',#3584,1.55E0);
#3586=ORIENTED_EDGE('',*,*,#3545,.T.);
#3587=ORIENTED_EDGE('',*,*,#3576,.F.);
#3589=ORIENTED_EDGE('',*,*,#3588,.F.);
#3590=ORIENTED_EDGE('',*,*,#3572,.T.);
#3591=EDGE_LOOP('',(#3586,#3587,#3589,#3590));
#3592=FACE_OUTER_BOUND('',#3591,.F.);
#3593=ADVANCED_FACE('',(#3592),#3585,.F.);
#3594=CARTESIAN_POINT('',(1.129739185343E2,9.173858726661E1,-7.E-1));
#3595=DIRECTION('',(0.E0,0.E0,-1.E0));
#3596=DIRECTION('',(-1.E0,0.E0,0.E0));
#3597=AXIS2_PLACEMENT_3D('',#3594,#3595,#3596);
#3598=PLANE('',#3597);
#3600=ORIENTED_EDGE('',*,*,#3599,.F.);
#3602=ORIENTED_EDGE('',*,*,#3601,.F.);
#3603=EDGE_LOOP('',(#3600,#3602));
#3604=FACE_OUTER_BOUND('',#3603,.F.);
#3606=ORIENTED_EDGE('',*,*,#3605,.T.);
#3608=ORIENTED_EDGE('',*,*,#3607,.T.);
#3609=EDGE_LOOP('',(#3606,#3608));
#3610=FACE_BOUND('',#3609,.F.);
#3611=ADVANCED_FACE('',(#3604,#3610),#3598,.F.);
#3612=CARTESIAN_POINT('',(1.129739185343E2,9.173858726661E1,-7.E-1));
#3613=DIRECTION('',(0.E0,0.E0,-1.E0));
#3614=DIRECTION('',(-1.E0,0.E0,0.E0));
#3615=AXIS2_PLACEMENT_3D('',#3612,#3613,#3614);
#3616=PLANE('',#3615);
#3618=ORIENTED_EDGE('',*,*,#3617,.F.);
#3620=ORIENTED_EDGE('',*,*,#3619,.F.);
#3621=EDGE_LOOP('',(#3618,#3620));
#3622=FACE_OUTER_BOUND('',#3621,.F.);
#3624=ORIENTED_EDGE('',*,*,#3623,.T.);
#3626=ORIENTED_EDGE('',*,*,#3625,.T.);
#3627=EDGE_LOOP('',(#3624,#3626));
#3628=FACE_BOUND('',#3627,.F.);
#3629=ADVANCED_FACE('',(#3622,#3628),#3616,.F.);
#3630=CARTESIAN_POINT('',(1.129739185343E2,9.173858726661E1,-7.E-1));
#3631=DIRECTION('',(0.E0,0.E0,-1.E0));
#3632=DIRECTION('',(-1.E0,0.E0,0.E0));
#3633=AXIS2_PLACEMENT_3D('',#3630,#3631,#3632);
#3634=PLANE('',#3633);
#3636=ORIENTED_EDGE('',*,*,#3635,.F.);
#3638=ORIENTED_EDGE('',*,*,#3637,.F.);
#3639=EDGE_LOOP('',(#3636,#3638));
#3640=FACE_OUTER_BOUND('',#3639,.F.);
#3642=ORIENTED_EDGE('',*,*,#3641,.T.);
#3644=ORIENTED_EDGE('',*,*,#3643,.T.);
#3645=EDGE_LOOP('',(#3642,#3644));
#3646=FACE_BOUND('',#3645,.F.);
#3647=ADVANCED_FACE('',(#3640,#3646),#3634,.F.);
#3648=CARTESIAN_POINT('',(1.129739185343E2,9.173858726661E1,-7.E-1));
#3649=DIRECTION('',(0.E0,0.E0,-1.E0));
#3650=DIRECTION('',(-1.E0,0.E0,0.E0));
#3651=AXIS2_PLACEMENT_3D('',#3648,#3649,#3650);
#3652=PLANE('',#3651);
#3654=ORIENTED_EDGE('',*,*,#3653,.F.);
#3656=ORIENTED_EDGE('',*,*,#3655,.F.);
#3657=EDGE_LOOP('',(#3654,#3656));
#3658=FACE_OUTER_BOUND('',#3657,.F.);
#3659=ORIENTED_EDGE('',*,*,#3574,.T.);
#3660=ORIENTED_EDGE('',*,*,#3588,.T.);
#3661=EDGE_LOOP('',(#3659,#3660));
#3662=FACE_BOUND('',#3661,.F.);
#3663=ADVANCED_FACE('',(#3658,#3662),#3652,.F.);
#3664=CARTESIAN_POINT('',(2.897294453434E1,8.123845586661E1,-2.55E0));
#3665=DIRECTION('',(0.E0,0.E0,1.E0));
#3666=DIRECTION('',(1.E0,0.E0,0.E0));
#3667=AXIS2_PLACEMENT_3D('',#3664,#3665,#3666);
#3668=CYLINDRICAL_SURFACE('',#3667,2.5E0);
#3670=ORIENTED_EDGE('',*,*,#3669,.F.);
#3672=ORIENTED_EDGE('',*,*,#3671,.T.);
#3673=ORIENTED_EDGE('',*,*,#3599,.T.);
#3675=ORIENTED_EDGE('',*,*,#3674,.F.);
#3676=EDGE_LOOP('',(#3670,#3672,#3673,#3675));
#3677=FACE_OUTER_BOUND('',#3676,.F.);
#3678=ADVANCED_FACE('',(#3677),#3668,.T.);
#3679=CARTESIAN_POINT('',(0.E0,9.173858726661E1,-3.95E0));
#3680=DIRECTION('',(0.E0,0.E0,1.E0));
#3681=DIRECTION('',(-1.E0,0.E0,0.E0));
#3682=AXIS2_PLACEMENT_3D('',#3679,#3680,#3681);
#3683=PLANE('',#3682);
#3685=ORIENTED_EDGE('',*,*,#3684,.F.);
#3686=ORIENTED_EDGE('',*,*,#2334,.T.);
#3688=ORIENTED_EDGE('',*,*,#3687,.F.);
#3690=ORIENTED_EDGE('',*,*,#3689,.F.);
#3692=ORIENTED_EDGE('',*,*,#3691,.F.);
#3693=ORIENTED_EDGE('',*,*,#2915,.T.);
#3695=ORIENTED_EDGE('',*,*,#3694,.F.);
#3696=ORIENTED_EDGE('',*,*,#3242,.F.);
#3697=EDGE_LOOP('',(#3685,#3686,#3688,#3690,#3692,#3693,#3695,#3696));
#3698=FACE_OUTER_BOUND('',#3697,.F.);
#3699=ORIENTED_EDGE('',*,*,#3669,.T.);
#3701=ORIENTED_EDGE('',*,*,#3700,.T.);
#3702=EDGE_LOOP('',(#3699,#3701));
#3703=FACE_BOUND('',#3702,.F.);
#3705=ORIENTED_EDGE('',*,*,#3704,.T.);
#3707=ORIENTED_EDGE('',*,*,#3706,.T.);
#3708=EDGE_LOOP('',(#3705,#3707));
#3709=FACE_BOUND('',#3708,.F.);
#3711=ORIENTED_EDGE('',*,*,#3710,.T.);
#3713=ORIENTED_EDGE('',*,*,#3712,.T.);
#3714=EDGE_LOOP('',(#3711,#3713));
#3715=FACE_BOUND('',#3714,.F.);
#3717=ORIENTED_EDGE('',*,*,#3716,.T.);
#3719=ORIENTED_EDGE('',*,*,#3718,.T.);
#3720=EDGE_LOOP('',(#3717,#3719));
#3721=FACE_BOUND('',#3720,.F.);
#3723=ORIENTED_EDGE('',*,*,#3722,.F.);
#3725=ORIENTED_EDGE('',*,*,#3724,.F.);
#3727=ORIENTED_EDGE('',*,*,#3726,.F.);
#3729=ORIENTED_EDGE('',*,*,#3728,.T.);
#3730=EDGE_LOOP('',(#3723,#3725,#3727,#3729));
#3731=FACE_BOUND('',#3730,.F.);
#3732=ADVANCED_FACE('',(#3698,#3703,#3709,#3715,#3721,#3731),#3683,.T.);
#3733=CARTESIAN_POINT('',(2.897294453434E1,8.123845586661E1,-2.55E0));
#3734=DIRECTION('',(0.E0,0.E0,1.E0));
#3735=DIRECTION('',(1.E0,0.E0,0.E0));
#3736=AXIS2_PLACEMENT_3D('',#3733,#3734,#3735);
#3737=CYLINDRICAL_SURFACE('',#3736,2.5E0);
#3738=ORIENTED_EDGE('',*,*,#3700,.F.);
#3739=ORIENTED_EDGE('',*,*,#3674,.T.);
#3740=ORIENTED_EDGE('',*,*,#3601,.T.);
#3741=ORIENTED_EDGE('',*,*,#3671,.F.);
#3742=EDGE_LOOP('',(#3738,#3739,#3740,#3741));
#3743=FACE_OUTER_BOUND('',#3742,.F.);
#3744=ADVANCED_FACE('',(#3743),#3737,.T.);
#3745=CARTESIAN_POINT('',(1.099740525343E2,8.123845586661E1,-2.55E0));
#3746=DIRECTION('',(0.E0,0.E0,1.E0));
#3747=DIRECTION('',(1.E0,0.E0,0.E0));
#3748=AXIS2_PLACEMENT_3D('',#3745,#3746,#3747);
#3749=CYLINDRICAL_SURFACE('',#3748,2.5E0);
#3750=ORIENTED_EDGE('',*,*,#3704,.F.);
#3752=ORIENTED_EDGE('',*,*,#3751,.T.);
#3753=ORIENTED_EDGE('',*,*,#3617,.T.);
#3755=ORIENTED_EDGE('',*,*,#3754,.F.);
#3756=EDGE_LOOP('',(#3750,#3752,#3753,#3755));
#3757=FACE_OUTER_BOUND('',#3756,.F.);
#3758=ADVANCED_FACE('',(#3757),#3749,.T.);
#3759=CARTESIAN_POINT('',(1.099740525343E2,8.123845586661E1,-2.55E0));
#3760=DIRECTION('',(0.E0,0.E0,1.E0));
#3761=DIRECTION('',(1.E0,0.E0,0.E0));
#3762=AXIS2_PLACEMENT_3D('',#3759,#3760,#3761);
#3763=CYLINDRICAL_SURFACE('',#3762,2.5E0);
#3764=ORIENTED_EDGE('',*,*,#3706,.F.);
#3765=ORIENTED_EDGE('',*,*,#3754,.T.);
#3766=ORIENTED_EDGE('',*,*,#3619,.T.);
#3767=ORIENTED_EDGE('',*,*,#3751,.F.);
#3768=EDGE_LOOP('',(#3764,#3765,#3766,#3767));
#3769=FACE_OUTER_BOUND('',#3768,.F.);
#3770=ADVANCED_FACE('',(#3769),#3763,.T.);
#3771=CARTESIAN_POINT('',(2.897294453434E1,1.823858186661E1,-2.55E0));
#3772=DIRECTION('',(0.E0,0.E0,1.E0));
#3773=DIRECTION('',(1.E0,0.E0,0.E0));
#3774=AXIS2_PLACEMENT_3D('',#3771,#3772,#3773);
#3775=CYLINDRICAL_SURFACE('',#3774,2.5E0);
#3776=ORIENTED_EDGE('',*,*,#3710,.F.);
#3778=ORIENTED_EDGE('',*,*,#3777,.T.);
#3779=ORIENTED_EDGE('',*,*,#3635,.T.);
#3781=ORIENTED_EDGE('',*,*,#3780,.F.);
#3782=EDGE_LOOP('',(#3776,#3778,#3779,#3781));
#3783=FACE_OUTER_BOUND('',#3782,.F.);
#3784=ADVANCED_FACE('',(#3783),#3775,.T.);
#3785=CARTESIAN_POINT('',(2.897294453434E1,1.823858186661E1,-2.55E0));
#3786=DIRECTION('',(0.E0,0.E0,1.E0));
#3787=DIRECTION('',(1.E0,0.E0,0.E0));
#3788=AXIS2_PLACEMENT_3D('',#3785,#3786,#3787);
#3789=CYLINDRICAL_SURFACE('',#3788,2.5E0);
#3790=ORIENTED_EDGE('',*,*,#3712,.F.);
#3791=ORIENTED_EDGE('',*,*,#3780,.T.);
#3792=ORIENTED_EDGE('',*,*,#3637,.T.);
#3793=ORIENTED_EDGE('',*,*,#3777,.F.);
#3794=EDGE_LOOP('',(#3790,#3791,#3792,#3793));
#3795=FACE_OUTER_BOUND('',#3794,.F.);
#3796=ADVANCED_FACE('',(#3795),#3789,.T.);
#3797=CARTESIAN_POINT('',(1.099740525343E2,1.823858186661E1,-2.55E0));
#3798=DIRECTION('',(0.E0,0.E0,1.E0));
#3799=DIRECTION('',(1.E0,0.E0,0.E0));
#3800=AXIS2_PLACEMENT_3D('',#3797,#3798,#3799);
#3801=CYLINDRICAL_SURFACE('',#3800,2.5E0);
#3802=ORIENTED_EDGE('',*,*,#3716,.F.);
#3804=ORIENTED_EDGE('',*,*,#3803,.T.);
#3805=ORIENTED_EDGE('',*,*,#3653,.T.);
#3807=ORIENTED_EDGE('',*,*,#3806,.F.);
#3808=EDGE_LOOP('',(#3802,#3804,#3805,#3807));
#3809=FACE_OUTER_BOUND('',#3808,.F.);
#3810=ADVANCED_FACE('',(#3809),#3801,.T.);
#3811=CARTESIAN_POINT('',(1.099740525343E2,1.823858186661E1,-2.55E0));
#3812=DIRECTION('',(0.E0,0.E0,1.E0));
#3813=DIRECTION('',(1.E0,0.E0,0.E0));
#3814=AXIS2_PLACEMENT_3D('',#3811,#3812,#3813);
#3815=CYLINDRICAL_SURFACE('',#3814,2.5E0);
#3816=ORIENTED_EDGE('',*,*,#3718,.F.);
#3817=ORIENTED_EDGE('',*,*,#3806,.T.);
#3818=ORIENTED_EDGE('',*,*,#3655,.T.);
#3819=ORIENTED_EDGE('',*,*,#3803,.F.);
#3820=EDGE_LOOP('',(#3816,#3817,#3818,#3819));
#3821=FACE_OUTER_BOUND('',#3820,.F.);
#3822=ADVANCED_FACE('',(#3821),#3815,.T.);
#3823=CARTESIAN_POINT('',(9.657307853434E1,3.073857586661E1,-2.25E0));
#3824=DIRECTION('',(0.E0,1.E0,0.E0));
#3825=DIRECTION('',(-1.E0,0.E0,0.E0));
#3826=AXIS2_PLACEMENT_3D('',#3823,#3824,#3825);
#3827=PLANE('',#3826);
#3829=ORIENTED_EDGE('',*,*,#3828,.T.);
#3831=ORIENTED_EDGE('',*,*,#3830,.T.);
#3832=ORIENTED_EDGE('',*,*,#3722,.T.);
#3834=ORIENTED_EDGE('',*,*,#3833,.F.);
#3835=EDGE_LOOP('',(#3829,#3831,#3832,#3834));
#3836=FACE_OUTER_BOUND('',#3835,.F.);
#3837=ADVANCED_FACE('',(#3836),#3827,.F.);
#3838=CARTESIAN_POINT('',(1.129739185343E2,9.173858726661E1,-2.15E0));
#3839=DIRECTION('',(0.E0,0.E0,-1.E0));
#3840=DIRECTION('',(-1.E0,0.E0,0.E0));
#3841=AXIS2_PLACEMENT_3D('',#3838,#3839,#3840);
#3842=PLANE('',#3841);
#3844=ORIENTED_EDGE('',*,*,#3843,.F.);
#3845=ORIENTED_EDGE('',*,*,#3828,.F.);
#3847=ORIENTED_EDGE('',*,*,#3846,.F.);
#3849=ORIENTED_EDGE('',*,*,#3848,.F.);
#3850=EDGE_LOOP('',(#3844,#3845,#3847,#3849));
#3851=FACE_OUTER_BOUND('',#3850,.F.);
#3852=ADVANCED_FACE('',(#3851),#3842,.F.);
#3853=CARTESIAN_POINT('',(9.657307853434E1,8.413857586661E1,-2.25E0));
#3854=DIRECTION('',(-1.E0,0.E0,0.E0));
#3855=DIRECTION('',(0.E0,-1.E0,0.E0));
#3856=AXIS2_PLACEMENT_3D('',#3853,#3854,#3855);
#3857=PLANE('',#3856);
#3858=ORIENTED_EDGE('',*,*,#3724,.T.);
#3859=ORIENTED_EDGE('',*,*,#3830,.F.);
#3860=ORIENTED_EDGE('',*,*,#3843,.T.);
#3862=ORIENTED_EDGE('',*,*,#3861,.T.);
#3863=EDGE_LOOP('',(#3858,#3859,#3860,#3862));
#3864=FACE_OUTER_BOUND('',#3863,.F.);
#3865=ADVANCED_FACE('',(#3864),#3857,.F.);
#3866=CARTESIAN_POINT('',(5.447307853434E1,6.873846186661E1,-2.25E0));
#3867=DIRECTION('',(0.E0,-1.E0,0.E0));
#3868=DIRECTION('',(1.E0,0.E0,0.E0));
#3869=AXIS2_PLACEMENT_3D('',#3866,#3867,#3868);
#3870=PLANE('',#3869);
#3871=ORIENTED_EDGE('',*,*,#3848,.T.);
#3873=ORIENTED_EDGE('',*,*,#3872,.F.);
#3874=ORIENTED_EDGE('',*,*,#3726,.T.);
#3875=ORIENTED_EDGE('',*,*,#3861,.F.);
#3876=EDGE_LOOP('',(#3871,#3873,#3874,#3875));
#3877=FACE_OUTER_BOUND('',#3876,.F.);
#3878=ADVANCED_FACE('',(#3877),#3870,.F.);
#3879=CARTESIAN_POINT('',(4.317307853434E1,6.083857586661E1,-2.25E0));
#3880=DIRECTION('',(1.E0,0.E0,0.E0));
#3881=DIRECTION('',(0.E0,1.E0,0.E0));
#3882=AXIS2_PLACEMENT_3D('',#3879,#3880,#3881);
#3883=PLANE('',#3882);
#3884=ORIENTED_EDGE('',*,*,#3872,.T.);
#3885=ORIENTED_EDGE('',*,*,#3846,.T.);
#3886=ORIENTED_EDGE('',*,*,#3833,.T.);
#3887=ORIENTED_EDGE('',*,*,#3728,.F.);
#3888=EDGE_LOOP('',(#3884,#3885,#3886,#3887));
#3889=FACE_OUTER_BOUND('',#3888,.F.);
#3890=ADVANCED_FACE('',(#3889),#3883,.F.);
#3891=CARTESIAN_POINT('',(1.114739185343E2,8.293851886661E1,-1.710039065179E1));
#3892=DIRECTION('',(0.E0,0.E0,1.E0));
#3893=DIRECTION('',(1.E0,0.E0,0.E0));
#3894=AXIS2_PLACEMENT_3D('',#3891,#3892,#3893);
#3895=CYLINDRICAL_SURFACE('',#3894,1.5E0);
#3896=ORIENTED_EDGE('',*,*,#3240,.F.);
#3897=ORIENTED_EDGE('',*,*,#3482,.T.);
#3898=ORIENTED_EDGE('',*,*,#2336,.T.);
#3899=ORIENTED_EDGE('',*,*,#3684,.T.);
#3900=EDGE_LOOP('',(#3896,#3897,#3898,#3899));
#3901=FACE_OUTER_BOUND('',#3900,.F.);
#3902=ADVANCED_FACE('',(#3901),#3895,.T.);
#3903=CARTESIAN_POINT('',(1.114739185343E2,1.653851886661E1,-3.780375217997E0));
#3904=DIRECTION('',(0.E0,0.E0,-1.E0));
#3905=DIRECTION('',(1.E0,0.E0,0.E0));
#3906=AXIS2_PLACEMENT_3D('',#3903,#3904,#3905);
#3907=CYLINDRICAL_SURFACE('',#3906,1.5E0);
#3909=ORIENTED_EDGE('',*,*,#3908,.F.);
#3910=ORIENTED_EDGE('',*,*,#3687,.T.);
#3911=ORIENTED_EDGE('',*,*,#2332,.T.);
#3912=ORIENTED_EDGE('',*,*,#3524,.T.);
#3913=EDGE_LOOP('',(#3909,#3910,#3911,#3912));
#3914=FACE_OUTER_BOUND('',#3913,.F.);
#3915=ADVANCED_FACE('',(#3914),#3907,.T.);
#3916=CARTESIAN_POINT('',(3.377288153434E1,1.503851886661E1,-3.95E0));
#3917=DIRECTION('',(0.E0,-1.E0,0.E0));
#3918=DIRECTION('',(1.E0,0.E0,0.E0));
#3919=AXIS2_PLACEMENT_3D('',#3916,#3917,#3918);
#3920=PLANE('',#3919);
#3921=ORIENTED_EDGE('',*,*,#2968,.F.);
#3923=ORIENTED_EDGE('',*,*,#3922,.F.);
#3925=ORIENTED_EDGE('',*,*,#3924,.F.);
#3926=ORIENTED_EDGE('',*,*,#3531,.T.);
#3928=ORIENTED_EDGE('',*,*,#3927,.T.);
#3929=ORIENTED_EDGE('',*,*,#3689,.T.);
#3930=ORIENTED_EDGE('',*,*,#3908,.T.);
#3931=ORIENTED_EDGE('',*,*,#3539,.T.);
#3933=ORIENTED_EDGE('',*,*,#3932,.T.);
#3935=ORIENTED_EDGE('',*,*,#3934,.T.);
#3936=EDGE_LOOP('',(#3921,#3923,#3925,#3926,#3928,#3929,#3930,#3931,#3933,
#3935));
#3937=FACE_OUTER_BOUND('',#3936,.F.);
#3938=ADVANCED_FACE('',(#3937),#3920,.T.);
#3939=CARTESIAN_POINT('',(3.377288153434E1,1.643851886661E1,-3.115E1));
#3940=DIRECTION('',(7.071067811865E-1,0.E0,7.071067811865E-1));
#3941=DIRECTION('',(0.E0,-1.E0,0.E0));
#3942=AXIS2_PLACEMENT_3D('',#3939,#3940,#3941);
#3943=PLANE('',#3942);
#3945=ORIENTED_EDGE('',*,*,#3944,.T.);
#3946=ORIENTED_EDGE('',*,*,#3922,.T.);
#3947=ORIENTED_EDGE('',*,*,#2966,.F.);
#3949=ORIENTED_EDGE('',*,*,#3948,.F.);
#3950=EDGE_LOOP('',(#3945,#3946,#3947,#3949));
#3951=FACE_OUTER_BOUND('',#3950,.F.);
#3952=ADVANCED_FACE('',(#3951),#3943,.F.);
#3953=CARTESIAN_POINT('',(3.377288153434E1,1.643851886661E1,-3.95E0));
#3954=DIRECTION('',(-1.E0,0.E0,0.E0));
#3955=DIRECTION('',(0.E0,-1.E0,0.E0));
#3956=AXIS2_PLACEMENT_3D('',#3953,#3954,#3955);
#3957=PLANE('',#3956);
#3958=ORIENTED_EDGE('',*,*,#3944,.F.);
#3960=ORIENTED_EDGE('',*,*,#3959,.F.);
#3961=ORIENTED_EDGE('',*,*,#3533,.F.);
#3962=ORIENTED_EDGE('',*,*,#3924,.T.);
#3963=EDGE_LOOP('',(#3958,#3960,#3961,#3962));
#3964=FACE_OUTER_BOUND('',#3963,.F.);
#3965=ADVANCED_FACE('',(#3964),#3957,.T.);
#3966=CARTESIAN_POINT('',(1.051741155343E2,1.643851886661E1,-3.95E0));
#3967=DIRECTION('',(0.E0,1.E0,0.E0));
#3968=DIRECTION('',(-1.E0,0.E0,0.E0));
#3969=AXIS2_PLACEMENT_3D('',#3966,#3967,#3968);
#3970=PLANE('',#3969);
#3971=ORIENTED_EDGE('',*,*,#2964,.F.);
#3973=ORIENTED_EDGE('',*,*,#3972,.F.);
#3975=ORIENTED_EDGE('',*,*,#3974,.F.);
#3976=ORIENTED_EDGE('',*,*,#3535,.T.);
#3977=ORIENTED_EDGE('',*,*,#3959,.T.);
#3978=ORIENTED_EDGE('',*,*,#3948,.T.);
#3979=EDGE_LOOP('',(#3971,#3973,#3975,#3976,#3977,#3978));
#3980=FACE_OUTER_BOUND('',#3979,.F.);
#3981=ADVANCED_FACE('',(#3980),#3970,.T.);
#3982=CARTESIAN_POINT('',(1.051741155343E2,1.503851886661E1,-3.115E1));
#3983=DIRECTION('',(-7.071067811865E-1,0.E0,7.071067811865E-1));
#3984=DIRECTION('',(0.E0,1.E0,0.E0));
#3985=AXIS2_PLACEMENT_3D('',#3982,#3983,#3984);
#3986=PLANE('',#3985);
#3988=ORIENTED_EDGE('',*,*,#3987,.T.);
#3989=ORIENTED_EDGE('',*,*,#3972,.T.);
#3990=ORIENTED_EDGE('',*,*,#2962,.F.);
#3991=ORIENTED_EDGE('',*,*,#3934,.F.);
#3992=EDGE_LOOP('',(#3988,#3989,#3990,#3991));
#3993=FACE_OUTER_BOUND('',#3992,.F.);
#3994=ADVANCED_FACE('',(#3993),#3986,.F.);
#3995=CARTESIAN_POINT('',(1.051741155343E2,1.503851886661E1,-3.95E0));
#3996=DIRECTION('',(1.E0,0.E0,0.E0));
#3997=DIRECTION('',(0.E0,1.E0,0.E0));
#3998=AXIS2_PLACEMENT_3D('',#3995,#3996,#3997);
#3999=PLANE('',#3998);
#4000=ORIENTED_EDGE('',*,*,#3987,.F.);
#4001=ORIENTED_EDGE('',*,*,#3932,.F.);
#4002=ORIENTED_EDGE('',*,*,#3537,.T.);
#4003=ORIENTED_EDGE('',*,*,#3974,.T.);
#4004=EDGE_LOOP('',(#4000,#4001,#4002,#4003));
#4005=FACE_OUTER_BOUND('',#4004,.F.);
#4006=ADVANCED_FACE('',(#4005),#3999,.T.);
#4007=CARTESIAN_POINT('',(2.747307853434E1,1.653851886661E1,-1.710039065179E1));
#4008=DIRECTION('',(0.E0,0.E0,1.E0));
#4009=DIRECTION('',(-1.E0,0.E0,0.E0));
#4010=AXIS2_PLACEMENT_3D('',#4007,#4008,#4009);
#4011=CYLINDRICAL_SURFACE('',#4010,1.5E0);
#4012=ORIENTED_EDGE('',*,*,#3927,.F.);
#4013=ORIENTED_EDGE('',*,*,#3529,.T.);
#4014=ORIENTED_EDGE('',*,*,#2917,.T.);
#4015=ORIENTED_EDGE('',*,*,#3691,.T.);
#4016=EDGE_LOOP('',(#4012,#4013,#4014,#4015));
#4017=FACE_OUTER_BOUND('',#4016,.F.);
#4018=ADVANCED_FACE('',(#4017),#4011,.T.);
#4019=CARTESIAN_POINT('',(2.747307853434E1,8.293851886661E1,-3.780375217997E0));
#4020=DIRECTION('',(0.E0,0.E0,-1.E0));
#4021=DIRECTION('',(-1.E0,0.E0,0.E0));
#4022=AXIS2_PLACEMENT_3D('',#4019,#4020,#4021);
#4023=CYLINDRICAL_SURFACE('',#4022,1.5E0);
#4024=ORIENTED_EDGE('',*,*,#3244,.F.);
#4025=ORIENTED_EDGE('',*,*,#3694,.T.);
#4026=ORIENTED_EDGE('',*,*,#2913,.T.);
#4027=ORIENTED_EDGE('',*,*,#3489,.T.);
#4028=EDGE_LOOP('',(#4024,#4025,#4026,#4027));
#4029=FACE_OUTER_BOUND('',#4028,.F.);
#4030=ADVANCED_FACE('',(#4029),#4023,.T.);
#4031=CARTESIAN_POINT('',(1.099740525343E2,8.123845586661E1,-1.E0));
#4032=DIRECTION('',(0.E0,0.E0,1.E0));
#4033=DIRECTION('',(1.E0,0.E0,0.E0));
#4034=AXIS2_PLACEMENT_3D('',#4031,#4032,#4033);
#4035=CYLINDRICAL_SURFACE('',#4034,1.55E0);
#4036=ORIENTED_EDGE('',*,*,#3504,.T.);
#4038=ORIENTED_EDGE('',*,*,#4037,.F.);
#4039=ORIENTED_EDGE('',*,*,#3623,.F.);
#4041=ORIENTED_EDGE('',*,*,#4040,.T.);
#4042=EDGE_LOOP('',(#4036,#4038,#4039,#4041));
#4043=FACE_OUTER_BOUND('',#4042,.F.);
#4044=ADVANCED_FACE('',(#4043),#4035,.F.);
#4045=CARTESIAN_POINT('',(1.099740525343E2,8.123845586661E1,-1.E0));
#4046=DIRECTION('',(0.E0,0.E0,1.E0));
#4047=DIRECTION('',(1.E0,0.E0,0.E0));
#4048=AXIS2_PLACEMENT_3D('',#4045,#4046,#4047);
#4049=CYLINDRICAL_SURFACE('',#4048,1.55E0);
#4050=ORIENTED_EDGE('',*,*,#3502,.F.);
#4051=ORIENTED_EDGE('',*,*,#4040,.F.);
#4052=ORIENTED_EDGE('',*,*,#3625,.F.);
#4053=ORIENTED_EDGE('',*,*,#4037,.T.);
#4054=EDGE_LOOP('',(#4050,#4051,#4052,#4053));
#4055=FACE_OUTER_BOUND('',#4054,.F.);
#4056=ADVANCED_FACE('',(#4055),#4049,.F.);
#4057=CARTESIAN_POINT('',(2.897294453434E1,8.123845586661E1,-1.E0));
#4058=DIRECTION('',(0.E0,0.E0,1.E0));
#4059=DIRECTION('',(1.E0,0.E0,0.E0));
#4060=AXIS2_PLACEMENT_3D('',#4057,#4058,#4059);
#4061=CYLINDRICAL_SURFACE('',#4060,1.55E0);
#4062=ORIENTED_EDGE('',*,*,#3498,.T.);
#4064=ORIENTED_EDGE('',*,*,#4063,.F.);
#4065=ORIENTED_EDGE('',*,*,#3605,.F.);
#4067=ORIENTED_EDGE('',*,*,#4066,.T.);
#4068=EDGE_LOOP('',(#4062,#4064,#4065,#4067));
#4069=FACE_OUTER_BOUND('',#4068,.F.);
#4070=ADVANCED_FACE('',(#4069),#4061,.F.);
#4071=CARTESIAN_POINT('',(2.897294453434E1,8.123845586661E1,-1.E0));
#4072=DIRECTION('',(0.E0,0.E0,1.E0));
#4073=DIRECTION('',(1.E0,0.E0,0.E0));
#4074=AXIS2_PLACEMENT_3D('',#4071,#4072,#4073);
#4075=CYLINDRICAL_SURFACE('',#4074,1.55E0);
#4076=ORIENTED_EDGE('',*,*,#3496,.F.);
#4077=ORIENTED_EDGE('',*,*,#4066,.F.);
#4078=ORIENTED_EDGE('',*,*,#3607,.F.);
#4079=ORIENTED_EDGE('',*,*,#4063,.T.);
#4080=EDGE_LOOP('',(#4076,#4077,#4078,#4079));
#4081=FACE_OUTER_BOUND('',#4080,.F.);
#4082=ADVANCED_FACE('',(#4081),#4075,.F.);
#4083=CARTESIAN_POINT('',(2.897294453434E1,1.823858186661E1,-1.E0));
#4084=DIRECTION('',(0.E0,0.E0,1.E0));
#4085=DIRECTION('',(1.E0,0.E0,0.E0));
#4086=AXIS2_PLACEMENT_3D('',#4083,#4084,#4085);
#4087=CYLINDRICAL_SURFACE('',#4086,1.55E0);
#4088=ORIENTED_EDGE('',*,*,#3549,.F.);
#4090=ORIENTED_EDGE('',*,*,#4089,.F.);
#4091=ORIENTED_EDGE('',*,*,#3641,.F.);
#4093=ORIENTED_EDGE('',*,*,#4092,.T.);
#4094=EDGE_LOOP('',(#4088,#4090,#4091,#4093));
#4095=FACE_OUTER_BOUND('',#4094,.F.);
#4096=ADVANCED_FACE('',(#4095),#4087,.F.);
#4097=CARTESIAN_POINT('',(2.897294453434E1,1.823858186661E1,-1.E0));
#4098=DIRECTION('',(0.E0,0.E0,1.E0));
#4099=DIRECTION('',(1.E0,0.E0,0.E0));
#4100=AXIS2_PLACEMENT_3D('',#4097,#4098,#4099);
#4101=CYLINDRICAL_SURFACE('',#4100,1.55E0);
#4102=ORIENTED_EDGE('',*,*,#3551,.T.);
#4103=ORIENTED_EDGE('',*,*,#4092,.F.);
#4104=ORIENTED_EDGE('',*,*,#3643,.F.);
#4105=ORIENTED_EDGE('',*,*,#4089,.T.);
#4106=EDGE_LOOP('',(#4102,#4103,#4104,#4105));
#4107=FACE_OUTER_BOUND('',#4106,.F.);
#4108=ADVANCED_FACE('',(#4107),#4101,.F.);
#4109=CARTESIAN_POINT('',(1.129739185343E2,5.503851886661E1,-5.25E0));
#4110=DIRECTION('',(0.E0,-1.E0,0.E0));
#4111=DIRECTION('',(-1.E0,0.E0,0.E0));
#4112=AXIS2_PLACEMENT_3D('',#4109,#4110,#4111);
#4113=PLANE('',#4112);
#4114=ORIENTED_EDGE('',*,*,#2706,.F.);
#4115=ORIENTED_EDGE('',*,*,#2872,.F.);
#4116=ORIENTED_EDGE('',*,*,#3301,.T.);
#4117=ORIENTED_EDGE('',*,*,#2264,.T.);
#4118=ORIENTED_EDGE('',*,*,#2429,.F.);
#4119=ORIENTED_EDGE('',*,*,#3089,.T.);
#4120=EDGE_LOOP('',(#4114,#4115,#4116,#4117,#4118,#4119));
#4121=FACE_OUTER_BOUND('',#4120,.F.);
#4122=ADVANCED_FACE('',(#4121),#4113,.T.);
#4123=CARTESIAN_POINT('',(2.597307853434E1,5.243851886661E1,-5.25E0));
#4124=DIRECTION('',(0.E0,1.E0,0.E0));
#4125=DIRECTION('',(1.E0,0.E0,0.E0));
#4126=AXIS2_PLACEMENT_3D('',#4123,#4124,#4125);
#4127=PLANE('',#4126);
#4128=ORIENTED_EDGE('',*,*,#2694,.T.);
#4129=ORIENTED_EDGE('',*,*,#3078,.T.);
#4130=ORIENTED_EDGE('',*,*,#2440,.T.);
#4131=ORIENTED_EDGE('',*,*,#2268,.F.);
#4132=ORIENTED_EDGE('',*,*,#3304,.F.);
#4133=ORIENTED_EDGE('',*,*,#2868,.T.);
#4134=EDGE_LOOP('',(#4128,#4129,#4130,#4131,#4132,#4133));
#4135=FACE_OUTER_BOUND('',#4134,.F.);
#4136=ADVANCED_FACE('',(#4135),#4127,.T.);
#4137=CARTESIAN_POINT('',(1.129739185343E2,5.903851886661E1,-5.25E0));
#4138=DIRECTION('',(0.E0,-1.E0,0.E0));
#4139=DIRECTION('',(-1.E0,0.E0,0.E0));
#4140=AXIS2_PLACEMENT_3D('',#4137,#4138,#4139);
#4141=PLANE('',#4140);
#4142=ORIENTED_EDGE('',*,*,#2722,.F.);
#4143=ORIENTED_EDGE('',*,*,#2879,.F.);
#4144=ORIENTED_EDGE('',*,*,#3315,.T.);
#4145=ORIENTED_EDGE('',*,*,#2256,.T.);
#4146=ORIENTED_EDGE('',*,*,#2414,.F.);
#4147=ORIENTED_EDGE('',*,*,#3103,.T.);
#4148=EDGE_LOOP('',(#4142,#4143,#4144,#4145,#4146,#4147));
#4149=FACE_OUTER_BOUND('',#4148,.F.);
#4150=ADVANCED_FACE('',(#4149),#4141,.T.);
#4151=CARTESIAN_POINT('',(2.597307853434E1,5.643851886661E1,-5.25E0));
#4152=DIRECTION('',(0.E0,1.E0,0.E0));
#4153=DIRECTION('',(1.E0,0.E0,0.E0));
#4154=AXIS2_PLACEMENT_3D('',#4151,#4152,#4153);
#4155=PLANE('',#4154);
#4156=ORIENTED_EDGE('',*,*,#2710,.T.);
#4157=ORIENTED_EDGE('',*,*,#3092,.T.);
#4158=ORIENTED_EDGE('',*,*,#2425,.T.);
#4159=ORIENTED_EDGE('',*,*,#2260,.F.);
#4160=ORIENTED_EDGE('',*,*,#3318,.F.);
#4161=ORIENTED_EDGE('',*,*,#2875,.T.);
#4162=EDGE_LOOP('',(#4156,#4157,#4158,#4159,#4160,#4161));
#4163=FACE_OUTER_BOUND('',#4162,.F.);
#4164=ADVANCED_FACE('',(#4163),#4155,.T.);
#4165=CARTESIAN_POINT('',(1.129739185343E2,6.303851886661E1,-5.25E0));
#4166=DIRECTION('',(0.E0,-1.E0,0.E0));
#4167=DIRECTION('',(-1.E0,0.E0,0.E0));
#4168=AXIS2_PLACEMENT_3D('',#4165,#4166,#4167);
#4169=PLANE('',#4168);
#4170=ORIENTED_EDGE('',*,*,#2738,.F.);
#4171=ORIENTED_EDGE('',*,*,#2886,.F.);
#4172=ORIENTED_EDGE('',*,*,#3329,.T.);
#4173=ORIENTED_EDGE('',*,*,#2248,.T.);
#4174=ORIENTED_EDGE('',*,*,#2399,.F.);
#4175=ORIENTED_EDGE('',*,*,#3117,.T.);
#4176=EDGE_LOOP('',(#4170,#4171,#4172,#4173,#4174,#4175));
#4177=FACE_OUTER_BOUND('',#4176,.F.);
#4178=ADVANCED_FACE('',(#4177),#4169,.T.);
#4179=CARTESIAN_POINT('',(2.597307853434E1,6.043851886661E1,-5.25E0));
#4180=DIRECTION('',(0.E0,1.E0,0.E0));
#4181=DIRECTION('',(1.E0,0.E0,0.E0));
#4182=AXIS2_PLACEMENT_3D('',#4179,#4180,#4181);
#4183=PLANE('',#4182);
#4184=ORIENTED_EDGE('',*,*,#2726,.T.);
#4185=ORIENTED_EDGE('',*,*,#3106,.T.);
#4186=ORIENTED_EDGE('',*,*,#2410,.T.);
#4187=ORIENTED_EDGE('',*,*,#2252,.F.);
#4188=ORIENTED_EDGE('',*,*,#3332,.F.);
#4189=ORIENTED_EDGE('',*,*,#2882,.T.);
#4190=EDGE_LOOP('',(#4184,#4185,#4186,#4187,#4188,#4189));
#4191=FACE_OUTER_BOUND('',#4190,.F.);
#4192=ADVANCED_FACE('',(#4191),#4183,.T.);
#4193=CARTESIAN_POINT('',(1.129739185343E2,6.703851886661E1,-5.25E0));
#4194=DIRECTION('',(0.E0,-1.E0,0.E0));
#4195=DIRECTION('',(-1.E0,0.E0,0.E0));
#4196=AXIS2_PLACEMENT_3D('',#4193,#4194,#4195);
#4197=PLANE('',#4196);
#4198=ORIENTED_EDGE('',*,*,#2754,.F.);
#4199=ORIENTED_EDGE('',*,*,#2893,.F.);
#4200=ORIENTED_EDGE('',*,*,#3343,.T.);
#4201=ORIENTED_EDGE('',*,*,#2240,.T.);
#4202=ORIENTED_EDGE('',*,*,#2384,.F.);
#4203=ORIENTED_EDGE('',*,*,#3131,.T.);
#4204=EDGE_LOOP('',(#4198,#4199,#4200,#4201,#4202,#4203));
#4205=FACE_OUTER_BOUND('',#4204,.F.);
#4206=ADVANCED_FACE('',(#4205),#4197,.T.);
#4207=CARTESIAN_POINT('',(2.597307853434E1,6.443851886661E1,-5.25E0));
#4208=DIRECTION('',(0.E0,1.E0,0.E0));
#4209=DIRECTION('',(1.E0,0.E0,0.E0));
#4210=AXIS2_PLACEMENT_3D('',#4207,#4208,#4209);
#4211=PLANE('',#4210);
#4212=ORIENTED_EDGE('',*,*,#2742,.T.);
#4213=ORIENTED_EDGE('',*,*,#3120,.T.);
#4214=ORIENTED_EDGE('',*,*,#2395,.T.);
#4215=ORIENTED_EDGE('',*,*,#2244,.F.);
#4216=ORIENTED_EDGE('',*,*,#3346,.F.);
#4217=ORIENTED_EDGE('',*,*,#2889,.T.);
#4218=EDGE_LOOP('',(#4212,#4213,#4214,#4215,#4216,#4217));
#4219=FACE_OUTER_BOUND('',#4218,.F.);
#4220=ADVANCED_FACE('',(#4219),#4211,.T.);
#4221=CARTESIAN_POINT('',(1.129739185343E2,7.103851886661E1,-5.25E0));
#4222=DIRECTION('',(0.E0,-1.E0,0.E0));
#4223=DIRECTION('',(-1.E0,0.E0,0.E0));
#4224=AXIS2_PLACEMENT_3D('',#4221,#4222,#4223);
#4225=PLANE('',#4224);
#4226=ORIENTED_EDGE('',*,*,#2770,.F.);
#4227=ORIENTED_EDGE('',*,*,#2900,.F.);
#4228=ORIENTED_EDGE('',*,*,#3357,.T.);
#4229=ORIENTED_EDGE('',*,*,#2232,.T.);
#4230=ORIENTED_EDGE('',*,*,#2369,.F.);
#4231=ORIENTED_EDGE('',*,*,#3145,.T.);
#4232=EDGE_LOOP('',(#4226,#4227,#4228,#4229,#4230,#4231));
#4233=FACE_OUTER_BOUND('',#4232,.F.);
#4234=ADVANCED_FACE('',(#4233),#4225,.T.);
#4235=CARTESIAN_POINT('',(2.597307853434E1,6.843851886661E1,-5.25E0));
#4236=DIRECTION('',(0.E0,1.E0,0.E0));
#4237=DIRECTION('',(1.E0,0.E0,0.E0));
#4238=AXIS2_PLACEMENT_3D('',#4235,#4236,#4237);
#4239=PLANE('',#4238);
#4240=ORIENTED_EDGE('',*,*,#2758,.T.);
#4241=ORIENTED_EDGE('',*,*,#3134,.T.);
#4242=ORIENTED_EDGE('',*,*,#2380,.T.);
#4243=ORIENTED_EDGE('',*,*,#2236,.F.);
#4244=ORIENTED_EDGE('',*,*,#3360,.F.);
#4245=ORIENTED_EDGE('',*,*,#2896,.T.);
#4246=EDGE_LOOP('',(#4240,#4241,#4242,#4243,#4244,#4245));
#4247=FACE_OUTER_BOUND('',#4246,.F.);
#4248=ADVANCED_FACE('',(#4247),#4239,.T.);
#4249=CARTESIAN_POINT('',(1.129739185343E2,7.503851886661E1,-5.25E0));
#4250=DIRECTION('',(0.E0,-1.E0,0.E0));
#4251=DIRECTION('',(-1.E0,0.E0,0.E0));
#4252=AXIS2_PLACEMENT_3D('',#4249,#4250,#4251);
#4253=PLANE('',#4252);
#4254=ORIENTED_EDGE('',*,*,#2786,.F.);
#4255=ORIENTED_EDGE('',*,*,#2907,.F.);
#4256=ORIENTED_EDGE('',*,*,#3371,.T.);
#4257=ORIENTED_EDGE('',*,*,#2224,.T.);
#4258=ORIENTED_EDGE('',*,*,#2354,.F.);
#4259=ORIENTED_EDGE('',*,*,#3159,.T.);
#4260=EDGE_LOOP('',(#4254,#4255,#4256,#4257,#4258,#4259));
#4261=FACE_OUTER_BOUND('',#4260,.F.);
#4262=ADVANCED_FACE('',(#4261),#4253,.T.);
#4263=CARTESIAN_POINT('',(2.597307853434E1,7.243851886661E1,-5.25E0));
#4264=DIRECTION('',(0.E0,1.E0,0.E0));
#4265=DIRECTION('',(1.E0,0.E0,0.E0));
#4266=AXIS2_PLACEMENT_3D('',#4263,#4264,#4265);
#4267=PLANE('',#4266);
#4268=ORIENTED_EDGE('',*,*,#2774,.T.);
#4269=ORIENTED_EDGE('',*,*,#3148,.T.);
#4270=ORIENTED_EDGE('',*,*,#2365,.T.);
#4271=ORIENTED_EDGE('',*,*,#2228,.F.);
#4272=ORIENTED_EDGE('',*,*,#3374,.F.);
#4273=ORIENTED_EDGE('',*,*,#2903,.T.);
#4274=EDGE_LOOP('',(#4268,#4269,#4270,#4271,#4272,#4273));
#4275=FACE_OUTER_BOUND('',#4274,.F.);
#4276=ADVANCED_FACE('',(#4275),#4267,.T.);
#4277=CARTESIAN_POINT('',(2.597307853434E1,4.843851886661E1,-5.25E0));
#4278=DIRECTION('',(0.E0,1.E0,0.E0));
#4279=DIRECTION('',(1.E0,0.E0,0.E0));
#4280=AXIS2_PLACEMENT_3D('',#4277,#4278,#4279);
#4281=PLANE('',#4280);
#4282=ORIENTED_EDGE('',*,*,#2678,.T.);
#4283=ORIENTED_EDGE('',*,*,#3064,.T.);
#4284=ORIENTED_EDGE('',*,*,#2455,.T.);
#4285=ORIENTED_EDGE('',*,*,#2276,.F.);
#4286=ORIENTED_EDGE('',*,*,#3385,.F.);
#4287=ORIENTED_EDGE('',*,*,#2861,.T.);
#4288=EDGE_LOOP('',(#4282,#4283,#4284,#4285,#4286,#4287));
#4289=FACE_OUTER_BOUND('',#4288,.F.);
#4290=ADVANCED_FACE('',(#4289),#4281,.T.);
#4291=CARTESIAN_POINT('',(1.129739185343E2,5.103851886661E1,-5.25E0));
#4292=DIRECTION('',(0.E0,-1.E0,0.E0));
#4293=DIRECTION('',(-1.E0,0.E0,0.E0));
#4294=AXIS2_PLACEMENT_3D('',#4291,#4292,#4293);
#4295=PLANE('',#4294);
#4296=ORIENTED_EDGE('',*,*,#2690,.F.);
#4297=ORIENTED_EDGE('',*,*,#2865,.F.);
#4298=ORIENTED_EDGE('',*,*,#3388,.T.);
#4299=ORIENTED_EDGE('',*,*,#2272,.T.);
#4300=ORIENTED_EDGE('',*,*,#2444,.F.);
#4301=ORIENTED_EDGE('',*,*,#3075,.T.);
#4302=EDGE_LOOP('',(#4296,#4297,#4298,#4299,#4300,#4301));
#4303=FACE_OUTER_BOUND('',#4302,.F.);
#4304=ADVANCED_FACE('',(#4303),#4295,.T.);
#4305=CARTESIAN_POINT('',(2.597307853434E1,4.443851886661E1,-5.25E0));
#4306=DIRECTION('',(0.E0,1.E0,0.E0));
#4307=DIRECTION('',(1.E0,0.E0,0.E0));
#4308=AXIS2_PLACEMENT_3D('',#4305,#4306,#4307);
#4309=PLANE('',#4308);
#4310=ORIENTED_EDGE('',*,*,#2662,.T.);
#4311=ORIENTED_EDGE('',*,*,#3050,.T.);
#4312=ORIENTED_EDGE('',*,*,#2470,.T.);
#4313=ORIENTED_EDGE('',*,*,#2284,.F.);
#4314=ORIENTED_EDGE('',*,*,#3399,.F.);
#4315=ORIENTED_EDGE('',*,*,#2854,.T.);
#4316=EDGE_LOOP('',(#4310,#4311,#4312,#4313,#4314,#4315));
#4317=FACE_OUTER_BOUND('',#4316,.F.);
#4318=ADVANCED_FACE('',(#4317),#4309,.T.);
#4319=CARTESIAN_POINT('',(1.129739185343E2,4.703851886661E1,-5.25E0));
#4320=DIRECTION('',(0.E0,-1.E0,0.E0));
#4321=DIRECTION('',(-1.E0,0.E0,0.E0));
#4322=AXIS2_PLACEMENT_3D('',#4319,#4320,#4321);
#4323=PLANE('',#4322);
#4324=ORIENTED_EDGE('',*,*,#2674,.F.);
#4325=ORIENTED_EDGE('',*,*,#2858,.F.);
#4326=ORIENTED_EDGE('',*,*,#3402,.T.);
#4327=ORIENTED_EDGE('',*,*,#2280,.T.);
#4328=ORIENTED_EDGE('',*,*,#2459,.F.);
#4329=ORIENTED_EDGE('',*,*,#3061,.T.);
#4330=EDGE_LOOP('',(#4324,#4325,#4326,#4327,#4328,#4329));
#4331=FACE_OUTER_BOUND('',#4330,.F.);
#4332=ADVANCED_FACE('',(#4331),#4323,.T.);
#4333=CARTESIAN_POINT('',(2.597307853434E1,4.043851886661E1,-5.25E0));
#4334=DIRECTION('',(0.E0,1.E0,0.E0));
#4335=DIRECTION('',(1.E0,0.E0,0.E0));
#4336=AXIS2_PLACEMENT_3D('',#4333,#4334,#4335);
#4337=PLANE('',#4336);
#4338=ORIENTED_EDGE('',*,*,#2646,.T.);
#4339=ORIENTED_EDGE('',*,*,#3036,.T.);
#4340=ORIENTED_EDGE('',*,*,#2485,.T.);
#4341=ORIENTED_EDGE('',*,*,#2292,.F.);
#4342=ORIENTED_EDGE('',*,*,#3413,.F.);
#4343=ORIENTED_EDGE('',*,*,#2847,.T.);
#4344=EDGE_LOOP('',(#4338,#4339,#4340,#4341,#4342,#4343));
#4345=FACE_OUTER_BOUND('',#4344,.F.);
#4346=ADVANCED_FACE('',(#4345),#4337,.T.);
#4347=CARTESIAN_POINT('',(1.129739185343E2,4.303851886661E1,-5.25E0));
#4348=DIRECTION('',(0.E0,-1.E0,0.E0));
#4349=DIRECTION('',(-1.E0,0.E0,0.E0));
#4350=AXIS2_PLACEMENT_3D('',#4347,#4348,#4349);
#4351=PLANE('',#4350);
#4352=ORIENTED_EDGE('',*,*,#2658,.F.);
#4353=ORIENTED_EDGE('',*,*,#2851,.F.);
#4354=ORIENTED_EDGE('',*,*,#3416,.T.);
#4355=ORIENTED_EDGE('',*,*,#2288,.T.);
#4356=ORIENTED_EDGE('',*,*,#2474,.F.);
#4357=ORIENTED_EDGE('',*,*,#3047,.T.);
#4358=EDGE_LOOP('',(#4352,#4353,#4354,#4355,#4356,#4357));
#4359=FACE_OUTER_BOUND('',#4358,.F.);
#4360=ADVANCED_FACE('',(#4359),#4351,.T.);
#4361=CARTESIAN_POINT('',(2.597307853434E1,3.643851886661E1,-5.25E0));
#4362=DIRECTION('',(0.E0,1.E0,0.E0));
#4363=DIRECTION('',(1.E0,0.E0,0.E0));
#4364=AXIS2_PLACEMENT_3D('',#4361,#4362,#4363);
#4365=PLANE('',#4364);
#4366=ORIENTED_EDGE('',*,*,#2630,.T.);
#4367=ORIENTED_EDGE('',*,*,#3022,.T.);
#4368=ORIENTED_EDGE('',*,*,#2500,.T.);
#4369=ORIENTED_EDGE('',*,*,#2300,.F.);
#4370=ORIENTED_EDGE('',*,*,#3427,.F.);
#4371=ORIENTED_EDGE('',*,*,#2840,.T.);
#4372=EDGE_LOOP('',(#4366,#4367,#4368,#4369,#4370,#4371));
#4373=FACE_OUTER_BOUND('',#4372,.F.);
#4374=ADVANCED_FACE('',(#4373),#4365,.T.);
#4375=CARTESIAN_POINT('',(1.129739185343E2,3.903851886661E1,-5.25E0));
#4376=DIRECTION('',(0.E0,-1.E0,0.E0));
#4377=DIRECTION('',(-1.E0,0.E0,0.E0));
#4378=AXIS2_PLACEMENT_3D('',#4375,#4376,#4377);
#4379=PLANE('',#4378);
#4380=ORIENTED_EDGE('',*,*,#2642,.F.);
#4381=ORIENTED_EDGE('',*,*,#2844,.F.);
#4382=ORIENTED_EDGE('',*,*,#3430,.T.);
#4383=ORIENTED_EDGE('',*,*,#2296,.T.);
#4384=ORIENTED_EDGE('',*,*,#2489,.F.);
#4385=ORIENTED_EDGE('',*,*,#3033,.T.);
#4386=EDGE_LOOP('',(#4380,#4381,#4382,#4383,#4384,#4385));
#4387=FACE_OUTER_BOUND('',#4386,.F.);
#4388=ADVANCED_FACE('',(#4387),#4379,.T.);
#4389=CARTESIAN_POINT('',(2.597307853434E1,3.243851886661E1,-5.25E0));
#4390=DIRECTION('',(0.E0,1.E0,0.E0));
#4391=DIRECTION('',(1.E0,0.E0,0.E0));
#4392=AXIS2_PLACEMENT_3D('',#4389,#4390,#4391);
#4393=PLANE('',#4392);
#4394=ORIENTED_EDGE('',*,*,#2614,.T.);
#4395=ORIENTED_EDGE('',*,*,#3008,.T.);
#4396=ORIENTED_EDGE('',*,*,#2515,.T.);
#4397=ORIENTED_EDGE('',*,*,#2308,.F.);
#4398=ORIENTED_EDGE('',*,*,#3441,.F.);
#4399=ORIENTED_EDGE('',*,*,#2833,.T.);
#4400=EDGE_LOOP('',(#4394,#4395,#4396,#4397,#4398,#4399));
#4401=FACE_OUTER_BOUND('',#4400,.F.);
#4402=ADVANCED_FACE('',(#4401),#4393,.T.);
#4403=CARTESIAN_POINT('',(1.129739185343E2,3.503851886661E1,-5.25E0));
#4404=DIRECTION('',(0.E0,-1.E0,0.E0));
#4405=DIRECTION('',(-1.E0,0.E0,0.E0));
#4406=AXIS2_PLACEMENT_3D('',#4403,#4404,#4405);
#4407=PLANE('',#4406);
#4408=ORIENTED_EDGE('',*,*,#2626,.F.);
#4409=ORIENTED_EDGE('',*,*,#2837,.F.);
#4410=ORIENTED_EDGE('',*,*,#3444,.T.);
#4411=ORIENTED_EDGE('',*,*,#2304,.T.);
#4412=ORIENTED_EDGE('',*,*,#2504,.F.);
#4413=ORIENTED_EDGE('',*,*,#3019,.T.);
#4414=EDGE_LOOP('',(#4408,#4409,#4410,#4411,#4412,#4413));
#4415=FACE_OUTER_BOUND('',#4414,.F.);
#4416=ADVANCED_FACE('',(#4415),#4407,.T.);
#4417=CARTESIAN_POINT('',(2.597307853434E1,2.843851886661E1,-5.25E0));
#4418=DIRECTION('',(0.E0,1.E0,0.E0));
#4419=DIRECTION('',(1.E0,0.E0,0.E0));
#4420=AXIS2_PLACEMENT_3D('',#4417,#4418,#4419);
#4421=PLANE('',#4420);
#4422=ORIENTED_EDGE('',*,*,#2598,.T.);
#4423=ORIENTED_EDGE('',*,*,#2994,.T.);
#4424=ORIENTED_EDGE('',*,*,#2530,.T.);
#4425=ORIENTED_EDGE('',*,*,#2316,.F.);
#4426=ORIENTED_EDGE('',*,*,#3455,.F.);
#4427=ORIENTED_EDGE('',*,*,#2826,.T.);
#4428=EDGE_LOOP('',(#4422,#4423,#4424,#4425,#4426,#4427));
#4429=FACE_OUTER_BOUND('',#4428,.F.);
#4430=ADVANCED_FACE('',(#4429),#4421,.T.);
#4431=CARTESIAN_POINT('',(1.129739185343E2,3.103851886661E1,-5.25E0));
#4432=DIRECTION('',(0.E0,-1.E0,0.E0));
#4433=DIRECTION('',(-1.E0,0.E0,0.E0));
#4434=AXIS2_PLACEMENT_3D('',#4431,#4432,#4433);
#4435=PLANE('',#4434);
#4436=ORIENTED_EDGE('',*,*,#2610,.F.);
#4437=ORIENTED_EDGE('',*,*,#2830,.F.);
#4438=ORIENTED_EDGE('',*,*,#3458,.T.);
#4439=ORIENTED_EDGE('',*,*,#2312,.T.);
#4440=ORIENTED_EDGE('',*,*,#2519,.F.);
#4441=ORIENTED_EDGE('',*,*,#3005,.T.);
#4442=EDGE_LOOP('',(#4436,#4437,#4438,#4439,#4440,#4441));
#4443=FACE_OUTER_BOUND('',#4442,.F.);
#4444=ADVANCED_FACE('',(#4443),#4435,.T.);
#4445=CARTESIAN_POINT('',(1.129739185343E2,2.703851886661E1,-5.25E0));
#4446=DIRECTION('',(0.E0,-1.E0,0.E0));
#4447=DIRECTION('',(-1.E0,0.E0,0.E0));
#4448=AXIS2_PLACEMENT_3D('',#4445,#4446,#4447);
#4449=PLANE('',#4448);
#4450=ORIENTED_EDGE('',*,*,#2594,.F.);
#4451=ORIENTED_EDGE('',*,*,#2823,.F.);
#4452=ORIENTED_EDGE('',*,*,#3471,.T.);
#4453=ORIENTED_EDGE('',*,*,#2320,.T.);
#4454=ORIENTED_EDGE('',*,*,#2534,.F.);
#4455=ORIENTED_EDGE('',*,*,#2991,.T.);
#4456=EDGE_LOOP('',(#4450,#4451,#4452,#4453,#4454,#4455));
#4457=FACE_OUTER_BOUND('',#4456,.F.);
#4458=ADVANCED_FACE('',(#4457),#4449,.T.);
#4459=CARTESIAN_POINT('',(1.129739185343E2,7.903851886661E1,-5.25E0));
#4460=DIRECTION('',(0.E0,-1.E0,0.E0));
#4461=DIRECTION('',(-1.E0,0.E0,0.E0));
#4462=AXIS2_PLACEMENT_3D('',#4459,#4460,#4461);
#4463=PLANE('',#4462);
#4465=ORIENTED_EDGE('',*,*,#4464,.F.);
#4466=ORIENTED_EDGE('',*,*,#3508,.T.);
#4468=ORIENTED_EDGE('',*,*,#4467,.T.);
#4470=ORIENTED_EDGE('',*,*,#4469,.F.);
#4471=ORIENTED_EDGE('',*,*,#3189,.T.);
#4473=ORIENTED_EDGE('',*,*,#4472,.T.);
#4474=EDGE_LOOP('',(#4465,#4466,#4468,#4470,#4471,#4473));
#4475=FACE_OUTER_BOUND('',#4474,.F.);
#4476=ADVANCED_FACE('',(#4475),#4463,.T.);
#4477=CARTESIAN_POINT('',(3.377288153434E1,8.588641383808E1,-3.215E1));
#4478=DIRECTION('',(1.E0,0.E0,0.E0));
#4479=DIRECTION('',(0.E0,-1.E0,0.E0));
#4480=AXIS2_PLACEMENT_3D('',#4477,#4478,#4479);
#4481=PLANE('',#4480);
#4482=ORIENTED_EDGE('',*,*,#4464,.T.);
#4484=ORIENTED_EDGE('',*,*,#4483,.F.);
#4486=ORIENTED_EDGE('',*,*,#4485,.F.);
#4487=ORIENTED_EDGE('',*,*,#3510,.T.);
#4488=EDGE_LOOP('',(#4482,#4484,#4486,#4487));
#4489=FACE_OUTER_BOUND('',#4488,.F.);
#4490=ADVANCED_FACE('',(#4489),#4481,.F.);
#4491=CARTESIAN_POINT('',(3.477288153434E1,8.043851886661E1,-3.215E1));
#4492=DIRECTION('',(-7.071067811865E-1,0.E0,-7.071067811865E-1));
#4493=DIRECTION('',(0.E0,-1.E0,0.E0));
#4494=AXIS2_PLACEMENT_3D('',#4491,#4492,#4493);
#4495=PLANE('',#4494);
#4496=ORIENTED_EDGE('',*,*,#3187,.F.);
#4498=ORIENTED_EDGE('',*,*,#4497,.T.);
#4499=ORIENTED_EDGE('',*,*,#4483,.T.);
#4500=ORIENTED_EDGE('',*,*,#4472,.F.);
#4501=EDGE_LOOP('',(#4496,#4498,#4499,#4500));
#4502=FACE_OUTER_BOUND('',#4501,.F.);
#4503=ADVANCED_FACE('',(#4502),#4495,.T.);
#4504=CARTESIAN_POINT('',(2.597307853434E1,8.043851886661E1,-5.25E0));
#4505=DIRECTION('',(0.E0,1.E0,0.E0));
#4506=DIRECTION('',(1.E0,0.E0,0.E0));
#4507=AXIS2_PLACEMENT_3D('',#4504,#4505,#4506);
#4508=PLANE('',#4507);
#4509=ORIENTED_EDGE('',*,*,#4485,.T.);
#4510=ORIENTED_EDGE('',*,*,#4497,.F.);
#4511=ORIENTED_EDGE('',*,*,#3193,.T.);
#4513=ORIENTED_EDGE('',*,*,#4512,.T.);
#4515=ORIENTED_EDGE('',*,*,#4514,.F.);
#4516=ORIENTED_EDGE('',*,*,#3512,.F.);
#4517=EDGE_LOOP('',(#4509,#4510,#4511,#4513,#4515,#4516));
#4518=FACE_OUTER_BOUND('',#4517,.F.);
#4519=ADVANCED_FACE('',(#4518),#4508,.T.);
#4520=CARTESIAN_POINT('',(1.041741155343E2,8.043851886661E1,-3.215E1));
#4521=DIRECTION('',(-7.071067811865E-1,0.E0,7.071067811865E-1));
#4522=DIRECTION('',(0.E0,-1.E0,0.E0));
#4523=AXIS2_PLACEMENT_3D('',#4520,#4521,#4522);
#4524=PLANE('',#4523);
#4525=ORIENTED_EDGE('',*,*,#3191,.T.);
#4526=ORIENTED_EDGE('',*,*,#4469,.T.);
#4528=ORIENTED_EDGE('',*,*,#4527,.F.);
#4529=ORIENTED_EDGE('',*,*,#4512,.F.);
#4530=EDGE_LOOP('',(#4525,#4526,#4528,#4529));
#4531=FACE_OUTER_BOUND('',#4530,.F.);
#4532=ADVANCED_FACE('',(#4531),#4524,.F.);
#4533=CARTESIAN_POINT('',(1.051741155343E2,7.761040021461E1,-3.215E1));
#4534=DIRECTION('',(-1.E0,0.E0,0.E0));
#4535=DIRECTION('',(0.E0,1.E0,0.E0));
#4536=AXIS2_PLACEMENT_3D('',#4533,#4534,#4535);
#4537=PLANE('',#4536);
#4538=ORIENTED_EDGE('',*,*,#4467,.F.);
#4539=ORIENTED_EDGE('',*,*,#3514,.T.);
#4540=ORIENTED_EDGE('',*,*,#4514,.T.);
#4541=ORIENTED_EDGE('',*,*,#4527,.T.);
#4542=EDGE_LOOP('',(#4538,#4539,#4540,#4541));
#4543=FACE_OUTER_BOUND('',#4542,.F.);
#4544=ADVANCED_FACE('',(#4543),#4537,.F.);
#4545=CARTESIAN_POINT('',(1.129739185343E2,1.903851886661E1,-5.25E0));
#4546=DIRECTION('',(0.E0,-1.E0,0.E0));
#4547=DIRECTION('',(-1.E0,0.E0,0.E0));
#4548=AXIS2_PLACEMENT_3D('',#4545,#4546,#4547);
#4549=PLANE('',#4548);
#4551=ORIENTED_EDGE('',*,*,#4550,.T.);
#4553=ORIENTED_EDGE('',*,*,#4552,.F.);
#4554=ORIENTED_EDGE('',*,*,#3177,.T.);
#4556=ORIENTED_EDGE('',*,*,#4555,.T.);
#4558=ORIENTED_EDGE('',*,*,#4557,.F.);
#4559=ORIENTED_EDGE('',*,*,#3555,.F.);
#4560=EDGE_LOOP('',(#4551,#4553,#4554,#4556,#4558,#4559));
#4561=FACE_OUTER_BOUND('',#4560,.F.);
#4562=ADVANCED_FACE('',(#4561),#4549,.T.);
#4563=CARTESIAN_POINT('',(1.051741155343E2,1.823858186661E1,-3.215E1));
#4564=DIRECTION('',(-1.E0,0.E0,0.E0));
#4565=DIRECTION('',(0.E0,1.E0,0.E0));
#4566=AXIS2_PLACEMENT_3D('',#4563,#4564,#4565);
#4567=PLANE('',#4566);
#4568=ORIENTED_EDGE('',*,*,#4550,.F.);
#4569=ORIENTED_EDGE('',*,*,#3561,.T.);
#4571=ORIENTED_EDGE('',*,*,#4570,.T.);
#4573=ORIENTED_EDGE('',*,*,#4572,.F.);
#4574=EDGE_LOOP('',(#4568,#4569,#4571,#4573));
#4575=FACE_OUTER_BOUND('',#4574,.F.);
#4576=ADVANCED_FACE('',(#4575),#4567,.F.);
#4577=CARTESIAN_POINT('',(2.597307853434E1,2.043851886661E1,-5.25E0));
#4578=DIRECTION('',(0.E0,1.E0,0.E0));
#4579=DIRECTION('',(1.E0,0.E0,0.E0));
#4580=AXIS2_PLACEMENT_3D('',#4577,#4578,#4579);
#4581=PLANE('',#4580);
#4582=ORIENTED_EDGE('',*,*,#4570,.F.);
#4583=ORIENTED_EDGE('',*,*,#3559,.F.);
#4585=ORIENTED_EDGE('',*,*,#4584,.T.);
#4587=ORIENTED_EDGE('',*,*,#4586,.F.);
#4588=ORIENTED_EDGE('',*,*,#3173,.T.);
#4590=ORIENTED_EDGE('',*,*,#4589,.T.);
#4591=EDGE_LOOP('',(#4582,#4583,#4585,#4587,#4588,#4590));
#4592=FACE_OUTER_BOUND('',#4591,.F.);
#4593=ADVANCED_FACE('',(#4592),#4581,.T.);
#4594=CARTESIAN_POINT('',(3.377288153434E1,2.043851886661E1,-3.215E1));
#4595=DIRECTION('',(1.E0,0.E0,0.E0));
#4596=DIRECTION('',(0.E0,-1.E0,0.E0));
#4597=AXIS2_PLACEMENT_3D('',#4594,#4595,#4596);
#4598=PLANE('',#4597);
#4599=ORIENTED_EDGE('',*,*,#4557,.T.);
#4601=ORIENTED_EDGE('',*,*,#4600,.F.);
#4602=ORIENTED_EDGE('',*,*,#4584,.F.);
#4603=ORIENTED_EDGE('',*,*,#3557,.T.);
#4604=EDGE_LOOP('',(#4599,#4601,#4602,#4603));
#4605=FACE_OUTER_BOUND('',#4604,.F.);
#4606=ADVANCED_FACE('',(#4605),#4598,.F.);
#4607=CARTESIAN_POINT('',(3.477288153434E1,2.043851886661E1,-3.215E1));
#4608=DIRECTION('',(-7.071067811865E-1,0.E0,-7.071067811865E-1));
#4609=DIRECTION('',(0.E0,-1.E0,0.E0));
#4610=AXIS2_PLACEMENT_3D('',#4607,#4608,#4609);
#4611=PLANE('',#4610);
#4612=ORIENTED_EDGE('',*,*,#3175,.F.);
#4613=ORIENTED_EDGE('',*,*,#4586,.T.);
#4614=ORIENTED_EDGE('',*,*,#4600,.T.);
#4615=ORIENTED_EDGE('',*,*,#4555,.F.);
#4616=EDGE_LOOP('',(#4612,#4613,#4614,#4615));
#4617=FACE_OUTER_BOUND('',#4616,.F.);
#4618=ADVANCED_FACE('',(#4617),#4611,.T.);
#4619=CARTESIAN_POINT('',(1.041741155343E2,1.903851886661E1,-3.215E1));
#4620=DIRECTION('',(7.071067811865E-1,0.E0,-7.071067811865E-1));
#4621=DIRECTION('',(1.015061051086E-14,1.E0,0.E0));
#4622=AXIS2_PLACEMENT_3D('',#4619,#4620,#4621);
#4623=PLANE('',#4622);
#4624=ORIENTED_EDGE('',*,*,#3171,.F.);
#4625=ORIENTED_EDGE('',*,*,#4552,.T.);
#4626=ORIENTED_EDGE('',*,*,#4572,.T.);
#4627=ORIENTED_EDGE('',*,*,#4589,.F.);
#4628=EDGE_LOOP('',(#4624,#4625,#4626,#4627));
#4629=FACE_OUTER_BOUND('',#4628,.F.);
#4630=ADVANCED_FACE('',(#4629),#4623,.T.);
#4631=CLOSED_SHELL('',(#2344,#2359,#2374,#2389,#2404,#2419,#2434,#2449,#2464,
#2479,#2494,#2509,#2524,#2539,#2554,#2572,#2588,#2604,#2620,#2636,#2652,#2668,
#2684,#2700,#2716,#2732,#2748,#2764,#2780,#2795,#2812,#2924,#2940,#2956,#2972,
#2984,#2998,#3012,#3026,#3040,#3054,#3068,#3082,#3096,#3110,#3124,#3138,#3152,
#3165,#3181,#3197,#3212,#3227,#3252,#3266,#3280,#3295,#3309,#3323,#3337,#3351,
#3365,#3379,#3393,#3407,#3421,#3435,#3449,#3463,#3476,#3518,#3565,#3580,#3593,
#3611,#3629,#3647,#3663,#3678,#3732,#3744,#3758,#3770,#3784,#3796,#3810,#3822,
#3837,#3852,#3865,#3878,#3890,#3902,#3915,#3938,#3952,#3965,#3981,#3994,#4006,
#4018,#4030,#4044,#4056,#4070,#4082,#4096,#4108,#4122,#4136,#4150,#4164,#4178,
#4192,#4206,#4220,#4234,#4248,#4262,#4276,#4290,#4304,#4318,#4332,#4346,#4360,
#4374,#4388,#4402,#4416,#4430,#4444,#4458,#4476,#4490,#4503,#4519,#4532,#4544,
#4562,#4576,#4593,#4606,#4618,#4630));
#4632=MANIFOLD_SOLID_BREP('',#4631);
#4633=(LENGTH_UNIT()NAMED_UNIT(*)SI_UNIT(.MILLI.,.METRE.));
#4634=DIMENSIONAL_EXPONENTS(0.E0,0.E0,0.E0,0.E0,0.E0,0.E0,0.E0);
#4635=(NAMED_UNIT(*)PLANE_ANGLE_UNIT()SI_UNIT($,.RADIAN.));
#4636=PLANE_ANGLE_MEASURE_WITH_UNIT(PLANE_ANGLE_MEASURE(1.745329251994E-2),
#4635);
#4637=(CONVERSION_BASED_UNIT('DEGREE',#4636)NAMED_UNIT(#4634)PLANE_ANGLE_UNIT(
));
#4638=(NAMED_UNIT(*)SI_UNIT($,.STERADIAN.)SOLID_ANGLE_UNIT());
#4639=UNCERTAINTY_MEASURE_WITH_UNIT(LENGTH_MEASURE(1.156712505743E-2),#4633,
'closure',
'Maximum model space distance between geometric entities at asserted connectivities');
#4640=(GEOMETRIC_REPRESENTATION_CONTEXT(3)GLOBAL_UNCERTAINTY_ASSIGNED_CONTEXT((
#4639))GLOBAL_UNIT_ASSIGNED_CONTEXT((#4633,#4637,#4638))REPRESENTATION_CONTEXT(
'ID1','3'));
#4642=APPLICATION_CONTEXT(
'CONFIGURATION CONTROLLED 3D DESIGNS OF MECHANICAL PARTS AND ASSEMBLIES');
#4643=APPLICATION_PROTOCOL_DEFINITION('international standard',
'config_control_design',1994,#4642);
#4644=DESIGN_CONTEXT('',#4642,'design');
#4645=MECHANICAL_CONTEXT('',#4642,'mechanical');
#4646=PRODUCT('412','412','NOT SPECIFIED',(#4645));
#4647=PRODUCT_DEFINITION_FORMATION_WITH_SPECIFIED_SOURCE('36','LAST_VERSION',
#4646,.MADE.);
#4651=PRODUCT_CATEGORY('part','');
#4652=PRODUCT_RELATED_PRODUCT_CATEGORY('detail','',(#4646));
#4653=PRODUCT_CATEGORY_RELATIONSHIP('','',#4651,#4652);
#4654=SECURITY_CLASSIFICATION_LEVEL('unclassified');
#4655=SECURITY_CLASSIFICATION('','',#4654);
#4656=CC_DESIGN_SECURITY_CLASSIFICATION(#4655,(#4647));
#4657=APPROVAL_STATUS('approved');
#4658=APPROVAL(#4657,'');
#4659=CC_DESIGN_APPROVAL(#4658,(#4655,#4647,#4648));
#4660=CALENDAR_DATE(125,15,5);
#4661=COORDINATED_UNIVERSAL_TIME_OFFSET(8,0,.AHEAD.);
#4662=LOCAL_TIME(21,37,2.8E1,#4661);
#4663=DATE_AND_TIME(#4660,#4662);
#4664=APPROVAL_DATE_TIME(#4663,#4658);
#4665=DATE_TIME_ROLE('creation_date');
#4666=CC_DESIGN_DATE_AND_TIME_ASSIGNMENT(#4663,#4665,(#4648));
#4667=DATE_TIME_ROLE('classification_date');
#4668=CC_DESIGN_DATE_AND_TIME_ASSIGNMENT(#4663,#4667,(#4655));
#4669=PERSON('UNSPECIFIED','UNSPECIFIED',$,$,$,$);
#4670=ORGANIZATION('UNSPECIFIED','UNSPECIFIED','UNSPECIFIED');
#4671=PERSON_AND_ORGANIZATION(#4669,#4670);
#4672=APPROVAL_ROLE('approver');
#4673=APPROVAL_PERSON_ORGANIZATION(#4671,#4658,#4672);
#4674=PERSON_AND_ORGANIZATION_ROLE('creator');
#4675=CC_DESIGN_PERSON_AND_ORGANIZATION_ASSIGNMENT(#4671,#4674,(#4647,#4648));
#4676=PERSON_AND_ORGANIZATION_ROLE('design_supplier');
#4677=CC_DESIGN_PERSON_AND_ORGANIZATION_ASSIGNMENT(#4671,#4676,(#4647));
#4678=PERSON_AND_ORGANIZATION_ROLE('classification_officer');
#4679=CC_DESIGN_PERSON_AND_ORGANIZATION_ASSIGNMENT(#4671,#4678,(#4655));
#4680=PERSON_AND_ORGANIZATION_ROLE('design_owner');
#4681=CC_DESIGN_PERSON_AND_ORGANIZATION_ASSIGNMENT(#4671,#4680,(#4646));
#457=CIRCLE('',#456,1.55E0);
#462=CIRCLE('',#461,1.55E0);
#467=CIRCLE('',#466,1.55E0);
#472=CIRCLE('',#471,1.55E0);
#477=CIRCLE('',#476,1.55E0);
#482=CIRCLE('',#481,1.55E0);
#487=CIRCLE('',#486,1.55E0);
#492=CIRCLE('',#491,1.55E0);
#793=CIRCLE('',#792,2.5E0);
#798=CIRCLE('',#797,2.5E0);
#803=CIRCLE('',#802,2.5E0);
#808=CIRCLE('',#807,2.5E0);
#813=CIRCLE('',#812,2.5E0);
#818=CIRCLE('',#817,2.5E0);
#823=CIRCLE('',#822,2.5E0);
#828=CIRCLE('',#827,2.5E0);
#833=CIRCLE('',#832,1.55E0);
#838=CIRCLE('',#837,1.55E0);
#843=CIRCLE('',#842,1.55E0);
#848=CIRCLE('',#847,1.55E0);
#853=CIRCLE('',#852,1.55E0);
#858=CIRCLE('',#857,1.55E0);
#863=CIRCLE('',#862,1.55E0);
#868=CIRCLE('',#867,1.55E0);
#877=CIRCLE('',#876,2.5E0);
#882=CIRCLE('',#881,2.5E0);
#887=CIRCLE('',#886,2.5E0);
#892=CIRCLE('',#891,2.5E0);
#897=CIRCLE('',#896,2.5E0);
#902=CIRCLE('',#901,2.5E0);
#907=CIRCLE('',#906,2.5E0);
#912=CIRCLE('',#911,2.5E0);
#1005=CIRCLE('',#1004,1.5E0);
#1014=CIRCLE('',#1013,1.5E0);
#1023=CIRCLE('',#1022,1.5E0);
#1032=CIRCLE('',#1031,1.5E0);
#1109=CIRCLE('',#1108,1.5E0);
#1118=CIRCLE('',#1117,1.5E0);
#1127=CIRCLE('',#1126,1.5E0);
#1136=CIRCLE('',#1135,1.5E0);
#2222=EDGE_CURVE('',#1915,#1916,#4,.T.);
#2224=EDGE_CURVE('',#1788,#1915,#1328,.T.);
#2226=EDGE_CURVE('',#1784,#1788,#588,.T.);
#2228=EDGE_CURVE('',#1784,#1920,#8,.T.);
#2230=EDGE_CURVE('',#1919,#1920,#12,.T.);
#2232=EDGE_CURVE('',#1780,#1919,#1296,.T.);
#2234=EDGE_CURVE('',#1776,#1780,#572,.T.);
#2236=EDGE_CURVE('',#1776,#1924,#16,.T.);
#2238=EDGE_CURVE('',#1923,#1924,#20,.T.);
#2240=EDGE_CURVE('',#1772,#1923,#1264,.T.);
#2242=EDGE_CURVE('',#1768,#1772,#556,.T.);
#2244=EDGE_CURVE('',#1768,#1928,#24,.T.);
#2246=EDGE_CURVE('',#1927,#1928,#28,.T.);
#2248=EDGE_CURVE('',#1764,#1927,#1232,.T.);
#2250=EDGE_CURVE('',#1760,#1764,#540,.T.);
#2252=EDGE_CURVE('',#1760,#1932,#32,.T.);
#2254=EDGE_CURVE('',#1931,#1932,#36,.T.);
#2256=EDGE_CURVE('',#1756,#1931,#1200,.T.);
#2258=EDGE_CURVE('',#1752,#1756,#524,.T.);
#2260=EDGE_CURVE('',#1752,#1936,#40,.T.);
#2262=EDGE_CURVE('',#1935,#1936,#44,.T.);
#2264=EDGE_CURVE('',#1748,#1935,#1168,.T.);
#2266=EDGE_CURVE('',#1744,#1748,#508,.T.);
#2268=EDGE_CURVE('',#1744,#1940,#48,.T.);
#2270=EDGE_CURVE('',#1939,#1940,#52,.T.);
#2272=EDGE_CURVE('',#1740,#1939,#1376,.T.);
#2274=EDGE_CURVE('',#1800,#1740,#596,.T.);
#2276=EDGE_CURVE('',#1800,#1944,#56,.T.);
#2278=EDGE_CURVE('',#1943,#1944,#60,.T.);
#2280=EDGE_CURVE('',#1796,#1943,#1408,.T.);
#2282=EDGE_CURVE('',#1808,#1796,#612,.T.);
#2284=EDGE_CURVE('',#1808,#1948,#64,.T.);
#2286=EDGE_CURVE('',#1947,#1948,#68,.T.);
#2288=EDGE_CURVE('',#1804,#1947,#1440,.T.);
#2290=EDGE_CURVE('',#1816,#1804,#628,.T.);
#2292=EDGE_CURVE('',#1816,#1952,#72,.T.);
#2294=EDGE_CURVE('',#1951,#1952,#76,.T.);
#2296=EDGE_CURVE('',#1812,#1951,#1472,.T.);
#2298=EDGE_CURVE('',#1824,#1812,#644,.T.);
#2300=EDGE_CURVE('',#1824,#1956,#80,.T.);
#2302=EDGE_CURVE('',#1955,#1956,#84,.T.);
#2304=EDGE_CURVE('',#1820,#1955,#1504,.T.);
#2306=EDGE_CURVE('',#1832,#1820,#660,.T.);
#2308=EDGE_CURVE('',#1832,#1960,#88,.T.);
#2310=EDGE_CURVE('',#1959,#1960,#92,.T.);
#2312=EDGE_CURVE('',#1828,#1959,#1536,.T.);
#2314=EDGE_CURVE('',#1840,#1828,#676,.T.);
#2316=EDGE_CURVE('',#1840,#1964,#96,.T.);
#2318=EDGE_CURVE('',#1963,#1964,#100,.T.);
#2320=EDGE_CURVE('',#1836,#1963,#1552,.T.);
#2322=EDGE_CURVE('',#1848,#1836,#692,.T.);
#2324=EDGE_CURVE('',#1848,#1968,#104,.T.);
#2326=EDGE_CURVE('',#1967,#1968,#108,.T.);
#2328=EDGE_CURVE('',#1844,#1967,#136,.T.);
#2330=EDGE_CURVE('',#1872,#1844,#728,.T.);
#2332=EDGE_CURVE('',#1712,#1872,#1027,.T.);
#2334=EDGE_CURVE('',#1707,#1712,#924,.T.);
#2336=EDGE_CURVE('',#1868,#1707,#1009,.T.);
#2338=EDGE_CURVE('',#1792,#1868,#724,.T.);
#2340=EDGE_CURVE('',#1792,#1916,#112,.T.);
#2350=EDGE_CURVE('',#2080,#1916,#124,.T.);
#2352=EDGE_CURVE('',#2080,#2076,#384,.T.);
#2354=EDGE_CURVE('',#2076,#1915,#1332,.T.);
#2365=EDGE_CURVE('',#2072,#1920,#1348,.T.);
#2367=EDGE_CURVE('',#2072,#2068,#376,.T.);
#2369=EDGE_CURVE('',#2068,#1919,#1300,.T.);
#2380=EDGE_CURVE('',#2064,#1924,#1316,.T.);
#2382=EDGE_CURVE('',#2064,#2060,#368,.T.);
#2384=EDGE_CURVE('',#2060,#1923,#1268,.T.);
#2395=EDGE_CURVE('',#2056,#1928,#1284,.T.);
#2397=EDGE_CURVE('',#2056,#2052,#360,.T.);
#2399=EDGE_CURVE('',#2052,#1927,#1236,.T.);
#2410=EDGE_CURVE('',#2048,#1932,#1252,.T.);
#2412=EDGE_CURVE('',#2048,#2044,#352,.T.);
#2414=EDGE_CURVE('',#2044,#1931,#1204,.T.);
#2425=EDGE_CURVE('',#2040,#1936,#1220,.T.);
#2427=EDGE_CURVE('',#2040,#2036,#344,.T.);
#2429=EDGE_CURVE('',#2036,#1935,#1172,.T.);
#2440=EDGE_CURVE('',#2032,#1940,#1188,.T.);
#2442=EDGE_CURVE('',#2032,#2028,#336,.T.);
#2444=EDGE_CURVE('',#2028,#1939,#1380,.T.);
#2455=EDGE_CURVE('',#2088,#1944,#1364,.T.);
#2457=EDGE_CURVE('',#2088,#2084,#328,.T.);
#2459=EDGE_CURVE('',#2084,#1943,#1412,.T.);
#2470=EDGE_CURVE('',#2096,#1948,#1396,.T.);
#2472=EDGE_CURVE('',#2096,#2092,#320,.T.);
#2474=EDGE_CURVE('',#2092,#1947,#1444,.T.);
#2485=EDGE_CURVE('',#2104,#1952,#1428,.T.);
#2487=EDGE_CURVE('',#2104,#2100,#312,.T.);
#2489=EDGE_CURVE('',#2100,#1951,#1476,.T.);
#2500=EDGE_CURVE('',#2112,#1956,#1460,.T.);
#2502=EDGE_CURVE('',#2112,#2108,#304,.T.);
#2504=EDGE_CURVE('',#2108,#1955,#1508,.T.);
#2515=EDGE_CURVE('',#2120,#1960,#1492,.T.);
#2517=EDGE_CURVE('',#2120,#2116,#296,.T.);
#2519=EDGE_CURVE('',#2116,#1959,#1540,.T.);
#2530=EDGE_CURVE('',#2128,#1964,#1524,.T.);
#2532=EDGE_CURVE('',#2128,#2124,#288,.T.);
#2534=EDGE_CURVE('',#2124,#1963,#1556,.T.);
#2545=EDGE_CURVE('',#2136,#1968,#268,.T.);
#2547=EDGE_CURVE('',#2136,#2132,#280,.T.);
#2549=EDGE_CURVE('',#2132,#1967,#140,.T.);
#2560=EDGE_CURVE('',#2023,#2078,#116,.T.);
#2562=EDGE_CURVE('',#2078,#2080,#120,.T.);
#2566=EDGE_CURVE('',#1791,#1792,#720,.T.);
#2568=EDGE_CURVE('',#1791,#2023,#128,.T.);
#2578=EDGE_CURVE('',#1972,#2130,#132,.T.);
#2580=EDGE_CURVE('',#2134,#2130,#276,.T.);
#2582=EDGE_CURVE('',#1971,#2134,#260,.T.);
#2584=EDGE_CURVE('',#1971,#1972,#148,.T.);
#2594=EDGE_CURVE('',#1976,#2122,#1548,.T.);
#2596=EDGE_CURVE('',#2126,#2122,#284,.T.);
#2598=EDGE_CURVE('',#1975,#2126,#1516,.T.);
#2600=EDGE_CURVE('',#1975,#1976,#156,.T.);
#2610=EDGE_CURVE('',#1980,#2114,#1532,.T.);
#2612=EDGE_CURVE('',#2118,#2114,#292,.T.);
#2614=EDGE_CURVE('',#1979,#2118,#1484,.T.);
#2616=EDGE_CURVE('',#1979,#1980,#164,.T.);
#2626=EDGE_CURVE('',#1984,#2106,#1500,.T.);
#2628=EDGE_CURVE('',#2110,#2106,#300,.T.);
#2630=EDGE_CURVE('',#1983,#2110,#1452,.T.);
#2632=EDGE_CURVE('',#1983,#1984,#172,.T.);
#2642=EDGE_CURVE('',#1988,#2098,#1468,.T.);
#2644=EDGE_CURVE('',#2102,#2098,#308,.T.);
#2646=EDGE_CURVE('',#1987,#2102,#1420,.T.);
#2648=EDGE_CURVE('',#1987,#1988,#180,.T.);
#2658=EDGE_CURVE('',#1992,#2090,#1436,.T.);
#2660=EDGE_CURVE('',#2094,#2090,#316,.T.);
#2662=EDGE_CURVE('',#1991,#2094,#1388,.T.);
#2664=EDGE_CURVE('',#1991,#1992,#188,.T.);
#2674=EDGE_CURVE('',#1996,#2082,#1404,.T.);
#2676=EDGE_CURVE('',#2086,#2082,#324,.T.);
#2678=EDGE_CURVE('',#1995,#2086,#1356,.T.);
#2680=EDGE_CURVE('',#1995,#1996,#196,.T.);
#2690=EDGE_CURVE('',#2000,#2026,#1372,.T.);
#2692=EDGE_CURVE('',#2030,#2026,#332,.T.);
#2694=EDGE_CURVE('',#1999,#2030,#1180,.T.);
#2696=EDGE_CURVE('',#1999,#2000,#204,.T.);
#2706=EDGE_CURVE('',#2004,#2034,#1164,.T.);
#2708=EDGE_CURVE('',#2038,#2034,#340,.T.);
#2710=EDGE_CURVE('',#2003,#2038,#1212,.T.);
#2712=EDGE_CURVE('',#2003,#2004,#212,.T.);
#2722=EDGE_CURVE('',#2008,#2042,#1196,.T.);
#2724=EDGE_CURVE('',#2046,#2042,#348,.T.);
#2726=EDGE_CURVE('',#2007,#2046,#1244,.T.);
#2728=EDGE_CURVE('',#2007,#2008,#220,.T.);
#2738=EDGE_CURVE('',#2012,#2050,#1228,.T.);
#2740=EDGE_CURVE('',#2054,#2050,#356,.T.);
#2742=EDGE_CURVE('',#2011,#2054,#1276,.T.);
#2744=EDGE_CURVE('',#2011,#2012,#228,.T.);
#2754=EDGE_CURVE('',#2016,#2058,#1260,.T.);
#2756=EDGE_CURVE('',#2062,#2058,#364,.T.);
#2758=EDGE_CURVE('',#2015,#2062,#1308,.T.);
#2760=EDGE_CURVE('',#2015,#2016,#236,.T.);
#2770=EDGE_CURVE('',#2020,#2066,#1292,.T.);
#2772=EDGE_CURVE('',#2070,#2066,#372,.T.);
#2774=EDGE_CURVE('',#2019,#2070,#1340,.T.);
#2776=EDGE_CURVE('',#2019,#2020,#244,.T.);
#2786=EDGE_CURVE('',#2024,#2074,#1324,.T.);
#2788=EDGE_CURVE('',#2078,#2074,#380,.T.);
#2791=EDGE_CURVE('',#2023,#2024,#252,.T.);
#2802=EDGE_CURVE('',#1843,#1972,#256,.T.);
#2804=EDGE_CURVE('',#1843,#1844,#732,.T.);
#2808=EDGE_CURVE('',#2132,#2130,#144,.T.);
#2819=EDGE_CURVE('',#1847,#1971,#272,.T.);
#2821=EDGE_CURVE('',#1835,#1847,#700,.T.);
#2823=EDGE_CURVE('',#1835,#1976,#152,.T.);
#2826=EDGE_CURVE('',#1839,#1975,#1528,.T.);
#2828=EDGE_CURVE('',#1827,#1839,#684,.T.);
#2830=EDGE_CURVE('',#1827,#1980,#160,.T.);
#2833=EDGE_CURVE('',#1831,#1979,#1496,.T.);
#2835=EDGE_CURVE('',#1819,#1831,#668,.T.);
#2837=EDGE_CURVE('',#1819,#1984,#168,.T.);
#2840=EDGE_CURVE('',#1823,#1983,#1464,.T.);
#2842=EDGE_CURVE('',#1811,#1823,#652,.T.);
#2844=EDGE_CURVE('',#1811,#1988,#176,.T.);
#2847=EDGE_CURVE('',#1815,#1987,#1432,.T.);
#2849=EDGE_CURVE('',#1803,#1815,#636,.T.);
#2851=EDGE_CURVE('',#1803,#1992,#184,.T.);
#2854=EDGE_CURVE('',#1807,#1991,#1400,.T.);
#2856=EDGE_CURVE('',#1795,#1807,#620,.T.);
#2858=EDGE_CURVE('',#1795,#1996,#192,.T.);
#2861=EDGE_CURVE('',#1799,#1995,#1368,.T.);
#2863=EDGE_CURVE('',#1739,#1799,#604,.T.);
#2865=EDGE_CURVE('',#1739,#2000,#200,.T.);
#2868=EDGE_CURVE('',#1743,#1999,#1192,.T.);
#2870=EDGE_CURVE('',#1747,#1743,#500,.T.);
#2872=EDGE_CURVE('',#1747,#2004,#208,.T.);
#2875=EDGE_CURVE('',#1751,#2003,#1224,.T.);
#2877=EDGE_CURVE('',#1755,#1751,#516,.T.);
#2879=EDGE_CURVE('',#1755,#2008,#216,.T.);
#2882=EDGE_CURVE('',#1759,#2007,#1256,.T.);
#2884=EDGE_CURVE('',#1763,#1759,#532,.T.);
#2886=EDGE_CURVE('',#1763,#2012,#224,.T.);
#2889=EDGE_CURVE('',#1767,#2011,#1288,.T.);
#2891=EDGE_CURVE('',#1771,#1767,#548,.T.);
#2893=EDGE_CURVE('',#1771,#2016,#232,.T.);
#2896=EDGE_CURVE('',#1775,#2015,#1320,.T.);
#2898=EDGE_CURVE('',#1779,#1775,#564,.T.);
#2900=EDGE_CURVE('',#1779,#2020,#240,.T.);
#2903=EDGE_CURVE('',#1783,#2019,#1352,.T.);
#2905=EDGE_CURVE('',#1787,#1783,#580,.T.);
#2907=EDGE_CURVE('',#1787,#2024,#248,.T.);
#2911=EDGE_CURVE('',#1880,#1791,#716,.T.);
#2913=EDGE_CURVE('',#1720,#1880,#1131,.T.);
#2915=EDGE_CURVE('',#1715,#1720,#928,.T.);
#2917=EDGE_CURVE('',#1876,#1715,#1113,.T.);
#2919=EDGE_CURVE('',#1843,#1876,#736,.T.);
#2931=EDGE_CURVE('',#2134,#2136,#264,.T.);
#2935=EDGE_CURVE('',#1847,#1848,#688,.T.);
#2946=EDGE_CURVE('',#2175,#2176,#396,.T.);
#2948=EDGE_CURVE('',#2176,#2159,#448,.T.);
#2950=EDGE_CURVE('',#2159,#2160,#436,.T.);
#2952=EDGE_CURVE('',#2160,#2175,#408,.T.);
#2962=EDGE_CURVE('',#2215,#2216,#1092,.T.);
#2964=EDGE_CURVE('',#2216,#2199,#1076,.T.);
#2966=EDGE_CURVE('',#2199,#2200,#1064,.T.);
#2968=EDGE_CURVE('',#2200,#2215,#1036,.T.);
#2991=EDGE_CURVE('',#2124,#2122,#1560,.T.);
#2994=EDGE_CURVE('',#2126,#2128,#1520,.T.);
#3005=EDGE_CURVE('',#2116,#2114,#1544,.T.);
#3008=EDGE_CURVE('',#2118,#2120,#1488,.T.);
#3019=EDGE_CURVE('',#2108,#2106,#1512,.T.);
#3022=EDGE_CURVE('',#2110,#2112,#1456,.T.);
#3033=EDGE_CURVE('',#2100,#2098,#1480,.T.);
#3036=EDGE_CURVE('',#2102,#2104,#1424,.T.);
#3047=EDGE_CURVE('',#2092,#2090,#1448,.T.);
#3050=EDGE_CURVE('',#2094,#2096,#1392,.T.);
#3061=EDGE_CURVE('',#2084,#2082,#1416,.T.);
#3064=EDGE_CURVE('',#2086,#2088,#1360,.T.);
#3075=EDGE_CURVE('',#2028,#2026,#1384,.T.);
#3078=EDGE_CURVE('',#2030,#2032,#1184,.T.);
#3089=EDGE_CURVE('',#2036,#2034,#1176,.T.);
#3092=EDGE_CURVE('',#2038,#2040,#1216,.T.);
#3103=EDGE_CURVE('',#2044,#2042,#1208,.T.);
#3106=EDGE_CURVE('',#2046,#2048,#1248,.T.);
#3117=EDGE_CURVE('',#2052,#2050,#1240,.T.);
#3120=EDGE_CURVE('',#2054,#2056,#1280,.T.);
#3131=EDGE_CURVE('',#2060,#2058,#1272,.T.);
#3134=EDGE_CURVE('',#2062,#2064,#1312,.T.);
#3145=EDGE_CURVE('',#2068,#2066,#1304,.T.);
#3148=EDGE_CURVE('',#2070,#2072,#1344,.T.);
#3159=EDGE_CURVE('',#2076,#2074,#1336,.T.);
#3171=EDGE_CURVE('',#2203,#2204,#1660,.T.);
#3173=EDGE_CURVE('',#2187,#2204,#1640,.T.);
#3175=EDGE_CURVE('',#2187,#2188,#1644,.T.);
#3177=EDGE_CURVE('',#2203,#2188,#1624,.T.);
#3187=EDGE_CURVE('',#2179,#2180,#1576,.T.);
#3189=EDGE_CURVE('',#2164,#2180,#1572,.T.);
#3191=EDGE_CURVE('',#2163,#2164,#1604,.T.);
#3193=EDGE_CURVE('',#2179,#2163,#1596,.T.);
#3203=EDGE_CURVE('',#2171,#2172,#388,.T.);
#3205=EDGE_CURVE('',#2172,#2176,#392,.T.);
#3208=EDGE_CURVE('',#2171,#2175,#400,.T.);
#3219=EDGE_CURVE('',#1862,#2171,#404,.T.);
#3221=EDGE_CURVE('',#1862,#1851,#712,.T.);
#3223=EDGE_CURVE('',#1851,#2172,#452,.T.);
#3234=EDGE_CURVE('',#2156,#2160,#432,.T.);
#3236=EDGE_CURVE('',#1864,#2156,#412,.T.);
#3238=EDGE_CURVE('',#1864,#1866,#416,.T.);
#3240=EDGE_CURVE('',#1866,#1708,#1000,.T.);
#3242=EDGE_CURVE('',#1708,#1719,#420,.T.);
#3244=EDGE_CURVE('',#1719,#1878,#1122,.T.);
#3246=EDGE_CURVE('',#1878,#1862,#424,.T.);
#3258=EDGE_CURVE('',#2155,#2156,#428,.T.);
#3262=EDGE_CURVE('',#2155,#2159,#440,.T.);
#3273=EDGE_CURVE('',#1852,#2155,#444,.T.);
#3275=EDGE_CURVE('',#1864,#1852,#704,.T.);
#3289=EDGE_CURVE('',#1851,#1852,#708,.T.);
#3301=EDGE_CURVE('',#1747,#1748,#496,.T.);
#3304=EDGE_CURVE('',#1743,#1744,#504,.T.);
#3315=EDGE_CURVE('',#1755,#1756,#512,.T.);
#3318=EDGE_CURVE('',#1751,#1752,#520,.T.);
#3329=EDGE_CURVE('',#1763,#1764,#528,.T.);
#3332=EDGE_CURVE('',#1759,#1760,#536,.T.);
#3343=EDGE_CURVE('',#1771,#1772,#544,.T.);
#3346=EDGE_CURVE('',#1767,#1768,#552,.T.);
#3357=EDGE_CURVE('',#1779,#1780,#560,.T.);
#3360=EDGE_CURVE('',#1775,#1776,#568,.T.);
#3371=EDGE_CURVE('',#1787,#1788,#576,.T.);
#3374=EDGE_CURVE('',#1783,#1784,#584,.T.);
#3385=EDGE_CURVE('',#1799,#1800,#592,.T.);
#3388=EDGE_CURVE('',#1739,#1740,#600,.T.);
#3399=EDGE_CURVE('',#1807,#1808,#608,.T.);
#3402=EDGE_CURVE('',#1795,#1796,#616,.T.);
#3413=EDGE_CURVE('',#1815,#1816,#624,.T.);
#3416=EDGE_CURVE('',#1803,#1804,#632,.T.);
#3427=EDGE_CURVE('',#1823,#1824,#640,.T.);
#3430=EDGE_CURVE('',#1811,#1812,#648,.T.);
#3441=EDGE_CURVE('',#1831,#1832,#656,.T.);
#3444=EDGE_CURVE('',#1819,#1820,#664,.T.);
#3455=EDGE_CURVE('',#1839,#1840,#672,.T.);
#3458=EDGE_CURVE('',#1827,#1828,#680,.T.);
#3471=EDGE_CURVE('',#1835,#1836,#696,.T.);
#3482=EDGE_CURVE('',#1866,#1868,#1005,.T.);
#3489=EDGE_CURVE('',#1880,#1878,#1136,.T.);
#3496=EDGE_CURVE('',#1727,#1728,#477,.T.);
#3498=EDGE_CURVE('',#1727,#1728,#482,.T.);
#3502=EDGE_CURVE('',#1723,#1724,#487,.T.);
#3504=EDGE_CURVE('',#1723,#1724,#492,.T.);
#3508=EDGE_CURVE('',#2139,#2140,#752,.T.);
#3510=EDGE_CURVE('',#2147,#2139,#756,.T.);
#3512=EDGE_CURVE('',#2147,#2148,#760,.T.);
#3514=EDGE_CURVE('',#2140,#2148,#764,.T.);
#3524=EDGE_CURVE('',#1872,#1870,#1032,.T.);
#3529=EDGE_CURVE('',#1874,#1876,#1109,.T.);
#3531=EDGE_CURVE('',#1860,#1874,#1044,.T.);
#3533=EDGE_CURVE('',#1860,#1856,#740,.T.);
#3535=EDGE_CURVE('',#1855,#1856,#744,.T.);
#3537=EDGE_CURVE('',#1858,#1855,#748,.T.);
#3539=EDGE_CURVE('',#1870,#1858,#1052,.T.);
#3543=EDGE_CURVE('',#1735,#1736,#457,.T.);
#3545=EDGE_CURVE('',#1735,#1736,#462,.T.);
#3549=EDGE_CURVE('',#1731,#1732,#467,.T.);
#3551=EDGE_CURVE('',#1731,#1732,#472,.T.);
#3555=EDGE_CURVE('',#2150,#2152,#768,.T.);
#3557=EDGE_CURVE('',#2143,#2152,#772,.T.);
#3559=EDGE_CURVE('',#2143,#2144,#776,.T.);
#3561=EDGE_CURVE('',#2150,#2144,#780,.T.);
#3572=EDGE_CURVE('',#1912,#1735,#788,.T.);
#3574=EDGE_CURVE('',#1911,#1912,#863,.T.);
#3576=EDGE_CURVE('',#1911,#1736,#784,.T.);
#3588=EDGE_CURVE('',#1912,#1911,#868,.T.);
#3599=EDGE_CURVE('',#1883,#1884,#793,.T.);
#3601=EDGE_CURVE('',#1884,#1883,#798,.T.);
#3605=EDGE_CURVE('',#1903,#1904,#843,.T.);
#3607=EDGE_CURVE('',#1904,#1903,#848,.T.);
#3617=EDGE_CURVE('',#1887,#1888,#803,.T.);
#3619=EDGE_CURVE('',#1888,#1887,#808,.T.);
#3623=EDGE_CURVE('',#1899,#1900,#833,.T.);
#3625=EDGE_CURVE('',#1900,#1899,#838,.T.);
#3635=EDGE_CURVE('',#1891,#1892,#813,.T.);
#3637=EDGE_CURVE('',#1892,#1891,#818,.T.);
#3641=EDGE_CURVE('',#1907,#1908,#853,.T.);
#3643=EDGE_CURVE('',#1908,#1907,#858,.T.);
#3653=EDGE_CURVE('',#1895,#1896,#823,.T.);
#3655=EDGE_CURVE('',#1896,#1895,#828,.T.);
#3669=EDGE_CURVE('',#1681,#1682,#877,.T.);
#3671=EDGE_CURVE('',#1681,#1883,#872,.T.);
#3674=EDGE_CURVE('',#1682,#1884,#932,.T.);
#3684=EDGE_CURVE('',#1707,#1708,#1014,.T.);
#3687=EDGE_CURVE('',#1711,#1712,#1023,.T.);
#3689=EDGE_CURVE('',#1716,#1711,#1048,.T.);
#3691=EDGE_CURVE('',#1715,#1716,#1118,.T.);
#3694=EDGE_CURVE('',#1719,#1720,#1127,.T.);
#3700=EDGE_CURVE('',#1682,#1681,#882,.T.);
#3704=EDGE_CURVE('',#1685,#1686,#887,.T.);
#3706=EDGE_CURVE('',#1686,#1685,#892,.T.);
#3710=EDGE_CURVE('',#1689,#1690,#897,.T.);
#3712=EDGE_CURVE('',#1690,#1689,#902,.T.);
#3716=EDGE_CURVE('',#1693,#1694,#907,.T.);
#3718=EDGE_CURVE('',#1694,#1693,#912,.T.);
#3722=EDGE_CURVE('',#1704,#1678,#964,.T.);
#3724=EDGE_CURVE('',#1676,#1704,#976,.T.);
#3726=EDGE_CURVE('',#1675,#1676,#916,.T.);
#3728=EDGE_CURVE('',#1675,#1678,#920,.T.);
#3751=EDGE_CURVE('',#1685,#1887,#936,.T.);
#3754=EDGE_CURVE('',#1686,#1888,#940,.T.);
#3777=EDGE_CURVE('',#1689,#1891,#944,.T.);
#3780=EDGE_CURVE('',#1690,#1892,#948,.T.);
#3803=EDGE_CURVE('',#1693,#1895,#952,.T.);
#3806=EDGE_CURVE('',#1694,#1896,#956,.T.);
#3828=EDGE_CURVE('',#1698,#1703,#960,.T.);
#3830=EDGE_CURVE('',#1703,#1704,#980,.T.);
#3833=EDGE_CURVE('',#1698,#1678,#968,.T.);
#3843=EDGE_CURVE('',#1703,#1696,#984,.T.);
#3846=EDGE_CURVE('',#1700,#1698,#996,.T.);
#3848=EDGE_CURVE('',#1696,#1700,#972,.T.);
#3861=EDGE_CURVE('',#1696,#1676,#988,.T.);
#3872=EDGE_CURVE('',#1675,#1700,#992,.T.);
#3908=EDGE_CURVE('',#1711,#1870,#1018,.T.);
#3922=EDGE_CURVE('',#2196,#2200,#1060,.T.);
#3924=EDGE_CURVE('',#1860,#2196,#1040,.T.);
#3927=EDGE_CURVE('',#1874,#1716,#1104,.T.);
#3932=EDGE_CURVE('',#1858,#2211,#1100,.T.);
#3934=EDGE_CURVE('',#2211,#2215,#1096,.T.);
#3944=EDGE_CURVE('',#2195,#2196,#1056,.T.);
#3948=EDGE_CURVE('',#2195,#2199,#1068,.T.);
#3959=EDGE_CURVE('',#1856,#2195,#1072,.T.);
#3972=EDGE_CURVE('',#2212,#2216,#1088,.T.);
#3974=EDGE_CURVE('',#1855,#2212,#1080,.T.);
#3987=EDGE_CURVE('',#2211,#2212,#1084,.T.);
#4037=EDGE_CURVE('',#1900,#1724,#1144,.T.);
#4040=EDGE_CURVE('',#1899,#1723,#1140,.T.);
#4063=EDGE_CURVE('',#1904,#1728,#1152,.T.);
#4066=EDGE_CURVE('',#1903,#1727,#1148,.T.);
#4089=EDGE_CURVE('',#1908,#1731,#1160,.T.);
#4092=EDGE_CURVE('',#1907,#1732,#1156,.T.);
#4464=EDGE_CURVE('',#2139,#2184,#1564,.T.);
#4467=EDGE_CURVE('',#2140,#2168,#1568,.T.);
#4469=EDGE_CURVE('',#2164,#2168,#1608,.T.);
#4472=EDGE_CURVE('',#2180,#2184,#1588,.T.);
#4483=EDGE_CURVE('',#2183,#2184,#1584,.T.);
#4485=EDGE_CURVE('',#2147,#2183,#1592,.T.);
#4497=EDGE_CURVE('',#2179,#2183,#1580,.T.);
#4512=EDGE_CURVE('',#2163,#2167,#1616,.T.);
#4514=EDGE_CURVE('',#2148,#2167,#1600,.T.);
#4527=EDGE_CURVE('',#2167,#2168,#1612,.T.);
#4550=EDGE_CURVE('',#2150,#2207,#1620,.T.);
#4552=EDGE_CURVE('',#2203,#2207,#1664,.T.);
#4555=EDGE_CURVE('',#2188,#2192,#1656,.T.);
#4557=EDGE_CURVE('',#2152,#2192,#1628,.T.);
#4570=EDGE_CURVE('',#2144,#2208,#1632,.T.);
#4572=EDGE_CURVE('',#2207,#2208,#1668,.T.);
#4584=EDGE_CURVE('',#2143,#2191,#1636,.T.);
#4586=EDGE_CURVE('',#2187,#2191,#1648,.T.);
#4589=EDGE_CURVE('',#2204,#2208,#1672,.T.);
#4600=EDGE_CURVE('',#2191,#2192,#1652,.T.);
#4641=ADVANCED_BREP_SHAPE_REPRESENTATION('',(#4632),#4640);
#4648=PRODUCT_DEFINITION('design','',#4647,#4644);
#4649=PRODUCT_DEFINITION_SHAPE('','SHAPE FOR 412.',#4648);
#4650=SHAPE_DEFINITION_REPRESENTATION(#4649,#4641);
ENDSEC;
END-ISO-10303-21;
